0,0
-8018.54,6612.56
4041.49,-7294.27
-7276.4,-3291.17
5883.51,-3663.71
-6473.57,1479.33
6242.39,1953.11
-6807.06,1379.11
6293.98,-1379.21
-6502.5,-1066.85
5355.52,3115.74
-5487.52,5137.34
4233.07,3713.73
-3885.35,-799.718
2490.05,-3424.3
-4294.18,-1045.27
3350.36,365.624
-3722.98,-697.11
4470.89,-4777.39
-4150.9,-5672.62
4225.78,-2096.59
-3553.88,202.788
4901.5,-1344.74
-5027.97,-1212.77
5401.86,1092.01
-7396.38,5525.53
7124.4,5836.45
-7200.13,1092.66
7227.98,-651.186
-7367.52,-605.738
6594.55,-889.124
-6587.79,-2552.89
6399.49,-3916.36
-5037.24,-3555.66
4580.1,432.43
-6100.07,5619.97
6115.72,6682.96
-5899.03,5127.75
5251.22,2100.8
-5887.48,-57.8154
4344.76,-483.059
-4335.73,-1868.38
5410.63,-4165.63
-4603.7,-6151.87
5381.21,-5669.42
-4628.43,-3463.3
4904.18,-22.205
-4838.08,2083.19
5957.64,3037.23
-6098.57,1704.58
4418.7,1157.17
-3894.83,235.587
2549.65,101.569
-1762.83,-601.512
1866.25,-1889.47
-2005.21,-1806.41
1697.82,-832.974
-1235.25,924.744
1578.92,1919.1
-1652.01,2469.5
1358.19,1954.37
-2902.53,2577.61
2891.38,1886.85
-2524.24,615.105
3476.12,-1427.76
-3737.08,-3430.52
5378.55,-3846.97
-4993.54,-5062.42
6471,-4157.14
-6047.69,-3004.63
6332.66,-795.323
-6399.96,875.775
6519.31,3298.8
-6377.7,3484.14
5718.47,3438.39
-7166.8,3505.15
5255.85,3158.16
-4140.17,904.951
4637.19,-1572.2
-3987.67,-3715.07
4147.67,-4205.54
-3854.8,-2758.11
4931.85,-1382.49
-4833.62,-266.746
4275.12,805.664
-5539.27,3120.51
4654.15,5466.5
-5507.91,5591.19
5776.18,3736.02
-5688.42,-675.566
4214.24,-3555.16
-4559.63,-5258.26
6064.51,-4619.59
-4794.84,-4914.9
4685.93,-2952.28
-5266.14,-111.549
4988.13,2388.18
-4169.97,3384.37
3354.54,3290.3
-4406.45,2881.12
2208.34,2245.4
-2848.87,1250.17
3990.47,-1940.13
-3493.26,-3782.43
4736.81,-4535.98
-5517.98,-3284.95
6126.01,-304.309
-6249.38,1533.43
7069.91,2723.54
-9404.57,3146.78
6852.91,6300.38
-7599.25,7144.2
8360.98,5793.39
-8919.43,715.268
7474.23,-1645.71
-7544.37,-4681.11
7630.35,-4554.26
-4904.98,-5455.59
5995.82,-6111.12
-4275.25,-5428.86
3411.66,-2553.1
-3363.87,1126.63
3063.69,2898.51
-2388.81,3597.12
1372.97,1882.9
-3854.16,2187.52
3332.03,2296.09
-2899.96,2144.77
3732.19,-420.762
-4689.28,-2973.3
4852.86,-2220.39
-5308.65,-1321.61
6325.69,1220.25
-6246.55,1995.6
6107.7,2667.43
-7419.28,1899.05
7300.15,1927.89
-7037.75,611.172
7049.26,-180.731
-5971.86,-2546.15
4706.99,-3320.38
-3720.35,-3338.25
4856.93,-3327.94
-3412.74,-2737.75
2714.88,-1188.54
-3814.3,1795.03
4160.27,3517.71
-4054,3583.4
2719.33,2488.43
-5170.13,3127.65
4923.04,2764.1
-5408.21,2417.66
5856.68,158.635
-6318.09,-3315.31
7060.49,-3657.93
-7397.27,-4379.62
8035.38,-2300.93
-7043.49,-1823.41
7417.81,-618.926
-8315.32,-115.476
6759.95,2278.67
-5870.92,3059.1
6134.97,2583.19
-6269.72,218.107
4771.63,-1859.65
-3863.01,-1927.41
3865.08,-2574.76
-3220.33,-2019.28
4169.31,-2088.16
-4956.22,-65.4783
4817.05,2463.13
-5027.93,3964.14
5692.58,3620.64
-5771.2,1669.2
5613.65,-75.6362
-7189.81,-646.778
8424.23,-176.224
-6904.03,-2236.95
7414.39,-3025.53
-7835.77,-3115.06
8407.51,-607.927
-7318.15,1009.34
7166.06,2048.91
-7005.79,1968.99
4895.72,2514.59
-5337.88,3172.74
5522.7,2622.95
-3982.31,-593.463
4622.21,-4540.42
-4242.48,-5620.69
3314.39,-4417.6
-1820.61,-2537.02
4307.94,-2811.95
-4156.15,-2969.18
3739,-1282.41
-5037.23,3984.5
5384.75,7454.66
-5087.95,5460.36
4781.91,927.269
-6466.87,-2342.75
6947.08,-2034.38
-6646.04,-768.42
8566.15,-1311.96
-7825.08,-3712.89
7469.26,-3445.86
-8443.67,10.6825
8913.72,4117.19
-7162.14,4048.43
7226.12,1009.58
-7504.37,-1011.75
5724.1,-61.9324
-5302.4,743.836
6769.16,-1295.74
-7180.38,-3533.83
6879.6,-2615.29
-5270.9,126.492
6273.3,954.495
-5632.03,-1079.32
5628.65,-2315.6
-6632.65,-218.97
5977.06,2807.45
-5978.61,3061.25
7074.58,61.9784
-7185.43,-1647.41
6408.25,-503.183
-6153.17,1935.22
6896.85,223.87
-5969.89,-3323.89
4837.26,-3858.08
-5879.96,-260.769
5538.88,4481.75
-5157.66,6112.04
4963.14,2894.34
-4967.3,-1977.77
4095.15,-2785.71
-5412.63,-93.5693
5217.17,2236.8
-3870.51,-106.315
4465.06,-4623.61
-5154.06,-4916.13
6428.79,-975.737
-5997.04,3024.12
6983.67,2086.67
-7530.21,-1030.42
5160.56,-1612.47
-6770.71,3050.96
7097.47,4972.14
-7103.63,1437.64
6689.55,-3033.86
-6586.31,-1924.79
4858.47,1194.57
-4199.58,1346.97
5292.48,-3313.38
-5600.89,-4777.08
4766.78,681.321
-4459.94,5411.54
4378.4,5014.79
-2709.24,-1085.21
2634.33,-5597.97
-5189.68,-2554.93
4480.52,3689.39
-4019.8,4326.86
5311.84,-280.378
-5087.88,-5886.43
5517.49,-5158.21
-7051.14,3434.39
7749.81,6392.32
-6912.84,2131.54
6689.45,-4847.85
-7458.56,-5081.28
5981.96,1659.72
-5848.19,6860.3
7892.43,1174.05
-6870.05,-5650.16
5478.79,-5421.12
-6288.04,1122.4
6140.44,5692.11
-4848.19,1749.69
5537.13,-3267.35
-6309.41,-2389.26
4752.07,3366.96
-5086.12,5087.54
4706.9,206.318
-5290.57,-3344.14
5331.94,-1977.8
-6080.74,1086.09
7444.92,416.642
-5064.82,-2596.7
5898.42,-3497.96
-5711.1,282.394
6395.36,2099.43
-5253.1,84.4526
5860.24,-1882.23
-6073.86,-351.142
4531.28,3495.97
-6249.68,3985.03
5958.89,-243.728
-6084.09,-4467.99
6201.25,-5632.47
-4936.54,-2767.05
4527.18,2164.43
-3535.93,3351.9
6024.51,-143.345
-5879.07,-2263.84
6021.03,-286.219
-7036.04,5476.68
5636.17,9000.15
-5962.67,4352.42
5566.75,-4408.16
-6062.61,-8049.87
5441,-4271.96
-4347.51,-177.696
5796.16,158.562
-3905.13,-1887.3
4750.3,-767.215
-4809.19,2986.07
4354.72,5215.75
-3235.17,3699.22
1521.45,2932.02
-2027.05,1347.35
-2046.16,1648.1
1941.07,-3329.7
-2693.65,-7490.88
3162.7,-6363.1
-3029.54,-1007.8
4053.38,2586.9
-3333.18,2577.62
3971.63,818.692
-3508.63,-317.691
2339.96,2506.08
-3281.6,4897.64
2496.86,4283.54
-2500.25,-408.391
2398.04,-5335.97
-2871.61,-5844.2
1748.89,-2767.08
-109.554,-445.844
1497.4,-55.4742
-1822.25,828.559
2423.12,1517.2
-3298.48,3697.78
2658.59,4369.49
-3593.36,2925.31
3851.93,618.017
-4720.23,-1294.6
4382.55,-2364.32
-4553.12,-3530.42
5757.63,-4542.09
-4944.94,-3672.7
4192.33,467.336
-3414.42,2640.6
3494.36,3335.24
-2545.17,1850.35
986.671,1819.03
-2620.91,3706.21
1204.36,4440.51
-500.629,770.643
357.728,-3635.88
-457.64,-5356.96
1419.49,-4727.65
-1836.48,-1468.3
3088.57,-765.419
-1945.48,-996.982
2982.1,-1985.7
-4623.64,66.5838
5160.23,2924.77
-5494.05,3846.17
6229.32,2902.94
-6318.94,-439.031
3849.73,-278.296
-4972.06,843.218
5829.1,2421.3
-4906.42,384.857
4045.39,-562.853
-2811.71,-1620.9
1114.56,-396.265
-691.242,1054.76
395.677,569.61
906.796,-588.611
-1826.98,-1878.52
1691.9,-267.025
-1187.67,218.734
2466.79,-621.371
-914.945,-3430.13
-247.76,-4294.24
862.225,-3373.69
-622.372,-724.068
2114.2,855.962
-3442.12,1704
3310.45,3432.14
-5030.53,4770.14
4884.31,5175.76
-5799.75,3411.93
5936.79,971.624
-6279.9,-1657.66
5708.22,-2260.33
-4190.31,-3693.64
6702.53,-5554.5
-5750.39,-6540.1
5535.89,-4192.77
-5487.41,565.076
5768.45,4191.65
-4552.09,4013.05
4501.73,1785.21
-6196.05,860.26
6227.67,1277.78
-5634.38,1030.28
6854.92,-1992.27
-6662.54,-5353.18
7285.76,-5659.32
-7868.55,-2829.41
8683.78,2279.09
-6913.55,3612.98
7138.27,2541.69
-8376.46,1155.28
7029.39,1935.04
-6538.63,1941.3
6919.91,1112.22
-6910.05,-1270.53
5293.6,-1833.24
-4500.59,-968.273
5207.52,-566.142
-3584.94,-1356.46
3171.76,-2349.1
-3697.25,-920.299
3559.75,908.465
-4132.44,1837.55
4304.72,1092.97
-4441.29,-143.1
3521.17,56.4642
-4083.96,1198.2
5725.83,454.54
-5740.64,-2374.65
5473.48,-3998.37
-6628.54,-2952.94
6598.15,535.357
-5192.94,1885.57
5622.67,1326.99
-6328.41,306.01
4089.9,1877.33
-4015.05,4049.82
2817.65,4488.22
-3439.56,2459.6
2929.55,-2.90676
-3289.08,-822.198
2751.5,-302.586
-1664.27,-33.2498
2431.82,-1983.76
-2511.49,-3523.69
1757.65,-3092.66
-2259.78,-496.55
3749.04,1550.82
-4824.63,2467.92
4751.95,2419.36
-6170.86,2002.79
7056.33,990.706
-7016.89,-1605.49
7671.66,-3855.21
-7261.1,-5084.39
7145.95,-3320.27
-6864.03,-926.172
7028.86,1278.15
-6295.91,1756.41
5455.65,2634.44
-6099.93,3787.21
4687.44,5197.71
-4862.46,4831.01
2978.4,2699.55
-3511.67,758.51
2466.97,-575.142
-1560.51,-964.581
3135.58,-2416.75
-2628.82,-3573.39
3889.91,-4705.91
-4226.88,-4190.12
4161.51,-1889.22
-3619.41,-76.3553
4709.69,748.168
-5231.44,877.597
4438.45,2356.51
-5472.61,3331.58
5468.19,3172.82
-4185.4,-762.347
2914.18,-3623.67
-3590.38,-3582.08
3920.62,-633.774
-2410.8,1641.47
1899.17,981.826
-1339.07,11.1159
-72.7293,594.579
-1402.13,3675.31
2214.41,4701.39
-1475.98,2362.55
1298.41,-1919.71
-2658.83,-3185.17
3079.91,-2026.82
-1582.14,-1590.2
3325.96,-2461.51
-4491.46,-3118.72
4656.74,-1091.35
-4035.84,1319.58
4263.06,2518.29
-4658.81,1853.98
3884.27,1733.83
-3532.28,1075.54
3023.78,-25.7665
-1904.94,-2101.64
2160.11,-3670.86
-2352.01,-2485.71
1889.46,-136.203
-1344.49,1588.76
2503.92,1050.62
-3375.16,664.701
2748.47,1460.11
-3291.24,2999.7
3732.29,2720.54
-4058.89,380.212
4379.75,-2368.33
-4442.41,-4155.02
5442.19,-3217.12
-4921.2,-1808.44
5664.48,-349.7
-6031.27,341.807
4138.82,2147.09
-4454.15,4171.14
3233.53,5486.24
-2655.72,4149.18
2265.92,825.668
-1274.86,-2935.7
718.855,-5499.71
528.947,-6345.13
662.17,-6640.4
111.507,-5090.05
1001.04,-2626.94
-521.824,725.118
1391.1,3095.19
-1568.84,4461.96
302.574,4579.48
-2356.91,4549.64
1947.2,4010.93
-3117.91,2188.06
3945.71,-38.9672
-3508.21,-2341.77
4024.35,-2416.3
-3379.4,-2814.03
3625.53,-1651.54
-2581.26,-1400.62
1168.52,-68.5409
-1085.62,2064.34
717.863,3894.88
77.4123,3752.31
-507.969,1325.84
718.698,-1548.12
-870.248,-4450.68
514.26,-4315
-380.948,-3853.38
1966.16,-2498.84
-1486.47,-1766.42
1784.7,-804.128
-1628.02,1070.24
-230.96,3597.3
399.168,4600.61
-1951.62,3716.28
891.716,2376.36
-1578.33,665.458
1698.63,210.578
-1337.95,-892.548
1527.86,-1559.47
-819.653,-2616.25
-91.3539,-2773.16
364.598,-1533.56
72.9345,410.885
548.457,1140.02
54.4717,1302.59
-409.874,1174.97
-1097.17,685.905
2492.03,281.703
-1507.5,-2460.15
912.653,-3263.16
-511.847,-2742.69
851.538,-501.117
104.876,1247.35
-720.346,1918.66
1323.6,1586.65
-2483.46,1639.13
2415.13,2519.68
-2983.82,2516.18
3787.08,1525.07
-4251.21,-623.142
2956.56,-546.659
-3317.83,-701.253
4424.18,254.994
-2795.8,-965.536
2323.6,-2391.04
-1046.67,-3590.41
1561.06,-3421.28
-235.009,-3322.6
-200.947,-2820.76
-72.9845,-106.36
-510.252,1933.76
525.649,4231.36
-622.208,3892.68
356.073,3299.34
-254.849,855.268
-405.64,-1333.77
1933.51,-3611.75
-2199.62,-4702.94
2067.9,-3155.61
-3727.01,612.579
5254.69,4438.12
-5585.94,5061.32
6804.6,3718.66
-7688.32,813.21
5593.69,878.433
-6294,844.346
5996.87,938.576
-5070.44,-2070.25
4238.56,-3276.53
-4107.9,-2248.22
3723.01,977.211
-2907.62,3133.73
3710.92,785.783
-3560.9,-3306.59
1826.06,-5442.69
-2003.71,-2630.36
2778.14,24.3004
-2395.75,2018.22
2856.1,700.461
-4513.99,-567.47
3591.77,979.637
-3763.91,2309.87
5245.55,2347.97
-6156.56,-50.7642
4552.25,-331.344
-5306.94,592.8
4981.61,2023.85
-4494.56,1990.07
3560.75,1841.64
-4337.18,2083.82
3856.3,2402.49
-2105.75,492.632
2146.19,-3681.55
-2156.04,-5393.48
2213.11,-4224.14
-2229.93,-1264.81
3284.54,363.595
-3193.39,740.788
2686.45,1326.71
-4738.92,3531.31
5214.96,4965.71
-5299.16,3363.83
5785.97,-604.39
-6946.14,-4146.85
8023.89,-5106.19
-7614.28,-4657.17
8842.56,-2857.15
-7518.82,-2174.62
6628.91,-81.2078
-7178.08,2651.21
6235,5943.77
-5601.68,6127.74
4047.72,4603.19
-4134.51,1832.26
1970.65,440.622
-1741.61,61.6665
2361.36,-1898.08
-1052.67,-3946.4
692.412,-5183.18
-309.37,-2545.89
969.851,115.849
-260.844,1393.03
1537.38,-53.0381
-2629.7,-1352.38
1712.34,-230.478
-1565.25,1286.11
3017.18,1196.34
-4070.65,-849.06
4111.48,-1497.4
-5566.37,-108.122
5465.52,2353.15
-4256.57,2455.51
4673.98,388.862
-4635.71,-1910.61
3005.65,-1167.33
-3391.9,1272.16
3600.04,2636.66
-3171.34,1565.12
3414.37,-965.573
-4690.2,-1433.49
5037.99,334.884
-3473.74,1056.46
4558.99,-1582.19
-4870.34,-4786.23
4307.13,-4897.53
-5126.72,-614.789
6629.97,3444.26
-6124.73,3269.28
6861.34,704.09
-8313.75,-580.43
7079.94,1575.31
-6075.23,2457.43
6769.99,-183.565
-5043.07,-4703.56
3845.45,-5730.93
-3660.23,-2284.99
4619.6,1727.42
-3647.87,2912.4
2092.1,2396.83
-3489.98,3048.47
2897.79,4538.96
-2196.25,4212.2
1989.59,1094
-2658.08,-2036.9
3246.47,-3420.04
-3861.28,-3350.72
4920.18,-3493.39
-3435.8,-3944.4
5432.3,-3816.27
-6353.95,-1641.88
6509.44,1734.29
-6063.74,3281.55
5937.41,2198.23
-7179.3,554.875
5373.21,967.82
-5170.02,2568.75
6182.96,2479.02
-4825.67,-1057.56
4469.82,-5283.7
-3407.35,-6325.63
2582.57,-2756.4
-2584.39,1841.5
4025.58,3002.8
-4192.85,1986.04
2020.62,3123.49
-2889.37,6183.76
3399.5,6429.97
-2930.64,1918.88
3931.97,-4898.71
-4885.99,-8285.49
5351.49,-6553.02
-3845.04,-3047.21
6255.57,-1608.88
-6266.97,-1487.72
6978.85,-119.46
-7443.81,2634.23
7141.33,4778.38
-6997.79,4084.37
6025.41,1832.66
-6014.23,-841.113
5523.24,-2312.46
-4815.03,-2772.22
5980.46,-2695.42
-4369.46,-2554.52
4319.13,-2006.2
-4448.41,-517.959
5099.24,976.986
-5201.65,2395.09
5003.77,2952.44
-5727.34,3039.31
6249.95,2195.02
-6578.87,635.071
7192.74,-1561.59
-6917.81,-3913.8
8462.68,-4796.09
-8256.75,-4153.53
9228.35,-2104.89
-7705.05,-1118.7
7570.5,123.68
-7713.26,1642.13
6440.28,4070.27
-6194.81,4943.14
5554.29,3673.1
-5138.44,764.827
4130.06,-1603.23
-3499.99,-2573.27
4769.44,-3676.81
-4452.93,-3985.13
4383.9,-3180.47
-4677.2,-186.362
5596.36,2182.19
-5869.09,3138.59
6258.9,2564.66
-7734.91,1994.9
7031.67,2481.83
-8059.42,1744.27
8533.38,-306.293
-8669.87,-3305.39
8464.06,-3319.9
-8986.2,-1449.94
8851.83,1432.47
-6729,949.313
6829.54,-1655.9
-6892.54,-3586.79
6061.08,-2599.96
-5699.76,491.569
5355.63,2397.6
-5083.47,2063.68
5545.2,-360.86
-6233.39,-1269.12
5563.39,410.929
-5052.4,2560.87
5612.84,2271.8
-6201.81,-126.647
5282.43,-1363.65
-6682.09,209.002
7145.3,3329.73
-7363.16,4487.35
6873.9,3452.28
-7740.85,1471.64
6775.74,375.785
-5838.31,-1267.51
6744.45,-3879.83
-4956.54,-6526.81
4564.61,-6303.63
-3629.59,-4062.32
3942.79,-1426.24
-2290.7,-713.155
358.834,1033.42
-1290.18,4603.04
-542.685,8069.25
656.793,8077.81
-1805.84,3665.86
593.557,-450.794
-2267.46,-2203.72
2441.6,-1607.36
-1049.4,-2471.46
2328,-4497.63
-2820.6,-4917.89
1862.04,-1390.67
-2030.61,3618.46
2273.46,5527.43
-1546.11,3561.38
-175.367,596.238
-2199.97,912.664
1443.65,2639.41
-1520.17,2411.6
2822.16,-1339
-3675.92,-5148.1
4460.74,-5761.86
-4403.08,-3177.22
5447.56,-208.436
-5346.62,754.081
4405.11,1177.7
-6152.27,2377.77
5445.9,4510.24
-4668.83,4266.06
5122.86,1924.92
-5230.53,-1637.1
3846.08,-3081.06
-4142.2,-2551.65
4715.5,-1843.93
-3982.51,-1379.98
2954.09,137.152
-2346.06,3086.96
2557.23,4760.54
-2550.53,3661.33
2041.94,456.026
-3657.46,-1335.36
2382.97,-430.464
-2756.03,1227.07
4729.15,377.543
-3722.53,-2801.11
4578.22,-4754.46
-4470.21,-4102.9
4221.73,-1544.19
-2398.75,-779.806
2389.92,-1404.73
-3314.38,-1188.94
2126.4,2091.03
-1534.36,5588.72
1811.3,5880.52
-1333.57,2201.82
423.786,-2365.09
-1002.51,-3780.54
441.563,-2284.92
795.86,-406.616
732.975,-1005.29
-1228.07,-1295
622.393,776.848
-1320.13,4150.48
1723,5476.85
-2716.61,3643.47
2774.44,566.901
-3694.46,-1611.45
4766.97,-2878.88
-3058.59,-4766.16
3476.25,-5712.2
-2860.36,-4942.17
3411.09,-2423.56
-2188.82,-735.984
2604.53,18.2257
-1857.45,922.104
-551.461,3792.94
-400.017,6688.27
433.682,5980.79
-413.63,1662.6
-293.423,-2896.81
411.457,-3688.45
-422.662,-2037.76
794.32,104.384
480.7,-188.867
-1207.28,-1284.52
1393.57,-969.163
-2343.48,1633.47
2495.81,4610.4
-2309.52,4616.95
2510.7,1584.92
-3410.86,-2757.45
3452.56,-4902.7
-2092.65,-5171.86
3877.37,-4610.42
-2696.57,-4250.95
2519.41,-2812.93
-2104.46,-268.18
930.38,3068.1
-886.623,5255.7
-294.955,5881.14
-587.795,5844.94
-1717.78,5421.86
1496.77,3406.59
-1381.97,-667.349
946.981,-4117.72
-1101.88,-5063.27
1395.33,-3165.17
382.351,-2039.84
787.019,-1942.02
-509.787,-2277.47
-600.496,-429.58
589.228,2559.4
-969.957,3688.28
525.797,3015.15
-1011.9,659.147
-799.946,381.387
1190.94,-58.2044
-382.869,-813.346
1972,-3425.92
-2145.09,-5349.88
2199.61,-3998.02
-3090.11,-685.591
3516.25,3348.55
-3700.38,4408.56
3204.91,4661.67
-4343.73,3727.39
3193.47,3908.09
-2174.08,1832.96
2540.56,-2078.31
-1659.59,-5987.74
374.872,-6969.36
1424.36,-4246.24
-1546.86,-459.084
3278.09,2084.51
-3463.47,2649.26
2099.8,4011.37
-3206.8,4895.93
2617.88,5024.73
-2172.35,1710.53
1670.04,-2041.03
-1627.18,-4637.57
1016.37,-4236.25
1826.49,-3844.3
-432.432,-4187.13
1603.23,-4433.83
-2465.38,-2586.41
2634.97,1957.39
-3277.15,4540.2
3537,5682.06
-4110.03,3570.18
2459.58,2234.67
-1781.81,552.648
2561.95,-1598.21
-1280.82,-4451.14
1268.64,-6044.26
-1566.64,-4085.9
1173.51,-263.213
-678.486,4301.19
1153.99,5437.98
-2146.87,5693.71
1162.66,4794.87
-2727.24,3688.74
3257.64,1095.89
-2788.38,-3753.24
4111.44,-7686.89
-4323.67,-8981.12
6124.49,-6113.52
-4217.38,-3409.79
5308.86,-643.227
-5345.66,718.751
3417.12,3750
-4479.38,6435.93
3578.37,7313.31
-3548.78,5390.44
2319.72,1459.14
-3012.48,-1444.46
2484.71,-2953.32
-1492.98,-3688.47
2968.94,-4533.15
-2537.46,-4069.88
2511.42,-2278.08
-2650.01,1277.8
3544.21,3707.14
-4895.86,4666.88
3327.86,5239.82
-5310.17,4388.26
4856.77,3472.01
-4180.99,-11.6145
4576.62,-3475.42
-3462.52,-6899.67
4677.27,-7888.83
-4242.23,-6654.22
4681.03,-3264.13
-3515.65,-450.388
2457.58,3047.5
-3638.95,6710.81
2744.71,8096.39
-3196.63,7591.76
1943.58,3898.79
-3729.3,234.994
3508.48,-2717.14
-3662.9,-4243.79
4846.11,-4117.62
-5136.6,-3011.67
6483.96,-943.921
-6139.3,593.682
5086.3,2577.97
-5960,2945.12
6602.97,3295.97
-7950.46,1351.86
6527.66,660.172
-5834.17,-1031.05
6771.18,-2615.69
-5610.93,-4777.7
4652.83,-4285.05
-3664.32,-2971.08
4193.32,-924.13
-3484.68,715.809
1651.19,2427.02
-2062.91,4644.94
917.233,5758.97
-2027.6,5564.74
1835.42,2871
-1612.78,-122.162
1092.13,-3304.86
-2239.11,-3254.86
4497.15,-3502.99
-3357.12,-3239.61
5247.76,-3574.68
-6621.92,-2759.63
7038.53,1150.21
-7428.32,3773.99
7355.6,5793.77
-8696.27,3697.51
8412.98,2547.43
-9720.15,611.988
8485.81,1380.98
-6884.46,-906.474
8334.37,-3327.9
-6608.7,-7368.39
6448.5,-8379.27
-5407.45,-4870.88
6076.42,-1086.94
-3853.78,1366.51
3366.07,1892.85
-4370.77,2791.04
3481.65,4013.58
-3852.74,4872.81
3847.87,3939.59
-3792.32,1364.92
3527.62,-2146.88
-4609.64,-3564.04
5892.37,-2107.58
-4999.18,-1119.45
6235.65,-87.7105
-6258.87,-56.4355
5247.38,826.092
-5074.25,1480.32
5894.56,2038.3
-5589.48,-28.7482
5015.45,-1168.71
-3650,-3139.7
4514.31,-4095.91
-3090.69,-5135.74
3701.35,-4888.7
-2332.74,-3122.78
2060.31,-878.278
-2231.17,2563.47
2421.7,3969.6
-2762.17,4827.49
608.026,5433.47
-2073.05,5382.64
1514.61,4144.5
-1123.21,1124.98
1574.84,-2547.95
-1955.84,-5130.41
3326.63,-5334.8
-1936.67,-4841
3696.27,-4006.4
-3062.45,-3027.99
2180.95,84.7385
-2819.48,3331.62
1964.44,5765.36
-1587,6075
721.6,3924.6
-1271.49,-453.669
848.419,-2819.95
520.395,-4924.02
547.779,-6096.29
-193.076,-4986.38
-433.371,-2598.96
672.838,1888.68
252.238,3794.62
-818.808,5707.09
-178.002,5297.25
-2588.42,4945.63
1895.71,3860.94
-1814.01,476.289
2096.66,-2847.07
-1876,-6016.31
2871.06,-5090.84
-2024.55,-4351.57
3415.81,-1906.57
-1699.11,-1932.98
201.3,-328.642
-1385.13,2345.36
361.058,5029.58
128.515,6851.13
-753.401,3900.56
-170.193,1485.22
-1091.72,-1750.05
532.054,-1991.75
1954.9,-3608.31
-975.218,-5027.33
2172.35,-5225.37
-2248.21,-4006.13
2484.97,90.4527
-2287.38,2602.65
3418.28,4469.55
-4814.92,2977.19
2907.09,3605.47
-3354.61,3105.6
3642.73,2014.37
-2743.46,-571.25
2167.06,-2965.53
-1756.71,-4107.02
1478.35,-3397.15
1078.27,-1713.6
-1231.76,-454.959
1141.23,1056.44
-1876.42,2370.24
1345.36,3498.12
-1407.62,2791.23
890.48,2411.11
-434.591,-733.379
-659.782,-2109.73
1996.66,-3565.91
-98.4664,-4940.58
1119.25,-5332.82
-1255.88,-4358.4
1708.74,-884.161
-1578.46,1506.8
2426.74,3971.1
-3605.84,3667.28
1918.4,4768.24
-3057.58,4551.38
2450,3893.67
-1994.27,1051.96
1293.3,-2390.89
-504.98,-3516.53
-107.022,-3854.66
1476.77,-2426.67
-774.504,-632.466
590.209,534.923
-1266.27,1338.44
150.475,3117.64
492.687,2688.06
54.0042,1201.74
287.167,-1880.64
-1150.26,-3852.77
1868.45,-4539.36
-1014.65,-4358.36
2633.28,-3300.89
-2859.27,-1723.41
2497.38,1528.3
-3019.81,3774.58
2575.24,6429.18
-3895.74,5554.21
2674.36,4424.89
-3383.62,1882.16
1944.74,278.156
-772.965,-1376.99
1445.2,-3163.63
-1173.7,-3671.3
1442.68,-3877.73
-793.653,-2014.19
1567.83,-419.699
-1262.63,1221.95
1241.63,1314.71
-2494.51,2101.15
2489.5,2387.57
-3204.08,1219.53
3779.56,-288.712
-3746.02,-2434.31
3645.9,-2015.96
-4366.9,-1826.93
5200.69,217.308
-4283.18,-140.36
4329.92,-483.179
-4428.7,-479.435
4077.24,538.081
-4257.61,1430.36
3817.71,2254.77
-3748.27,1675.85
2461.2,868.915
-3136.43,1039.5
3634.4,842.612
-2678.85,70.8791
3027.58,-1080.94
-4273.17,-1748.02
4839.87,-1999.96
-4925.24,-1295.69
5998.26,-277.682
-6066.68,-101.548
5180.21,1667.53
-5262.39,1891.97
5754.16,1730.89
-5993.5,-536.078
6613.98,-1870.18
-6526.49,-3592.12
6246.02,-2340.41
-4617.32,-1927.11
5661.99,-1269.76
-5220.33,-1547.4
4081.42,-350.895
-3915.98,2456.61
3476.19,3803.57
-3928.63,4690.54
3920.35,3161.25
-6707.55,2493.37
6086.13,2679.69
-6676.38,2403.29
7499.99,632.477
-6903.83,-2478.28
7322.65,-3748.33
-7844.64,-5000.6
9060.02,-2648.12
-7965.12,-2568.5
8873.89,-1328.69
-9241.08,-1719.26
8645.85,533.058
-8112.9,1383.06
8485.47,1502.79
-7618.19,258.229
6167.91,-1401.94
-6342.39,-1681.29
5384.5,116.71
-4329.41,1242.68
3921.04,2246.3
-5080.29,2939.62
4374.76,3258.97
-4257.58,2746.51
4380.08,1294.08
-5412.28,451.589
4470.51,-146.082
-5395.56,163.039
6666.74,-262.422
-4657.2,-2654.37
4904.52,-3727.71
-4631.15,-4190.85
4305.21,-1347.22
-3733.82,-578.861
5341.33,-333.895
-4942.48,-1832.9
2388.38,-67.5103
-2761.75,3340.69
2526.72,5769.55
-1133.49,4278.31
275.866,-673.94
-1330.22,-2711.14
539.066,-3363.01
459.745,-779.359
322.746,827.091
-834.644,838.773
-94.3875,1209.87
-1436.11,2311.11
1670.76,3449.17
-964.166,3259.35
1184.58,953.446
-3077.35,-1808.6
2791.9,-2697.31
-2118.19,-3635.85
3781.31,-3600.76
-2805.94,-3747.62
2436.57,-2385.41
-1457.1,-443.896
1733.75,1158.11
-1862.6,1048.29
607.77,1747.15
-1697.89,2609.19
413.303,3974.49
592.978,3485.52
-446.143,799.37
152.648,-1122.41
123.199,-3774.54
-246.091,-3037.7
1969.91,-2878.96
-1624.08,-1787.77
2796.04,-1241.4
-3579.47,280.612
3954.09,2917.3
-4611.36,3938.66
5024.62,4224.49
-6098.08,1695.3
5117.8,1307.8
-5318.43,-1031.99
6127.45,-608.177
-4578.63,-2976.86
4731.6,-4072
-3382.72,-3941.35
2409.14,-2406.59
-1763.43,609.79
1701.97,1752.09
-725.155,2331.89
-1086.77,2340.27
675.087,2610.73
8.6055,638.173
1417.66,-1816.89
-475.517,-5692.58
-617.68,-6094.79
1671.38,-4137.34
-2091.34,-185.914
3813.06,2607.76
-4040.88,3272.63
2482.33,4937.79
-4748.27,5981.46
3979.25,6742.09
-4036.26,4002.62
4054.95,375.982
-4765.16,-5025.34
4520.94,-5389.53
-1364.69,-6069.55
2937.74,-5475.78
-484.888,-5605.97
-118.614,-4655.39
804.841,-490.388
-1830.31,2713.7
2364.15,6227.7
-2489.74,5535.3
287.673,5013.37
-1417,2920.5
1219.46,1616.39
-670.614,-1343.02
595.769,-3336.49
370.39,-4368.46
-684.102,-4176
2338.66,-1342.02
-1989.42,-224.051
2574.79,1775.38
-3040.2,1862.08
2381.04,2477.24
-2422.55,1607.81
2545.26,512.856
-1656.49,-1375.09
378.559,-2378.3
101.502,-2046.58
235.344,-1103.51
1532.14,-1198.12
-2212.46,-1070.27
2132.49,560.202
-1985.84,957.23
2068.04,2022.85
-2313.47,1323.18
1292.95,1384.24
-1483.04,436.45
764.572,960.822
310.067,-61.8524
341.634,-1531.05
85.2078,-2234.69
-508.163,-2862.66
392.007,-892.107
640.021,-819.599
473.425,113.45
-1252.88,-142.443
-1497.38,2871.32
1820.98,5332.24
-3019.22,5727.21
3491.06,3322.88
-4559.62,-1075.46
4566.16,-2313.19
-5017.81,-3973.45
5958.26,-2212.68
-5472.09,-2583.64
5363.07,-1857.92
-6426.11,-344.922
5354.31,2649.22
-4760.04,4470.08
4752.26,4454.26
-5224.88,1626.61
2783.47,-928.971
-2566.47,-2146.06
2718.47,-3241.44
-1632.77,-3421.66
1741.21,-2812.31
-2600.05,-590.173
3247.87,1567.67
-3967.53,3135.61
3242.53,3675.16
-5450.26,4618.62
3245.04,5326.02
-4701.7,5304.97
5144.75,3449.5
-5179.85,-1073.84
4968.21,-3516.18
-5313.69,-5707.61
6083.76,-4255.52
-3909.09,-4658.35
4356.13,-3468.74
-3444.32,-3089.08
1020.06,1044.11
-905.58,5876.24
-466.458,7846.62
659.654,6649.02
-2471.07,2107.02
1432.85,-155.418
-2342.4,-2234.18
2901.29,-1301.35
-1467.42,-3157.88
1085.49,-3145.37
-1149.77,-2658.04
354.765,318.448
578.036,3386.56
-1058.41,4133.15
1162.95,4196.26
-3597.32,1800.64
4010.38,-141.179
-2999.93,-3530.9
3280.3,-3929.64
-2544.5,-4746.8
2678.37,-3100.77
-1210.8,-1995.21
1802.04,-1088.04
-512.035,-103.885
-1666.41,1978.23
709.144,5303.81
-1527.01,6408.35
2095.81,5047.99
-2300,516.713
1044,-1623.66
-2033.58,-2435.84
3692.53,-1041.83
-1266.94,-2349.02
1207.13,-4403.7
-744.482,-4442.26
22.9485,-1330.73
112.73,3304.27
494.235,5115.74
-802.93,4874.02
-682.136,1982.04
-946.64,1004.54
1567.28,-322.681
78.2645,-2612.19
1237.78,-4894.07
-1766.13,-6254.41
2171.6,-4806.19
-1586.54,-1928.87
3006.5,1108.41
-3086.87,2111.84
2628.08,3515.83
-3643.79,3482.62
2889.69,3452.82
-2944.06,2074.14
2514.52,-310.482
-2392.66,-2315.8
1753.98,-2534.35
-464.508,-1865.35
1386.34,-541.783
-1328.55,-52.2372
-47.0051,1359.75
-212.545,3089.3
-133.214,3277.1
-521.207,3433.03
-438.992,2310.32
-412.398,1490.97
381.707,14.0384
-639.917,-1303.33
1985.89,-4133.95
-1397.31,-5508.3
2057.47,-4863.2
-2646.06,-2747.36
3472.7,546.332
-3000.65,1157.34
3971.64,734.67
-5517.72,-168.397
3935.75,2173.38
-4506.04,3853.09
4358.54,3884.51
-3699.43,303.929
3441.47,-2648.02
-3794.49,-3670.24
3365.59,-1676.11
-1386.54,436.743
1479.18,942.126
-2229.63,756.225
1511.48,706.175
-3001.82,3380.22
3075.04,5212.16
-2526.74,4863
2064.81,1710.31
-2716.75,-2348.73
3173.91,-4544.81
-1954.72,-5754.43
3825.58,-5146.24
-2740.2,-4582.08
3468.47,-2667.36
-2406.93,-1532.42
2597.13,1126.28
-3393.05,2922.83
2348.11,4515.93
-1380.25,4375.96
296.909,1812.27
-325.336,-352.17
645.658,-2532.04
-994.273,-2341.29
946.957,-998.244
-550.95,328.207
1791.06,111.775
-1977.79,313.543
1940.2,666.894
-3157.35,2207.59
3542.94,3414.3
-4499.94,2246.62
3888.28,854.383
-4281.66,-1545.65
5241.1,-1835.38
-4409.6,-3221.46
6096.91,-3910.58
-4880.91,-4855.16
4997.26,-4593.02
-4928.72,-3645.17
5014.03,-219.717
-4278.59,2490.32
3308.33,4618.6
-4649.72,6211.81
3729.32,5417.88
-2922.7,2064.65
3028.45,-2070.92
-3799.09,-4611.6
4186.14,-4346.68
-4104.39,-2094.97
5712.55,-371.993
-4825.71,207.966
4712.76,805.502
-4919.8,1416.38
4920.39,3292.63
-4818.71,2225.66
5717.3,104.449
-5772.2,-3274.5
3857.49,-2843.1
-3181.77,-979.652
4410.92,1696.25
-2703,893.491
2979.82,-1565.92
-3341.61,-1896.14
2539.31,-1334.1
-2737.13,1636.39
2791.03,2537.1
-2368.79,1247.01
1869.13,240.002
-3247.77,391.811
4456.42,438.305
-3493.41,-353.545
4299.91,-2366.89
-5906.86,-4250.3
5182.22,-1701.5
-4950.3,375.871
5940.94,2773.31
-6119.05,2927.06
4236.7,3043.62
-4441.79,2459.06
3510.67,1516.19
-3062.65,-1053.95
2885.54,-2487.09
-2985.79,-3594.42
2448.24,-2594.98
-377.667,-815.704
1008.7,-1263.54
-660.391,-1010.48
-539.452,-206.667
-405.419,2043.12
1018.24,3089.92
-1302.4,3037.83
-109.229,1951.55
-2214.3,2684.02
2271.02,3442.85
-1730.98,1787.37
3571.21,-2071.53
-3211.53,-6483.94
3546.17,-6614.24
-3486.53,-4418.71
3861.97,78.9554
-2912.29,2066.27
2035.57,3526.3
-3769.1,4754.95
2049.41,6778.26
-1122.62,6079.23
1227.4,1853.94
-605.351,-4243.06
-701.951,-8267.15
1066.62,-7264.45
1447.57,-5624.53
1138.74,-3239.6
680.188,-2788.05
-975.651,-874.403
1166.92,1717.39
-2860.94,4961.28
3231.25,6074.16
-5026.34,4818.68
4687.26,2650.52
-5417.66,-25.3928
7034.34,-939.42
-6792.15,-3070.83
7567.51,-2537.71
-7519.6,-3508.44
7833.63,-1957.17
-6196.72,-1225.84
5400.81,1561.44
-5230.91,3480.34
3944.18,5561
-3373.29,4475.12
2752.15,395.155
-1773.87,-3655.8
1120.74,-6097.6
96.6848,-4987.82
1199.73,-3870.38
982.927,-2932.27
190.634,-3850.72
-1148.27,-1884.79
469.302,1784.46
-1569.86,6283.56
2036.37,7594.04
-3398.98,5004.41
2027.94,2492.28
-4646.99,888.396
4053.15,1698.39
-2067.6,-576.776
2902.96,-3103.5
-3483.2,-5456.54
3106.74,-4158.46
-2128.74,-1485.57
2977.25,976.035
-2566.87,1877.23
138.643,2369.97
-948.698,3436.1
755.082,2812.86
802.77,328.026
-151.964,-4041.02
-1077.14,-5158.84
1188.03,-4434.83
-744.905,-2055.06
3573.78,-968.322
-4563.36,-498.458
2448.84,2806.4
-4062.21,7114.57
4435.07,9149.9
-5292.33,6067.51
4123.51,1722.94
-6050.14,-2416.32
5506.25,-1882.14
-3669.21,-2773.57
6294.65,-4366.91
-5156.22,-6527.05
3890.29,-5281.01
-4106.06,-139.263
4102.41,4648.33
-2569.65,5702.66
1762.43,3425.96
-3686.84,1059.51
3178.03,121.563
-2357.94,-473.781
3297.99,-2723.24
-2846.45,-5150.08
3462.41,-5682.11
-4210.03,-3262.75
5549.27,1079.88
-3944.15,2978.93
3652.7,3355.24
-5640.6,3142.58
4469.95,3497.84
-4441.04,2423.27
5465.76,533.885
-5706.18,-2442.08
5055.23,-2778.24
-3360.58,-2728.78
4929.38,-2508.48
-3292.14,-3544.12
3472,-3412.53
-3277.6,-1066.02
2610.72,2227.23
-2757,4936.87
3040.7,5004.51
-3669.1,2867.48
2047.4,1255.7
-3037.6,1362.38
4515.88,19.7034
-2787.15,-3276.59
4755.75,-7516.76
-4198.45,-9637.79
5801.34,-6827.33
-5066.53,-2510.77
6114.99,2248.71
-6047.65,3808.3
4512.81,5459.4
-5588.43,5588.02
4306.67,5889.39
-4505.91,4040.75
4859.38,509.522
-4729.02,-4197.87
4234.17,-6626.6
-3247.33,-5531.26
4577.48,-3131.02
-3137.11,-449.151
2953.43,1826.84
-4139.58,3919.5
3523.96,4913.71
-4395.38,4430.01
4709.29,2129.11
-5514.52,-1643.56
7099.17,-4463.1
-6156.5,-6923.37
8127.79,-7472.36
-6815.46,-6965.69
7942.74,-3593.56
-7716.82,-478.344
7432.71,4032.25
-7670.19,6001.71
6154.23,8020.69
-9249.02,8158.81
7115.1,7783.58
-6699.01,3617.61
6383.61,-1218.06
-5648.74,-5938.05
6064.01,-7602.33
-4833.96,-6057.72
6558.02,-4066.25
-4467.38,-2857.8
5043.75,-1738.55
-5850.6,435.282
5231.07,4106.71
-5505.49,5565.25
5745.31,4730.93
-6915.84,1126.38
4027.42,-370.676
-5320.79,123.145
7451.26,523.388
-5964.17,-2217.16
6254.63,-3779.15
-6136.86,-4456.61
5963.55,-2532.99
-4890.12,-517.204
5366.43,1006.05
-6040.1,1432.18
4282.31,3068.91
-5397.29,4755.79
5367.49,5237.58
-4930.17,2477.53
4927.83,-1361.74
-7010.57,-3530.1
6366.4,-2660.46
-4999.69,-821.556
6410.22,-179.576
-6951.89,-1055.02
5928.29,826.897
-6576.28,2460.44
6390.19,4236.95
-6615.75,2581.96
6193.26,140.761
-5647.37,-3649.04
5340.35,-4256.49
-3570.08,-4647.99
4914.98,-4054.05
-4083.85,-2845.08
2454.99,-663.302
-3331.29,3313.87
2386.96,6457.77
-2177.98,7260.21
1651.87,4918.77
-3920.73,2623.99
3425.26,253.665
-3285.42,-2023.21
4789.53,-4922.29
-4179.99,-6790.16
6212.71,-6016.33
-7046.82,-3044.64
9076.59,1574.1
-8090.51,2599.43
7546.34,3288.66
-9322.53,2142.41
7600.73,3990.01
-7508.61,2990.3
7641.73,2583.66
-6394.25,-1548.18
5385.22,-4025.02
-3537.11,-5539.48
4529.46,-5045.82
-1672.66,-4617.87
2062.45,-4025.1
-1602.22,-640.118
460.006,1810.84
-69.1888,5522.49
-98.3144,5898.31
-615.758,4578.11
-198.13,1982.31
-1558.48,937.88
2288.96,-154.704
-2497.69,-1768.5
4511.33,-3538.89
-4600.24,-4801.55
5710.95,-2985.12
-4518.28,-2273.8
6685.59,-816.867
-6007.61,-1834.61
3865.31,67.8644
-4000.5,1526.15
3570.63,3685.39
-2900,2963.25
3187.87,986.679
-2995.65,-1239.34
2445.53,-2930.77
-1652.31,-2432.1
2360.53,-2950.34
-1329.57,-2283.1
925.927,-1608.5
-1974.26,1548.96
3013.47,4101.59
-3566.02,5313.89
3368.94,4330.69
-5979.82,1517.57
6149.02,694.129
-5298.56,-2544.34
7116.52,-4542.15
-6195.59,-6507.58
6458.82,-4762.53
-5387.29,-2829.55
4961.46,1005.2
-4453.5,2615.72
3143.02,4581.69
-5069.69,6294.64
3608.79,6553.05
-3413.05,5067.17
3369.24,-195.027
-2846.61,-5208.92
2122.13,-7536.42
-2320.4,-5889.02
4926.92,-3414.3
-2879.38,-2127.68
3717.13,-1564.14
-5156.07,122.137
5008.72,3706
-6479.62,5371.44
7117.68,5389.26
-8339.06,1790.07
5731.08,663.823
-6330.49,285.507
6148.86,1721.43
-4494.68,159.233
4784.68,-1396.13
-4991.11,-3788.55
3546.81,-2468.78
-1735.5,-546.598
1782.85,883.152
-1606.25,1465.2
-419.465,1556.9
57.5587,3048.02
334.614,1325.31
1129.46,-475.839
-43.4504,-4656.25
-559.217,-6117.68
875.734,-4553.75
-754.215,-1572.31
2597.66,426.787
-3941.31,2244.36
2673.48,5196.25
-4545.39,6802.97
4352.44,8141.38
-4960.23,4392.36
3627.12,827.679
-4893.31,-3086.54
4225.69,-3437.17
-2028.6,-3598.84
3704.27,-4137.01
-1396.47,-5090.43
773.704,-3949.22
-1257.68,-578.151
699.029,3002.27
996.522,4408.22
-2148.65,2217.27
238.448,1897.9
-1334.06,2024.89
1718.02,2075.46
-476.755,-448.234
177.027,-3368.09
208.166,-5461.1
-715.871,-3999.42
1940.01,-850.567
-1160.33,1496.7
2496.16,1984.37
-3778.64,1132.15
2018.31,2607.9
-2513.12,2901.98
3271.42,3265.23
-3071,607.114
1709.61,-1258.5
-1442.58,-2280.17
2331.51,-1821.31
-161.155,-2539.64
-200.806,-2887.37
776.804,-1605.28
-1374.15,-88.9704
1780.24,2300.5
-1660.64,2202.17
2399,1702.14
-2800.4,-230.821
1773.52,-519.343
-321.083,-1372.08
912.318,-2130.68
-247.678,-3161.09
-825.453,-2117.28
811.066,841.215
172.737,2242.25
1591.15,2077.79
-2505.92,4.24278
573.021,740.233
-1127.05,1649.5
1048.1,2453.04
-512.099,1000.11
35.2335,-649.125
-364.758,-1181.41
491.252,-1068.55
1277.96,-660.941
-257.783,-2779.89
510.659,-3969.79
-1276.39,-3651.12
571.453,-371.105
1207.65,2086.84
-626.247,2710.12
114.091,1832.43
-2503.57,1493.93
3412.86,1565.88
-2045.4,-1052.62
2880.8,-3437.38
-2722.39,-5662
2537.76,-3632.74
-1329.25,-951.951
1431.35,2162.49
-584.83,2758.7
-981.865,3479.95
-441.074,4855.57
-1230.98,5587.9
1758.02,5123.34
-1634.82,686.969
1734.89,-3198.08
-2566.34,-5916.31
3600.72,-4503.65
-928.649,-3915.21
1159.16,-2611.82
-321.796,-1688.89
-50.2149,-306.127
965.266,1438.1
-1465.4,1771.46
2230.22,1714.61
-3753,538.197
2780.51,746.241
-2767.86,-63.0446
3055.79,-175.125
-2173.86,-1533.73
1749.81,-1007.92
-1538.96,-741.584
1588.34,193.125
-385.9,339.892
-1833.06,575.785
1246.63,2161.24
-2616.39,4020.89
2553.14,5283.17
-2834.56,3033.73
3054.04,605.163
-3404.91,-3225.36
3392.9,-4148.5
-2315.05,-4554.57
2678.47,-3474.28
-1808.77,-2292.86
1165.54,-196.669
-1117.32,2374.02
1007.93,3759.41
-783.548,3585.83
-319.809,1349.41
119.89,-414.67
-465.381,-2447.94
-193.934,-2254.4
1261.15,-1894.57
-1527.22,-613.735
2247.54,622.393
-2983.14,1534.88
2796.47,2852.12
-3525.83,2515.57
4074.91,1672.18
-5724.56,403.96
4545.86,1086.99
-4676.15,885.788
5357.34,964.624
-4398.94,-1775.25
4094.99,-2420.23
-3097.21,-3290.5
2658.79,-2143.35
-1329.24,-899.125
849.772,-500.768
-1020.24,774.53
-388.834,2389.99
-198.17,4361.25
652.103,3544.17
-366.878,1924.55
130.283,-2301.16
-1293.43,-3586.34
2354.26,-3651.98
-1212.14,-3456.93
2487.16,-2334.44
-3246.44,-1532.98
3726.19,1646.25
-4775.94,3695.65
3957.01,5948.95
-4729.48,5003.37
2763.54,4305.51
-4216.37,2490.71
3350.49,1465.44
-2711.39,-259.191
2554.22,-2461
-1330.94,-3982.23
859.487,-4580.49
336.075,-3609.09
1608.6,-3259.25
-693.05,-2932.13
1070.4,-2413.33
-1678.49,77.2131
934.014,2593.02
-1179.85,3758.67
1619.77,3081.52
-3393.03,1670.46
3170.5,823.01
-3390.88,307.965
4024.35,41.0796
-3602.76,-1837.94
3579.02,-1883.11
-4691.35,-1227.26
4244.96,2099.79
-3736.72,4161.19
2820.05,5258.75
-3131.19,3837.33
1404.5,2392.28
-624.239,-540.663
2543.11,-4415.2
-895.687,-7429.21
1087.66,-8837.66
429.347,-6226.34
673.728,-2927.36
-10.1033,764.789
493.965,2977.53
-2010.8,5180.15
516.294,6676.57
-1890.89,6758.02
1712.22,4389.85
-2526.99,-401.692
2044.03,-3168.73
-2067.7,-5375.21
3322.31,-4102.98
-575.802,-3668.9
1006.77,-2865.94
-1082.27,-1139.3
796.394,1222.55
-739.139,3399.17
-207.957,4245.83
-184.773,4207.32
-1200.11,2566.71
135.968,1820.46
3.2323,-267.323
1011.69,-2351.67
-438.662,-4254.08
534.447,-4736.08
74.4377,-2892.58
597.368,-1134.93
692.532,391.167
-1014.24,902.011
-456.264,2007.36
345.16,3029.83
375.366,2050.26
-211.737,-300.733
-729.748,-1662.36
-111.325,-1232.96
-674.221,301.776
1660.23,1656.2
-1152.16,1298.03
685.861,535.401
-1945.85,987.897
1021.41,2439.01
-940.243,2542.12
1287.63,1095.57
-2047.99,-1321.72
173.813,-1254.66
421.791,-500.875
832.43,345.94
974.548,-1737.66
-1190.59,-4359.93
1133.09,-4459.64
-1470.32,-2738.17
1885.83,806.026
-807.885,1384.33
659.998,1715.86
-1598.08,1192.53
-294.083,2790.75
332.546,3568.82
-810.893,3136.4
593.286,1236.67
-2423.28,-852.502
2912.4,-580.438
-2412.64,-1281.57
3941.91,-846.468
-3364.1,-2399.52
1893.54,-867.961
-2710.13,921.033
2165.25,3060.52
-1084.78,3438.86
375.407,2092.46
-492.634,444.952
-568.804,-717.688
1828.44,-1466.77
-723.26,-4144.86
1354.67,-5400.4
-1393.66,-5364.27
1616.63,-1641.23
358.509,767.278
-117.647,2470.84
806.737,1956.74
-3434.03,1537.37
2158.8,3149.56
-2880.24,3727.73
4237.06,2460.31
-4385.97,-1162.02
4331.4,-2202.82
-5233.43,-2500.38
5766.74,84.9886
-4109.19,-242.644
3983.45,-329.237
-4808.06,-536.652
2741.21,2350.18
-1866.05,4777.73
1107.43,4733.56
-226.86,1880.39
-1008.83,-2206.89
728.426,-4113.73
136.791,-4893.61
2399.64,-4349.11
-1507.83,-4813.16
1439.46,-3130.11
-888.713,-1558.22
97.5605,2147.32
948.458,3786.74
-2327.39,4224.75
852.409,4418.24
-2539.63,3248.27
3015.86,2178.94
-3227.26,-1264.24
3191.08,-2384.15
-3508.67,-3050.44
3211.84,-780.469
-1696.19,-82.3903
1612.99,905.343
-1451.68,403.295
-188.768,1269.22
340.479,3180.54
-1704.98,2850.04
2529.02,2237.7
-3343.78,-718.816
2274.05,-1531.26
-1866.45,-2223.92
3046.51,-1711.07
-669.989,-3747.72
771.003,-4606.58
-481.897,-4141.52
-558.352,-1150.3
1323.4,2721.98
-2228.85,4205.97
2355.25,4693.43
-3886.99,3099.16
3564.48,2259.03
-3141.32,-467.857
3548.16,-2002.12
-2724.34,-4820.08
2130.44,-4487.29
-1019.63,-2879.47
942.108,354.617
593.799,3015.15
-1728.49,4060.51
20.849,5939.79
-1365.48,5256.21
1277.45,3663.24
-1163.25,-551.434
971.683,-3182.29
-768.62,-4909.43
1559.91,-4116.57
787.492,-3655.96
212.408,-4036.91
1855.42,-4081.25
-2979.25,-2435.04
3044.02,1867.72
-3100.6,3764.89
4341.11,3931.55
-4816.73,848.25
2572.07,-290.128
-2752.2,-154.033
3280.71,1111.36
-1153.55,-853.719
733.602,-2496.5
-329.721,-3358.55
-877.783,-961.96
2208.14,1974.03
-2421.54,3070.05
3054.52,3502.76
-5955.13,2455.08
4528.99,4054.95
-3921.59,2654.72
4945.85,1023.09
-4328.88,-3702.27
3764.97,-5554.02
-2690.82,-5737.32
4075.33,-4346.87
-1079.45,-3909.13
474.133,-2968.77
-187.872,-280.256
-606.073,2356.4
751.817,5326.32
-1483.64,4698.98
-111.989,4081.99
-1929.79,2479.45
1075.54,1674.16
-296.528,522.799
921.084,-2171.28
314.704,-4746.46
-1336.32,-4272.65
898.793,-1275.47
-446.887,1526.71
1205.1,3279.32
-2146.96,2372.1
1406.01,2141.65
-1676.23,1595.47
1652.01,537.56
-359.892,-2177.59
284.783,-4917.41
-215.678,-5663.32
1149.25,-4155.13
-113.445,-1537.69
1364.95,761.375
-1953.03,3377.7
-617.334,5107.46
-1247.47,6630.62
1448.17,5846.86
-2098.09,2617.2
1835.29,-913.267
-2987.37,-2631.94
4323.16,-3095.4
-2310.71,-5026.78
4162.54,-5679.71
-4817.36,-5183.72
4380.52,-626.098
-3584.3,3585.38
3776.61,6382.89
-4095.23,5093.95
1261.13,3752.49
-2806.4,2290.79
2112.23,1619.31
-439.953,-995.985
839.622,-4436.97
-528.338,-5506.59
249.563,-4874.75
700.425,-1325.36
1723.53,-323.769
-1655.55,8.79694
1212.97,-308.774
-3510.02,2184.88
3738.87,4536.63
-4465.59,4094.01
4917.56,2335.41
-6279.87,-1499.25
5997.65,-1587.14
-5885.61,-2233.39
8320.9,-1630.18
-7704.01,-3216.22
7001.16,-2168.79
-7958.89,-176.592
7091.38,3833.25
-6393.18,5548.87
4669.12,6064.07
-6096.37,4773.93
3089.58,4036.37
-1975.47,1386.78
3286.39,-3140.64
-1603,-8100
3231.12,-11103.8
-2640.3,-9053.96
4256.13,-4775.79
-2571.47,44.5201
3112.69,2273.9
-5449,5053.9
3663.59,7981.19
-6358.76,9870.84
6391.18,8675.85
-7334.48,1950.55
6740.89,-2894.38
-8570.11,-6761.87
9694.21,-4485.43
-8729.55,-2823.3
9679.8,72.3849
-9186.62,828.274
7658.61,2585.28
-7947.2,2961
7333.38,3875.69
-6676.63,1554.17
6053.08,-1654.02
-6272.27,-4175.68
6315.31,-5021.5
-3924.15,-5106.1
6152.75,-4492.59
-6463.1,-2893.6
6072.59,200.021
-6103.23,3201.12
5969.9,4826.86
-7540.34,4791.06
6122.26,4834.97
-8346.16,4359.41
8625.51,4015.29
-8951.41,329.081
9457.65,-2024.93
-9383.02,-4958.08
9351.65,-3827.11
-7599.6,-3517.08
10018.4,-2048.75
-8598.51,-2733.86
6705.62,-608.524
-6785.53,1593.78
6041.07,4784.17
-5215,4300.99
4345.69,1953.49
-5487.75,594.625
4263.81,-204.589
-3457.45,85.4523
5664.91,-2624.52
-3984.36,-6184.74
4423.55,-7314.69
-4734.19,-5097.32
5773.3,13.734
-3901.56,2450.18
4385.85,2993.25
-6244.01,1824.64
4783.63,3572.32
-5176.58,3732.63
5987.47,3232.51
-5883.5,282.531
4308.85,-2052.76
-4770.78,-2081.79
4784.67,-512.142
-2879.41,576.996
3744.24,139.518
-5111.83,2.41388
4046.22,1262.89
-4569.73,2251.81
5529.41,2097.88
-5525.64,-509.723
5599.19,-2739.9
-5914.25,-3791.93
8048.37,-3536.03
-5716.88,-5183.57
6357.14,-5318.8
-6780.42,-4357.88
6792.17,-177.068
-6697.9,2979.82
7587.13,4941.34
-8461.07,4374.11
5192.89,5190.91
-6757.18,5177.53
5862.23,4966.24
-4970.96,1118.05
4747.98,-2674.65
-4632.74,-4724.69
3889.86,-3446.37
-2335.54,-982.502
4731.73,-720.274
-3910.05,-2519.52
2915.78,-2616.74
-3637.92,140.969
4417.46,2529.85
-3216.32,3072.34
2884.5,978.009
-4974.35,-1082.16
5352.3,-1003.98
-4264.61,-1621.61
6365.35,-2041.13
-6080.07,-3581.23
5642.26,-2276.99
-5868.17,-734.381
5930.19,2087.53
-5109.32,2758.62
4731.89,2875.85
-5934.09,2333.31
4294.9,3364.53
-2906.08,2181.52
3342.65,-771.725
-3154.57,-3941.02
1918.99,-4298.81
-2025.39,-957.097
3604.91,1304.7
-2810.9,2028.03
3032.66,335.481
-4503.05,-312.86
3586.99,1349.07
-3462.96,1761.48
4467.99,748.94
-3739.87,-2718.57
3718.78,-4550.97
-3843.8,-4858.74
5999.31,-2679.21
-3589.64,-2835.82
3416.25,-1975.88
-4931.05,-104.871
2959.43,3786.81
-2874.54,7483.2
2559.08,6991.25
-3093.74,4489.67
640.502,2078.57
-1464.18,151.005
2634.66,-1592.64
-1750.53,-4174.49
2559.79,-6062.08
-2503.3,-5090.47
3789.06,-2292.43
-2740.32,817.077
3849.89,2459.31
-5503.49,2345.68
3834.87,3315.53
-4254.21,2844.97
4588.05,1623.35
-4031.33,-1204.24
3202.67,-2157.18
-2951.51,-3412.15
4208.97,-2704.02
-2598.56,-3152.52
2747.81,-3157.45
-2631.12,-1291.52
2053.43,1497.1
-1740.64,4377.38
1934.01,3728.35
-2714.73,2488.1
1803.12,685.702
-3772.29,826.065
5008.02,977.522
-3819.17,-1020.8
5237.23,-3224.66
-5857.88,-5152.41
6637.28,-2636.36
-5755.27,-1022.86
6810.33,1141.69
-6308.15,525.998
4316.39,2180.01
-4614.88,2820.14
3797.66,4122.63
-2456.46,2727.06
2364.34,-980.689
-1497.98,-4044.76
-46.3116,-4795.12
2048.31,-3184.25
-622.466,-2478.03
1779.81,-1407.01
-2501.3,-745.586
2464.57,1657.05
-1345.81,2110.52
1318.17,2348.3
-1267.98,474.818
-580.91,-444.521
1235.2,-248.746
-984.573,-617.298
2036.48,-1145.91
-1571.57,-1774.7
1551.44,-485.055
-1618.98,-196.37
2527.56,964.313
-1487.25,-439.27
869.09,-964.75
-1074.66,-782.723
264.188,1289.05
1237.02,2387.05
-1632.2,918.037
2110.36,-222.199
-2734.37,-1876.92
3830.16,-1676.5
-1964.75,-3026.44
3418.11,-3649.08
-3174.34,-4070.91
2880.12,-2156.36
-1703.66,67.374
1390.55,2556.28
-795.887,3252.62
-512.631,3540.37
-394.744,4102.44
-915.718,3399.72
1902,1615.56
-861.796,-2735.23
437.372,-4728.19
-576.527,-4505.92
1508.25,-1976.98
-71.1771,95.6583
558.492,529.901
-902.103,204.372
-513.191,1591.33
1192.66,2770.82
-1097.98,1576.51
2368.5,-931.068
-3049.7,-3876.83
2755.69,-4114.69
-2484.66,-2832.16
4288.07,-934.444
-1932.78,-1514.85
876.936,-1264.3
-1758.7,392.897
672.793,4081.81
-1035.72,5604.49
875.237,4472.01
-2036.45,2441.85
-405.524,1144.55
-121.73,2162.91
1948.39,489.101
-646.106,-2717.7
1268.2,-6607.97
-1926.6,-6520.09
1881.9,-2509.97
-7.9635,465.592
1659.99,2148.25
-2634.06,899.686
2169.02,851.974
-3107.85,1419.32
4251.76,1164.47
-2848.63,-1433.78
1924.55,-3400.4
-2592.96,-3368.64
2339.88,-687.133
-532.173,1842.2
1180.08,1898.42
-1976.71,1919.05
564.774,2379.46
-1768.95,3119.45
2288.04,3411.35
-3292.7,1569.9
3132.37,-575.31
-3994.33,-656.372
4695.87,-910.777
-2693.01,-2195.25
4913.14,-4298.78
-4975.22,-6575.78
5265.36,-4455.53
-4728.38,-2025.73
6489.47,785.507
-5933.49,1135.6
4321.4,2310.34
-5263.56,3410.37
5219.18,4358.52
-4844.28,2388.34
5206.19,-1286.57
-4608.88,-4371.15
3660.18,-4621.58
-2436.48,-2549.81
4723.47,-1021.69
-4216.16,-417.969
4215.36,347.107
-5776.71,2247.91
5768.77,4809.39
-5234.34,4465.83
4716.53,2755.68
-6774.03,429.317
6798.76,-185.674
-5611.07,-1640.51
7136.36,-3208.24
-6563.54,-4781.45
6257.02,-3034.9
-6435.92,-878.943
6634.8,2357.28
-5413.91,2260.78
4892.42,831.414
-5215.9,-112.174
3393.47,842.802
-2417.61,651.756
4034.86,-1618.65
-2844.47,-5495.48
2345.92,-7172.09
-3053.37,-3309.43
3996.9,1534.3
-3422.8,4955.42
3580.96,4232.01
-6596.66,3331.94
4662.93,4537.63
-6585.84,5589.38
6939.87,5560.58
-7140.97,1163.72
6540.66,-2490.7
-7958.73,-5017.69
8880.14,-3097.57
-6799.78,-2892.5
7957.22,-2261.68
-7667.73,-2618.84
6255.04,-833.067
-5229.93,1061.75
5005.55,2031.32
-4424.75,1469.11
3337.84,-5.65608
-4041.54,-128.42
4383.17,-302.261
-3670.53,-1159.06
4055.94,-2004.85
-5061.07,-1278.68
4422.07,1135.96
-5280.81,3783.88
5801.46,4861.94
-7343.28,3812.88
6293.67,3042.1
-7632.32,1757.66
8323.43,1162.1
-8269.76,-1783
8939.22,-3634.88
-7926.01,-5705.75
7726.74,-4224.77
-5651.84,-3157.72
6955.25,-1337.86
-5578.72,-1417.35
4033.73,67.0537
-4390,2215.83
3296.89,4014.6
-2843.47,4347.02
2238.02,1875.26
-3051.88,452.503
2979.44,-981.14
-3072.07,-567.847
4573.6,-1787.66
-3451.19,-3661.57
4122.43,-3926.17
-5116.52,-2581.84
6614.03,1078.69
-6087.06,2415.76
6701.35,2926.56
-8034.82,1263.23
6757.16,2166.61
-6348.27,1535.74
6699.88,967.675
-5153.18,-1978.09
4272.65,-3505.07
-3137.39,-3299.53
2656.78,-1711.52
-483.225,-426.245
152.457,236.12
-748.384,1283.56
337.726,1852.37
325.629,2739.47
445.378,258.555
-760.932,-1453.03
1441.37,-3617.76
-1817.98,-3492.32
4055.53,-3099.99
-3807.82,-2753.05
5025.01,-1180.55
-5812.28,180.755
5615.43,3678.57
-5969.95,3989.32
6915.46,3557
-7689.15,236.759
6448.32,-414.469
-6413.11,-533.297
6097.93,508.477
-3630.51,-966.149
3718.14,-3123.01
-2905.16,-3671.54
2083.67,-1997.26
-1067.48,1376.44
1870.57,1963.37
-1422.27,872.56
491.267,-464.932
-2173.5,566.209
2620.67,2220.97
-1955.52,2593.61
2986.3,-289.711
-4570.44,-2488.03
4746.85,-2545.4
-4357.37,-2156.51
6930.96,-1421.94
-7123.8,-2414.55
7012.04,-1336.12
-7062.93,-420.678
7037.26,1896.33
-7086.21,2190.13
5786.13,3106.59
-7030.96,3237.38
4970.59,4687.65
-4697.33,3806.89
4506.57,965.446
-3505.48,-2496.61
2764.29,-5062.61
-2340.83,-4529.02
3121.65,-3094.92
-1531.21,-2037.71
1300.76,-1565.83
-2039.08,319.279
1929.21,2819.03
-3105.14,5145.69
3904.13,4188.78
-4319.87,719.99
4352.22,-2765.54
-6148.96,-4095.02
7318.68,-2426.52
-6434.77,-1421.95
7574.73,-563.455
-8823.87,65.9755
7143.55,3546.81
-7546.65,5394.81
7942.23,6108.65
-9161.39,3028.75
7270.12,1132.19
-8333.76,201.055
7812.8,131.161
-5376.04,-2111.26
6224.86,-5086.41
-5458.58,-6631.33
5619.68,-5077.81
-4544.8,-1713.49
5299.98,558.243
-5076.53,1243.91
3579.9,2026.67
-5091.63,3411.3
5403.46,4587.64
-5442.8,3363.5
4548.49,923.962
-4890.95,-1842.91
4062.61,-2493.57
-2991.52,-2978.3
4485.02,-2536.31
-4004.1,-2121.32
2475.86,733.086
-2612.74,3906.89
1634.8,5612.18
-1475.96,4618.02
777.771,1611.37
-2802.16,669.514
1647.39,861.409
-603.079,901.151
1491.05,-1830.12
-1411.44,-4862.78
1584.37,-5380.37
-1366.78,-3502.46
2986.92,-606.454
-1381.16,-245.228
687.012,-373.364
-1806.34,-458.942
1174,1532.52
-719.684,2357.42
802.378,1736.4
-683.802,658.206
-1316.13,-39.7289
1585.12,526.456
-1596.2,634.087
3044.37,-565.372
-3627.13,-1713.79
3616.72,-728.858
-4957.15,1630.9
5212.55,3982.45
-4890.16,3176.47
4406.65,1393.44
-4716.26,-919.007
3701.09,-192.003
-2956.9,10.6436
4621.66,-953.137
-2840.4,-4722.54
2730.57,-6741.73
-2491.99,-4970.82
2165.03,-500.362
-146.229,3208.01
61.4326,3267.5
-1773.65,3242.15
-133.022,3141.35
-729.936,4485.28
1984.07,2907.26
-2173.37,-908.314
3343.78,-4961.03
-4727.76,-6182.09
5838.98,-3892.88
-4641.09,-1781.1
6241.94,38.1979
-7705.27,1097.5
6734.35,4058.15
-7928.74,5499.95
8150.79,5962.56
-8510.8,2177.6
7569.15,-1332.23
-6602,-4739.54
6787.43,-5333.81
-5022.54,-5248.34
5869.16,-4197.97
-4611.08,-2352.24
4846.17,-565.496
-4362.4,1415.36
5158.6,2333.96
-6176.33,3191.95
4936.17,3428.45
-5998.42,3378.46
7285.49,1244.89
-7411.76,-1894.3
8187.55,-3353.37
-7692.93,-3949.51
9383.58,-1806.23
-8907.95,-1728.68
9434.61,-359.829
-9288.39,-239.593
7271.26,3209.24
-7187.29,5483.01
6330.82,6731.36
-5784.84,4404.52
4374.73,404.563
-3530.89,-3468.34
2952.11,-5564.58
-621.97,-5595.42
1581.41,-5841.01
-427.188,-4194.9
1499.59,-2809.93
-1122.96,-213.494
1858.98,1147.29
-3052.2,3170.06
2711.67,4104.28
-5452.8,4276.63
5625.7,3761.91
-6508.45,1249.62
7347.85,-1187.54
-7348.77,-3829.41
8076.72,-2991.96
-8274.02,-2905.84
8544.53,-402.808
-8176.97,107.656
6463.66,2562.22
-7580.89,4924.35
6103.41,7347.03
-5099.62,6035.98
4605.02,1088.49
-4446.03,-4132.28
3996.02,-7637.79
-2698.76,-7439.54
4495.12,-6376.2
-2342.88,-4707.95
3637.66,-3190.32
-5019.16,642.544
4616.63,5344.16
-5957.18,8231.64
6319.85,7654.79
-7206.66,2733.76
5482.28,-204.99
-6894.8,-1804.14
7936.95,-988.202
-5659.42,-2933.25
6217.63,-4359.25
-5527.9,-5114.52
5390.38,-2138.72
-3234.7,493.943
3515.59,2333.06
-3037.94,2323.45
927.345,1665.1
-1475.2,2881.32
642.447,2913.06
106.955,2378
324.494,-40.4747
-1064.77,-1657.1
2154.18,-3491.25
-547.489,-4432.14
3113.62,-5861.71
-2827.79,-6009.8
2583.84,-2528.17
-3382,2073.78
4857,5650.04
-4922.34,4604.42
4325.43,2905.59
-5093.87,634.406
4394.27,508.984
-3541.99,-922.464
4382.84,-2848.1
-3763.08,-4978.05
3079.68,-4213.32
-1834.4,-850.198
2061.11,2622.29
-410.607,3578.64
301.347,1920.96
-1583.47,313.92
21.652,7.83005
568.808,965.932
1034.81,-451.869
-733.447,-2136.52
1812.69,-3950.39
-2462.6,-3093.19
3789.54,-1202.48
-2769.11,-390.483
3727.11,-459.117
-4874.11,-522.287
4375.59,1981.92
-4885.33,3295.24
5921.11,3839.71
-5550.4,641.688
4437.66,-1204.06
-4468.77,-2636.37
5200.38,-2068.03
-2636.66,-2797.12
2669.14,-3652.28
-2760.43,-1950.24
1677.5,961.769
-1949.31,4878.71
1984.7,5888.06
-2050.5,4073.34
263.327,1874.55
-1735.81,1082.03
2946.71,-525.482
-2008.47,-3059.36
3545.43,-6322.49
-3865.91,-7595.2
5071.82,-5016.62
-3644.64,-2218.5
5909.51,98.7488
-5398.29,-287.089
3403.77,1394.88
-4489.51,3742.15
3742.85,5681.72
-3564.82,4460.59
2549.98,2650.51
-3193.83,-115.528
2249.37,-810.793
-379.72,-1025.98
614.442,-2614.09
-215.829,-2699.65
-1102.62,-1436.77
566.58,2298.78
122.23,3985.47
-113.956,4162.93
-767.827,2786.3
-876.521,1218.07
1229.79,-410.43
302.207,-3293.73
1861.08,-7364.05
-1824.92,-9334.36
2883.09,-6721.48
-2707.42,-2043.08
3905.68,2492.94
-3613.87,3835.25
2691.8,4217.38
-4653.31,4359.04
2647,5810.08
-2437.46,5115.4
1893.87,2126.16
-1726.37,-2906.79
748.846,-4790.39
314.51,-4442.54
1076.69,-2809.66
1317.26,-1370.86
-1797.93,-1044.34
692.562,1413.88
-1595.04,3280.69
1085.29,5646.56
-329.169,3978.15
-235.96,1365.13
-1121.46,-501.69
958.294,-1822.73
556.441,-2772.13
1120.19,-5408.31
-276.131,-6077.33
20.788,-4756.63
1179.53,-953.218
667.225,1474.29
-1076.6,2432.88
328.631,2260.61
-2372.22,2697.49
1932.33,4379.41
-2902.6,3572.24
3485.16,2292.44
-4707.97,76.8502
4017.4,-1049.4
-4369.07,-609.509
5265.33,-475.961
-4438.84,-1573.94
4524.52,-1916.92
-5090.91,-1828.53
3820.96,1724.55
-4042.23,3682.68
3661.86,3781.24
-3202.4,1191.48
2704.1,-1747.17
-2586.89,-3799.22
4139.83,-4771.95
-2774.21,-5079.32
3290.27,-5483.42
-2981.99,-3804.86
2356.3,-585.972
-3752.43,4978.76
4129.26,8237.5
-5563.64,8391.46
4440.09,6713.8
-6852.55,2477.91
6797.5,-112.855
-6453.97,-3704.26
6684.71,-4560.36
-5831.11,-5321.92
6172.09,-2777.66
-4330.57,-919.668
3774.85,1462.11
-3098.73,2250.05
2487.21,2644.38
-2716.08,2454.25
969.846,1191.75
-299.657,818.471
142.384,-1265.61
-535.197,-1598.96
2005.58,-2959.19
-1293.56,-2861
3121.43,-3408.43
-3210.66,-3165.8
4235.18,-1576.6
-5506.84,302.813
6038.32,3205.14
-7730.18,4217.86
7246.74,5870.58
-8527.34,4671.85
7382.63,4383.05
-7054.4,633.114
7473.72,-2179.73
-7093.45,-5295.68
5907.78,-4843.15
-4494.68,-2589.05
5624.56,-1046.64
-3591.99,-942.557
3074.45,-946.162
-3851.61,787.153
3065.65,2645.67
-2762.64,3572.94
2658.33,1240.61
-3213.42,-1378
3416.59,-2713.66
-3784.93,-2149.13
6204.35,-1335.01
-5346.78,-2240.02
5956.52,-2836.27
-7752.05,-1857.54
7776.96,1773.34
-7205.19,3805.31
7680.3,4917.81
-8926.13,3053.33
7023.96,3196.64
-7569.95,2250.79
7863.53,1183.48
-6672.48,-2414.54
6608.1,-4395.57
-6278.12,-4260.14
6313.57,-1877.34
-5211.84,710.13
5411.65,1443.01
-5615.34,1229.47
3514.03,1873.41
-4058.61,3116.18
5325.42,2352.71
-4311.46,-1311.35
5711.44,-6018.29
-6607.86,-8038.38
7529.65,-6068.16
-5428,-3797.53
6830.81,-837.655
-7525.5,882.51
6093.75,4516.76
-6611.74,6947.88
5434.03,8176.66
-5863.63,5361.24
4314.76,2201.01
-5147.98,-1375.43
4368.49,-2216.6
-3002.76,-2315.84
4002.22,-3102.59
-2603.04,-2693.79
2226.9,-2386.68
-1756.85,-303.218
3390.63,593.824
-3986.32,886.314
3401.93,840.907
-4470.51,1156.39
4626.44,1835.53
-4514.79,399.951
5988.26,-1522.87
-5525.62,-4421.81
6941.58,-5079.66
-6521.78,-5105.65
7179.53,-2667.68
-5760.73,-1390.84
5296.86,1037.92
-6683.44,3792.99
5580.15,6817.68
-5255.44,7426.25
4106.71,5308.29
-4232.29,952.263
3098.43,-2193.08
-2658.11,-4108.76
4227.74,-4833.42
-3003.91,-4263.93
3515.52,-3196.92
-2657.27,-830.214
3034.7,1441.61
-2164.87,1855.9
2862.26,1308.3
-3765.99,251.169
2652.85,96.1839
-2508.16,432.541
3868.92,-557.306
-3173.31,-2876.54
3307.01,-2951.35
-3765.52,-1668.78
4589.48,745.644
-3003.01,1106.33
2770.78,-257.465
-3605.14,-691.998
1756.51,1917.85
-2413.79,4645.04
2734.78,5579.25
-1743,2091.66
1120.52,-2286.35
-2059.72,-3750.44
1766.74,-2704.77
-58.4759,-1124.05
1911.51,-2175.85
-1812.88,-3685.22
951.424,-2809.6
-1501.31,1052.84
2193.48,4377.93
-2014.18,4525.13
1148.01,2361.6
-3113.83,-24.6945
2847.38,-474.124
-2155.84,-1124.23
3587.33,-1809.23
-2628.43,-3839.42
2511.31,-4293.26
-2048.19,-3097.3
2910.96,-1014.67
-2181.91,845.035
1677.23,2400.03
-2657.43,3743.89
1293.59,5024.08
-1491.06,4681.88
1265.44,2489.78
-2167.1,118.922
1893.82,-1622.66
-1016.07,-2476.7
2393.99,-3271.42
-1315.95,-4247.1
1947.29,-3615.46
-2135.78,-1549.26
2366.95,1330.86
-1265.6,2482.56
1427.94,1894.94
-1624.65,303.372
734.85,21.9138
-649.043,-241.201
2390.84,-1599.38
-725.164,-3965.04
204.269,-5012.84
415.836,-3307.94
276.23,-122.636
1308.28,1843.87
-839.303,1653.41
-788.513,2244.36
-431.014,3149.71
-152.335,4704.32
1081.6,3626.56
-1656.13,873.711
1947.12,-1953.57
-2305.57,-3332.67
3950.45,-3371.5
-1933,-3996.54
2600.92,-3435.14
-3326.2,-2346.04
4391.42,602.82
-3481.72,1365.79
3775.65,1904.88
-4080.34,1075.91
2576.56,1194.72
-1305.89,420.611
2158.24,-1817.92
-701.5,-4511.93
222.557,-5317.7
306.6,-2615.74
-33.2275,593.374
210.302,3478.44
311.968,3392.45
-1397.6,2687.79
522.211,2150.73
-1455.43,2983.68
1469.12,2715.05
-1981.92,757.109
1931.1,-1260.33
-2517.46,-3076.17
3309.88,-2289.82
-2303.53,-1781.67
3928.86,-1235.54
-3217.85,-2489.64
2921.74,-2471.07
-2595.76,-2153.14
1044.35,350.445
-410.022,2675.97
193.624,3262.63
-1029.94,3425.84
244.208,1819.62
-245.358,585.863
1175.82,-2043.98
-1507.65,-3541.96
2219.46,-4287.28
-2623.26,-2731.66
3668.76,-482.588
-4314.85,1946.82
4538.54,3817.68
-6343.66,4291.48
6541.84,5058.11
-7935.55,2338.42
7639.99,1225
-7185.42,-2262.47
6967.74,-3553.85
-5141.74,-5205.91
5858.38,-4592.34
-3765.66,-4122.1
2784.93,-1506.15
-2688.11,2163.12
2150.97,4207.41
-1625.02,4833.48
973.349,2442.01
-1321.4,1045.44
738.342,-862.927
-533.019,-1185.82
2658.94,-3454.72
-2344.2,-5343.08
3800.89,-5250.86
-4339.95,-2700.65
5905.83,1688.25
-4508.6,2357.27
5882.96,2031.12
-8239.82,492.846
6562.6,2241.6
-6523.8,3606.85
7416.79,3569.01
-6139.71,-492.094
5504.7,-2994.95
-5339.94,-3652.73
5603.68,-1771.01
-2868.44,-1152.95
3224.37,-2091.75
-2606.33,-2636.54
793.566,-403.7
-234.143,2967.87
2245.21,3387.04
-1520.81,1186.2
1427.5,-3419.36
-2019.1,-4354.28
3322.31,-4011.4
-1400.27,-3462.13
3232.48,-3005.73
-3858.81,-2253.88
3969.93,744.97
-4241.47,3460.27
4486.08,5760.69
-5003.59,4314.08
4222.68,3157.78
-5976.83,1191.21
5513.86,1038.87
-4282.66,-263.636
4582.87,-2386.79
-3214.07,-3925
2406.59,-3593.93
-1556.82,-1579.07
2700.89,209.94
-2085.84,356.969
1917.53,-472.268
-2411.82,-94.0981
2452.06,453.795
-2245.69,519.477
2987.04,-457.525
-3435.94,-1654.93
3365.9,-2060.87
-2723.09,-2002.93
3781.25,-1236.93
-3972.93,-629.606
3141.74,1579.56
-3872.05,2633.25
3576.52,3793.79
-2994.36,2153.57
2417,384.822
-3379.7,31.5823
1596.29,1408.55
-772.136,2026.32
1424.53,207.45
-1040.47,-2217.03
333.562,-3410.67
513.877,-2028.18
1646.95,-1419.65
-188.778,-2201.78
-259.626,-3423.23
-1107.59,-2064.05
892.144,1587.17
-323.6,3916.43
1051.8,4021.19
-369.67,1214.2
-1329.6,-474.635
425.864,-728.295
105.305,-436.857
1969.02,-1988.95
-2153.01,-3552.23
2036.55,-2517.32
-3372.55,1219.68
4359.73,5302.2
-4186.59,5035.2
3865.27,2803.08
-5766.14,-320.888
4618.3,83.325
-3254.44,-496.225
4087.79,-1243.27
-2538.17,-3870.52
2037.4,-5222.1
-1810.71,-3946.45
2190.5,-833.894
35.9992,919.57
-561.547,922.02
192.658,1285.67
-1116.85,993.618
1076.62,1947.75
-606.855,706.497
-501.276,480.308
341.798,-326.156
-678.418,-340.183
2941.58,-872.324
-3287.28,-2062.76
4242.7,-2087.86
-5500.57,-569.619
5458.17,2255.19
-5964.24,2769.21
6986.7,3035.26
-7721.29,527.919
6490.27,1298.37
-6674.12,1334.02
7269.16,1047.31
-5269.76,-2548.96
4908.9,-5595.92
-4475.64,-6021.09
5027.2,-3260.72
-3944.03,688.261
4636.4,2127.16
-4881.73,2461
3211.03,2180.66
-4399.76,2966.42
4214.74,3672.27
-3933.28,2122.68
4362.94,-480.543
-5311.84,-3427.87
6084.25,-4210.21
-3714.67,-5451.46
5413.36,-4792.96
-4945.87,-4028.81
4753.62,-706.414
-4573.81,2831.47
3893.65,4959.54
-3871.41,5153.2
2092.09,4430.03
-2657.06,3251.38
1888.54,2171.13
-676.683,-821.536
1172.91,-4194.93
-1066.41,-5393.49
752.943,-4388.68
641.145,-1275.9
1191.04,700.64
-788.004,1024.5
556.58,606.939
-1863.07,1795.87
1787.6,2183.79
-726.776,683.204
2122.89,-2606.4
-1967.71,-5653.29
2460.69,-5004.99
-2658.39,-2335.25
4542.83,846.032
-4084.1,1488.74
2368.88,2501
-3525.06,3747.23
2724.66,5813.9
-2459.13,5164.26
2686.51,1809.13
-3627.75,-1615.92
2626.43,-3800.97
-2149.26,-3546.89
3881.74,-2718.86
-3333.38,-2105.88
3374,-661.065
-3045.49,435.699
3242.89,1298.13
-2057.06,165.84
1997.15,-1268.37
-2568.81,-2686.37
2078.62,-1246.51
-630.903,-1068.49
1441.65,-1298.96
-922.14,-1205.48
-572.323,-316.715
1199.1,2036.85
-1527.81,3061.43
1710.27,3028.53
-3879.07,2200.73
2099.6,3399.1
-2188.36,3713.46
2186.28,3038.22
-1865.36,76.0885
773.423,-1644.61
-1121.31,-2024.74
1083.91,-1662.79
2236.18,-3069.13
-1343.47,-5187.81
1956.32,-5873.11
-2539.5,-3540.79
2761.1,1526.72
-1660.3,2546.37
2349.89,1995.64
-3642.97,-88.2789
1121.66,1529.92
-813.159,3590.2
252.306,4513.36
1070.49,1488.63
-2643.9,-2312.95
2896.49,-3781.84
-2711.75,-3415.94
5365.51,-1115.26
-5583.42,-1245.21
5714.34,301.985
-7307.75,1415.08
5405.1,4775.82
-4665.98,5637.2
4148.54,5346.58
-4502.58,2037.21
2362.54,195.758
-1338.13,-1775.09
1888.26,-4495
331.122,-6456.5
-369.349,-7278.58
1095.85,-4009.05
-141.878,-512.367
872.569,2919.92
-806.816,2712.17
-1147.52,3295.54
-421.003,3616.8
-1814.34,4701.38
2891.84,3979.13
-3100.43,-10.4748
3915.16,-3530.47
-5167.29,-5785.64
6248.76,-3874.49
-4853.8,-2700.48
5559.73,-621.106
-6005.97,-25.8078
4409.95,3056.6
-4918.33,5479.31
3990.05,6745.83
-3485.37,4426.01
2009.3,507.418
-2481.97,-2355.46
1904.15,-3796.53
-478.513,-3599.13
2358.58,-4397.13
-1789.1,-3708.82
1202.48,-1727.18
-1344.64,1762.7
2354.23,3771.04
-3594.19,3972.71
3342.83,2698.14
-6101.14,2156.38
6350.14,2072.81
-6032.08,-151.288
7748.8,-2530.46
-8373.51,-5333.01
7777.8,-3331.93
-7750.01,-881.74
8921.13,2038.28
-7672.36,1169.26
6223.97,1150.91
-8426.43,2101.74
6546.11,5852.97
-6803.31,6818.82
6065.69,3866.39
-5680.53,-1045.06
4113.13,-4619.34
-3367.98,-4713.23
5177.13,-3998.64
-3282.52,-4179.23
4454.17,-5400.48
-5263.73,-4598.91
4764.15,-417.878
-4953.18,4333.94
5690.92,7039
-6504.73,5568.23
4377.9,3693.42
-6435.94,1662.13
6407.06,635.54
-5467.11,-1545.76
5824.25,-2905.36
-6134.57,-3728.95
5778.16,-1236.12
-5116.72,1245.65
5168.26,2747.34
-6016.95,3433.75
4663.08,3446.49
-5167.88,2891.6
5916.36,879.234
-5289.6,-2496.13
5330.2,-4724.99
-5492.63,-5512.08
6289.55,-3682.72
-4378.57,-2567.93
5399.87,-1557.28
-6509.61,109.646
6275.11,3051.91
-6313.69,4145.5
6484.97,3578.1
-6940.92,735.937
4758.88,-280.634
-4501.28,-543.459
5269.23,-197.713
-4123.96,-1054.82
4725.61,-2395.93
-4436.83,-2808.13
3888.72,-548.7
-4391.99,2128.7
4950.59,3553.58
-5414.58,3605.53
4049.69,2521.44
-5680.34,2966.36
5474.8,3161.04
-5177.52,1220.07
6099.66,-1735.83
-6398.32,-5782.7
7669.03,-6312.31
-7058.35,-5438.75
8311.59,-2836.77
-6956.12,-1513.88
6919.44,485.973
-7952.11,1359.65
6693.67,3834.07
-6801.34,4842.51
5175.83,4839.94
-5731.87,2941.07
3908.81,1090.96
-3858.7,-633.431
4958.38,-2652.92
-3720.13,-4567.87
3639.98,-4616.2
-2994.24,-2861.51
3169.99,-566.67
-3269.69,2103.19
2475.83,3855.65
-4225.76,5257.28
3038.18,6269.69
-4001.98,5396.53
4422.33,2055.16
-4631.1,-2965.42
5403.28,-6251.21
-5222.38,-7540.63
5990.42,-5416.73
-3232.33,-3864.56
4207.25,-1686.69
-4471.4,-164.46
3440.57,3337.76
-3388.83,5576.6
2385.51,5745.88
-2478.77,3328.16
1551.19,-196.697
-3072.72,-1104.94
2350.32,-580.614
-1700.1,967.164
3404.97,-496.464
-4134.58,-1226.52
3968.65,-1149.7
-4860.44,229.368
5943.92,2603.44
-6693.63,1840.95
5907.63,1610.37
-7856.94,787.731
8055.85,1678.58
-7244.36,-339.992
7686.43,-1560.5
-6489.85,-4549.98
5891.81,-4967.61
-4982.38,-4399.72
5570.66,-2862.35
-3634.88,-1569.66
1075.76,863.708
-1924.09,4889.27
85.2326,8114.48
-23.9026,7847.16
-841.057,3734.06
-575.347,124.428
-1304.27,-2299.28
2030.01,-1909.21
35.3042,-3206.37
1012.49,-5054.42
-396.286,-5494
9.48744,-2695.69
446.568,1490.43
-134.356,4675.04
-119.053,5388.99
-2182.67,3966.83
90.701,4089.36
-468.091,2910.33
1707.48,542.807
33.5608,-3990.4
-433.96,-7096.58
912.145,-6856.66
-61.5085,-4348.14
2178.35,-1492.24
-2532.51,710.637
893.28,4271.33
-1499.76,6381.01
1521.89,7129.99
-1698.19,3723.41
318.746,-162.076
-693.835,-3287.74
-178.198,-3885.19
1670.35,-3128.8
-842.817,-2630.3
2187.34,-1669.06
-3758.17,392.988
3318.82,3918.27
-3561.31,4837.08
3797.17,4133.87
-4778.63,372.245
2593.54,-891.666
-2155.21,-1236.24
2752.06,-1070.53
-802.94,-3042.77
1724.78,-5538.95
-952.411,-5820.28
45.9677,-3030.28
-408.983,2187.41
968.238,4744.58
-1372,5547.27
-297.721,3707.73
-1455.52,3214.38
2184.43,2094.29
-2268.42,-18.9945
3098.54,-2662.31
-4176.98,-5173.06
5619.33,-4696.9
-5231.83,-3331.92
6870.43,-282.744
-7698.94,2300.67
6478.56,5920.68
-7570.65,6225.75
5720.65,6315.15
-5541.27,2842.23
4130.63,72.094
-3719.29,-2630.99
3611.21,-3568.67
-803.144,-5228.34
1217.21,-6646.93
-563.58,-5602.04
-13.0812,-2545.71
445.12,2935.77
266.164,4491.8
-317.503,4923
-1574.54,2761.5
-1015.16,2650.29
1125.3,2393.2
-2660.24,1248.91
3921.16,-650.566
-4079.61,-3549.98
4294.94,-3149.12
-4572.28,-2253.42
5842.53,490.803
-5105.37,-65.4588
5109.73,-465.329
-6634.32,-141.085
4138.77,3261.91
-3576.59,5746.15
3237.84,5520.38
-3485.13,2047.82
2151.69,-1600.92
-1517.48,-3336.03
2493.6,-4847.72
-880.428,-5076.22
1067.58,-4413.52
-1010.55,-2596.92
2321.67,-480.069
-1944.2,1547.87
3011.31,1829.04
-3764.67,2208.55
2506.93,2787.96
-3934.52,2683.98
5194.87,1612.06
-5218.6,-1409.65
5021.14,-2000.03
-5443.34,-1224.88
6173.94,1369.08
-3931.21,573.462
4093.87,-1010.97
-5379.27,-2405.41
3961.3,462.535
-3318.1,3853.07
3669.47,4332.73
-2621.9,2031.7
2278.53,-1952.42
-2831.01,-3559.02
3134.59,-3267.29
-1263.45,-2687.29
3103.75,-3815.59
-3158.83,-4242.31
3046.96,-2302.25
-3395.12,1073.72
4880.81,3997.2
-5585.07,3957.73
4559.15,3060.48
-7024.06,2108.28
6089.78,2855.22
-4381.11,518.897
4556.69,-1634.3
-3716.45,-4583
3891.12,-4973.37
-2922.48,-3824.65
3000.35,-1240.1
-1781.98,365.627
-223.382,2485.17
-747.234,5380.79
-434.596,6652.11
798.973,6100.23
-1240.66,1364.08
803.86,-2182.65
-1684.97,-5019.1
2406.8,-5327.33
1046.86,-5604.5
-273.893,-5879.79
1256.43,-4312.63
-1416.35,-302.351
769.268,4599.75
-1955.93,7193.57
2247.07,6903.12
-3996.71,3475.4
1746.49,2109.28
-2763.16,1468.75
2722.1,1288.3
-693.479,-1831.34
1215.65,-5669.62
-1631.11,-6779.37
970.877,-3377.52
709.011,1358.16
-1227.64,4288.9
1229.04,4455.58
-2929.82,2933.61
1543.31,2451.9
-1889.59,1156.64
3257.38,-494.473
-2454.4,-4359.12
2154.82,-6405.45
-866.011,-6892.14
1525.01,-4614.57
699.574,-2082.07
-760.696,904.073
-782.405,4365.13
-22.9904,6151.54
-455.384,7100.44
-803.727,4399.58
-593.068,2408
613.283,-131.809
-463.403,-2035.45
3140.96,-4761.35
-2441.65,-6680.02
3448.16,-5743.98
-4248.59,-2418.56
5155.38,3365.4
-5072.32,5123.58
5526.9,5699.1
-7322.02,3740.89
5559.55,3180.11
-4986.7,1589.81
6195.75,-1804.02
-4384.29,-7027.71
4708.93,-9451.89
-3498.94,-8160.61
4751.95,-3732.16
-2788.05,720.314
3189.13,2731.75
-3338.75,3217.85
1667.72,3917.46
-3156.82,4887.66
2968.98,4833.89
-3197.8,2642.16
2853.44,-957.023
-3699.02,-3112.55
4930.69,-3850.61
-2978.16,-4082.27
4582.26,-3421.5
-4584.76,-2833.29
4612.1,-241.47
-4818.73,1987.85
4359.17,4020.15
-4306.67,3572.23
2640.06,4010.33
-3188.92,2829.44
2667.34,1455.38
-1695.08,-1327.26
2210.37,-4910.31
-1588.89,-6072.68
1233.89,-5058.31
-358.616,-1180.12
2560.14,286.834
-1685.32,-20.886
1604.07,-848.713
-3931.09,1137.24
2633.63,4610.62
-3555.95,6253.41
3860.22,5290.97
-5648.8,975.306
5322.74,-829.116
-5403.27,-1938.41
6950.58,-2109.31
-5111.51,-4376.78
4726.72,-5090.07
-5568.13,-3903.03
4319.14,870.373
-3027.61,4935.89
3333.06,6061.24
-3876.16,4423.1
1765.17,1982.95
-2099.26,-5.90051
2601.5,-2449.18
-2420.4,-4284.13
2861.56,-5230.43
-2855.31,-3239.14
3848.72,-482.54
-3270.61,1940.65
4363.06,2376.29
-6036.9,1651.22
4846.06,2520.67
-5299.49,1734.22
5562.24,1596.52
-5374.68,-755.323
4347.38,-907.367
-4748.66,-536.508
4727.49,1225.3
-3362.84,751.376
2083.75,118.897
-2177.82,172.731
263.26,1541.86
233.636,3074.98
-342.779,1712.05
1659.7,-656.853
-1749.87,-4428.18
1398.56,-4706.42
-580.205,-3402.84
2049.68,-2180.26
-769.481,-2250.39
182.16,-1593.62
-179.22,-232.021
-458.062,2694.45
1521.58,4174.72
-2743.08,3426.7
1249.12,3027.67
-2798.13,1854.63
2313.1,2252.2
-2142.93,1165.84
1995.81,425.638
-590.262,-1640.3
-48.1864,-2392.52
990.182,-2859.02
-404.326,-2541.29
1262.89,-1804.22
-2395.05,-577.51
3045.03,1982.28
-3052.86,1935.29
4100.26,1851.52
-3978.36,-937.448
2663.28,-1451.45
-1184.39,-2585.85
996.481,-2151.99
391.048,-2419.58
-496.314,-2371.56
1132.89,43.1715
-1965.64,1722.74
2329.32,3973.59
-2371.19,3124.88
1789.34,2212.62
-3406.73,761.105
2380.9,1616.69
-882.505,586.287
1590.66,-1170.97
-483.946,-3480.12
-490.601,-4352.57
2226.26,-2412.44
-2155.08,-1295.96
4077.68,-533.836
-3806.61,-1120.25
2267.64,618.139
-2703.13,2604.54
2630.76,4524.01
-1810.46,2710.81
900.261,326.886
-1572.17,-1783.3
1193.13,-1999.26
915.129,-1671.2
470.868,-3301.6
-212.692,-3638.29
179.506,-3150.52
154.701,-149.742
1190.26,1002.12
-1157.87,1988.22
228.741,2542.25
-2983.8,3775.37
2928.42,5350.89
-2207.76,2781.19
3611.61,-1207.4
-4234.33,-5405.94
3810.74,-4651.75
-3527.84,-2240.22
4101.78,820.014
-2670.18,675.114
1484.11,402.315
-2075.92,1587.94
1579.07,3253.88
-313.029,3520.96
-126.842,518.449
-609.06,-2666.06
-421.022,-4356.34
1040.05,-3364.83
2180.77,-3209.58
-1077.72,-2682.71
1444.54,-2321.29
-2984.89,204.364
2734.4,3211.27
-4002.36,4519.74
4297.48,4713.77
-6069.28,3165.59
5074.04,3362.47
-5323.64,2105.72
6210.1,300.924
-5946.74,-4009.08
5455.48,-5298.26
-4730.59,-5444.33
5321.56,-2318.14
-2840.77,75.1004
1247.35,2217.58
-2057.91,4210.6
-252.004,5518.41
33.0096,5551.05
-689.333,2465.71
1084.45,-772.453
-1065.31,-4357.97
1054.84,-4789.81
840.92,-5702.46
634.323,-5458.06
1173.49,-5648.12
-1445.37,-3599.54
1946.85,1039.1
-2406.35,4766.09
2823.16,7024.82
-4656.75,5348.56
2622.52,4436.12
-4797.62,3241.33
4000.9,3465.38
-3477.13,1582.85
3423.58,-553.204
-2412.79,-3557.8
1489.67,-4256.72
-132.661,-2964.14
1303.99,-2471.47
477.671,-2109.46
-376.966,-2393.08
-146.532,-764.479
-90.0356,1374.73
225.558,3141.19
-364.016,2574.59
-523.765,1205.11
328.111,-416.182
406.086,-1718.21
485.517,-2516.82
12.611,-3558.15
1367.25,-3510.62
-1674.88,-2723.55
1743.65,-386.066
-1643.67,2395.68
1312.81,4538.74
-2259.77,5590.63
1131.33,5374.08
-1679.88,3505.09
2022.86,308.524
-2992.39,-2033.94
3251.41,-3261.1
-2747.49,-3275.63
4278.27,-2356.92
-3493.75,-2636.36
4655.69,-2106.19
-5798.04,-41.6973
5120.16,2997.67
-6335.21,4943.71
6482.34,4806.12
-6314.96,775.04
5328.79,-1483.13
-5449.96,-3569.15
6094.96,-2858.78
-3596.34,-4061.45
3401.51,-5034.85
-3772.74,-3714.91
2802.89,285.8
-2213.56,4275.97
2239.21,6140.7
-2191.93,5115.75
-286.79,2225.25
-1017.4,1539.14
549.18,19.972
-33.7118,-1146.16
831.798,-2721.24
-2802.64,-1996.63
3082.58,739.702
-3068.3,2651.75
4858.6,2391.72
-5699.53,-55.0236
4269.84,-780.282
-5470.73,-2.19736
6845.68,1091.11
-6259.46,-1150.76
6795.49,-2779.53
-6669.73,-4454.13
6418.95,-2252.51
-4592.05,-1089.04
5289.14,-210.152
-4538.6,-1099.69
2746.74,-654.966
-3637.6,2333.15
1947.02,5892.33
-1675.3,7275.31
457.917,5440.31
-2678.46,3627.12
1292.62,1348.35
-1039.01,309.752
2384.8,-2560.27
-2222.22,-4972.91
2865.62,-5733.77
-3962.37,-3828.05
4361.3,768.226
-3423.19,2205.19
4468.82,1993.37
-4596.14,-494.843
3025.76,-600.955
-3480.28,-554.792
4201.83,-77.4684
-4264.55,-1089.2
2623.76,-1643.01
-2278,-513.29
2091.49,1523.52
-739.801,2463.49
-45.4648,1607.04
-920.178,1259.61
-576.823,803.782
-840.625,1745.86
1029.05,2359.8
-1531.22,2463.68
1326.98,1998.74
-2363.8,1410.79
3823.32,-461.211
-3559.26,-2833.45
3135.69,-4090.25
-4166.33,-3119.88
4468.64,542.422
-3131.61,989.154
4294.46,959.261
-4150.38,-1387.1
2217.87,-532.951
-2038.24,871.531
1365.19,1795.34
644.07,-352.339
-709.672,-3557.31
1101.9,-3852.16
-1821.84,-2056.42
3629.13,1700.78
-3475.69,1796.73
2047.21,2427.97
-3767.56,2176.99
1520.94,4872.23
-90.4304,5622.9
304.455,3629.16
-66.1819,-80.6102
-1353.27,-3736.6
1903.96,-4439.87
-966.441,-5188.63
3863.05,-4924.83
-2991.72,-4802.92
3163.61,-1858.34
-2468.81,870.47
3155.76,3274.69
-2707.41,2331.67
816.588,1167.07
-1931.15,1657.07
980.718,2257.97
1158.84,1625.43
-417.365,-1315.8
191.37,-3630.27
-308.652,-3787.69
1374.65,-2262.27
1017.33,-2236.19
-214.189,-1880.69
-41.3703,-1325.74
-2202.96,2744.48
2089.46,6964.91
-2530.2,7476.39
3344.38,4320.53
-4332.91,-982.398
3460,-3013.74
-2656.6,-4049.88
4909.07,-3646.42
-2686.33,-6129.93
2639.9,-6176.99
-2634.42,-3732.83
1960.88,2144.44
-291.148,6358.09
-396.376,6352.51
379.058,3925.98
-2700.82,205.682
2977.98,-1454.88
-1656.9,-4073.85
3372.83,-5318.05
-2699.97,-6387.58
2763.87,-4261.12
-1752.84,-896.847
2200.42,2571.29
-942.679,3635.93
-572.499,3903.61
-475.617,4086.08
-1125.98,3885.75
1259.4,3108.91
-530.944,-775.87
456.454,-3255.95
-632.955,-4309.42
2139.65,-3254.83
82.2112,-2426.57
286.54,-2001.46
471.465,-1970.38
-1742.53,223.224
1549.83,3235.56
-1647.16,4267.14
2975.34,3248.55
-3357.36,-629.54
2836.21,-2252.69
-3356.66,-2780.45
4166.3,-1984.01
-1696.62,-2679.16
1818.2,-3392.34
-1978.8,-2779.19
2193.51,601.414
-1749.45,3440.85
1678.17,3749.93
-1891.87,2800.81
-812.4,1783.53
168.576,1929.08
187.045,1786.73
413.28,582.253
-250.711,-1715.48
-400.007,-2641.5
1254.11,-2981.39
219.451,-3130.64
1587.69,-3676.01
-2017.25,-3194.2
1839.27,-584.657
-1662.3,1980.47
2119.72,3066.24
-2606.03,2419.13
912.741,2466.5
-1833.3,1947.01
2341.34,2053.35
-971.913,-768.867
779.539,-3567.87
-1006.88,-4109.49
-135.354,-1836.36
558.964,1974.54
315.936,2967.08
-253.645,2701.35
-1116.45,1634.02
-741.36,2754.62
790.363,3138.51
300.614,831.531
-178.871,-3023.26
-572,-5786.69
1245.17,-4845.59
-822.19,-2159.78
2921.5,-100.47
-1947.43,-692.391
1245.68,-767.859
-2378.26,176.662
1214.09,2935.78
-433.273,4161.01
75.0454,2961.41
-918.457,1017
-1206.17,308.533
2413.9,-129.346
-755.464,-1462.87
1069.61,-3138.24
-1572.81,-3686.04
1847.14,-1404.36
-2073.62,789.666
2865.4,2806.79
-2652.74,2265.3
994.303,2507.13
-1804.41,2982.61
792.435,3320.61
741.326,901.13
-318.353,-3042
26.2668,-5142.24
-348.983,-5011.2
1919.55,-1874.09
232.077,-1088.55
-25.4405,-1144.05
243.435,-1457.63
-1322.87,575.108
1122.68,2989.17
-1483.86,4129.92
2384.89,2853.59
-3163.74,-577.12
2327.87,-1265.46
-2815.46,-1418.68
4824.03,-442.191
-3892.17,-1594.06
3144.23,-1749.67
-2940.86,-1294.2
3187.6,295.546
-1817.52,1196.33
1240.6,1293.37
-2008.49,1792.19
33.7885,2974.78
636.593,2983.87
92.2825,429.466
302.129,-2163.09
-356.35,-3713.82
709.235,-3264.27
992.656,-2926.76
62.5914,-2481.6
973.162,-3456.06
-2469.81,-1604.63
2416.53,2431.51
-2449.95,5225.19
3501.16,4953.61
-3592.05,889.008
2555.92,-1558.83
-3281.86,-3309.48
3786.94,-1433.26
-2164.17,-1284.85
1963.97,-1093.39
-1799.67,-805.906
1835.94,529.886
-1777.93,2715.39
817.384,3385.03
-153.196,3329.61
-947.728,959.512
-890.187,481.082
732.781,82.1665
494.983,-497.004
1512.94,-2487.07
-1721.6,-4500.78
2359.88,-4226.38
-2170.01,-3212.9
3795.38,-1335.87
-2885.73,-1588.7
2362.58,-474.829
-2500.44,1206.41
2115.98,3293.43
-2234.81,3755.38
1637.81,2880.36
-2315.09,1044.9
973.878,-149.344
-621.892,-40.2263
1478.13,-354.43
-638.839,-1074.45
89.8261,-1575.99
-55.4553,-850.434
480.416,-195.839
132.374,83.9775
26.0685,325.068
-1626.62,1347.36
1433.32,2558.49
-1210.36,2580.91
2173.33,36.9228
-2053,-3217.18
1743.36,-3937.34
-1463.75,-3034.22
1664.15,-594.149
-23.0845,-508.038
501.929,-1090.46
-1899.57,-428.471
397.405,2572.45
202.013,4773.17
1092.65,3108.91
-775.648,-988.523
-583.596,-4474.23
-173.932,-3272.86
528.041,-579.888
1242.48,1138.48
-838.073,573.444
-966.987,532.227
601.726,2180.9
-1796.51,4101.05
2874.43,4211.66
-3729.8,1833.18
1840.07,-167.445
-3118.43,-844.096
5457.06,-1512.81
-4163.58,-3297.69
5199.28,-4696.47
-5437.06,-4762.08
5893.25,-2106.73
-6000.33,-18.7824
7325.79,1500.79
-8548.26,1457.69
7172.93,3235.03
-7391.44,4001.79
7985.65,3115.66
-7990.35,-296.106
6337.61,-1732.97
-7472.88,-2307.79
7250.09,110.518
-4746.7,392.714
4128.78,261.879
-4903.81,488.961
2863.7,3021.39
-2909.18,4669.63
2219.37,3463.53
-1200.07,263.586
-332.077,-2924.29
-694.131,-2270.18
1349.97,-1147.94
1733.4,-1662.95
-2003.72,-3827.66
1903.02,-4927.94
-1954.55,-3169.43
2211.88,652.713
-1537.3,3144.42
637.526,3987.63
-2667.28,3851.88
995.1,4189.4
-1243.75,3295.66
1678.52,1110.62
-1755.8,-1510.23
1618.01,-3092.61
-2218.64,-3252.48
3895.74,-2731.54
-3391.54,-1475.71
2911,-544.193
-4352.88,2849.32
3885.82,6343.09
-5736.05,7164.79
5967.21,5548.39
-6391.72,112.927
6109.89,-3449.53
-6140.18,-6232.49
8321.06,-6174.67
-6941.09,-6293.19
7487.1,-4554.83
-7273.15,-2319.3
7239.29,1738.25
-6488.76,4431.1
5055.29,6162.92
-6041.07,5868.97
3566.52,4893.24
-4039.16,2404.59
3303.15,-504.786
-3184.67,-2649.5
3243.76,-2948.89
-3178.33,-1844.67
3956.1,-744.212
-2102.23,-904.913
2355.34,-2360.56
-3924.49,-1101.06
3251.24,1728.22
-3717.64,4358.82
4609.35,4129.83
-5217.31,716.751
4925.85,-1674.23
-5189.93,-3400.14
5917.01,-2129.82
-5223.51,-2052.49
5469.17,-1739.95
-5302.38,-1813.51
5486.19,-628.536
-4951.11,542.788
5040.63,2388.91
-4770.33,2580.8
2635.67,2572.73
-2603.26,1669.18
2678.11,-286.146
-1157.97,-2404.99
1219.97,-3242.96
-360.297,-2487.38
564.407,-630.767
224.317,293.651
-443.333,213.176
-553.788,1626.36
-650.473,3369.66
559.081,5744.27
-194.752,4746.09
147.427,1313.55
291.718,-3247.73
-666.852,-6337.15
2287.45,-6787.95
720.223,-6885.32
1666.93,-6168.46
-1405.28,-4325.37
944.888,404.471
-554.202,4049.41
809.444,6086.93
-486.468,4589.66
-2973.53,3722.9
2273.95,3611.06
-3453.95,3245.03
5431.82,616.696
-6492.29,-3252.65
7203.36,-4296.55
-8253.62,-3253.64
9760.62,477.952
-8607.22,789.629
9268.35,896.213
-10911,-746.216
9947.73,1207.51
-8925.4,993.213
9394.91,822.373
-8715.98,-1963.09
7120.25,-3030.25
-5846.8,-3168.33
6745.08,-2825.03
-4468.11,-3003.61
3163.41,-2333.65
-2837.98,8.72168
1284.57,3182.14
-1043.89,5150.88
282.025,4508.36
-1663.63,3843.05
330.912,2414.47
-212.467,1421.03
1115.82,-949.073
-918.024,-3543.3
1093.31,-4920.77
-1449.79,-3473.75
2509.12,-834.912
-2499.06,1922.08
2901.09,3372.45
-4225.3,3228.28
3800.44,3561.23
-4470.95,1501.49
4557.23,19.0626
-3908.11,-2912.65
3624.28,-4311.98
-2356.73,-4850.91
3173.18,-3630.88
-1429.35,-2871.65
785.167,-643.693
-1118.8,2191.48
-241.654,4505.43
485.292,5670.47
-2179.97,4237.68
2508.82,2146.35
-4322.55,161.978
4405.51,-571.983
-3243.27,-2630.96
4339.47,-4074.86
-3650.98,-5454.76
3518.41,-3314.16
-2830.61,-438.128
2991.38,2918.06
-2451.27,3896.04
421.333,3955.69
-1530.69,3510.37
-199.992,3810.19
1289.21,2167.04
-877.258,-1962.08
1228.52,-4043.72
-1820.97,-5671.33
2604.91,-3646.61
71.7347,-2944.16
459.455,-2188.87
-317.92,-1247.99
-1046.67,1510.24
1957.66,3934.73
-3398.05,4839.22
3730.14,3425.64
-5597.23,830.994
5500.88,451.961
-5943.78,-1379.16
7731.18,-1376.83
-7698.22,-2623.77
6819.4,-1563.75
-7095.56,-67.7679
6893.92,2603.41
-5878.01,2576.04
4580.04,2649.15
-4507.19,1081.97
3384.95,717.595
-1263.89,-1379.55
990.662,-4473.46
1375.12,-6456.01
-1574.64,-6643.93
2342.97,-3213.87
-614.218,-773.337
2047.56,1511.51
-2444.95,1094.55
1187.4,2742.7
-1302.24,3282.89
364.739,4234.85
-267.047,3413.84
-1626.4,1916.15
2255.05,877.143
-3241.14,-408.644
5048.84,-625.292
-4459.57,-2646.81
5194.58,-2186.82
-6468.11,-1367.92
5903.71,1459.84
-4246.13,1822.74
4479.7,1223.52
-4341.82,-868.109
3891.31,-1480.28
-1694.37,-2519.87
2975.54,-4503.08
-982.564,-7169.48
262.798,-7126.17
524.325,-3150.05
-602.289,1613.28
2495.87,4863.75
-3530.13,5446.87
1906.38,5546.54
-4833.67,5293.82
4935.36,4725.21
-5183.82,1931.29
5316.6,-1571.05
-6490.3,-3848.86
6684.52,-2366.68
-5454.52,-1475.92
7374.09,-1024.4
-6884.66,-2231.91
5933.49,-1250.6
-6878.79,712.555
7147.95,3269.18
-5626.07,1979.83
4699.01,-251.614
-4679.83,-2851.62
4149.73,-2688.73
-2942.93,-1680.98
3856.45,-2137.5
-3300.67,-2282.36
2891.65,-2036.09
-2880.58,-342.153
3279.51,1824.78
-3619.7,3495.56
3103.65,3475.97
-4872.51,3318.92
3620.38,3190.21
-4247.9,2257.19
5059.12,1128.25
-4873.52,-1965.73
5253.54,-2614.47
-4878.37,-3596.75
4831.63,-2296.59
-3028.93,-1826.35
1156.5,254.327
-1645.68,2702.53
722.372,5116.73
18.4602,5214
-1520.45,2695.91
2693.73,-816.083
-4716.13,-3689.34
5806.88,-4197.19
-4685.31,-5540.16
6367.34,-4702.44
-6282.02,-4082.02
6600.73,-617.847
-6578.69,2171.45
7134.61,4059.28
-7643.25,3578.57
4532.96,3872.95
-6582.68,4328.89
6378.7,4772.79
-5223.88,1459.1
5660.44,-3054.8
-5371.84,-5383.14
4083.68,-4281.74
-3289.06,-1199.45
5116.68,579.515
-5375.33,173.944
4678.17,557.377
-5213.44,2255.44
5282.75,3999.75
-4413.88,2847.26
4904.53,-947.006
-5736.64,-5074.49
5835.64,-5682.47
-4617.6,-4441.94
6655.77,-1874.5
-5480.9,-607.521
4353.2,1666.1
-4684.82,2707.59
3678.14,4394.67
-3594.53,4249.83
1405.85,3813.2
-2038.41,3203.83
1572.73,1793.66
275.541,-1487.64
-171.017,-4946.09
1948.93,-6736.98
-3002.97,-5327.92
4358.15,-1430.97
-2971.92,36.1677
4873.82,396.436
-6128.99,-190.468
4682.99,2052.07
-4742.18,3937.52
4986.09,4285.48
-5592.38,1336.59
4561.33,-1159.16
-4112.58,-3410.59
5035.07,-2827.04
-2937.92,-2811.6
3889.02,-3409.11
-3788.48,-2292.14
2092.9,18.04
-2783.84,3551.03
3359.45,5576.16
-3204.14,4932.04
1992.01,3056.97
-3348.15,1454.71
4264.94,-529.495
-3209.96,-3831.73
3609.82,-6353.61
-4074.19,-6115.1
5737.1,-2721.66
-5690.73,900.923
6719.03,3597.03
-7330.67,3994.86
5213.12,4416.96
-6660.86,3692.32
6430.29,2952.46
-5732.45,-625.781
6790.84,-4099.64
-7378.7,-6060.08
6391.57,-3606.5
-4192.75,-1688.61
5819.82,-614.109
-5200.82,-1531.59
3868.19,-755.947
-4232.67,2483.01
3316.59,5007.46
-2528.21,4579.37
343.874,2547.66
-1393.78,159.784
283.431,250.228
587.426,694.439
-8.52051,-370.787
918.175,-1391.89
-2085.21,-2775.41
1385.55,-1665.55
-424.657,-171.623
1072.49,869.898
-1172.3,591.21
90.3331,1581.9
-938.009,1991.53
1380.37,1366.47
-785.701,-391.653
449.325,-3344.48
23.0078,-3709.01
610.381,-3185.64
833.804,-2259.12
1122.79,-2621.24
-3171.87,-1003.84
2743.09,1877.63
-4846.94,5820.7
5423.66,7827.42
-6948.6,6146.16
6591.2,3748.63
-9084.37,625.942
9835.12,-533.175
-8288.48,-4262.42
9540.39,-6302.37
-8557.31,-8404.78
8644.29,-4773.03
-7681.9,-1250.54
8627.84,3226.9
-7612.07,4047.66
4657.73,3998.63
-5299.33,4306.39
3538.17,3980.25
-1952.53,1609.8
1555.28,-2420.36
-949.304,-5015.26
148.638,-5500.81
846.093,-2592.11
578.281,-707.381
-79.454,459.196
-599.771,1444.58
147.205,2487.93
-695.642,3503.77
24.9217,3741.93
-846.747,2342.42
-830.145,1241.69
130.071,434.831
780.487,-1138.28
1271.17,-3126.22
-987.099,-4676.12
719.394,-3714.19
-94.8528,-1843.83
79.0742,78.9346
495.939,1038.54
-2107.61,2282.67
1442.31,3528.57
-1871.28,4818
2737.59,3100.04
-3438.33,-885.12
4574.82,-4604.3
-5616.31,-6429.38
6795.4,-4598.65
-5320.84,-2782.56
6627.6,269.946
-7999.23,1919.14
6926.19,5104.43
-7013.29,5747.07
5933.82,5688.94
-6635.99,2896.81
4994.46,987.027
-4924.79,-780.385
5091.42,-2157.21
-3332.19,-4007.1
3105.55,-4557.82
-2273.15,-2875.56
1573.57,-193.756
-731.886,2228.29
1926.95,1649.19
-2265.7,267.22
814.242,-600.503
-1276.48,256.144
3542.86,-626.597
-3316.84,-2709.74
3806.37,-4247.72
-5422.53,-2807.35
5530.03,1270.79
-5038.76,3722.89
6092.65,4203.02
-7804.72,1944.21
5938.52,2702.33
-6371.41,2241.81
6450.4,2383.03
-5070.56,-946.326
4083.89,-3186.89
-4552.24,-3511.46
4773.5,-1516.89
-1353.2,-714.617
1568.43,-1996.7
-1084.59,-2394.75
-810.428,-893.898
1824.7,1712.02
-2186.94,2834.87
2564.49,2644.95
-3978.35,1132.04
4100.01,565.132
-3185.79,-680.424
4477.37,-2448.82
-3687.16,-4801.15
3848.03,-4473.99
-3991.37,-2995.5
4461,660.745
-3542.96,2743.4
2241.12,4821.69
-4316.28,6569.16
2992.5,6827.09
-2591.01,4780.62
2526.35,-249.116
-2771.18,-4723.89
2286.44,-6029.92
-1482.33,-4632.58
3230.76,-2917.39
-2051.93,-2198.9
2674.28,-1651.97
-2909.37,-483.024
2914.36,1880.4
-3354.17,3142.8
4443.78,2018.19
-5993.56,-232.147
5269.95,-1631.13
-5479.14,-1361.09
5827.17,351.172
-5777.22,993.246
5847.55,1777.03
-6869.91,1062.67
6088.8,1950.77
-6078.37,1358.34
5522.54,1591.1
-5800.79,729.808
4750.97,1170.12
-4730.92,517.892
4137.77,-65.711
-3444.14,-409.107
2407.66,-1111.76
-1212.59,-1308.32
2048.74,-2156.26
-593.034,-3684.14
-584.609,-3281.2
-108.042,-559.515
-87.4769,1983.19
-218.213,3955.63
613.493,2985.04
-1866.89,2052.31
1291.67,1144.26
-2425.71,1139.87
3355.77,58.3154
-3556.35,-2162.65
3638.55,-3449.47
-4301.14,-2856.38
4886.62,570.646
-3654.35,1466.22
4379.25,2300.35
-5123.99,-122.575
2973.99,722.177
-2805.27,1643.79
2456.59,1874.39
-638.74,460.662
782.528,-2596.26
77.1574,-3645.62
-846.12,-3147.55
2183.71,-1015.44
-1575.36,-633.302
1906.75,139.399
-3212.08,1062.02
1908.24,4075.37
-1139.18,5454.31
694.512,4520.45
-788.122,1351.4
-697.018,-2033.78
1690.66,-3937.58
535.564,-5696.28
1815.24,-6839.7
-486.344,-6818.59
914.365,-3899.32
-291.395,-494.586
1163.45,2816.42
-891.746,3651.47
-1873.97,5487.65
479.617,6866.74
-1542.25,6695.75
2397.83,4018.72
-3639.18,-1175.2
3976,-4560.34
-3590.29,-6242.6
5620.83,-5090.88
-4227.2,-4288.74
5584.95,-2716.15
-5664.04,-1124.79
6084.86,1416
-5760.31,2394.9
5839.21,2922.93
-5587.93,1302.82
4226.53,24.6976
-3541.31,-1546.84
4553.25,-2716.51
-4109.65,-3370.34
3950.09,-2231.23
-4151.9,643.144
3979.88,3564.62
-4247.45,4606.98
4180.65,3507.87
-4394.09,1468.44
3128.38,337.628
-2825.03,-565.781
4063.92,-1965.28
-3628.25,-4020.68
4511.29,-4719.96
-4436.58,-4107.85
5784.29,-1383.71
-4479.51,448.32
5013.43,1031.43
-4909.76,352.818
3713.1,732.725
-3938.34,1060.72
4054.2,1435
-2806.72,58.5685
2096.21,-423.227
-2906.5,-401.067
3015.68,856.971
-1385.82,782.333
697.391,-294.449
-725.686,-474.082
-252.848,394.826
1627.33,1278.33
-2249.21,1140.06
2136.08,870.971
-2994.59,287.759
2958.21,534.427
-2455.72,-396.51
4398.19,-2314.19
-3642.56,-4569.79
3544.95,-4484.25
-3744.14,-2920.44
4337.03,167.635
-3395.05,980.126
2235.73,2150.23
-3478.33,3292.82
2540.49,4680.43
-1547.25,4066.13
1294.1,491.768
-1392.46,-3412.54
1474.4,-5586.8
-521.168,-5295.12
1927.8,-3880.4
-900.909,-1313.99
824.557,809.631
-1633.85,3461.39
1035.16,5407.02
-2840.34,6355.34
2336.29,5840.29
-4645.89,4051.96
4450.88,1731.88
-4528.91,-1625.8
6352.04,-4793.92
-6259.16,-6895.41
6799.65,-5370.96
-5888.15,-3561.09
7636.7,-990.636
-7050.48,-614.779
6379.85,947.869
-6938.69,1944.96
6179.42,4083.28
-5532.16,2762.68
4783.48,311.74
-4397.5,-2638.59
3129.44,-3214.69
-1793.27,-2150.17
1671.71,-434.589
116.396,478.006
-1934.32,1097.78
1030.88,2989.86
-1211.57,3652.49
1433.56,4012.4
-2273.78,1915.27
1641.06,635.904
-1949.83,-834.377
2384.1,-1799.57
317.068,-4494.19
1052.65,-6527.18
543.774,-6952.6
-522.201,-4332.57
1154.25,487.592
-1275.19,3308.31
2331.21,4409.67
-3644.9,3123.2
2060.24,3511.79
-1829.42,3450.9
1396.69,2695.95
-557.336,-845.373
-449.54,-3344.17
1580.56,-5208.29
-1512.25,-4066.32
4311.68,-1625.41
-4418.97,-224.733
5014.96,1804.82
-7604.49,3211.09
6603.18,5411.76
-6935.92,4036.44
7597.64,2633.72
-7814.68,-1682.62
6963.06,-2654.72
-5299.87,-4444.52
6684.58,-5478.98
-4055.42,-7608.36
3412.26,-7056.51
-2651.81,-2416.78
1882.21,3443.08
-616.769,7307.33
-98.9669,6425.94
-1958.44,5007.48
-472.288,2672.15
-696.127,2729.54
2143.54,641.701
-2099.21,-2373.39
2713.78,-4806.74
-3598.56,-4840.52
5463.15,-2272.39
-4745.07,-612.398
6220.91,755.409
-7322.95,566.306
6342.11,2570.76
-7059.06,2888.98
7985.65,2926.5
-7530.73,-416.646
5794.34,-1681.08
-5394.23,-2148.18
5366.3,-1110.73
-3053.34,-1616.27
2052.62,-1666.71
-2216.68,-607.246
1307.54,1451.35
336.92,2744.1
-842.689,1536.24
849.896,348.532
-2720.64,-343.759
3965.25,-401.994
-2780.63,-2279.76
4428.89,-3751.76
-3977.18,-5206.46
3924.96,-3298.25
-3179.78,-514.345
4773.92,1244.71
-4522.07,1417.29
1960.49,3085.15
-4394.71,6156.72
4148.25,8353.63
-3429.7,6001.39
3856.07,168.116
-5571.3,-4139.15
4902.36,-4815.31
-2347.34,-4166.1
4726.58,-4197.5
-3717.59,-5778.73
4202.4,-4490.17
-3809.71,-1455.64
5133.19,1962.81
-4091.69,2962.63
2996.45,2603.67
-5245.51,1982.2
4541.18,2210.79
-4114.64,1749.64
5468.29,-553.979
-5062,-2618.62
3973.8,-2711.59
-4435.81,-994.35
5126.68,1591.17
-5167.97,1449.53
4310.84,2086.99
-5713.64,2915.35
4929.09,4609.41
-3341.54,2895.11
3083.03,-500.486
-2708.74,-5320.31
2319.71,-7216.83
98.631,-6763.63
505.86,-4782.99
1472.1,-1887.4
-1976.14,357.741
2301.5,2834.56
-4261.63,4761.14
3742.59,6058.14
-4698.26,4701.48
4143.31,3184.41
-5599.51,154.59
5541.44,-1140.3
-4517.17,-2879.94
4101.71,-2691.04
-3437.33,-2319.86
3963.74,-1017.02
-3197.35,152.598
2235.89,1602.74
-2743.11,2778.35
1692.42,3507.78
-1790.19,3200.64
484.681,1307.58
-299.505,-516.668
703.705,-2482.23
-837.053,-3001.41
1749.9,-3630.4
-1638.52,-2835.9
3612.27,-2818.92
-3660.52,-2838.71
4014.27,-1080.44
-4730.26,1249.52
3715.34,4594.82
-4854.91,5383.82
4390.27,5032.21
-5062.82,1835.48
3864.99,578.625
-2947.57,-1796.91
3178.43,-2198.76
-1251.37,-4017.89
602.789,-4705.55
901.292,-3338.26
-2411.73,-641.451
4477.1,3084.7
-5654.9,4635.9
5540.58,5397.85
-7495.36,3900.04
7230.48,2775.02
-7067.02,-1096.5
7637.57,-2842.35
-7075.29,-5350.55
7216.65,-4246.03
-4598.13,-3775.95
4984.5,-2423.82
-4423.98,-1009.3
2515.75,2269.22
-2714.4,5535.77
2172.48,5839.73
-1818.15,4278.22
79.7154,617.016
-469.186,-1162.67
328.652,-2514.63
686.534,-2982.59
421.895,-3956.66
-911.571,-3453.93
912.002,-920.266
-1875.27,2703.24
2674.05,5096.91
-3171.38,4177.27
2055.41,2458.58
-3963.46,531.797
4553.81,-872.074
-3516.75,-2864.46
3607.55,-3998.4
-3714.87,-4338.42
4233.32,-2108.06
-3239.95,-569.811
3511.84,1001.36
-3302.3,1174.52
1745.31,2335.27
-2493.95,3629.68
1850.31,3361.74
-1960.01,2110.32
1037.43,452.822
-1911.61,-173.893
1856.21,-330.684
-536.413,-394.017
1728.5,-2172
-2931.01,-2559.26
2410,-780.853
-2652.49,1566.23
3685.2,2733.67
-3521.91,1038.25
3227.28,85.9092
-5029.29,-60.7371
5888.12,345.651
-4219.58,-1343.97
4902.8,-3702.27
-4934.89,-5651.94
5029.22,-3522.38
-4079.29,-600.207
6008.79,938.256
-4958.11,224.087
2463.38,908.892
-3259.54,2535.05
2491.27,5089.72
-2210.2,5006.94
1041.28,3450.08
-1473.17,1046.51
61.983,-381.661
2218.65,-1387.31
-1797.62,-3227.91
3731.79,-5243.47
-4511.76,-4886.76
5065.44,-1727.4
-4907.84,414.668
6697.7,2769.78
-7047.07,1772.99
4796.09,2661.1
-4492.97,2175.91
4822.01,1526.44
-3591.61,-2424.64
3603.01,-5394.65
-2762.43,-6226.64
2809.93,-4070.4
-1594.5,-262.834
1304.37,1981.74
-1318.66,4363.29
-558.339,4641.64
-1372.62,6235.61
1218.67,5615.91
-2179.6,3590.43
2324.83,-126.768
-2949.28,-4475.01
4810.79,-6415.65
-4385.09,-7048.15
5941.47,-4727.51
-6690.27,-1152.77
6939.6,3231.4
-7331.76,4797.74
6455.01,5737.32
-7059.33,3443.85
5234.63,2780.05
-5779.6,941.054
5434.35,-1086.63
-3794.99,-4424.78
3700.27,-6537.47
-2372.72,-6474.52
3709.37,-4145.88
-2302.65,-868.601
2334.6,1125.92
-2145.18,2618.98
249.797,3045.36
-1145.97,4382.78
171.259,5004.3
-12.7116,3516.27
1063.02,559.703
-1754.72,-2697.72
577.479,-3098.63
-102.829,-1710.97
799.862,168.933
-254.023,785.519
383.982,830.045
-1092.07,2226.03
371.217,3122.72
-585.577,3297.35
1099.34,792.14
-1155.46,-2886.71
475.82,-4322.56
444.388,-4490.37
1592.3,-3416.43
355.676,-3258.59
-530.364,-2929.55
626.842,-2099.26
-1376.02,918.381
2129.77,2724.58
-3671.28,4033.38
3564.31,4489.62
-6183.66,3946.14
6517.31,3578.51
-7641.09,883.279
8616.77,-1067.3
-9470.19,-3294.27
9193.69,-2215.61
-7529.66,-2421.71
8941.54,-1419.7
-8554.76,-2557.71
6969.3,108.429
-6650.9,2217.15
6210.28,3803.12
-4566.97,2170.89
3631.46,-951.257
-2748.15,-3046.05
2421.51,-3699.47
-780.026,-2628.82
1396.33,-2798.33
-961.091,-1420.32
-464.405,586.367
-3.4549,3885.49
274.358,6116.24
31.927,5195.61
-652.671,2386.21
-902.549,-431.825
1147.01,-2206.91
342.012,-3963.13
775.764,-5082.59
-85.3771,-4893.98
545.544,-2387.3
503.834,542.26
-123.642,2287.85
496.902,2559.26
-2248.69,2374.94
1572.13,2416.65
-1884.17,2186.34
2710.46,381.754
-2740.6,-1986.75
3844.85,-3841.38
-4194.7,-4305.94
6939.06,-3880.29
-5409.86,-4248.04
6427.08,-3144.34
-6722.84,-1703.64
7440.68,1538.03
-7585.92,3182.96
7826.81,4244.53
-8152.83,2616.69
6296.99,2974.9
-6502.72,2247.75
5901.09,2483.77
-4484.95,-49.2668
3702.84,-1823.21
-3162.25,-2300.86
3031.43,-2055.16
-213.207,-1534.38
396.896,-1989.95
573.603,-2534.76
-1189.24,-2082.36
2017.11,153.56
-1982.79,482.98
3024.95,704.844
-2713.3,-720.865
2463.43,-1321.38
-2139.09,-1362.51
2639.04,-1163.26
-1220.42,-1725.64
989.682,-1837.31
-2237.18,-362.64
2169.06,2466.57
-2210.12,4612.87
1752.49,4252.11
-1890.54,2612.52
830.691,821.723
-1110.55,-653.118
1927.38,-1637.96
-2172.96,-2227.2
3044.98,-2765.54
-2633.78,-2682.25
2952.41,-1158.61
-2595.13,40.9691
3234.95,1390.9
-4340.2,2017.26
3987.32,1806.91
-4649.9,1280.23
5989.16,-851.705
-4710.49,-4099.77
5801.52,-5304.98
-6422.44,-4931.96
6303.47,-689.203
-5730.13,1930.46
5263.24,3511.79
-4954.07,3003.42
3018.42,4234.31
-3315.76,4151.37
2139.63,4620.12
-1468.9,1770.51
-327.436,-2119.21
868.92,-3820.19
-1967.17,-3831.92
4203.32,-977.223
-3835.45,293.803
3778.41,1863.17
-4465.42,832.487
3974.76,750.227
-3697.68,-715.87
3696.73,-1051.72
-3802.54,-1170.49
2966.43,-440.282
-1528.51,-454.63
1682.81,-1995.32
-96.2997,-3871.99
-147.516,-4082.7
-570.61,-772.37
969.905,1946.56
-531.223,3649.3
50.4723,2579.13
-2313.86,2276.3
1726.09,3284.78
-2754.09,4347.81
3080.19,3918.62
-4429.2,1771.25
4531.6,-912.982
-5437.32,-2747.05
6168.49,-1857.68
-4772.81,-2810.55
6578.43,-2276.4
-7470.51,-2249.74
6685.22,-537.224
-5970.06,839.216
6208.7,1729.28
-5615.42,218.304
4447,-41.1194
-4028.82,-354.807
4549.75,-746.628
-2854.29,-2862.44
2044.59,-4354.4
-1187.56,-3428.24
191.639,-313.437
378.202,2930.53
-990.477,5363.4
280.48,5923.55
-2574.27,4514.46
2912.49,3363.5
-3571.16,671.022
3816.85,-1587.41
-3375.8,-3868.46
3242.05,-3784.43
-1687.28,-4224.47
3680.07,-3770.34
-2179.31,-3452.14
2369.85,-1937.17
-2450.25,856.195
2320.48,2893.64
-1785.23,3102.77
628.621,1856.49
-1577.4,1184.01
1851.33,825.093
-1027.67,468.151
2708.28,-2245.72
-2697.75,-4172.66
3213.28,-4238.32
-3676.5,-2756.75
5391.56,415.436
-5653.15,2445.83
4875.05,4602.47
-6626.48,5872.72
6329.68,5955.44
-6050.61,2408.83
6711.62,-1551.6
-6980.66,-5938.04
7363.6,-6110.06
-6258.44,-4981.17
7237.75,-2688.15
-5026.44,-1950.96
3938.27,-92.2673
-4195.42,2232.88
3304.72,5061.1
-2742.5,5135.33
980.978,3076.4
-1139.95,-208.822
-480.201,-2376.35
2253.68,-3147.41
-685.215,-4564.87
1599.21,-4138.18
-1259.34,-3788.37
1804.42,-1166.95
-2583.22,1358.29
2455.04,3761.64
-2835.45,4909.32
1150.07,5327.18
-2232.82,4790.38
1273.9,3496.36
-1131.18,606.475
932.317,-2858.86
-124.753,-4855.5
401.194,-5418.5
1311.76,-4117.92
253.047,-2400.84
-332.454,-1069.82
638.343,619.635
-940.878,2295.76
1379.36,1950.61
-1392.09,1467.3
2258.25,-646.005
-2826.94,-2104.97
3982.36,-2680.94
-4123.84,-2772.96
6588.38,-2626.22
-7010.29,-2073.55
7166.22,986.451
-7510.42,2816.78
7614.55,5634.08
-7959.56,4293.23
7377.17,3144.68
-8318.89,786.449
7798.04,317.021
-5649.81,-1814.29
6331.34,-3779.86
-3357.11,-6786.4
3093.32,-6635.56
-2021.75,-3660.38
3056.08,-936.649
-973.673,1740.06
42.6797,1756.28
328.286,1606.49
-388.406,1557.2
287.003,1396.82
-485.47,421.893
392.317,-244.799
-320.93,-1759.22
674.814,-1860.62
458.88,-1472.87
-230.124,-846.766
842.141,1031.59
-1561.05,1597.45
1592.52,1276.69
-782.858,240.175
-476.994,-222.598
-594.724,629.896
615.487,2691.37
729.48,1602.46
-619.217,-1079.3
1077,-3918.34
-2200.51,-4094.16
3094.52,-1594.35
-3222.87,353.652
4831.9,762.234
-5909.54,-38.8428
4614.38,1224.63
-5827.91,2566.38
6754.18,3825.05
-6534,1240.84
6071.64,-1516.4
-6501.22,-4161.79
6442.59,-3354.56
-3736,-3497.59
4381.16,-2902.06
-3697.12,-2399.59
1763.5,667.004
-3077.65,5355.41
2277.97,7674.55
-1997.95,7319.23
496.514,3712.18
-1826.46,896.23
1692.68,-1242.87
-493.922,-2986.99
2010.35,-5875.49
-2192.66,-6611.62
3023.93,-4830.77
-2621.43,-1391.37
4870.51,2355.67
-5011.83,2875.76
3972.29,3786.2
-6333.96,3827.96
5781.57,3495.2
-4709.19,639.471
5090.42,-2570.05
-4625.7,-5506.22
4473.99,-4270.06
-3040.22,-2648.37
4622.97,-1534.71
-3051.48,-2037.13
366.421,-258.859
-782.81,3731.46
-304.856,7414.41
822.327,7863.24
-3003.77,5102.1
1871.67,1655.65
-4042.04,-804.014
5706.59,-1578.03
-4118.47,-4584.17
5281.63,-6147.76
-4768.94,-6798.82
5131.6,-3892.66
-3951.53,-1426.01
5797.29,536.963
-5931.08,1003.5
3533.23,2487.06
-5060.1,5040.07
4598.62,6143.33
-3854.8,3102.43
3150.3,-1397.61
-3316.86,-4135.8
2646.08,-3713.28
-1899.81,-1483.21
3570.33,-431.112
-4034.77,-596.042
3047.83,555.872
-5608.28,4218.73
5908.64,7114.72
-5697.53,6460.8
5249.68,2497.35
-6648.48,-2478.96
6801.53,-4953.77
-5940.03,-6195.73
9389.64,-6297.44
-8418.29,-7107.81
7501.84,-2932.02
-7245.75,791.996
6938.46,5713.4
-5771.55,5844.32
3797.35,4705.24
-5013.29,3148.95
2481.37,2408.2
-320.619,697.885
-403.29,-2306.82
1723.77,-5271.23
-3120.76,-5008.47
4519.7,-1097.93
-3613.9,429.19
6110.52,1676.25
-7345.4,55.1104
5472.03,1039.35
-6023.52,2688.37
6347.39,3732.47
-6058.02,1658.12
5261.27,-98.275
-5938.6,-1626.56
6193.2,-1015.76
-4379.09,-1413.78
4773.17,-2914.77
-4300.41,-3168.19
3424.1,-1940.26
-3323.33,465.411
4614.54,2178.67
-4564.34,1802.71
4235.02,614.023
-4793.98,-249.337
6003.2,-1254.82
-4731.73,-3155.86
5871.25,-4500.54
-6751.98,-3940.99
6945.81,-367.549
-7397.18,3078.18
7678,5891.37
-9185.08,6075.23
6673.96,7102.23
-7763.66,5735.03
7494.5,3903.22
-6558.71,-1517.9
6361.34,-5877.41
-5509.78,-8315.57
5740.83,-6746.12
-2218.67,-5203.25
3239.11,-3384.59
-1342.26,-2292.08
-414.299,60.007
605.17,3841.52
-1754.56,5298.27
2049.72,5134.84
-4227.95,2460.13
3787.59,402.539
-4459.68,-851.331
5847.74,-1469.02
-5585.85,-2885.85
5589.04,-2096.84
-6399.12,-1191.54
5843.67,1941.88
-5071.48,3295.24
4495.1,3689.7
-5302.59,3136.71
3521.46,3083.16
-3413.41,1467.1
3066.86,-236.367
-1913.01,-3680.76
1502.68,-5547.57
-130.112,-4702.51
1613.7,-4184.9
1009.46,-3217.92
-9.76343,-3788.58
-1415.79,-1536.58
484.413,2140.98
-2037.06,6557.93
2669.92,7621.69
-4633.93,6384.22
3641.05,3753.69
-5798.48,1719.47
7140.88,308.422
-6937.49,-3853.19
8255.09,-5477.21
-8914.29,-6579.89
8129.93,-1714.14
-6619.89,1842.43
7460.5,4576.13
-7514.03,3498.5
4524.05,3214.1
-4088.79,1816.96
3793.65,-84.075
-1789.18,-3312.89
295.847,-5926.53
689.253,-4956.94
-350.257,-3339.85
2588.89,-702.949
-1594.09,-889.828
823.003,537.392
-2146.42,2424.74
1122.39,4702.86
-336.294,4347.18
-468.218,2338.58
-959.388,410.648
-1181.86,738.894
2199.63,2148
-1470.53,817.435
1677.63,-866.369
-2256.58,-3028.19
2128.19,-1875.83
-1076.66,-722.341
1170.98,358.443
-1042.28,693.433
-840.591,1364.99
696.897,2118.37
-861.96,1950.45
1932.89,462.592
-2920.43,-1654.1
3833.83,-2897.87
-4089.53,-3870.01
5517.83,-3512.31
-6151.51,-2649.53
6720.96,-646.042
-7314.04,1551.33
7757.05,3567.73
-7767.58,2654.38
6672.95,2746.91
-7483.76,898.988
6517.36,1026.76
-6391.88,-113.485
6439.21,-431.972
-5790.78,-1381.58
5519.38,-1182.12
-5263.48,169.246
4653.6,1619.86
-4141.25,2006.4
3398.75,1105.33
-3863.97,1154.26
2328.52,1517.81
-2040.1,1912.52
3672.25,397.993
-3500.47,-3039.24
5179.67,-5971.5
-5370.55,-6549.09
6205.96,-4127.95
-5498.77,-1336.69
6924.53,721.611
-7096.58,1279.26
5497.65,3355.94
-6175.12,4321.97
6823.09,4823.8
-6995.15,1929.2
5390.25,-249.012
-5970.25,-2266.92
5560.29,-938.097
-3983.32,-421.038
3093.93,412.377
-2517.78,1430.59
1509.84,1783.26
-487.562,1490.84
-345.356,101.666
426.958,-544.282
-1265.46,-1112.6
1616.91,-955.563
-230.034,-2184.72
1032.57,-2780.54
-950.388,-3569.44
428.001,-1599.35
640.629,216.852
-671.744,730.461
1375.61,350.417
-3794.29,978.488
2289.57,3752.23
-2433.42,4804.48
3014.47,4193.96
-2622.24,-739.237
1422.55,-3185.73
-1534.21,-3837.28
1388.47,-1509.24
986.748,-787.33
-1225.34,-1342.75
788.986,-232.554
-2637.11,1933.89
3879.34,4532.06
-3938.23,3730.58
4109.55,1928.26
-6385.29,-1169.84
5359.7,-707.891
-4299.74,-847.752
6452.41,-2347.59
-4801.64,-4831.41
4685.22,-5217.45
-5042.23,-2547.63
5590.67,920.315
-4089.97,1995.9
3681.52,1749.91
-5472.45,1372.26
4785.9,3007.69
-3536.37,3416.72
3990.98,1386.69
-4405.39,-1977.7
3492.85,-3219.46
-3850.67,-2360.43
5127.48,-440.089
-2857.43,-312.291
2363.86,-74.9616
-2723.75,552.906
2104.19,1747.15
-2010.31,2500.32
2162.34,1443.35
-3208.43,229.465
2555.13,-14.0627
-1328.67,-446.896
3560.37,-2390.46
-2125.9,-5280.31
2305.27,-6379.29
-3164.56,-3776.45
3209.97,590.16
-1624.94,2814.92
2071.75,3518.81
-3187.62,2193.41
1495.27,3416.31
-1258.88,3732.14
978.425,1928.98
-232.93,-1637.72
-977.881,-4554.28
2540.77,-5251.94
-2342.23,-2862.45
4915.49,-497.35
-5457.24,659.183
5335.74,2330.69
-6810.1,1935.78
6897.86,2982.78
-7122.86,2029.86
6824.63,1799.96
-6696.77,-103.007
6608.75,-1092.1
-4694.44,-4352.9
6113.37,-6278.03
-4639.03,-7400.49
5217.58,-5297.09
-3569.69,-1065.83
2265.86,2859.03
-1831.27,5864.83
195.028,6343.47
-2260.78,6748.66
1480.42,5749.92
-2220.04,3908.46
2276.7,210.914
-1681.52,-4173.03
2492,-7155.99
-2591.69,-7322.94
4534.4,-4603.41
-4387.75,-712.835
5424.59,2411.7
-6166.69,3874.96
4987.61,5182.78
-6025.34,3584.7
6615.15,1852.83
-6351.56,-2347.27
5157.93,-4289.11
-5075.46,-4357.27
5732.52,-2775.7
-4486.44,-1900.62
3866.02,371.058
-3870.48,1814.02
2397.9,4085.19
-1478.61,4626.84
170.071,2284.56
26.9102,-210.231
-2334.75,-1483.81
3190.47,-1679.68
-2556.84,-1717.74
3527.27,-1294.54
-4260.82,-1099.9
2875.08,1973.39
-3814.22,3938.6
4221.29,5289.36
-5027.9,3222.71
2072.5,2475.42
-2661.12,2044.39
1985.73,1614.17
-721.585,-956.24
1799.23,-5208.72
-2159.15,-6569.1
2618.97,-6422.42
-641.291,-3350.41
2624.93,-2306.54
-3726.92,-830.309
2224.34,2508.11
-4777.2,6228.95
5488.79,8014.24
-5843.62,5219.83
5118.28,1593.79
-8249.36,-1386.14
8298.42,-395.074
-7605.68,-1614.55
9625.92,-3179.66
-9419.61,-4981.56
8652.29,-3212.08
-7765.54,400.031
8553.66,3858.58
-7738.44,3052.5
5150.32,2644.96
-7782.22,2791.09
6312.65,4820.84
-4430.99,3841.86
3999.16,975.319
-3319.96,-3307.89
2402.46,-5405.88
148.559,-6072.81
1408.13,-6555.17
807.521,-5929.42
-2772.65,-3105.07
3869.48,2037.92
-4807.54,6088.24
5224.4,7570.49
-6144.4,4960.37
4248.67,3176.97
-6025.13,796.827
6398.43,173.315
-5408.47,-2509.26
4755.53,-3492.95
-4181.41,-3594.72
4604.6,-1466.85
-3050.13,101.065
3885.07,527.204
-3702.8,169.795
2245.21,-208.664
-2077.93,1088.5
1239.44,1420.42
-1477.07,1847.51
2352.38,808.906
-2590.59,-773.237
4268.76,-2819.2
-3864.08,-4017.65
5161.38,-4043.76
-5942.1,-3158.32
6194.29,157.17
-7058.49,2820.71
7527.24,4985.7
-7973.44,4606.47
7251.89,4370.33
-7764.19,1701.82
7639.01,27.0034
-7141.27,-3601.06
6663.76,-4527.31
-5024.8,-5027.26
5593.6,-3269.54
-3105.94,-1451.65
2791.03,124.042
-1896.94,1302.2
372.364,2195.94
-622.334,2914.89
-934.639,2633.88
2617.16,1548.57
-2723.43,-1106.41
3742.33,-2880.41
-4057.92,-3627.05
4548.4,-2117.8
-3290.86,-2079.4
4275.02,-1822.89
-3945.13,-1599.38
2925.32,1500.73
-2542.51,3840.43
2604.21,4854.46
-2541.77,2800.66
1910.01,-670.04
-2545.74,-2241.77
2664.55,-2344.4
-1193.57,-1190.73
2376.56,-1674.03
-1830.26,-1966.3
1823.96,-1838.51
-2618.78,-182.783
4171.65,1510.59
-4671.55,2114.6
4249.57,2434.76
-5538.23,1364.17
7520.88,177.255
-6579.93,-3304.33
7542.22,-5329.38
-7595.06,-5352.53
7603.61,-1961.1
-6149.26,-73.0378
6916.26,1384.49
-6803.5,741.198
4654.78,3194.17
-4289.93,4531.34
3769.65,4728.96
-2482.97,1610.22
318.288,-1950.96
-722.662,-2870.46
525.193,-2002.13
1404.26,162.91
-601.515,-633.581
1234.28,-874.162
-2081.08,-1377.4
1775.49,96.1154
-405.312,145.355
449.457,-168.302
-390.358,-921.383
-1557.78,-302.716
2892.48,1001.6
-2109.59,37.5321
3342.43,-1572.96
-3869.05,-3640.8
3621.43,-2193.27
-3213.59,-485.65
3165.87,1584.15
-2423.77,1238.15
790.821,2155.07
-1129.21,2563.56
-156.257,3799.46
956.118,3566.55
-2065.5,1128.43
2205.59,-830.96
-3932.88,-2305.81
5095.55,-1354.61
-4188.85,-1851.8
5616.87,-1772.87
-6411.91,-1953.15
5740.98,162.243
-5271.8,935.604
6337.24,788.224
-5510.39,-1379.23
4203.46,-2126.5
-4301.42,-954.948
5240.46,138.363
-3716.2,-1014.99
3761.8,-2447.3
-4525.03,-2215.76
4032.32,402.022
-3791.93,3442.66
4189.62,4368.29
-5172.44,3407.53
2490.06,3320.08
-3497.04,3393.27
4382.01,2775.67
-3946.78,-17.8642
4204.03,-2961.72
-4951.77,-4258.94
5502.34,-3340.7
-3261.79,-3111.16
4938.64,-3302.44
-5734.98,-2686.21
4690.45,706.367
-5427.07,4742.22
5214.64,6467.58
-5153.74,3933.19
3928.43,895.136
-5416.86,-1718.7
5943.54,-1797.18
-3210.85,-3885.71
3592.98,-5718.85
-2804.77,-6409.81
2293.45,-4002.92
-1812.99,623.176
2013.19,4785.39
-1109.54,5712.06
-1458.88,5112.47
774.96,4172.5
-2892.92,3003.96
3600.9,1358.55
-3511.22,-1733.83
3953.76,-3567.15
-5254.43,-3541.12
6716.39,-1276.54
-4738.26,-707.716
5572.58,-793.089
-5187.03,-2403.11
4776.42,-703.988
-4935.33,299.594
5312.17,1652.99
-3993.23,534.489
3195.95,-1119.24
-2631.87,-1507.23
2564.26,-1063.21
-832.098,-680.33
1528.3,-1446.45
-2282.1,-915.089
950.92,313.916
-1187.79,3380.71
1633.26,4681.52
-1897.62,3635.47
1853.68,1842.2
-4315.2,949.068
4756.12,463.717
-3853.36,-1581.34
4888,-3651.46
-4510.89,-5819.12
5226.19,-4388.08
-3202.43,-3370.72
4646.36,-1504.46
-3937.68,-1459.69
2002.01,180.316
-1410.22,1781.45
796.072,3192.68
130.388,2641.25
-1086.05,1279.46
1599.23,405.071
-3359.84,-760.294
5702.1,-1231.17
-5642.74,-2913.18
5613.96,-2115.23
-6781.11,24.9526
7539.73,3462.88
-6627.64,3607.41
6665.61,2614.86
-8228.29,557.403
6650.13,1247.11
-5967.48,1145.1
7526.82,-526.526
-6057.96,-4569.08
6018.12,-6162.63
-5501.74,-4951.99
5874.7,-1503.06
-3747.8,598.644
3038.79,1376.59
-3949.1,1690.59
2233.93,3326.6
-1171,3915.52
1528.33,2181.43
-1189.24,-1209.42
47.2386,-3808.76
-259.922,-3644.52
695.326,-2367.78
1106.86,-914.404
-711.167,-491.394
569.911,747.877
-1319.78,2286.7
1357.78,3405.08
-1854.15,2965.32
1152.3,1192.13
-2698.75,423.342
3106.7,-135.271
-2473.32,-510.235
3632.82,-1458.95
-3914.31,-2563.68
4348.28,-2189.99
-4522.8,-1781.66
5916.89,-888.644
-6099.31,-680.342
6369.02,523.41
-7269.87,1412.99
7456.98,2724.43
-7488.38,1478.62
6844.89,737.658
-7598.32,-414.736
8046.64,-844.674
-7325.38,-1300.8
7907.84,-1380.31
-6267.86,-3347.11
5756.55,-2496.02
-5879.41,-1175.39
4658.45,2287
-3547.53,3822.4
2216.59,4131.14
-2048.85,3143.85
316.595,1914.02
1288.82,82.7339
90.7614,-3617.98
882.347,-6317.58
-862.798,-7829.12
1760.03,-4094.95
-938.256,-1043.87
2367.19,1861.84
-827.896,2523.98
-1194.7,3014.18
-130.546,4459.09
-1170.47,5195.98
3172.46,2793.37
-3245.25,-2557.75
2968.5,-5106.07
-3242.85,-5144.42
4376.08,-1046.5
-2264.86,406.595
2115.9,600.944
-2740.46,463.323
905.321,2252.09
291.154,3524.69
-1329.52,4116.06
1368.11,2420.57
-3658.16,210.826
4064.92,-988.681
-3269.52,-3938.4
5229.15,-4561.75
-4793.15,-5833.74
5330.84,-3806.76
-4644.92,-1757.15
4496.79,495.369
-4379.69,1305.87
3104.82,2830
-4587.67,4418.32
3031.63,5977.97
-2756.43,5369.9
1551.64,1575.1
-1626.88,-2069.02
622.69,-4303.26
-640.549,-3449.56
2633.21,-2186.71
-2299.91,-1380.54
1736.18,83.5217
-3237.81,2483.13
2701.13,4719.93
-3660.7,5441.81
4170.9,3450.99
-4980.25,-201.212
4897.19,-2804.86
-4848.08,-4707.65
6632.51,-4954.06
-5783.37,-5481.02
5832.82,-2942.59
-6744.72,417.739
6342.78,4902.13
-5190.23,6035.54
5070.67,4408.7
-6362.81,966.608
4960.82,-465.292
-3582.36,-2143.27
3907.1,-3537.79
-2769.29,-4418.31
2393.63,-3424.68
-1899.29,-168.499
1566.52,3692.9
57.2678,4771.07
-1822.51,4280.49
-85.9244,3814.62
-1276.75,2879.72
1839.11,1706.86
-1058.77,-1718.54
1357.41,-3892.63
-2065.39,-4461.42
2669.7,-2648.51
-356.06,-1816.06
1457.23,-2348.01
-867.559,-3395.33
-95.5558,-1368.97
260.703,1543.36
-140.733,2746.3
257.597,3194.13
-2295.46,1616.8
955.542,1583.93
-469.51,1604.13
1513.85,335.318
-497.091,-2365.05
-887.223,-3144.42
637.642,-2303.71
-1358.18,663.077
3013.42,1908.94
-3812.98,1879.65
3276.27,2944.09
-6268.82,4193.87
6701.71,5415.56
-6864.46,2722.87
7553.85,-1990.88
-7817.56,-6913.51
7908.21,-6139
-6796.12,-4700.08
8648.91,-1527.58
-7339.33,-1545.5
6235.92,-652.702
-6576.9,954.759
4825.58,4213.15
-4052.11,5879.57
3306.96,4584.72
-4525.2,1874.62
3065.56,-910.593
-2639.86,-1781.36
3329.31,-2844.78
-2786.54,-2338.98
2836.28,-1314.65
-4053.62,648.495
4640.79,2695.62
-5350.12,3272.9
4781.05,3358.81
-5786.35,2070.35
5069.94,2178.7
-5610.48,305.833
6663.95,-1753.06
-5877.49,-4946.98
5245.57,-5139.54
-4116.59,-4023.7
4628.71,-1167.96
-2644.05,-241.047
1449.67,529.78
-1452.96,1176.68
-1025.74,3134.26
900.786,5355.09
-3142.56,5558.43
4087.92,3415.58
-5015.45,-319.684
4624.94,-2132.14
-4271.27,-4225.84
6598.77,-3852.88
-6876.53,-4053.24
6615.55,-1980.78
-7187.99,706.158
6907.41,4445.87
-6905.64,5647.12
5645.42,5590.5
-6118.18,3329.07
4833.79,1114.44
-4441.51,-2137.08
4439,-4859.74
-2109,-6740.08
1810.49,-5816.42
-908.018,-3285.87
2846.49,-428.102
-1529.26,1119.66
1015.69,486.511
-2467.03,2262.44
1343.7,3750.4
-2128.22,5057.43
2393.44,3705.27
-3526.57,1205.39
4496.5,-1460.36
-5009.66,-2935.58
6376.73,-2535.87
-5521.99,-3353.29
6104.07,-1701.85
-7577,-698.442
6889.65,3424.73
-6265.45,4958.91
4663.08,6267.5
-5338.07,5077.62
3465.29,2916.95
-1921.81,-1306.64
2251.06,-5730.13
-327.703,-9037.92
36.4247,-9280.22
2760.7,-5855.04
-2329.47,-2686.15
5039.02,-467.03
-6018.94,1082.93
4701.16,4272.71
-7126.25,6804.71
7286.06,8049.6
-8003.15,4796.91
6205.22,1445.7
-8642.35,-972.081
9039.09,-237.404
-6736.88,-1830.7
7766.38,-3325.57
-7457.77,-5113.92
6434.77,-2604.81
-5492.06,402.79
5691.85,2753.05
-3621.49,1917.23
2269.16,30.2003
-2866.56,-288.185
2099.08,619.363
-212.504,455.619
1040.78,-2350.99
-1161.65,-3942.61
634.528,-3826.74
344.633,-794.817
1516.83,961.274
-1732.55,1602.43
-286.888,2751.2
-993.633,3789.99
921.63,4577.27
-358.352,2388.65
991.159,-852.65
-995.407,-3691.83
583.763,-3765.5
876.406,-3471.66
359.799,-3135.14
259.334,-2330.14
-1354.52,-455.092
1677.95,3127.61
-2545.05,5662.65
2909.15,5898.12
-4579.54,3278.13
3134.08,554.539
-3112.42,-1768.97
4576.85,-3681.05
-4032.89,-5117.73
4992.78,-4507.6
-5149.34,-2950.41
5165.04,70.4104
-3522.6,781.457
3448.71,1392.22
-4219.54,1028.33
2818.21,2683.57
-2781.5,3426.3
2124.93,2122.42
-1369.28,-764.885
652.276,-3168.3
-939.346,-2618.25
1605.31,-978.072
-61.8672,614.29
-407.341,397.264
-932.9,1375.6
-406.73,2649.7
-652.329,4427.91
1061.84,4939.94
-1963.83,2919.62
1805.84,212.469
-2558.88,-2274.01
3849.22,-4218.63
-2472.07,-6258.01
4249.04,-6743.32
-4233.61,-5364.55
4508.66,-1488.96
-3409.14,1571.12
3733.87,3735.73
-4479.66,3205.27
2485.3,3662.99
-2724.96,3319.71
2174.33,2532.87
-1764.62,-105.247
984.579,-2212.99
-971.501,-2321.94
491.883,-1180.63
1086.42,403.697
-626.68,388.605
310.106,998.943
-1856.48,1612.06
1666.49,2923.5
-1400.7,2530.4
1292.13,707.891
-737.062,-2068.05
-162.115,-2885.35
1545.83,-2929.08
-538.12,-3021.93
2051.99,-3313.57
-2328.64,-3106.23
2490.24,-1157.56
-3457.07,1845.8
4154.16,4374.61
-5108.33,4381.62
3058.49,4660.25
-4116.67,3022.37
3987.55,2145
-3366.63,-1262.78
2467.57,-2794.66
-1472.45,-3708.29
737.755,-2957.4
1043.21,-1699.1
-2016.76,-146.176
2683.89,1283.24
-4502.28,2749.29
4536.31,4741.54
-5691.59,3095.58
6241.57,1639.32
-6274.56,-2715.34
5257.53,-3729.46
-4593.23,-4052.11
5701.36,-2794.61
-3421.59,-3186.11
2505.24,-2337.77
-3067.58,400.811
2352.98,3596.7
-1770.47,5619.17
738.833,4156.82
-2090.12,3248.19
-236.942,2247.38
132.897,1969.31
125.039,837.532
-249.66,-1223.81
924.04,-3019.31
-1861.92,-2857.52
3210.66,-1804.86
-2464.43,-1105.78
3434.91,-699.95
-5043.49,-268.715
4108.34,1811.1
-3474.9,2365.31
4459.95,1333.17
-3831.91,-1993.89
2267.32,-2709.19
-2571.79,-2032.15
3223.4,308.215
-1932.32,-415.442
936.413,-799.026
-1437.64,696.051
1.9447,2845.27
1062.06,4880.63
-1085.7,2797.32
-193.787,915.18
-2093.98,-322.008
2021.41,288.351
-1140.1,435.849
1796.86,-570.821
-183.283,-3052.48
-396.909,-3950.13
754.815,-2811.89
-1081.9,-675.663
2347.36,890.608
-3474.4,1381.86
2155.84,2860.01
-2931.65,3776.52
3361.96,3928.03
-3081.47,1425.77
1732.02,-1002.04
-2127.29,-3416.62
3196.26,-3487.42
-2359.2,-3782.96
2210.37,-2568.31
-1845.43,240.042
2015.5,2020.64
-1855.69,3027.56
1133.29,2255.44
-1649.73,1523.77
210.897,1392.94
-616.655,1171.66
1672.36,-75.5837
-852.256,-2425.63
1463.58,-4005.16
-2129.62,-3371.66
2767.33,-705.977
-1709.67,755.711
2469.11,803.257
-3844.78,957.535
2174.63,2645.11
-2785.78,5020.7
3209.47,4965.18
-2559.41,1054.16
3112.8,-3443
-3953.83,-6104.95
5297.66,-5317.55
-3127.16,-4292.21
4904.98,-3490.52
-4525.32,-2727.47
3892.91,76.5193
-3973.72,3287.93
4412.68,5759.49
-4976.49,5386.82
2767.99,4279.92
-3257.01,1941.1
2825.26,193.568
-1349.02,-2759.15
2435.15,-4953.43
-1468.36,-5376.67
975.726,-3550.54
-271.849,44.4602
1778.85,1201.57
-2153.75,2040.42
698.466,2710.28
-1363.33,3729.35
2121.64,3135.4
-2434.5,938.898
2889.39,-2937.24
-3795.37,-5374.3
5008.32,-4365.59
-3869.3,-3728.96
6256.36,-2375.68
-6057.21,-1930.09
5352.51,753.419
-6154.39,2763.97
5268.84,5093.38
-4495.17,4382.7
2601.31,2996.87
-3155.35,794.985
2854.11,226.96
-1416.61,-1313.47
527.618,-2947.34
841.012,-3229.49
-1889.15,-2347.42
2166.4,497.763
-1223.3,1578.65
2649.41,1871.64
-2785.34,-572.968
1453.32,-521.629
-1289.11,-556.032
1449.28,-340.796
-443.948,-1129.12
129.429,-2165.61
1077.97,-2034.25
-396.106,-1623.05
2062.13,-944.424
-2279.81,-1315.98
865.633,977.405
-2400.32,3037.51
1198.34,5840.58
-588.367,5835.6
26.1802,3831.17
274.186,855.457
-1760.79,-1575.96
3859.92,-3831.71
-3393.49,-6126.92
4098.72,-6338.61
-4812.84,-4233.21
5517.22,1255.65
-5794.27,5030.88
6899.43,6559.51
-7653.51,3656.03
5331.2,1590.25
-6195.64,-591.491
6859.09,-1922.74
-5873.74,-4234.41
6068.15,-4870.3
-6061.24,-3708.5
5925.8,-494.952
-3824.42,1555.01
3405.28,2149.7
-3916.17,1345.22
1173.09,2846.39
-2281.68,4692.89
1387.01,4719.36
-219.722,2182.15
520.409,-2405.37
-1635.77,-4324.11
1450.08,-3443.85
533.23,-1682
648.518,-2081.97
-1237.53,-1836.42
-631.362,424.034
-167.926,4508.17
884.888,7047.21
-407.343,4532.77
-293.062,598.452
-1887.24,-2600.89
1743.8,-3032.78
1215.46,-4288.85
360.038,-5818.25
1501.44,-6541.54
-2681.31,-4102.58
3628.86,836.694
-2529.58,3844.95
4219.46,3385.02
-6652.61,1678.33
4836.45,2863.61
-6471.11,4779.27
7079.03,5824.2
-7145.54,2632.11
6865.34,-699.736
-8824.9,-2809.8
9761.09,-1328.13
-7972.84,-1037.82
8928.87,-1663.8
-8377.33,-3605.07
7866.56,-2836.8
-7232.27,-1760
8114.94,361.409
-6303.14,-165.839
4419.62,174.366
-3942.62,-305.12
2681.54,827.87
-280.661,-381.092
-661.487,-1529.16
1496.73,-1530.77
-4041.06,-262.568
4936.43,2984.03
-5788.65,3040.66
6011.84,3128.11
-7743.74,1292.05
7080.41,2255.31
-6893.41,964.273
7970.22,-53.2667
-7688.2,-3264.44
5985.82,-3640.13
-5556.51,-2154.94
5653.16,152.389
-3352.38,888.091
2271.82,618.702
-3193.9,1328.55
1749.32,2446.71
-2178.39,3479.95
2156.01,1828.88
-3189.36,19.2911
1988.06,-734.726
-1611.16,-760.501
3656.23,-1732.72
-3107.54,-3431.85
2877.1,-4086.6
-4152.46,-2513.06
4241.78,1157.68
-3722.92,2732.69
3458.36,3852.93
-5099.17,3292.01
3278.28,4258.97
-3557.5,3810.18
3747.43,968.464
-3904.34,-2236.72
2426.63,-3603.99
-2820.22,-2431.14
3139.12,632.666
-672.044,777.805
31.428,-419.562
-1016.95,-375.619
-2080.84,2589.13
1998.34,5320.63
-2497.5,5223.9
2882.73,1704.65
-4382.21,-2151.27
4252.06,-3062.98
-4171.87,-3137.19
6926.12,-2782.02
-7511.04,-4557.69
7251.56,-3408.15
-7744.97,-1342.09
7608.35,2882.55
-7084.55,5003.04
6141.55,5610.97
-8318.69,4300.22
5040.42,4363.01
-4188.44,2109.27
3703.95,-357.26
-2986.07,-3294.91
1610.42,-3404.09
-1211.31,-1369.19
2032.37,-365.279
63.4615,-742.874
-705.497,-2804.75
-368.987,-1201.31
-288.606,1873.2
1252.22,4025.35
-780.878,2298.99
495.408,-576.075
-1435.13,-2614.2
385.573,-1723.85
1154.82,621.668
104.944,-83.0654
663.63,-1688.07
-1877.29,-2077.03
84.3467,940.469
426.466,4208.79
-197.861,5183.04
469.024,3048.89
-3430,1377.15
3446.61,433.163
-2679.33,-397.608
5036.74,-2922.94
-5330.88,-5830.74
6153.64,-5549.12
-6151.19,-4003.43
7999.58,-658.47
-7216.38,278.533
6956.22,2293.62
-8420.25,2778.27
6993.42,5087.68
-5871.95,3567.21
5471.65,1073.35
-4805.74,-2878.67
3096.37,-4148.9
-747.263,-3601.87
1069.14,-2534.4
852.256,-1677.9
-2086,-959.557
2833.31,1423.01
-3009.56,2484.44
3463.93,3826.49
-4155.21,2198.39
3111.83,1916.09
-3763.63,674.88
3551.7,185.448
-2463.1,-1193.79
1424.71,-1105.99
-675.508,-639.355
883.637,-420.678
357.331,-428.828
-1210.06,-1295.91
1909.63,-1207.38
-1922.31,-1501.95
1853.75,-26.2687
-1307.04,-183.821
1033.43,70.7943
12.5475,-823.791
-965.364,-824.02
1099.71,-494.271
-587.856,-474.547
1780.25,-488.941
-3808.43,-425.908
3274.81,1730.86
-3803.79,3126.04
3735.83,4146.59
-4552.94,2370.97
4291.82,1400.5
-5346.17,432.303
5429.88,-327.166
-3252.08,-2811.45
3221.19,-4610.45
-2917.65,-4758.53
2912.36,-2672.37
-1527.83,-291.239
2506.13,1269.56
-2535.58,1441
544.772,1949.11
-980.348,3234.32
866.382,3365.81
-442.202,1285.72
-14.8788,-1312.99
-348.999,-2073.22
47.1255,-1922.47
1015.96,-716.529
743.124,-1018.31
-1255.61,-1776.04
764.445,-885.297
-963.368,1444.51
1358.31,2997.08
-1909.08,2845.46
1535.55,1702.98
-2594.81,499.439
2435.44,311.802
-1181.79,-1501.32
2017.38,-2675.73
-1760.79,-3938.36
1805.9,-3333.08
-1830.73,-1040.55
1768.97,1249.2
-383.016,1841.91
13.3457,1438.73
-551.729,1081.64
-633.267,1498.97
2551.99,285.486
-1520.82,-2966.91
2304.26,-5310.12
-3348.01,-5090.23
3598.73,-1131.17
-2264.94,2666.36
2666.6,4215.49
-4242.11,3838.19
3280.96,4381.38
-4485.31,3951.21
4818.37,3003.96
-4298.14,-204.7
3687.72,-2909.93
-3730.97,-4341.92
4686.76,-4139.65
-1658.73,-4043.19
2758.85,-3719.16
-2472.31,-2761.82
2314.4,-151.119
-2519.85,2537.69
2817.88,3331.18
-3477.39,2741.05
2594.3,1621.34
-2981.99,1148.81
3843.67,3.95349
-3019.97,-2151.67
4149.41,-4478.25
-5031.09,-4869
4985.42,-1895.19
-3865.93,590.048
4539,3286.04
-5363.09,3365.14
4323.87,4085.71
-4449.91,3141.14
3685.54,1793.91
-3086.27,-809.886
2312.67,-2719.13
-1161.2,-3812.97
1231.11,-3234.33
595.007,-2236.47
44.7026,-1894.32
260.118,21.1366
-1310.63,1120.43
1286.94,2592.85
-341.683,2000.11
-328.176,815.837
-455.326,-284.427
-402.198,334.24
2355.57,-461.389
-1565.22,-2528.43
2733.48,-4437.52
-4475.12,-3570.65
4790.96,857.771
-5017.38,3534.95
6055.35,4644.91
-7196.21,2749.33
4939.27,2760.47
-6457.48,3241.54
6456.31,4114.08
-5549.8,767.847
4377.97,-2258.07
-4788.51,-4434.03
4540.56,-3482.07
-1737.8,-2499.93
2890.44,-2874.82
-2537.13,-2763.05
462.958,-1229.23
-1221.61,2518.38
1374.72,4353.03
-1550.87,4152.58
-22.7318,2428.61
-2365.83,2414.98
2713.7,1645.17
-2208.49,-529.662
3581.49,-3968.29
-5361.5,-5822.48
5439.64,-3373.95
-5215.18,-112.607
6759.11,2842.97
-7444.75,2662.59
4712.82,4475
-6152.06,4951.66
5120.5,5885.6
-4716.26,2935.41
3718.6,-550.049
-3764.17,-3791.29
2495.44,-3960.57
106.507,-3270.65
451.506,-3337.6
1088.57,-2973.47
-2317.03,-2151.11
2249.8,1636.72
-2807.2,3853.93
2650.09,5421.89
-3363.8,3431.9
1489.2,1730.55
-1286.83,-16.788
1734.98,-1674.73
220.049,-4360.57
-587.333,-5124.76
907.038,-3599.79
-1142.83,-1167.6
2328.47,2198.39
-3186.18,3615.6
2162.52,5452.73
-3779.56,5798.91
2469.66,5962.42
-2809.23,3218.48
2560.37,-721.815
-1842.58,-4847.16
1307.09,-5994.41
154.22,-5232.77
1676.81,-3942.61
454.596,-2782.24
-1038.79,-2223.5
1063.78,-24.5073
-2002.74,3225.65
2487.47,4901.8
-3490.03,4007.85
2299.01,2783.62
-3178.27,806.765
2403.63,445.221
-2356.55,-466.238
2665.81,-882.643
-2384.77,-1557.53
2209.88,-1688.53
-1422.15,-1353.74
2029.38,-683.658
-2186.02,-120.556
1039.91,1394.28
-1367.24,2763.75
1031.23,2092.69
343.513,221.44
-736.123,-1897.6
305.664,-2597.11
-362.465,-1210.65
586.726,-23.0282
-478.219,205.041
-433.814,783.922
43.8045,1189.39
-631.499,3035.17
1793.58,2536.54
-1649.73,384.51
1858.96,-2647.02
-3630,-3782.35
4519.32,-2791.84
-4037.39,-1441.68
5160.01,599.419
-5717.89,743.823
5825.83,2449.55
-5375.08,1250.28
5554.62,566.907
-6007.16,-1265.97
4000.02,-198.351
-3827.96,1469.93
2886.21,2959.96
-1002.26,1951.53
512.7,-71.8638
-256.081,-1130.22
-47.9712,-2171.88
1452.05,-1766.52
-822.248,-3264.46
1110.37,-3413.52
-1129.82,-2436.47
147.519,1505.33
1792.06,3495.81
-1856.55,3615.99
2011.43,1460.51
-3859.29,-642.573
4547.91,-1082.88
-3986.79,-2653.69
6285.69,-3009.86
-6530.25,-4171.38
5657.15,-938.714
-5716.04,2343.2
6012.31,5100.66
-5431.57,3684.56
3480.53,2999.44
-4927.06,2609.37
3366.34,2948.87
-1276.52,1651.31
1053.24,-2333.14
-267.64,-5727.16
-355.116,-6249.22
2470.33,-4090.67
-528.223,-2834.15
2263.29,-2183.46
-2790.77,-2062.56
1648.15,476.838
-2549.32,3511.97
3704.5,4809.66
-3229.15,2708.43
1484.84,569.899
-3022.25,-79.114
3168.2,726.615
-1574.05,-375.977
1311.65,-1807.67
-1963.21,-1824.54
1507.98,-63.5176
-1398.03,2909.3
1544.1,4076.11
-2348.22,3193.88
1481.03,1662.95
-1336.47,-390.334
1935.53,-2462.52
-538.682,-4236.03
1581.26,-5295.39
-1524.72,-4857.01
2620.45,-3320.43
-1906.65,-1400.32
3152.06,406.002
-5039.26,2656.51
4650.89,4821.25
-5479.1,5787.88
5429.18,4044.94
-6163.55,185.341
5413.45,-1637.32
-6002.69,-2700.13
6873.32,-907.802
-5885.07,-1375.83
5699.98,-479.925
-5476.43,-694.414
4599.55,1091.85
-4344.33,2513.97
2873.39,3683.88
-2571.14,3213.19
637.176,1465.48
206.934,-198.496
-1103.15,-2278.36
2621.67,-3226.53
-1448.93,-4733.2
2052.6,-4470.94
-1683.35,-4020.6
2092.12,-1737.71
-1100.88,-250.667
881.506,1326.26
-1162.54,2541.76
-768.157,4508.64
-396.932,5725.45
28.0514,4233.97
289.346,1258.37
-1035.02,-2391.84
1086.09,-3082.8
-45.8553,-3281.82
1644.96,-2632.66
-280.589,-2903.37
-1356.02,-1477.43
1389.69,1556.43
-1636.51,4339.85
2590.75,5266.22
-3887.89,3667
3250.87,2085.7
-4796.44,160.834
5973.17,-1425.54
-4584.35,-4394.56
6033.35,-6202.95
-6033.08,-6235.99
6741.48,-2577.79
-4768.45,-426.722
5700.96,985.671
-6019.26,682.959
3603.06,2403.79
-3321.45,3819.82
3708.38,3796.23
-3441.43,1292.47
2040.26,-1264.45
-1693.37,-2330.49
1955.22,-2367.56
-622.166,-1644.41
455.163,-1207.44
-814.129,784.597
660.325,2126.53
-1369.92,3625.03
1559.91,3439.2
-2203.12,1933.9
1811.31,434.703
-3028.54,-816.179
4982.66,-2347.16
-3830.27,-4703.01
4937.44,-5844.82
-4994.81,-5301.7
5693.88,-1509.25
-4898.41,745.982
5735.07,2217.92
-6269.87,1467.75
4593.67,2414.94
-4564.56,2980.37
3284.91,3710.95
-2771.16,1883.74
1408.7,363.256
-1721.68,-754.918
565.853,-585.084
1905.26,-201.121
-2318.64,-856.681
3205.22,-1176.01
-5280.6,-450.885
4539.77,2400.25
-4930.81,3135.9
5523.73,3279.35
-5380.75,-274.105
5100.97,-1957.24
-4477.5,-3496.21
5295.42,-3971.48
-3880.34,-4867.12
3323.74,-4312.69
-3344.01,-2183.88
2988.57,1677.41
-2172.19,4985.66
1305.19,5446.91
-2708.54,5507.59
908.36,3568.43
-1567.11,1303.9
1832.86,-1287.53
-2515.48,-3080.79
3381,-3005.29
-3490.85,-1817.29
4610.26,-414.753
-4288.95,-19.0157
4959.6,-56.0915
-6370.37,205.356
5624.67,2604.1
-6126.97,3185.38
6338.64,3143.4
-6241.12,238.485
5135.48,-1504.02
-4755.37,-2701.66
5390.33,-1939.28
-3653.81,-2803.95
3411.47,-3006.09
-2770.45,-2423.34
2174.24,-592.479
-1292.1,1680.82
267.377,3114.93
389.637,3474.81
-1480.85,1966.84
1239.31,825.783
-1271.04,-867.844
2269.12,-2129.95
-1991.35,-3069.07
2212.01,-2302.88
-2037.92,-970.808
2149.06,1100.35
-1492.5,2039.9
-156.806,3545.91
-582.01,4086.38
-19.4672,3974.2
34.0915,2504.89
-256.133,-972.526
1271.61,-3872.3
-1313.33,-5267.49
2127.04,-4541.09
-141.335,-4154.72
1121.67,-2639.69
-926.962,-1623.44
115.78,1178.55
132.421,3415.72
-375.377,4057.36
102.747,3495.18
-2269.75,1636.92
2042.23,1042.25
-2567.11,330.99
3577.82,-1247.71
-4212.64,-2003.56
4559.77,-1205.74
-5931.83,141.902
5723.6,2867.64
-5821.67,3458.59
5078.81,3037.09
-6520.51,1849.07
5058.67,2291.62
-4126.54,279.531
4954.32,-2002.66
-4520.9,-5697.61
4348.61,-6389.61
-3321.46,-5098.49
3699.93,-2409.4
-1710.29,-145.609
170.219,1147.35
-1090.18,3639.57
-104.469,5107.9
-1170.58,6060.48
285.573,4423.78
-1785.76,2641.54
-193.39,1328.47
-712.329,437.39
3253.59,-1533
-2756.78,-4128.32
3644.61,-5690.46
-3863.63,-4594.65
4722.73,-1215.34
-4515.36,836.375
4132.71,3369.25
-6041.05,4113.63
4365.49,6239.02
-4234.85,5770.48
4031.44,3038.9
-3634.01,-1840.96
2858.15,-5187.52
-2570.87,-6657.94
2676.13,-4769.63
414.21,-3013.06
-1306.16,-1167.82
1781.83,1871.04
-3795.25,4839.76
4618.48,6155.96
-6006.84,4436.52
5439.87,1759.7
-6928.88,-1520.27
7122.21,-2041.01
-7371.55,-2514.68
8947.37,-1745.72
-9212.37,-2260.71
8997.46,-78.0824
-9030.51,802.262
8686.79,2564.31
-7900.86,2005.81
6254.94,1840.14
-7321.33,1322.88
5662.51,1938.6
-3731.8,588.392
3484.47,-1747.32
-2040.82,-4534.17
2698.44,-5650.98
-1288.28,-4591.02
1776.65,-3472.33
117.608,-1756.99
-1232.24,-199.595
962.232,2509.19
-1265.19,4760.94
1460.08,5792.97
-1929.23,4276.66
914.822,2185.83
-1609.69,-279.181
2180.22,-2246.92
-2109.31,-2395.23
2143.29,-1666.22
-1602.35,-58.8997
3206.34,1026.12
-3194.86,422.066
4318.16,-656.99
-4796.25,-1208.15
5111.03,-1210.37
-5208.14,-958.516
6565.87,-929.532
-6182.49,-2334.49
7462.37,-2326.45
-7699.97,-2362.9
8671.3,-442.238
-7713.14,-402.367
7618.92,-176.541
-8072.66,-665.798
7082.16,1547.46
-7252.17,2908.94
6478.8,4501.87
-6495.39,3910.88
5294.28,2225.1
-4376.11,-686.533
3177.18,-2154.35
-1759.07,-3310.98
2272.43,-3728.36
-1050.03,-3106.99
-104.188,-1581.87
356.437,1208.83
36.6349,2394.27
374.163,2776
-1361.17,1618.24
408.403,1117.6
-814.807,525.893
791.233,-30.7791
-150.119,-2350.47
1225.41,-4431.36
146.255,-4866.23
-109.745,-3869.9
1075.33,-1019.1
-305.521,728.11
-918.73,2560.73
-736.649,4021.98
-283.927,5435.1
1032.35,5136.85
-1757.21,2994.15
1924.34,-265.315
-3126.28,-2310.43
3220.45,-2652.7
-3829.75,-2274.1
5992.32,-1638.41
-6069.5,-1193.04
5873.67,1243.18
-7168.08,3223.41
7945.73,4406.15
-7659.27,1398.45
6595.19,-1408.26
-7675.42,-3773.84
8756.47,-2971.23
-5401.32,-4504.91
5591.59,-4586.31
-4991.89,-4367.69
4014.43,-1502.07
-3001.29,1576.21
3308.46,2629.05
-2339.48,2492.59
-71.1719,2345.99
-1328.19,4131.23
-528.515,5512.78
2167.11,3766.89
-2236.32,-939.453
1049.71,-3200.12
-2349.84,-2308.72
3591.73,867.229
-1153.45,1154.92
1099.4,-1325.59
-2947.72,-2145.59
1978.25,351.081
-591.374,2024.01
1865.8,2094.74
-1311.45,-1124.32
433.866,-3549.45
-407.341,-3499.44
1428.39,-3343.41
734.137,-2737.31
150.701,-3248.09
-1366.03,-1554.49
1181.26,1615.95
-1909.4,4875.39
2435.47,5446.49
-4360.34,4548.43
2553.01,3430.3
-4568.07,3020.46
6491.9,2012.04
-6953.2,-1702.85
7452.61,-3684.6
-8416.28,-4629.54
8867.49,-1907.98
-6897.71,-1352.14
7385.96,-241.661
-7729.16,-536.29
6111.07,1804.15
-5436.23,2698.51
4340,3097.47
-3647.39,861.473
2064.33,-1228.3
-1560.11,-1966.86
1219.59,-2339.96
361.465,-1396.95
-1298.09,-1348.07
1048.75,460.065
-1890.82,1458.88
1515.16,3011.16
-1369.44,2964.86
615.291,2254.48
-2287.15,1848.29
297.498,2546.21
504.54,1740.6
-258.694,-1129.74
1125.99,-3846.68
-1303.89,-4936.64
1916.65,-3214.44
-1192.61,-1037.26
1774.03,308.612
-2620.46,407.331
823.63,2328.08
-1513.59,4405.43
835.272,5850.7
-394.754,4027.69
-334.913,867.738
84.4482,-2961.43
-1501.05,-4503.88
3557.76,-4131.4
-2964.94,-3526.88
4430.61,-2229.98
-5170.88,-584.598
5149.61,2718.39
-6264.87,4341.05
6615.89,4963.77
-7271.13,2235.15
6067.32,642.007
-6409.56,-1112.13
7060.31,-1358.03
-6099.81,-2676.9
5578.15,-2426.4
-4718.82,-2148.61
4435.19,-461.973
-3192.4,824.93
2945.61,1372.84
-2973.88,1759.02
2112.42,1547.89
-1722.26,811.499
2075.43,-1229.33
-1796.04,-2262.31
2710.21,-3116.43
-3403.52,-1654.44
4505.81,-189.249
-3555.48,194.263
4053.24,143.091
-6044.4,545.595
5661.11,3334.66
-7000.12,4873.29
7526.62,5005.86
-6900.9,601.372
5861.52,-2007.3
-5745.2,-4226.47
6256.33,-2916.92
-4093.64,-3136.28
3902.61,-3040.83
-2701.05,-2542.5
1649.5,-1038.65
121.37,1100.27
-322.576,2290.68
454.553,2525.46
-2619.38,1787.39
2079.25,2426.04
-2641.23,793.364
4687.22,-1237.37
-4706.4,-2977.07
4824.16,-3135.33
-4829.7,-1655.96
6217.26,-279.418
-5749.32,-750.255
5022.76,-105.67
-6083.56,1172.01
6160.48,4092.55
-5401.76,4193.52
4829.64,2725.01
-5638.4,-326.917
3832.6,-605.503
-3870.38,-696.537
5844.83,-1262.14
-4123.54,-2682.06
3451.8,-3820.36
-3528.67,-1941.63
3893.75,172.867
-2920.14,1018.42
3341.35,35.1061
-4970.74,-233.797
4465.48,1437.51
-4822.08,2984.22
6371.59,2236.38
-6592.25,-1263.27
6701.36,-3311.37
-7931.83,-3852.67
9065.32,-1461.3
-7507.82,-436.871
7932.74,163.356
-8499.4,-270.584
6765.84,2493.35
-6340.72,3453.45
5666.06,4521.08
-5256.66,2289.89
3438.66,477.109
-2300.71,-1510.61
1866.45,-2530.52
1190.23,-3826.69
-2149.72,-4397.28
2516.37,-1992.97
-3962.89,833.94
4738.3,4699.85
-5474.42,4587.86
5601.06,3982.09
-7022.54,1680.69
6064.27,902.176
-5501.66,-1101.29
5543.32,-2815.27
-4355.6,-5687.06
4468.53,-5707.96
-3339.97,-3771.9
3894.18,-860.102
-2648.93,1897.36
1680.45,2655.44
-3342.09,3460.99
1889.76,3978.58
-3861.07,5065.48
3076.57,4904.38
-4054.65,3670.96
4623.26,253.76
-4458.51,-3723.04
5333.43,-5747.55
-5417.48,-6504.29
6318.95,-3468.48
-6474.97,-968.28
6873.07,2137.49
-6884.74,3032.65
6159.01,4039.55
-6908.76,3519.87
6856.27,2168.65
-5509.61,-1811.41
4851.96,-4996.93
-4532.77,-6272.74
3986.19,-3892.31
-2834.68,297.917
2779.03,3821.9
-2031.33,4486.64
-290.248,5171
-1225.92,5515.9
-40.1573,4541.43
217.839,2517.35
-779.148,-1370.51
721.731,-3700.45
-1522.86,-4095.57
2736.1,-2197.29
-788.206,-1757.67
860.693,-1626.46
-368.513,-1936.06
-596.197,-226.699
205.852,1745.12
-528.423,2574.54
1119.03,2298
-3316.14,716.653
2249.58,935.48
-1999.78,839.297
2978.36,-329.35
-2693.78,-2724.15
2783.07,-3572.19
-3079.86,-3364.13
2761.46,-334.515
-1542.13,1281.59
43.5683,2719.87
-810.182,4117.47
-1509.3,5405.37
1579.07,5295.35
-1456.81,2332.51
1936.93,-1601.53
-3128.4,-4814.78
3328.32,-4511.39
-1371.01,-4394.51
3098.79,-3243.25
-2422.05,-3270.59
1603.96,-257.439
-1759.06,3326.83
1394.06,5404.32
-35.2511,4373.36
-1192.84,723.75
861.597,-1751.86
-1113.09,-2908.44
2936.15,-2641.01
-1736.69,-3356.99
2104.69,-2772.52
-2409.18,-1499.91
1914.68,2180.32
-335.295,4037.62
-492.478,4394.51
791.779,2777.35
-2671.79,1378.33
3298.36,-14.5013
-3214.25,-1859.42
4658.9,-3001.52
-4697.6,-4360.72
5558.52,-2520.52
-4739.18,-1601.83
6482.35,-151.414
-5588.62,-1385.64
4770.15,-466.688
-5183.92,505.437
4644.97,2218.84
-3996.98,2718.03
3450.54,1319.05
-3842.84,498.653
2622.48,322.936
-1428.65,251.691
2745.9,-1577.86
-1797.06,-4060.47
2504.7,-5485.6
-2995.37,-3874.58
3945.5,-716.374
-2887.82,1404.69
3251.65,2467.3
-5968.16,3430.64
5167.56,5216.5
-5329.3,5069.98
5728.2,2757.69
-6214.9,-1246.06
5816.01,-3461.14
-5989.68,-4321.78
7546.81,-2829.41
-5919.85,-3219.27
6431.77,-2473.63
-6570.4,-946.923
5730.6,2171.31
-4909.21,3458.71
4938.25,3200.22
-5163.28,758.755
3414.4,-843.127
-2244.38,-1667.45
3249.96,-2387.58
-1608.62,-3735.53
674.524,-3471.57
-586.726,-956.66
-781.41,2901.13
919.75,5803.94
-1764.51,6050.74
763.054,5231.91
-3207.36,3686.15
3373.06,2047.23
-2886.62,-1424.72
2948.78,-4294.88
-2409.23,-6970.4
2549.85,-5713.42
-757.201,-3687.87
2235.6,-1522.28
-1282.35,-284.992
1000.7,131.786
-1965.57,1893.47
922.858,2935.18
-1297.7,3383.41
1452.24,1839.16
-2634.9,483.157
1924.82,-246.031
-2088.53,452.293
3668.4,-75.7558
-4759.63,-1171.79
5705.95,-1165.79
-7192.04,-869.004
8260.62,1281.65
-8779.54,1894.3
8397.79,3024.12
-9696.69,2668.68
9376.74,2626.7
-8312.67,-629.699
9651.56,-3246
-8515.81,-6710.98
8432.5,-5866.86
-7323.19,-4211.78
7351.79,-639.452
-4711.12,125.968
3051.36,1198
-3601.22,3685.66
1568.08,6265.52
-547.072,6832.56
-16.1054,2841.68
-191.499,-1769.61
-1594.3,-4786.17
2290.6,-3523.61
-641.245,-2099
1592.85,-501.14
-1627.67,-413.485
1652.02,211.379
-1404.8,852.655
592.61,1652.07
-243.608,2323.2
-1289.92,2168.19
398.457,1802.96
162.472,-89.0296
1364.05,-2826.03
-991.959,-4761.82
827.437,-3883.58
-583.453,-1854.15
1121.66,370.428
176.699,156.189
-1604.58,141.391
-78.628,2315.79
-458.6,5195.96
1306.09,5521.5
-1021.43,1384.7
1665.96,-3952.25
-3107.46,-6523.78
3558.93,-4971.52
-1587.75,-2481.62
3392.41,-458.31
-4165.61,240.31
3517.34,2115.91
-3942.81,4079.34
3225.33,5557.93
-3162.19,4481.06
1266.08,2847.29
-2229.48,375.109
1651.65,-421.993
504.181,-2826.18
548.867,-4875.19
625.264,-5005.28
-1054.89,-4027.01
2253.68,-1074.76
-537.465,-563.303
353.441,119.284
-1552.48,530.392
31.5786,3986.15
1300.04,4559.29
-1307.61,2394.48
2654.53,-2129.96
-4063.75,-5624.46
5086.23,-4784.39
-5046.61,-3185.14
8017.4,-644.885
-8983.82,-44.9604
7929.65,2827.19
-9293.72,4999.08
8947.19,7612.57
-8448.78,5237.96
7279.5,2217.32
-8217.89,-1703.22
7111.45,-2776.43
-4676.68,-3958.4
5642.42,-4759.62
-3378.99,-5816.92
3218.74,-4499.09
-1649.72,-1842.03
2029.23,422.525
-731.844,1902.3
-839.722,1393.35
-197.054,2590.76
-28.1014,2633.13
250.039,2261.44
891.37,-340.733
-2119.53,-1716.97
1847.48,-1754.43
-1815.04,-848.14
3502.73,-228.521
-3734.17,-825.468
3838.48,283.033
-5684.81,2126.44
4957.54,5579
-5141.9,5150.32
4365.52,3534.55
-4418.93,-779.358
2966.25,-2287.8
-2272.6,-2548.53
3628.01,-3137.93
-845.411,-4959.67
-315.056,-6043.63
1518.25,-4942.58
-2162.05,-1159.15
3676.22,2660.44
-4512.59,3798.56
3825.46,4746.66
-6063.8,3551.12
5847.59,3035.06
-6654.04,1202.35
5975.52,132.365
-6032.28,-1291.9
5609.74,-998.38
-4569.02,-2302.11
6122.29,-2420.06
-5794.45,-2601.16
4406.79,-688.71
-4707.25,3048.1
3749.44,5024.82
-3471.68,4443.78
3008.45,2033.41
-4267.69,27.7407
4903.91,-1174.42
-3846.18,-2161.61
4445.75,-3754.45
-4662.05,-4800.13
4578.15,-2973.79
-4744.02,-361.254
6459.36,2592.62
-6601.24,3400.47
6065.73,3207.26
-7093.25,1871.78
6859,472.957
-5912.06,-2844
6340.72,-4121.57
-6187.36,-4287.14
6036.42,-1490.14
-4591.37,1012.26
4535.31,2510.85
-4171.08,1708.19
1881.27,2687.58
-2867.4,3924.49
1500.11,5090.64
-317.258,3793.63
-374.118,-545.052
842.725,-3602.55
-1620.87,-4911.02
3427.59,-3884.06
-1783.77,-3407.97
3010.85,-3202.56
-3678.89,-2576.06
3678.22,394.459
-3781.74,2793.5
4816.2,3525.19
-5029.74,2125.31
3533.7,692.75
-4758.74,221.471
4555.11,831.807
-3070.08,-837.918
3828.62,-2286.69
-4449.82,-2797.45
3789.78,-543.567
-3553.72,2297.46
3511.06,3724.26
-4358.9,3236.9
2300.37,2992.54
-3926.69,3724.33
4057,3544.73
-3497.02,1479.67
3316.81,-2187.32
-3748.48,-5057.33
4937.75,-6042.85
-3194.75,-6617
5528.29,-5606.09
-5805.64,-3752.9
5627.36,22.4538
-5540.9,3232.45
5869.58,4678.92
-6233.29,2996.6
4295.96,2714.18
-6079.16,2850.45
5213.33,3661.95
-4270.27,1806.15
3790.43,-886.779
-2996.64,-3915.99
2315.23,-3349.05
-680.594,-1502.82
1307.19,52.5337
-720.685,765.546
-670.574,492.356
762.378,1671.85
-1086.8,2010.43
1824.81,2251.77
-1639.68,761.702
1604.1,-1074.23
-1024.69,-3559.94
1304.01,-3964.35
516.344,-4487.8
-86.0183,-3492.51
546.073,-317.133
-1750.2,2703.99
2027.12,5081.58
-1651.78,3928.13
974.17,1830.82
-1515.38,-630.397
1249.28,-1144.64
688.286,-2740.99
-1044.6,-2989.68
1910.85,-3621.81
-2905.4,-1833.42
3705.08,1781.88
-4759.84,3796.24
6219.52,5090.65
-7747.32,3160.73
6967.25,1806.86
-7866.01,-910.089
8979.67,-1990.02
-8098.72,-4561.43
7715.2,-3818.96
-7017.41,-3123.87
7249.63,-123.876
-4801.85,315.394
4071.69,-326.09
-4206.4,106.146
2008.81,2110.73
-2261.7,4137.21
2031.32,3619.69
-1435.71,1316.81
147.65,-1614.4
-251.721,-1723.53
1169.48,-1754.47
-431.325,-1203.5
1299.82,-2357.77
-2076.45,-2605.04
2346.36,-769.089
-3476.26,1961.76
4048.84,4780.21
-4509.64,4641.42
3717.01,3284.17
-5143.78,634.051
5681.69,-1200.96
-4952.67,-3463.13
5059.66,-3383.39
-4711.98,-3405.08
5303.62,-1753.11
-3481.22,-1380.14
3155.94,-838.585
-2816.46,88.6748
1678.5,2065.23
-1814.07,3780.94
1484.3,3047.35
-1820.62,1412.44
831.936,-238.016
-782.977,-707.843
1551.87,-1317.68
60.7,-2020.9
74.917,-2868.41
-709.721,-2454.02
661.859,-164.465
-1111.13,2598.99
1138.76,4344.91
-1334.22,3718.31
644.317,2748.22
-2037.05,1660.02
2421.38,-311.573
-1492.12,-2526.29
2546.23,-5301.51
-2899.23,-5832.39
4141.21,-3978.53
-2513.26,-2039.34
4094.74,-379.3
-4463.06,-148.707
3711.89,1680.55
-4727.67,3371.86
3573.86,5188.34
-4222.69,4554.51
2920.15,4075.26
-3093.52,1402.13
2859.24,-891.976
-670.955,-3568.04
627.312,-5400.85
-125.469,-4635.43
-1160.74,-1973.24
1764.07,2001.96
-813.932,3123.75
852.572,3193.64
-1402.67,1760.03
54.2463,2100.19
1284.53,-43.3069
-740.071,-3127.7
1758.25,-6459.29
-2588.47,-7259.15
4073.26,-3565.55
-2993.5,63.9917
4601.77,3154.82
-4547.48,2134.38
2706.94,3040.21
-3694.8,2713.35
2824.96,3622.21
-1623.36,2071.5
445.371,273.833
272.622,-1239.61
-2073.02,-1366.2
4010.02,73.1285
-3916.06,-680.055
5863.92,-1546.64
-7163.54,-2257.44
6831.07,489.938
-7121.44,1817.05
8367.33,2692.34
-7179.69,-668.254
5872.05,-2445.54
-5860.54,-2991.89
7238.97,-1944.64
-4926.14,-2812.37
4845.2,-3680.7
-4470.11,-3436.65
4086.15,-1225.2
-3178.91,1744.8
3584.96,2987.28
-4663.11,4253.76
2004.21,4956.4
-3346.4,5521.32
4010.94,3893.74
-4277.7,297.913
4225.17,-2302.72
-5582.95,-3136.14
6072.19,-1439.29
-4312.17,-1490.85
5459.21,-2339.61
-6725.38,-2796.89
6221.9,164.617
-5909.27,2803.11
6578.31,3622.28
-6038.46,660.138
4628.74,-2129.94
-4690.46,-3821.33
5920.23,-3501.11
-3552.02,-3950.7
3533.83,-3717.08
-3332.6,-2312.63
3341.02,103.73
-3355,2653.55
2771.88,4542.64
-3068.68,4976.14
963.646,5007.26
-1472.43,4317.97
481.746,2649.4
24.4655,-186.566
6.84912,-2670.03
1168.16,-4459.46
-1121.31,-4026.88
1994.74,-1817.93
-1541.01,88.4245
2024.45,1344.65
-2850.22,1571.66
2523.7,2866.3
-3499.77,2701.39
3405.54,2483.72
-2641.93,-261.887
1593.61,-2502.88
-1663.33,-3756.88
2634.97,-3977.14
-1529.79,-3107.48
2284.37,-2599.44
-1628.39,-1384.8
1481.63,-212.411
-3134.75,2331.21
3023.91,3952.83
-5062.33,5222.73
4339.2,4918.3
-6608.29,3930.93
7440.62,2088.68
-7149,-2133.61
7302.23,-3377.63
-9304.46,-4128.34
9751.77,-1282.79
-8244.16,-498.928
7950.5,765.207
-8090.64,296.182
6543.49,3019.68
-5767.26,3511.79
5108.96,2205.38
-4325.22,-1141.57
2529.26,-4097.12
-1501.67,-4007.11
912.88,-2472.28
1567.22,-534.457
-1153.11,-203.95
20.0739,881.813
-1357.74,1726.59
1058.2,4070.6
-1136.08,3783.49
498.383,2404.4
-849.712,764.871
-1185.34,433.883
2102.07,200.959
-1093.76,-1401.6
2413.06,-3694.84
-2839.91,-4685.83
2787.12,-1923.55
-2713.59,657.421
3734.4,3120.4
-4073.76,2364.4
2292.86,2046.35
-2321.08,1719.48
1577.8,1974.07
-938.841,755.607
454.197,-932.761
432.94,-3091.52
-1707.46,-3692
3325.61,-2440.25
-2335.84,-1927.37
3011.75,-259.596
-5461.25,1832.01
5015.47,4316.74
-5134.88,4191.36
5438.24,2660.94
-6637.77,-413.506
5939.85,-1029.04
-5132.85,-1692.01
6518.1,-2457.64
-6103.18,-4304.15
5551.83,-3815.03
-5553.99,-1007.94
4971.22,3200.85
-3737.99,4527.47
2555.23,5064.15
-4709.36,4253.1
2272.54,3559.15
-1725.45,2520.32
2369.29,-834.271
-2006.66,-4250.76
2310.31,-6197.77
-1722.59,-5063.7
3784.51,-3745.11
-2363.18,-2751.91
2967.65,-2245.25
-4175.97,195.433
3558.27,3985.94
-4060.87,5767.74
4528.43,5975.26
-6351.9,2574.48
4776.39,949.421
-4767.35,-618.303
4709.46,-569.565
-3656.04,-1915.47
3169.18,-2062.84
-2178.52,-1928.12
1647.5,-734.385
-492.476,604.801
-367.677,1457.27
414.182,2362.6
-1808.16,1953.33
2502.69,1113.72
-2025.72,-1503.84
2098.02,-2619.95
-2007.78,-3502.66
2211.77,-2071.82
-1974.95,-647.724
2178.42,140.817
-1458.57,109.722
99.293,1086.28
-365.58,2614.12
-876.049,3983.84
814.675,3853.18
-1713.29,1439.79
1247.66,-698.342
-1972.94,-2118.06
2129.41,-985.916
-562.372,-1211.63
426.402,-1390.8
273.011,-2078.89
-1334.02,-1203.73
593.793,834.378
-72.7307,2283.8
1400.54,2049.87
-2940.02,392.844
2962.35,-135.778
-4578.51,71.0164
5622.95,473.908
-5317.52,-1050.86
6154.39,-2141.18
-6506.16,-2901.29
6958.53,-1278.95
-5456.82,-424.088
5510.16,249.915
-6861.94,847.264
5013.14,3496.76
-5399.58,4396.6
5177.85,5429.22
-4924.57,2940.48
3185.73,739.049
-2719.53,-905.881
2929.02,-3150.12
-1246.7,-4772.89
1653.49,-6071.37
-1097.39,-4412.29
1062.46,-967.321
-334.017,2595.05
885.233,3758.29
-2101.17,3727.95
948.919,2324.23
-1832.12,1385.4
2885.24,-13.6765
-2687.71,-2887.73
3793.35,-4507.44
-4151.84,-4781.08
4372.05,-2096.91
-3001.04,-128.905
3236.03,1737.46
-3581.71,2360.57
2430.51,3678.44
-2726.88,3649.88
1917.17,3459.02
-1181.73,915.539
159.804,-1854.52
551.095,-2912.47
-717.639,-2923.8
2923.18,-2364.74
-2184.93,-2486.98
2699.66,-1195.3
-3002.34,-549.712
2800.45,1690.46
-2033.99,2264.07
1680.37,2166.64
-3089.92,1757.99
2423.45,1922.23
-1045.59,552.93
1610.4,-2177.24
161.63,-5113.64
-80.9194,-6089.52
582.048,-3999.45
1019.78,-2141.76
586.775,-255.684
-950.754,482.625
-810.661,2820.83
1092.61,5165.77
-1805.9,5806.12
2385.85,3553.98
-4013.11,568.28
3378.65,-1495.75
-3768.29,-1990.23
6090.85,-1908.28
-5274.55,-3732.52
6285.5,-3133.89
-7013.31,-2149.27
7542.67,761.248
-6023.83,1162.56
6579.34,579.512
-7367.16,-1008.67
7164.48,-722.326
-5404.77,-1214.49
6822.61,-2517.09
-5270.46,-4785.48
4393.37,-4367.34
-4184.99,-1425.42
4125.7,2503.39
-2948.54,4339.33
1837.02,4847.43
-3791.46,5136.53
2302.05,5272.4
-1720.8,3881.48
2242.1,57.17
-2793.19,-3474.65
1842.99,-4739.25
-1569.19,-2742.36
4106.12,-1651.28
-2443.82,-2299.29
3483.62,-3160.1
-4768.94,-2267.8
4930.1,818.95
-5188.44,2599.82
6075.25,2438.19
-7237.51,-70.8228
6155.6,-320.311
-6654.76,304.247
7792.36,1334.79
-6734.47,-991.548
6073.63,-2457.8
-6306.32,-3619.64
4679.25,-656.183
-3573.22,2098.07
2343.06,4727.06
-2762.06,5231.76
-138.69,5181.34
871.231,3587.71
-1857.13,298.067
3279.81,-2823.61
-3641.75,-6078.4
3724.74,-4987.21
-3175.69,-4217.46
5353.19,-2011.08
-5237.7,-1038.72
4481.95,1384.38
-4365.63,3245.04
2899.53,5213.77
-3128.04,4732
1378.89,2732.97
-2288.92,657.364
1974.4,-1450.68
-830.071,-1941.06
1957.35,-3555.21
-1242.16,-3807.65
2412.28,-3599.47
-2455.37,-2866.32
4277.52,-1651.34
-4927.84,574.134
4065.35,3278.87
-5629.02,5831.36
6476.65,6763.6
-7262.25,3002.65
7767.19,-527.553
-8394.43,-4133.98
8028.52,-3112.41
-7179.79,-2223.99
8237.16,-1081.09
-7593.82,-1277.45
5960.44,974.976
-6077.04,3140.29
5615.5,5446.8
-4285.82,3998.12
2999.96,104.928
-3106.22,-3414.07
2142.94,-4804.52
-95.6735,-4424.09
983.294,-3869.57
345.485,-2683.1
-467.335,-1533.31
-614.427,1551.23
902.161,3202.45
-59.1254,3296.98
-926.238,1644.91
-1919.96,1616.91
1553.16,2562.15
-2676.52,3167.79
3232.76,1956.1
-3495.72,-1029.43
4011.95,-2632.7
-3746.55,-3605.25
5072.43,-2396.28
-4824.34,-2452.74
5406.82,-1719.32
-6041.6,-557.113
4945.83,1903.77
-4354.05,3449.99
4797.33,4235.34
-4263.39,1443.83
2758.55,-784.601
-2303.78,-2371.09
2242.02,-3269.54
-594.89,-3541.47
376.318,-2427.1
282.396,-369.127
-1323.38,2831.09
2209.09,4677.1
-3544.53,4330.41
2284.26,4317.44
-4808.62,3040.32
6023.4,1699.11
-5489.02,-1560.64
5914.41,-4100.21
-5667.81,-5609.82
5454.17,-3532
-4153.19,-2204.8
4641.34,-42.0368
-4615.19,412.969
3492.85,1852.29
-3069.01,2949.08
2755.02,2276.02
-2062.83,242.143
1194.54,-2383.81
-2915.99,-2385.56
3103.84,-1392.89
-882.363,-367.276
1958.07,-1500.04
-3470.19,-695.224
2398.23,2259.99
-3939.97,5027.14
4729.56,5775.09
-6169.96,2900.96
5036.27,1059.02
-6473.06,306.758
7051.61,1187.24
-6304.62,-542.69
7053.2,-2837.95
-6987.08,-5477.68
5829.52,-3993.73
-4710.96,-1428.49
6012.6,1399.14
-3816.02,336.026
1532.97,-158.919
-2047.44,114.589
656.669,1682.06
373.085,2596.83
-93.636,193.563
-265.78,-978.058
-1077.33,-1250.76
1782.67,590.901
-1002.92,422.188
1557.18,-402.48
-2575.1,-1112.65
693.76,934.712
-357.196,3305.91
-82.397,4579.51
436.022,3770.45
-2162.01,977.759
2771.37,-812.714
-2064.98,-3252.73
3836.14,-5448.24
-2067.4,-6941.13
1449.28,-5348.38
-1477.98,-1893.3
2199.23,2516.86
-1093.22,3801.22
-3.74854,4344.78
-1842.17,4494.94
-82.9886,4958.34
652.001,4126.37
-1040.43,-57.9565
948.722,-3808.93
-2014.24,-5034.81
3274.56,-3114.29
-1759.73,-1620.8
3312.61,-827.855
-3294.68,-1232.86
2439.24,-572.919
-2407.49,736.017
2494.07,2128.13
-2265.68,1942.21
393.293,2120.63
-1470.26,2331
398.644,2942.84
593.474,1438.33
128.208,-1553.32
379.03,-3853.5
-1503.52,-4084.03
1472.48,-1052.35
-631.57,465.251
886.551,1130.08
-1365.07,453.794
119.109,1713.65
422.514,2576.92
-530.742,2385.92
1348.66,-14.6871
-2624.85,-3154.33
3043.08,-4046.01
-2717.42,-3993.15
4751.38,-2119.17
-4903.27,-451.352
4460.46,2395.48
-5277.14,3599.77
4616.29,4427.56
-4771.98,2988.26
3605.23,1988.52
-4610.58,1223.85
3834.69,1414.3
-2346.41,-170.981
2741.37,-2875.15
-2434.12,-4657.68
1881.74,-3726.92
-1234.36,-730.266
2946.32,744.461
-1802.92,320.237
1193.96,-1316.59
-2470.36,-637.482
2733.65,1165.84
-1832.85,1293.46
2730.46,-183.21
-3734.76,-1690.54
4553.38,-2213.43
-5200.65,-978.157
6393.87,886.592
-6693.49,1040.42
5035.25,3113.68
-6540.46,4107.47
5542.81,5768.56
-5034.45,4102.58
4975.05,1274.69
-4888.94,-2486.67
3252.77,-3258.07
-1355.59,-4269.92
2671.37,-4557.59
-944.251,-5235.84
-118.874,-4276.44
412.301,1095.21
-1461.66,4666.73
2018.88,6723.68
-2779.49,4307.09
1066,1026.61
-1541,-1454.07
1491.96,-2005.9
-548.532,-2785.67
878.717,-3079.44
-493.119,-3058.78
-437.815,-1769.29
2145.06,577.702
-2241,1871.19
2046.63,3176.2
-3754.32,3813.2
2072.82,4336.17
-2078.29,2671.38
1506.61,1034.82
-1630.71,-1423.73
686.701,-1027.47
-105.169,-148.167
600.158,-200.186
668.319,-1760.69
-1393.68,-3143.43
1776.38,-2330.61
-2335.87,-422.607
3607.74,2029.43
-3313.12,1117.64
2920.93,336.062
-5053.92,68.6768
5995.69,232.426
-5056.88,-190.786
4938.83,-881.872
-4830.78,-1784.77
4791,-1306.24
-4370.9,-1144.54
5077.17,-284.092
-5402.54,20.901
3919.27,2206.16
-5036.43,4683.73
4666.55,5717.82
-4529.75,3379.03
4536.12,277.841
-5745.79,-1985.43
5294.27,-2627.74
-3188.84,-2432.2
4231.87,-3336.83
-4193.93,-4479.25
3950.85,-2299.22
-4029.03,927.149
4988.75,3500.32
-5124.24,3520.26
4756.45,1901.78
-6070.2,45.9695
5827.26,-765.812
-4909.83,-1911.66
6255.34,-2964.55
-5869.22,-3995.42
5307.82,-2421.74
-4957.24,-43.9111
5299.5,2690.88
-3649.13,1521.64
2446.94,1542.58
-3558.25,1468.84
1848.39,3212.28
-914.212,3884.51
1110.49,837.647
-175.435,-2418.06
-1004.5,-4213.62
1908.34,-2466.13
-545.482,-1231.12
1302.09,32.0878
-1094.2,-1035.73
423.359,-553.976
-266.661,566.614
-264.236,2333.34
1693.46,2998.54
-3352.8,1516.12
3845.12,-216.396
-3901.96,-2622.19
5611.65,-4274.96
-4750.27,-5065.55
4843.89,-2563.39
-4784.51,-775.713
4787.33,2637.56
-4143.48,2734.13
2048.03,3360.41
-3113.54,4198.47
828.585,6070.25
106.098,4973.71
-227.549,283.929
770.418,-4278.06
-1899.05,-7269.6
3360.93,-5573.58
-2164.53,-3799.15
4967.9,-2145.96
-5744.17,-1544.83
4644.01,994.873
-5218.53,3996.28
5021.84,5799.83
-5296.16,4570.29
3927.36,2341.98
-5755.29,377.239
4939.23,-165.196
-3916.95,-1189.82
4829.92,-2135.94
-4226.01,-4181.49
4422.46,-3446.5
-4214.68,-1469.71
5107.51,231.39
-5420.62,1901.99
3276.59,3314.6
-4114.08,4280.7
3464.48,4853.58
-2779.67,2378.38
2052.69,-263.954
-2632.16,-2424.38
3341.67,-3926.66
-2318.77,-4398.41
3395.27,-4598.6
-2988.65,-3739.29
3395.52,-562.315
-3705.24,2883.21
2624.59,5464.1
-3251.95,6437.01
1511.94,5043.22
-2170.1,2049.58
2268.4,-403.394
-1099.76,-4237.49
2285.05,-5777.54
-1339.07,-6625.95
842.804,-4611.63
314.813,-748.652
-1498.54,2875.34
1963.29,5907.64
-3381.57,6907.12
2187,6998.39
-4070.2,4900.31
4104.71,1608.78
-4121.54,-3747.5
4358.97,-6657.92
-3479.35,-7746.15
3764.8,-4651.59
-872.676,-2310.52
2142.4,-919.662
-1917.8,-284.066
394.687,1132.31
-1557.84,4167.16
1251.73,4978.71
-441.61,3400.41
-338.381,-221.639
-1521.34,-1293.53
1848.49,-1362.44
-544.736,-780.767
2449.33,-2240.2
-3964.43,-2784.32
3483.28,-184.952
-4213.92,2358.02
5559.58,5051.96
-5891.89,3385.09
5088.77,1471.42
-6347.89,-2.7168
6215.13,-141.635
-5068.38,-1696.03
5751.74,-2799.6
-5334.6,-4400.25
5092.57,-3282.5
-2640.01,-2202.61
4110.25,-1868.03
-3428.62,-1565.39
966.486,330.1
-1586.74,3371.82
779.547,5860.88
-578.872,5081.83
-549.254,2604.15
907.071,310.398
-1357.18,-1898.38
2220.25,-2599.43
-1452.34,-4297.21
2048.09,-4720.72
-2374.22,-3214.99
2034.38,698.642
-1917.9,4667.17
1806.67,7106.12
-2763.93,5897.74
833.733,3451.56
-810.952,-109.946
1266.66,-3893.55
62.1142,-6396.2
509.252,-7170.76
314.333,-5076.95
694.853,-2230.92
-150.271,384.006
1214.46,1529.84
-2365.99,3002.77
696.014,4715.67
-1969.99,5950.32
2093.63,4542.76
-3007.63,830.194
3560.11,-2973.27
-5003.75,-4355.36
6487.22,-2677.8
-5198.78,-1838.77
6137.04,-832.302
-7212.28,-650.759
6181.34,2000.07
-6151.15,3375.57
6405.8,4206.93
-5900.89,1914.77
3802.38,606.17
-4001.63,-1153.32
3766.68,-1280.33
-1490.05,-3182.1
1299.57,-4643.8
-544.95,-3177.69
-353.159,-918.424
1338.44,2540.67
-257.525,1973.7
-167.321,806.332
-1801.48,57.657
271.512,2208.5
597.65,3194.41
-450.196,2164.44
892.199,-849.455
-2300.63,-3128.35
3459.27,-2682.85
-2971.96,-2307.18
4846.4,-1347.44
-5916.34,-1107.07
5018.36,1094.45
-5732.48,3148.85
5185.34,5190.2
-4833.66,4161.93
3430.73,3023.1
-4566.04,899.229
4732.4,-827.719
-2354.64,-4298.07
2762.68,-6970.08
-1830.69,-7240.04
1865.8,-4304.3
-836.917,397.826
751.812,3551.1
-166.01,4454.79
-1862.06,3904.21
1249.87,3763.58
-1541.61,2407.66
2191.04,-166.952
-1935.02,-3308.29
1561.73,-4809
-2152.67,-3789.38
3561.23,-949.147
-1810.75,567.503
2223.08,1092.79
-2933.14,1361.49
895.137,3877.36
-1710.37,4882.03
1162.35,4227.55
-690.533,1275.72
-355.059,-1897.13
272.367,-2570.71
1027.49,-2677.85
608.43,-2894.46
421.12,-4625.47
-787.147,-4409.48
646.476,-2374.77
-943.06,1943.84
2316.9,4152.32
-2762.07,3917.88
2043,2723.85
-4888.31,1448.96
5278.81,1506.32
-5513.25,-182.638
6671.4,-1822.58
-6352,-4339.75
6344.09,-3312.96
-5182.6,-2242
5771.24,-142.201
-5406.48,312.186
3827.6,1961.72
-4171.56,3142.88
3279.36,4036.22
-2514.29,3425.49
1452.9,1597.67
-866.745,-1018.41
493.671,-3343.2
1073.66,-4176.39
-1472.25,-4167.8
2455.7,-2045.73
-3271.26,1075.76
2818.24,4321.21
-2508.3,4765.25
2898.87,3330.31
-3305.48,-76.4848
1873.01,-1344.36
-1084.71,-2642.39
2661.22,-3692.58
-1778.17,-5023.66
1371.89,-4477.11
-1420.18,-664.083
1780.69,3268.18
-1392.44,5459.57
800.348,4321.11
-2478.74,3114.59
1030.61,1738.49
-2138.86,1326.99
2937.25,463.827
-2273.07,-2280.08
3280.1,-4166.72
-3456.44,-5269.06
5673.74,-4115.35
-4185.11,-3349.66
5934.01,-2974.65
-6568.91,-1800.3
5931.77,1210.23
-6349.05,3901.58
6306.29,5952.04
-7365.99,5212.39
5534.47,4593.96
-5993.2,2592.57
6229.04,604.595
-4751.17,-3703.83
5084.23,-5669.04
-4282.15,-6253.13
4864.2,-3950.93
-3393.49,-830.949
3319.09,1380.26
-3121.59,3462.38
985.061,4867.89
-1338.81,5531.6
1511.82,3498.19
-1099.37,-444.509
1153.88,-4772.11
-1234.04,-6543.74
2674.11,-6124.13
-1429.96,-4308.17
3188.6,-2296.23
-4314.16,263.561
3894.76,3817.63
-4218.7,5925.17
3627.11,6146.72
-3829.18,2853.32
2451.5,425.146
-3227.85,-2077.65
3080.59,-1941.88
-752.576,-3365.9
682.077,-3584.16
247.867,-2842.27
-801.1,-769.56
2241.59,1897.76
-3337.12,2735.56
3483.55,3491.56
-5358.29,2129.06
5021.51,2465.2
-5328.24,962.326
5790.83,-302.699
-4932.11,-2746.97
5308.81,-4005.66
-5002.76,-4221.88
5379.47,-2674.2
-3904.79,-1069.22
3551.95,457.163
-4426.07,2289.57
3951.36,4020.51
-3892,4082.61
3546.18,2290.69
-3485.86,-719.837
2697.38,-2144.65
-2636.24,-2662.16
3459.53,-2176.82
-2414.5,-2016.57
2681.6,-1499.72
-2543.04,-240.059
2390.28,1451.65
-2266.79,2551.41
1990.6,2650.52
-3016.06,2015.23
1746.17,1467.28
-2750.65,1959.97
3726.79,976.247
-2280.61,-1879.4
3075.24,-4126.84
-3650.97,-5043.5
3921.14,-2819.91
-1992.83,-1616.75
2170.72,-410.478
-2355.82,47.6438
419.552,2840.82
55.1754,4959.76
-29.7649,4692.23
-13.5245,1970.72
-1807.07,-1169.95
1672.95,-1932.94
-2282.35,-2133.21
5050.89,-2009.59
-4422.12,-3062.72
4071.87,-1993.56
-4731.55,-244.978
4462.39,3150.89
-3474.31,3397.4
2764.72,2100.45
-3748.56,709.327
2619.55,520.234
-1384.1,104.633
2245.16,-1333.9
-1581.66,-3876.63
1094.52,-4529.5
-889.292,-2383.89
1752.06,-322.82
-784.802,1945.96
492.074,1912.51
-1760.65,2310.55
1559.92,2777.24
-2695.88,2473.16
2635.29,2030.54
-4183.76,1269.73
4069.43,652.746
-4111.17,-392.446
5007.17,-960.206
-5392.83,-2117.2
5848.44,-1396.24
-6975.65,-449.375
6484.09,1504.83
-5838.31,1245.48
5380.71,906.545
-5764.78,-84.4867
4432.52,873.134
-3266.08,1.36172
4546.64,-2269.61
-3687.55,-5358.32
2986.35,-6374.54
-2792.53,-3402.91
2194.97,1586.65
-1810.1,5175.92
682.606,6020.22
-2606.02,6347.85
56.5543,5873.65
-914.287,5087.48
737.969,2813.74
-496.459,-1754.67
-612.686,-4622.77
-637.852,-4553.92
2233.86,-2760.71
-837.002,-864.607
1602.7,-844.758
-1926.16,-158.35
1297.21,1125.22
-2467.49,2338.54
2989.66,2284.29
-3575.06,417.799
1963.39,-376.106
-2046.8,-706.096
2754.49,21.9011
-1161.59,-2073.05
891.824,-2416.48
-1052.62,-2890.24
-224.3,-899.087
2213.18,1208.04
-3954.52,2390.32
4009.86,3764.12
-6165.46,4217.47
6048.39,5193.34
-6730.08,2464.06
8235.97,-525.515
-8518.72,-4973.94
8048.34,-4894.76
-7268.4,-3841.1
8190.67,-815.758
-6455.11,-276.206
4705.62,1285.04
-4272.94,2207.81
2787.85,4202.66
-1867.48,4321.02
873.049,1449.32
-38.1122,-1705.19
-184.417,-5004.34
1183.69,-5330.21
265.692,-5291.86
670.314,-2395.22
138.412,-934.458
-675.597,1487.64
1105.04,2822.94
-2646.86,4190.68
2983.31,4610.41
-4939.1,3382.27
5147.16,2838.15
-5271.06,-1100.12
6276.24,-3321.49
-5691.92,-5606.7
5550.39,-3685.74
-5271.87,-1159.83
5585.12,2120.88
-4402.6,2660.89
2539.3,2566.71
-2691.5,2432.76
1799.37,2347.87
-235.391,751.857
-692.099,-2281.52
1137.96,-3822.96
-1931.53,-4234.99
3506.51,-2988.14
-699.755,-3196.75
1440.02,-2524.12
-2136.56,-1278.24
1075.8,2177.24
-720.589,3874.27
1082.91,3176.27
-1895.96,1458.88
-1554.63,2355.94
768.561,5009.85
-475.775,5188.59
2556.54,1357.27
-2422.31,-5380.61
1495.41,-7290.69
-1402.85,-5346.52
3236.72,-1227.17
-1178.7,428.769
880.911,-252.979
-2349.13,568.54
1560.86,3070.71
-466.25,4293.89
750.091,3190.53
-545.263,-842.392
-1395.42,-3646.63
2279.95,-4053.23
-1491.09,-3354.63
3616.1,-2356.4
-3133.22,-1495.94
3099.83,51.4562
-4147.46,2253.06
4923.83,3609.01
-5806.98,2717.55
4879.58,2998.36
-7429.84,2804.2
6804.5,4362.92
-5499.75,2150.08
5167.97,-697.984
-4490.06,-4261.86
3828.72,-4902.33
-1709.38,-4464.93
2900.03,-3639.1
-571.451,-4123.45
-241.283,-3236.06
358.062,-19.9517
-1480.65,3164
3105.53,5223.75
-2702.53,2223
1479.06,231.294
-2520.55,-1663.32
2804.24,-936.756
-508.962,-1557.72
-194.241,-2005.49
695.356,-1792.34
-1951.44,626.151
2993.99,3594.69
-3174.8,3967.13
3603.1,3608.98
-4617.04,665.553
4175.37,155.21
-3881.73,-1656.64
4807.42,-2105.78
-3757.36,-3099.4
3108.51,-2565.34
-1131.16,-2156
1759.04,-1215.7
104.856,-1233.41
-946.452,-1518.17
146.882,1147.94
-1764.4,3194.32
3084.93,3804.84
-2758.61,1169.3
2789.85,-1501.97
-3007.93,-2935.69
2887.73,-1788.64
-1343.44,-1693.47
2759.19,-2688.35
-3769.23,-3082.08
3380.68,-1230.53
-2751.62,2510.45
2435.79,5195.3
-1927.59,4636.09
1526.13,2239.1
-4295.32,230.515
3430.92,130.086
-2260.18,117.84
3687.45,-1432.24
-3702.2,-3091.49
3728.73,-2705.21
-3206.48,-2210.8
4182.91,-484.043
-4193.45,225.54
3345.78,478.39
-3417.62,1408.37
3721.13,2045.38
-3664.46,640.583
4756.54,-1111.18
-4261.96,-3318.98
4421.79,-4453.43
-3613.35,-4085.31
5011.69,-2777.42
-4749.61,-756.835
3154.89,3024.23
-4007.89,5993.95
3222.72,8517.09
-3904.21,6771.95
1887.78,4137.59
-1535.33,372.021
393.889,-2092.38
1684.74,-4824.46
-287.272,-7366.2
2756.43,-8201.94
-2373.9,-7267.38
3508.66,-2464.61
-3060.97,1318.14
4895.16,4058.83
-6245.21,3790.77
4253.52,4252.64
-5158.05,3890.84
4865.13,3261.99
-4006.78,-186.206
3755.69,-3380.36
-3315.86,-4856.02
3360.09,-4102.6
-2007.9,-1645.2
2791.87,177.083
-2994.13,1385.55
2049.66,2967.08
-2736.14,3947.65
3300.07,3265.29
-3113.75,1319.98
1980.91,-1056.56
-2966.42,-1912
3664.62,-1533.11
-2844.32,-2056.97
4511.01,-2702.01
-4967.62,-2686.18
5065.7,-549.286
-4634.24,1167.23
4823.76,1985.32
-4846.35,478.065
3788.69,131.944
-5013.23,621.336
5166.82,1992.04
-3019.1,475.999
2990.49,-1863.85
-2197.2,-4669.66
1643.21,-4295.68
-45.9504,-2688.56
-44.2395,-434.734
1481.32,1276.13
-4421.32,3302.6
4341.43,5842.16
-5935.75,6657.25
6051,5934.47
-7230.33,2073.1
6717.36,-248.919
-7880.98,-3119.15
8867.47,-2885.21
-7172.46,-4408.77
7035.85,-3611.18
-6939.47,-2151.92
6745.49,1018.01
-5637.18,2188.1
5760.04,1417.35
-5556.91,-443.151
3930.17,-1823.88
-3269.31,-1528.1
3836.54,-1821.35
-2762.26,-2724.56
3931.71,-3980.81
-4698.92,-2693.28
3926.28,1038.81
-4356.52,4536.35
4507.18,6431.97
-7011.98,5951.01
4795.52,5729.6
-6302.59,4864.57
5966.6,3988.81
-5509.09,168.821
6347.96,-4117.83
-6254.99,-7475.47
6805.83,-6765.22
-4642.72,-5596.31
6348.27,-3385.2
-4205.4,-2301.15
3180.89,-313.726
-2961.47,1727.62
2683.16,3688.75
-2191.96,3497.75
84.5811,2126.47
308.192,601.105
-1831.15,495.383
2755.63,348.358
-2888.49,-479.042
3684.25,-102.73
-5450.96,-80.172
5239.58,1956.68
-4749.12,2028.46
5316.82,1667.13
-5939.52,-75.078
4106.82,872.968
-3725.94,937.775
3949.32,914.498
-2492.38,-2187.39
1958.48,-4469.78
-704.825,-4414.38
249.962,-3116.34
2030.38,-1214.59
-1741.98,-1263.23
725.333,-66.7279
-1641.13,799.7
923.383,3757.05
-933.703,4589.1
-613.795,4872.97
338.463,2650.31
-1669.49,122.416
3708.69,-2790.76
-3889.88,-5463.61
5477.33,-5313.17
-6151.84,-3753.92
6708.2,652.923
-5911.56,1597.62
6516.44,2987.17
-7961.96,2644.32
5994.12,4476.08
-5828.02,4894.92
6305.04,2745.02
-5751.06,-2201.33
3897.71,-4780.75
-2680.52,-4753.45
3074.83,-2398.68
-967.045,-271.639
1454.08,-586.097
-1340.02,-162.06
-317.369,1122.5
-350.504,3259.75
971.842,3867.06
-653.244,1878.52
303.207,-1535.34
-921.067,-2940.38
1375.97,-3073.97
359.467,-2676.43
518.926,-2527.37
-971.895,-2483.01
466.349,530.715
-1358.47,3626.87
991.526,5651.06
-1314.77,5589.04
-930.455,4289.99
-368.796,2477.71
-104.663,649.273
635.283,-1576.43
-790.002,-3736.72
1180.22,-4203.6
-1539.81,-3244.84
3816.71,-2357.48
-2494.95,-2507.63
3208.39,-2722.39
-4806.1,-841.809
4107.81,2470.15
-4061.37,3590.91
4795.62,3047.01
-6370.4,659.839
5405.24,145.339
-6122.27,1018.79
6830.5,2099.2
-5891.64,-623.104
4901.36,-1836.27
-5986.2,-1766.06
5232.1,1195.96
-4413.96,3787.6
3262.62,5037.83
-4169.99,4325.22
1819.2,3279
-931.059,928.093
1593.25,-2040.22
-386.664,-5300.85
673.821,-7471.44
1023.82,-6363.57
-306.444,-5140.91
1808.56,-2953.75
-178.755,-1393.61
-1682.32,2036.61
1086.7,5144.75
-1035.09,6630.34
715.639,5037.67
-2561.82,1689.59
1621.42,-244.136
-2978.41,-668.964
4041.96,507.498
-3113.23,-825.355
3740.83,-1712.56
-3638.22,-2392.64
2576.56,-22.0838
-2032.71,1734.29
2236.37,2681.41
-1658.4,1703.13
-492.505,155.856
1048.65,-59.7343
-369.776,-525.86
2398.77,-2722.38
-2102.05,-5248.84
2430.07,-4938.98
-2713.81,-3430.91
3295.81,334.242
-3391.83,2890.14
3529.29,4097.29
-4748.98,4069.8
3816.35,3643.79
-3435.37,1678.13
3517.18,-830.063
-4141.4,-3245.27
3443.24,-3124.65
-2200.52,-2495.48
2889.37,-1138.86
-587.943,-1174.18
-228.643,-318.253
-864.419,1662.26
951.194,3248.64
-1464.73,3749.7
649.269,1728.6
-1397.16,1004.78
502.754,582.995
-386.724,1027.65
2960.29,-1201.46
-2547.27,-4284.24
3341.72,-6522.95
-3845.27,-5799.55
4749.38,-1308.45
-4135.29,945.124
4485.46,4045.55
-5597.11,3721.58
3833.51,4633.86
-3196.73,3735.72
2435.9,1547.61
-933.692,-2402.77
431.062,-5345.65
498.085,-6025.14
-621.455,-4335.93
3723.46,-1592.25
-5008.42,490.955
4396.34,4628.3
-5925.5,6427.78
5995.56,6987.83
-6530.19,4067.82
5944.86,374.966
-7193.76,-2631.99
7165.28,-2770.07
-5102.55,-4328.77
6691.77,-5282.81
-5093.19,-6419.07
5740.85,-4620.91
-4394.25,-1787.12
5292.38,783.367
-3978.51,1694.71
1481.74,2351.59
-4121.44,4433.62
3133.33,6869.31
-2607.1,6490.28
1992.41,3036.38
-1736.41,-1087.69
768.466,-3679.08
-355.083,-4232.19
2246.71,-4271.75
-1320.58,-4380.66
911.537,-2690.21
-1701.01,1523.11
2166.57,5017.75
-1390.2,5532.68
1358.68,2854.14
-2859.23,-787.993
2223.54,-2938.75
-1627.24,-3585.1
3331.93,-4010.14
-2626.24,-4624.31
2979.05,-2795.03
-2975.65,-383.681
2460.68,3384.7
-1590.22,4402.85
308.042,4198.91
-883.815,2324.1
-1261.49,1494.94
3286.29,-108.988
-3108.37,-2435.04
4077.94,-3922.74
-5042.13,-4083.46
5881.31,-933.866
-5287.49,234.646
6657.35,1790.91
-7488.46,1147.19
6022.07,3138.59
-6302.24,3634.34
5317.92,4049.41
-4531.61,1202.07
2982.22,-1216.59
-2352.47,-2634.85
1843.37,-2667.75
175.21,-1514.84
115.45,-2173.42
-40.4667,-1635.5
-1259.15,-524.473
732.58,2073.99
715.739,2076.57
-612.465,1284.51
290.561,-924.789
-1841.3,-1254.95
2238.82,-424.757
-2277.38,-798.904
3756.72,-1521.31
-5151.85,-2162.72
5452.22,38.3304
-6325.47,2371.76
6328,4550.61
-6444.59,3003.25
4583.01,2365.45
-6232.46,1164.1
5145.07,2224.2
-3741.91,1670.16
3753.33,-488.721
-2183.31,-4034.43
1351.63,-5310.92
292.095,-5131.65
727.111,-3942.08
1369.69,-2346.5
-2339.33,-1276.18
2367.55,2137.95
-4635.78,5249.16
5142.79,7066.75
-5337.19,5012.84
3953.69,2239.92
-4983.13,-796.541
4690.59,-1165.81
-3140.81,-2992.07
3653.15,-3611.82
-3583.55,-3206.27
3091.7,-1266.78
-1837.58,1388.33
1611.55,3320.95
-1867.79,3371.19
342.803,2819.29
-1443.78,2731.14
1284.78,479.758
212.942,-2002.35
1160.56,-5662.26
-1618.72,-6477.98
2848.69,-4784.98
-2348.53,-2318.53
5035.2,-835.617
-6692.98,261.44
4953.43,3349.27
-5724.78,6105.39
5939.63,7782.23
-7192.28,4458.38
6518.9,1283.78
-7729.62,-2278.93
7697.88,-2956.09
-5482.76,-4367.04
6544.47,-4473.82
-5313.25,-4507.32
4614.72,-1885.32
-3694.3,1260.76
3574,3279.33
-3158,4104.81
1135.18,3290.73
-2401.38,3208.71
1752.52,3011.76
-516.268,359.196
771.038,-3131.87
-206.808,-5253.58
-6.23468,-5109.39
1207.6,-2817.74
1043.24,-1685.85
-245.34,-1498.31
-842.695,-116.299
-213.554,2661.48
461.407,4738.76
-309.245,4575.47
-725.47,2084.12
-626.424,381.112
-329.182,75.0482
1617.17,-967.677
266.437,-2526.1
-42.9461,-4376.11
-1135.99,-3114.43
863.249,471.048
-1018.77,3572.03
1901.21,4394.93
-2919.37,2805.87
1473.3,1669.72
-2581.33,1500.86
4013.59,522.538
-3834.45,-2636.76
4314.54,-5263.21
-4963.85,-5818.79
5614.41,-3174.04
-3234.17,-1239.28
3832.48,560.115
-4830.14,1189.92
3216.3,3135.75
-4205.35,4560.08
3223.36,4997.75
-3628.8,3107.38
3089.25,754.336
-2964.29,-1413.89
2370.94,-2266.47
-988.949,-2685.29
1339.49,-3303.25
-874.324,-2651.26
224.816,-999.252
-667.547,2169.51
1207,4589.97
-1799.08,4661.91
325.69,3524.38
-2034.67,2487.23
2695.34,-34.224
-2245.3,-2702.65
4338.58,-6013.12
-4163.53,-7164.28
5169.28,-5073.6
-4403.05,-2874.59
6101.47,126.114
-6424,990.896
5193.34,3549.64
-6312.67,5276.44
5453.3,6927.46
-5668.47,4879.74
4015.72,2584
-4935.37,-684.43
3619.57,-1529.91
-1795.17,-1664.43
2202.93,-2638.97
-866.732,-2600.03
-102.607,-2050.17
457.668,-123.263
161.224,846.478
522.349,625.508
-910.092,-670.026
-172.094,-95.7693
601.469,149.916
-407.717,305.208
1004.17,-938.808
-1911.24,-1959.95
2176.3,-1182.05
-3234.85,529.511
3739.5,2383.33
-3637.47,1975.05
2663.78,1961.71
-3850.48,1080.05
3288.35,1762.48
-2770.16,713.194
2801.73,-250.004
-2313.03,-2085.97
911.7,-2086.71
141.388,-949.866
-252.927,-98.6889
1780.07,-207.026
-2815.88,-557.94
2301.02,1096.91
-3904.41,2466.27
4388.42,3875.24
-4567.73,2205.11
3555.04,505.818
-3085.81,-2067.15
3884.65,-2868.11
-2939.93,-3719.5
3466.5,-3733.72
-3259.22,-2699.93
2779.03,-605.586
-1834.92,1232.34
1323.34,2734.93
-1568.75,3995.28
-434.202,4841.32
-900.006,5151.36
1090.04,2535.18
-1382.97,-654.919
1847.89,-4111
-2135.69,-5014.21
3521.29,-3176.93
-2659.03,-1784.79
3405.53,-951.268
-4116.49,6.33966
3666.1,1607.65
-5296.27,3814.28
5668.76,5681.22
-5814.46,3265.32
5451.7,675.879
-6761.7,-2680.89
7181.1,-3830.29
-5262.83,-4687.83
6098.57,-4710.4
-4925.03,-4071.71
4920.69,-1458.99
-4850.73,1063.17
5105.53,3444.67
-5744.22,4109.27
4510.97,3800.6
-5195.03,3392.18
3178.71,3273.51
-1980.71,968.951
2645.93,-1591.03
-2956.99,-3800.32
2384.73,-3641.5
-1585.4,-1243.08
3610.83,-490.703
-2715.24,-998.456
1593.78,-484.29
-3110.21,1898.72
3243.83,4157.64
-2863.17,4085.27
2678.18,991.342
-2932.02,-2237.38
2763.3,-3066.06
-1558.38,-4193.3
3847.98,-3722.83
-3281.71,-4396.43
2398.01,-2783.38
-2168.06,490.583
1065.48,4249.15
217.751,5823.82
-2405.12,5897.21
714.079,5006.69
-2603.47,3520.22
4684.42,350.96
-4916.71,-4549.19
6220.38,-7145.52
-6528.87,-7157.24
7787.56,-3352.63
-6085.06,-994.099
6525.35,1508.65
-7644.66,1848.83
6453.42,4613.79
-6094.91,4598.82
6223.68,2891.88
-5475.24,-1058.02
3297.43,-3326.07
-2844.34,-3732.26
3413.4,-2777.53
-1115.28,-1621.16
1417.43,-1886.41
-1242.15,-37.7107
719.056,1848.98
-1327.81,4138.83
1171.13,4176.8
-2108.75,2561.07
1247.68,1085.63
-2906.88,959.43
4232.51,700.512
-3361.53,-901.876
4264.37,-2988.61
-4576.25,-5315.83
6005.03,-4560.05
-5027.12,-3670.18
6018.68,-1534.48
-6210.99,378.921
4946.33,3461.3
-5319.54,4823.07
4245.86,5300.88
-3722.26,2411.15
2818.59,72.0733
-2754.05,-2143.06
2028.57,-2958.58
771.947,-3768.13
-570.18,-4708.87
1413.93,-3931.08
-2580.11,-781.358
3546.03,3534.39
-3948.19,5193.67
4759.47,4734.35
-6338.04,1465.32
4608.95,1022.85
-4931.59,335.575
6192.16,-429.578
-4675.44,-3200.18
4202.1,-4306.8
-3480.59,-4185.73
3690.86,-1218.18
-2085.71,996.251
1171.26,2161.32
-2236.48,3329.61
633.685,3909.91
-146.253,3925.23
431.779,989.601
-200.297,-1732.66
-41.7294,-3866.27
-575.738,-3662.55
2361.06,-3380.28
-1441.19,-2634.39
1916.73,-1802.73
-3814.27,957.716
3743.91,5330.43
-4918.86,6805.61
5403.08,5305.3
-7506.22,1395.18
6355.38,-748.257
-7023.07,-2037.33
8313.58,-1711.8
-6459.9,-4158.48
6166.18,-4358.49
-5343.67,-4731.18
4678.55,-1300.68
-2809.36,1089.59
2242.27,2404
-2498.8,2897.2
329.5,3004.24
-353.996,3213.09
-63.916,1480.96
548.06,327.392
-1189.72,-2303
1386.89,-2051.63
-171.155,-2699.43
650.291,-2005.95
544.454,-1563.17
-2633.77,373.489
3724.88,3147.42
-4871.45,3923.69
5403.93,4020.36
-6529.11,1787.29
5865.22,1018.63
-6166.83,-788.599
7220.86,-1317.64
-6418.12,-3703.84
5819.06,-3277.66
-5462.48,-2242.61
5088.39,850.408
-3605.67,1897.52
3270.35,1489.58
-3349.5,800.08
1642.2,183.405
-1238.87,855.663
1956.59,-832.918
-1574.08,-2406.62
1018.05,-3093.01
-953.255,-1963.5
1923.93,-351.71
-710.079,14.2779
1534.66,-801.791
-3144.48,-635.191
1627.7,2344.22
-2709.39,4890.56
2458.04,6258.32
-3076.1,4366.43
2322.26,1567.2
-3337.92,-167.901
4009.19,-1628.06
-3029.07,-2802.99
3471.61,-4216.73
-3752.13,-4792.68
4113,-2407.46
-3416.89,-56.4296
4750.11,1718.13
-4240.15,1539.86
2582.4,1718.34
-3194.32,924.259
3103.87,686.491
-2265.77,-1534.92
1331.96,-2095.67
-24.2504,-2075.49
-587.322,-886.551
2238.73,574.095
-3663.82,927.003
3932.4,1548.28
-6185.05,2606.11
5232.12,5014.85
-5688.95,4436.5
6697.81,3191.16
-7189.83,-1044.93
5741.58,-2327.26
-4814.02,-3777.88
6225.32,-3764.76
-4270.26,-4988.04
3268.03,-4108.06
-2854.27,-821.148
1870.42,3461
-1129.51,5830.57
378.179,4157.13
-1545.72,2741.35
-259.584,574.374
79.5676,-9.59556
1689.17,-2071.81
-1508.63,-3957.88
2247.83,-5328.07
-3932.57,-3243.39
6113.48,-15.3212
-6044.03,1799.84
6968.1,2569.33
-8312.46,1262.15
7573.17,2699.57
-8480.19,1902.57
8981.58,1991.78
-8637.89,-919.114
6911.61,-1074.39
-6445.4,-1261.99
6563.3,662.624
-4356.76,-88.0557
2710.95,-325.869
-2405.46,293.234
1338.12,300.089
481.365,1059.66
-1348.44,-328.707
2313.41,-1047.18
-2958.26,-1398.24
3888.13,-1018.13
-2892.67,-2152.94
3615.38,-2216.51
-3031.84,-2976.79
2982.23,-1693.02
-2464.57,83.9341
2783.32,1421.94
-2018.37,1685.12
420.722,1797.3
-1493.67,2587.39
1342.49,3490.18
-1258.11,2783.69
1657.16,3.93628
-565.425,-2689.1
539.338,-4590.68
676.518,-4357.61
1381.92,-3851.47
-1271.5,-2843.24
1282.8,-297.657
-1581.79,2409.49
2176.85,4016.43
-2316.77,4065.34
3581.92,1584.62
-4240.39,-1560.14
5557.99,-4134.4
-6211.47,-4651.36
8067.61,-4037.32
-6615.92,-3816.58
8242.31,-1723.5
-9374.55,253.931
9446.5,4594.42
-9346.82,5762.44
8703.93,5844.84
-9984.79,2170.72
8991.33,877.332
-7613.35,-1939.47
7961.6,-3160.33
-6059.19,-4636.02
5904.39,-4664.77
-3958.75,-3528.35
2910.25,-1543.41
-3.56128,-332.566
329.174,71.237
-500.209,1189.49
-942.679,1854.46
545.952,3611.96
-1381.25,2989.55
1118.89,1646.37
-1969.02,-188.471
1704.71,-478.721
-188.503,-1068.59
1452.28,-2357.87
-1368.61,-3835.77
615.886,-3345.72
-1301.73,-427.343
1064.02,2172.02
391.374,3717.11
-483.011,2562.18
-1376.74,1641.35
1217.17,1399.49
-2002.97,592.841
2322.3,-1119.28
-3291.99,-2253.61
3102.44,-1694.67
-3080.68,-378.851
5797.21,78.3384
-4840.4,-1806.12
5340.16,-3361.92
-6461.06,-3576.36
6426.01,-993.977
-5943.37,495.876
6390.51,2349.31
-5971.83,1514.27
4639.84,2567.82
-4153.52,2510.69
4048.87,1913.45
-2604.19,-1087.3
699.102,-2694.39
-304.343,-2331.91
-458.082,92.8062
2105.72,3095.09
-3365.7,3785.99
3726.67,3905.9
-5529.51,2328.68
7099.41,497.325
-6200.36,-3745.97
7028.05,-5852.08
-5984.73,-7182.68
6867.49,-5235.12
-5602.85,-3426.11
7179.76,-1159.26
-6101.7,-273.721
5216.05,1527.06
-5409.79,3414.27
4403.86,5025.36
-4284.29,3669.6
3728.3,791.76
-3646.04,-1788.27
2507.27,-2468
-756.159,-1499.6
1513.22,-498.632
-667.023,-951.82
349.074,-955.22
-142.58,-194.682
387.926,471.038
-419.795,2242.62
462.353,2129.59
-1172.83,2072.16
1460.03,577.123
-1652.82,-1085.02
2893.6,-2701.82
-2288.74,-3732.05
2766.74,-2886.59
-2302.68,-2297.36
2741.91,-117.705
-2311.26,-162.335
2302.78,902.287
-2938.22,1445.21
1409.8,3467.28
-610.578,3734.37
-949.907,2311.63
3003.95,-1174.65
-4551.62,-4012.23
5483.02,-3706.61
-5745.71,-2733.73
7329.91,-81.3648
-8917.66,1097.01
8337.93,3254.26
-9262.9,3627.75
8018.42,5335
-7934.37,3377.76
7377.19,1986.4
-9046.4,-746.766
7389.95,-1023.96
-6023.59,-2278.92
6530.51,-3731.75
-4335.47,-4599.4
3041.34,-3677.69
-1781.82,-1422.83
2084.43,569.866
-2308.8,1726.32
-423.43,1917.13
-1070.38,4224.88
541.429,5467.44
-769.804,4463.27
1123.66,1277.87
-1606.72,-2222.3
163.076,-3863.02
-52.92,-3442.95
1944.8,-2968.93
-1516.85,-2239.26
126.054,725.092
-1374.95,4273.16
1396.1,7439.51
-1913.06,6588.88
365.758,3108.11
-1865.05,0.226624
342.44,-1111.19
687.192,-1582.09
668.213,-3154.06
735.366,-5173
-215.924,-5895.16
1454.75,-4989.7
-699.973,-2507.03
3235.97,-887.512
-4851.19,804.868
3229.08,3362.51
-4307.62,5557.6
5237.97,5755.8
-6409.4,3079.72
6546.58,745.402
-8302.43,-919.537
8396.88,-352.757
-7329.19,-1824.86
8081.96,-2035.9
-8331.56,-2962.6
7259.58,754.567
-6442.69,3451.41
6656.68,4485.6
-5498.34,2014.93
3701.5,-1225.95
-4158.43,-2756.18
4674.47,-2527.51
-1915.85,-3046.44
1907.96,-4075.5
-1230.74,-3333.02
764.692,-1829.08
445.663,566.774
684.846,1094.45
-1376.09,1194.52
-55.6254,2058.96
-1819.4,3856.18
3058.65,3483.37
-2243.87,436.806
2617.62,-3254.08
-2723.96,-4997.3
2687.88,-2891.79
-959.645,-1405.1
3186.33,-1090.33
-4165.67,-1487.88
1873.17,1847.56
-2034.15,5635.23
1753.36,8231.92
-658.238,5598.02
-1273.4,1050.24
1575.06,-3215.51
-2564.25,-5016.36
6170,-5361.08
-5368.89,-6454.3
7456.51,-5789.65
-7833.29,-3670.21
8933.81,442.756
-8126.88,2203.62
9247.13,3988.98
-10434.5,1669.51
8682.3,2378.5
-7935.27,915.402
8249.25,-160.203
-6862.43,-3032.84
6114.92,-3702.22
-5021.51,-2275.66
4349.42,396.301
-2545.71,2294.87
2120.71,1943.1
-2475.64,2184.55
501.51,2549.58
-697.013,4114.14
1307.8,2779.89
-1173.39,-84.5231
1150.4,-3119.81
-936.795,-5092.55
2405.34,-4620.98
-227.563,-4520.32
1350.15,-3928.49
-1488.31,-2438.33
244.44,1248.88
-451.501,4358.53
358.26,5702.04
416.329,3507.82
-3271.51,1763.4
2276.6,1237.15
-3246.44,738.394
5608.96,-972.603
-6279.92,-4304.92
6719.34,-4878.01
-6871.13,-3334.63
8965.25,-288.548
-8596.11,550.173
8536.14,1525.29
-10333.2,1016.96
8551.39,3870.83
-9383.16,4760.89
9928.92,4401.77
-8664.09,249.303
7585.52,-3214.45
-6846.79,-5589.31
6687.71,-4436.16
-5019.44,-3040.1
4455.64,-1075.37
-5247.06,2050.49
3737.88,5450.29
-2630.24,6996.85
1100.57,5848.87
-1665.24,2769.25
436.502,-740.909
-1067.86,-3032.64
1772.49,-5142.62
365.631,-5978.71
1.75513,-5207.19
530.104,-2506.55
-227.523,1326.86
-172.099,3988.2
25.5731,4097.48
-1910.13,4007.6
-931.657,4031.5
-92.3355,4332.67
1054.71,2926.66
-920.096,-1457.01
463.474,-4606.75
-638.123,-5374.69
548.931,-3516.83
2488.06,-2520.71
-1681.98,-2174.29
1527.28,-1959.57
-3087.68,1150.32
3754.25,4165.52
-5434.58,5392.18
5593.61,4956.48
-8584.63,2575.45
8267.66,1894.49
-8191.88,-283.726
10356.3,-2010.55
-10556.4,-4905.31
10197.4,-3758.78
-10714.7,-2098.99
11211.4,1349
-9844.18,1741.06
9108.52,2451.29
-9498.52,1881.22
8010.93,3115.15
-6180.95,1390.75
5922.34,-2011.3
-4936,-5633.47
4337.18,-6434.21
-2457.5,-4303.25
3197.66,-1124.41
-595.141,635.939
-705.287,1158.34
-213.751,2837.58
-706.563,3710.09
619.234,4815.74
-1059.94,3366.56
500.679,1633.69
-918.569,-190.627
1068.27,-1675.97
359.062,-2918.33
479.352,-3809.28
153.742,-3732.95
-685.552,-1178.94
998.565,1844.72
-768.432,2914.64
1393.98,2869.12
-1874.53,572.376
480.533,49.7923
468.261,-520.045
69.6452,-1872.68
2362.81,-4971.58
-2214.3,-6779.47
3174.61,-5867.74
-3741.84,-1630.56
5700.18,2437.16
-6264.42,3854.75
6262.74,4558.99
-9549,3994.06
8867.19,5731.17
-8433.7,3514.73
8847.34,969.968
-8845.58,-3779.01
8166.96,-4938.03
-7624.39,-4209.76
8505.28,-1460.95
-6524.5,-550.359
5536.44,826.722
-5336.27,1831.39
3282.95,3769.16
-2134.19,4116.33
2051.52,1130.34
-2314.36,-1591.89
656.812,-3297.67
176.977,-2748.34
1956.41,-2711.57
-741.121,-3426.59
365.035,-3245.15
-675.183,-759.877
355.141,2117.38
-344.418,4136.7
-325.896,4178.09
-1296.1,3046.57
186.85,3020.76
-1021.59,2082.93
1592.24,418.23
-55.9584,-2821.28
-988.835,-4872.79
698.489,-3999.16
-870.491,-799.517
3116.3,1138.97
-3644.8,1564.18
2327.89,2340.35
-4262.68,3588.82
4627.03,4611.01
-4773.92,2191.43
5031.38,-1144.79
-6194.78,-4141.97
6935.19,-4196.02
-5435.63,-4356.84
7062.77,-3366.43
-6731.17,-2851.81
5651.48,66.8062
-5819.5,2831.01
5349.04,5132.15
-5101.07,4862.2
2337.24,4472.46
-4560.17,4300.7
2840.07,4663.58
-1397.06,1944.62
1995.09,-2945.95
-1779.46,-6214.03
670.052,-6013.47
1379.7,-3153.41
85.6364,-1438.52
637.74,-1014.01
-2352.97,-271.814
578.222,3405.29
-658.902,6146.87
1073.3,5927.67
-1852.87,2410.74
350.504,-1433.68
-899.099,-3501.93
1403.34,-3926.34
-235.333,-3428
863.418,-2587.36
-1954.33,-401.689
2033.36,1996.57
-2484.65,4329.96
2142.07,4482.47
-3063.49,2987.63
2222.8,1628.75
-4303.08,534.378
6431.37,-1186.17
-6825.05,-3035.75
7428.63,-3647.12
-7554.84,-3472.25
8875.87,-892.006
-9074.54,272.824
9464.82,1991.57
-10840.6,2157.87
9518.67,3991.02
-9386.68,3300.98
8840.72,2646.38
-8801.29,-569.405
9046.26,-1965.08
-8901.3,-3593.85
8830.53,-3493.38
-6473.06,-2851.02
6034.91,-2172.83
-4805.07,-1382.64
4518.88,730.934
-4570.56,2564.18
2905.1,4257.04
-2581.31,4348.53
1130.74,2945.72
-1317.96,786.986
783.539,-561.834
-164.184,-1439.38
1159.35,-2937.93
-561.407,-3067.2
621.415,-3435.07
-53.9196,-1856.09
-24.4792,263.834
-795.912,2844.13
618.616,4655.48
-1423.12,4475.5
1406.28,2469.05
-1837.24,-807.632
2207.12,-2992.27
-1156.72,-5412.8
1141.57,-4558.11
-688.175,-3209.62
1132.69,-935.15
795.222,453.618
-2452.48,1773.36
2446.01,3460.11
-4912.98,5613.31
4593.76,6209.04
-6410.89,3893.67
6268.98,1307.92
-7685.33,-1942.72
8328.59,-1714.58
-7451.66,-3173.91
8447.18,-2820.75
-7588.79,-3863.73
6722.13,-2654.98
-6197.64,-1479.13
5570.64,1995.22
-4101.07,2779.88
2847.8,2431.51
-2767.08,1780.44
1620.4,-332.029
-244.566,-1789.42
607.627,-4116.21
373.065,-4425.61
-1148.6,-2893.02
1075.72,1020.64
262.945,3075.37
-1407.31,4472.54
-174.783,4747.31
-1174.88,4967.73
1264.92,4513.8
-2027.42,1532.44
2752.98,-1486.26
-3056.87,-4426.78
3374.42,-4822
-1695.87,-4327.9
2875.59,-2747.58
-1648.69,-2120.03
1640.81,-102.48
-1677.4,1193.92
1729.01,1854.59
-942.924,1876.03
-1240.12,1309.08
757.147,1391.56
-1006.96,1337.16
2686.17,-390.562
-1878.39,-3528.27
1597.51,-3806.4
-2356.32,-2231.76
4005.54,-38.7729
-3601.28,891.355
3833.09,414.453
-5253.73,1037.03
4018.36,3720.83
-4121.39,4861.81
4824.26,4075.35
-5301.86,-131.26
4152.11,-2789.48
-3652.1,-3813.29
5054.56,-3540.58
-2626.05,-4133.06
3001.14,-3369.31
-3534.26,-2248.53
2815.94,1168.22
-1376,3703.24
911.144,3202.07
-1958.38,3226.23
332.614,2743.74
-910.212,2575.4
2494.01,-56.5711
-1440.05,-4213.93
2162.08,-7139.78
-3141.3,-5629.74
4657.59,-1798.14
-4071.39,1678.05
4785.45,3390.19
-6533.21,2975.99
5695.01,4420.53
-6766.04,4242.39
7413.58,3593.93
-7006.5,-575.888
5184.83,-2830.49
-5182.08,-4183.52
5720.48,-2876.29
-2950.83,-2801.62
3425.48,-2200.97
-3920.11,-364.792
2220.49,2245.59
-1558.16,4691.65
990.841,3475.18
-1122.77,940.892
979.156,-1991.68
-1986.11,-1630.94
3913.47,-2304.1
-2176.99,-3775.67
2926.28,-4869.69
-4232.27,-4526.28
5113.31,-607.903
-5302.51,3138.86
6299.3,5791.22
-7766.96,5121.71
5004.42,5573.86
-6555.48,4756.22
6141.11,3918.99
-5640.99,-253.411
5919.61,-3580.39
-5330.32,-5437.33
4576.75,-4672.46
-1247.08,-3523.91
2496.39,-3079.48
-1630.51,-3624
518.143,-1563.7
286.221,2021.78
-1985.27,4854.09
3385.93,5048.38
-4142.97,1769.16
3422.81,-848.413
-3722.98,-2886.06
5352.7,-2808.62
-4368.71,-3588.01
5585.35,-3184.6
-6338.43,-2456.21
5933,1024.36
-5675.09,4103.51
5001.58,6416.11
-5884.91,6241.33
3997.83,5429.6
-4787.13,3325.67
4358.98,3.13306
-3312.16,-3417.69
4303.12,-6169.83
-3534.75,-7280.55
4950.69,-5491.84
-2765.81,-3885.23
4165.27,-2639.42
-4447.42,-564.561
3834,1951.24
-4921.8,4773.62
5224.31,5553.11
-5451.06,2964.96
4723.67,410.768
-5752.13,-1950.5
6188.58,-2006.47
-4815.23,-2662.35
5200.8,-2546.85
-4200.81,-2945.95
3383.16,-370.755
-2852.3,1699.64
3107.54,3615.8
-2661.32,3406.2
-247.547,2952.57
-355.817,3414.41
-783.805,2540.27
2430.06,706.9
-2790.39,-2280.05
3317.71,-3909.78
-2534.38,-4912.16
4502.97,-4089.35
-4010.75,-3896.16
3127.17,-1342.44
-3506.63,1808.36
2152.39,5485.52
-2088.9,6436.22
2314.24,4271.65
-2572.73,251.508
1734.97,-3309.16
-619.928,-5637.56
2581.44,-7499.64
-1607.78,-7013.07
1774.62,-4840.18
-2489.53,984.816
2836.18,6637.52
-3420.24,9200.32
2644.34,8423.74
-6072.3,6009.5
4920.12,4153.46
-6135.3,819.359
7330.02,-2378.25
-6698.4,-6166.47
7579.08,-6923.28
-6630.34,-6312.71
8464.06,-2758.12
-7206.03,-823.697
7639.86,444.539
-8128.06,1253.22
6785.06,2999.43
-6969.47,3297.78
7441.79,2614.02
-6773.66,-606.805
5669.94,-2783.09
-5226.67,-3590.99
6396.4,-3034.19
-4495.49,-2965.82
4146.31,-1819.51
-3781.9,-255.502
3280.49,2839.54
-2649.31,4221.42
1211.47,4565.48
-2115.43,4581.63
-250.009,4123.08
502.093,3009.7
-705.011,558.196
1751.23,-2333.51
-1505.09,-4868.36
2084.96,-4754.84
-89.6682,-5137.52
1947.2,-4350.25
-1046.59,-4068.8
255.406,-1560.19
-241.22,2159.47
-212.922,4821.78
1082.18,4713.22
-1791.4,1848.7
-564.789,824.021
-557.378,555.83
1432.06,907.613
18.8699,-1859.26
-866.378,-3157.74
45.4941,-2180.03
-1377.88,1244.65
2804.69,4509.27
-3181.73,3704.4
2114.01,2380.41
-4093.26,891.572
3764.05,1391.92
-3656.45,261.256
4470.25,-1306.62
-3551.39,-4490.7
2402.51,-5035.68
-1431.5,-3742.79
2456.04,-1505.45
-1158.1,44.0204
-448.054,958.713
-555.761,2869.12
-450.246,4063.96
760.257,3931.96
-676.934,1238.23
-173.424,-1010.24
-510.501,-2021.06
1084.35,-1552.84
522.678,-2479.56
-760.972,-2484.64
744.399,-923.982
-2026.98,1975.29
2188.02,5359.61
-3301.49,6437.78
3329.33,4698.13
-4885.12,1500.2
4336.48,-256.492
-3570.17,-2903.69
5252.17,-4527.41
-3864.28,-6539.05
3757.68,-5451.13
-3276.89,-3286.57
3489.27,894.366
-1670.01,2939.47
286.945,3549.38
-1299.49,3838.48
127.725,3594.01
-573.628,3047.99
192.376,-183.49
35.1718,-2126.2
-640.68,-3546.82
698.932,-2497.4
1832.17,-1939.49
-1551.81,-1406.59
1936.76,-1192.37
-3047.06,-204.646
2904.12,2520.16
-3967.56,3473.26
4010.92,4256.34
-6198.76,3476.02
5922,2810.21
-6138.77,845.211
7178.83,-1903.83
-5973.24,-5477.64
5790.74,-5825.91
-6288.71,-4304.96
6044.92,318.793
-4394.16,2661.13
4446.79,2654.38
-4482.55,1434.92
2924.31,1891.16
-4075.8,2656.77
4358.05,2100.75
-3823.97,-652.467
1995.47,-3114.33
-1659.51,-2855.74
2073.08,-1058.82
-486.87,878.095
835.892,1052.75
-1540.08,56.945
-124.699,586.981
-1138.53,2032.77
775.476,3555.14
-694.801,3621.55
134.612,2180.93
-794.021,529.764
853.074,-1785.22
-64.7055,-3142.69
114.857,-4024.99
-1100.24,-3095.85
1667.09,-600.662
156.406,198.815
466.568,-76.2147
-297.788,-1129.32
-693.445,-176.651
-361.819,1592.38
216.864,2355.04
379.799,1141.57
-2291.59,623.754
2296.43,977.502
-3265.21,2382.28
4542.35,2931.52
-5633.56,1090.34
4774.94,123.093
-7053.91,-162.48
6948.37,1878.17
-6418.52,2151.29
7002.16,1405.75
-6610.53,-1569.04
5013.29,-1492.99
-5447.3,-1935.37
6868.96,-1555.69
-5310,-3165.91
3996.13,-3710.06
-3351.49,-1801.2
3174.42,720.251
-2169.65,2340.54
1158.64,1865.56
-2426.58,1473.15
625.654,1845.01
-726.981,2839.7
1109.88,1920.84
-984.523,101.652
676.604,-1309.06
-1408.54,-2163.28
2458.23,-2130.91
-1294.66,-1992.26
1419.52,-1636.31
-1906.58,-344.757
1722.12,2267.13
-1740.71,3819.38
1860.72,3409.47
-2383.78,1470.61
1281.4,500.834
-1743.62,100.803
2139.3,24.9597
116.715,-2120.5
-209.553,-3821.42
929.764,-4497.78
-1057.63,-2533.04
3288.87,-492.618
-4388.96,1122.91
5189.13,1816.25
-6559.75,2004.05
6998.27,2716
-7634.39,1254.84
9707.55,-212.647
-9799.93,-3692.68
9909.08,-3686.94
-10866.5,-3033.1
11147.5,867.737
-9664.79,1737.32
8154.41,3654.05
-8817.64,3771.59
7468.65,4800.07
-6961.62,3791.87
5553.1,1005.21
-4126.23,-3053.18
2762.82,-5221.44
-1502.04,-5116.85
2645.92,-4260.38
233.709,-3135.53
-467.309,-2754.8
129.193,-228.046
-649.939,1659.86
689.516,3705.45
-1318.09,4062.65
-473.955,3433.12
-319.12,2664.5
-331.666,2270.11
1173.76,-334.581
-839.119,-3270.05
1134.87,-4038.69
-2294.8,-3062.71
1945.55,855.04
-667.621,2608.79
33.9,3681.77
-1318.81,3250.64
-216.287,3256.07
1696.13,2003.36
-1987.15,-803.172
2734.47,-4482.56
-3077.46,-6537.23
4808.76,-5712
-4712.43,-4214.07
7666.55,-1567.57
-8287.2,35.5465
7395.35,3494.24
-8239.51,4751.52
7846.39,5605.75
-8110.48,3343.36
6132.51,1957.07
-7396.52,618.63
7770.48,635.684
-5081.78,-2331.37
5262.61,-5000.72
-4611.85,-5862.5
4560.32,-3474.39
-2708.36,-367.988
2986.61,1197.97
-2539.74,2291.47
565.603,2733.68
-1613.99,4305.59
1756.8,4678
-1130.71,2175.71
1006.41,-1768.89
-1403.04,-4358.37
1621.02,-4705.67
-326.253,-3593.44
2631.65,-2787.55
-2872.71,-1849.43
2415.24,350.334
-3014.76,3100.97
2610.29,5463.37
-3464.38,5059.72
2760.14,3065.16
-3616.65,395.986
3114.81,-1096.43
-1933.98,-3317.78
2555.29,-4029.79
-1381.44,-4989.3
969.037,-3507.51
-916.456,-503.534
22.8278,3034.53
562.985,5382.86
-2454.91,5289
1451.52,4710.42
-3436.86,3255
3726.38,997.208
-3608.3,-2757.88
4475.62,-5100.21
-5007.9,-6245.48
5798.35,-4134.95
-3732.52,-2347.02
4489,-785.801
-4945.24,438.557
3440.34,3158.07
-4046.95,4800.8
4152.96,4638.05
-4445.38,2070
3575.84,-702.453
-3633.76,-2349.88
3769.25,-2390.17
-2423.84,-2107.35
2579.91,-1671.89
-3466.76,-22.2158
2906.88,2529.35
-2875.82,4389.7
3258.13,4499.57
-4233.47,2784.53
2057.63,2163.22
-2470.45,891.035
3835.09,-1294.23
-2694.5,-4394.95
3245.64,-6652.01
-2076.85,-6323.1
3796.38,-3956.26
-2189.68,-2451.4
3606.28,-1930.03
-4611.43,-527.591
3308.67,2472.23
-3605,5378.31
3641.76,6246.07
-3619.19,3661.9
3063.17,526.023
-4427.31,-2046.73
4341.48,-1486.5
-2744.23,-1645.05
3009.44,-1779.89
-1808.12,-2319.46
1605.94,-1046.42
-1500.76,1145.19
1548.22,2909.88
-722.828,3217.08
331.101,493.137
-793.909,-1204.92
814.208,-1970.58
652.84,-2411.03
1548.64,-3723.84
2.24308,-5059.69
47.9646,-4801.61
-357.07,-2150.34
1378.83,1444.06
-1001.68,3141.77
289.203,4339.73
-1285.48,4151.51
-332.582,4620.78
720.02,3398.31
-1100.67,504.946
2446.11,-3180.63
-3448.11,-5307.79
5463.08,-5463.51
-4337.49,-4228.02
6901.44,-2669.28
-7982.25,-1105.07
7483.56,2617.62
-8817.46,4649.05
9682.4,6200.24
-10440.6,3277.21
7973.44,2703.1
-8029,353.972
8165.75,-617.712
-5051.86,-5355
5116.5,-8091.95
-3944.46,-8045.01
3757.76,-4548.37
-898.84,191.686
820.617,2017.43
-954.736,3739.15
-1550.51,4243.93
984.985,5918.48
-963.31,4279.34
1298.56,1550.12
-1495.29,-2642.55
35.4849,-4253
1293.4,-3407.73
-397.138,-2420.93
2184.85,-1043.76
-3435,338.31
2658.77,3304.07
-2363.93,4583.24
3050.51,3693.2
-3126.48,-47.438
1782.18,-2054.8
-2049.6,-2601.28
3097.8,-1955.44
-1009.93,-2878.61
1996.63,-4446.7
-1230.75,-4382.6
1429.98,-2450.74
183.627,-25.428
-806.162,2019.37
-151.261,3602.2
-1760.06,4415.75
1219.04,4913.45
-2113.7,4493.63
2417.7,2430.99
-2684.91,-409.168
2716.9,-2723.78
-2488.6,-4574.71
3598.12,-4761.11
-1933.69,-5211.19
2217.47,-2671.55
-3302.64,1105.29
2596.32,5562.42
-2103.02,6987.51
673.086,5092.25
-1845.88,1724.29
1191.52,-1029.51
-1011.16,-2233.1
2132.66,-4336.85
-1054.72,-5350.37
1656.31,-5737.17
-1873.91,-3509.89
2458.83,241.9
-2016.76,2902.66
3302.78,3893.53
-5918.71,3678.79
4125.01,3954.27
-5472.59,3645.3
6546.75,2152.52
-6624.26,-1969.11
6240.21,-3278.15
-7003.5,-2646.56
6891.71,627.689
-5818.5,1836.23
5772.91,1476.82
-6702.36,211.66
4982.3,1818.67
-3478.04,1602.57
4034.46,671.68
-2625.14,-2769.51
900.886,-5279.33
119.771,-4750.92
69.8676,-2938.32
1875.58,-528.968
-1259.99,-116.676
1317.07,972.779
-1984.12,1426.35
1057.12,3253.3
-1002.23,2683.65
368.957,2256.55
-1216.05,1059.58
-1049.1,1599.35
3017.3,2006.07
-2651.32,25.3893
4034.27,-2203.13
-4459.6,-4577.01
4575.75,-2930.42
-4108.88,-1614.59
5725.37,-98.8628
-5036.22,-629.701
4226.78,419.558
-4242.96,1426.36
3352.25,3318.11
-2455.31,2830.98
2082.55,435.013
-1471.57,-2591.86
1049.31,-4412.83
692.552,-3528.91
116.804,-2705.91
1105.79,-1572.9
-1757.3,-249.582
1091.33,1650.46
-1401.8,3220.47
2141.38,3997.97
-2482.31,2530.76
1690.26,1127.46
-980.03,-1030.03
1887.08,-3518.43
-870.451,-5509.96
785.223,-4908.1
12.9899,-2245.41
515.464,1315.69
90.4304,3430.96
-840.418,4096.08
-758.902,4876.14
-1231.68,4948.08
1111.45,4099.19
-342.156,282.672
772.408,-3815.07
212.291,-7154
-68.8835,-7036.59
2566.88,-5485.73
-1341.41,-3458.51
2960.26,-2108.75
-4507.68,182.909
4644.42,3888.15
-5673.28,5937.16
6243.59,6108.1
-7430.91,2641.17
5823.93,682.461
-6914.01,-1327.12
7444.67,-718.644
-6058.02,-2255.24
6187.89,-2440.15
-5515.98,-2470.92
5254.93,-718.334
-4171.88,731.645
3451.49,1596.11
-2924.78,1570.42
1087.82,1462.68
-797.295,1653.35
1107.46,256.444
-197.803,-1114.74
1017.63,-3621.63
-1645.91,-3704.18
2436.92,-2869.2
-2165.27,-1081.62
3853.15,-250.471
-5344.92,954.802
4949.12,3071.36
-6658.83,5030.19
6379,6394.84
-6925.83,3145.88
5822.72,1363.9
-6001.68,-2735.43
6350.11,-3134.4
-4192.79,-4716.54
4055.92,-4450.92
-2667.91,-3570.88
2150.66,-1983.29
-238.404,-65.6208
-408.265,893.102
1360.26,2304.41
-3814.47,2807.96
3734.91,4344.77
-5008.7,2861.66
5921.12,533.082
-5401.98,-2977.89
5295.26,-4254.04
-4883.84,-3210.21
6100.01,-1227.99
-4544.18,-1284.24
4423.54,-1026.66
-6395.89,603.933
5387.64,4793.24
-4875.78,6749.91
4180.11,6357.68
-4389.81,2489.28
2776.69,-1118.18
-2511.09,-3375.9
3453.86,-4564.32
-2193.55,-4656.76
2254.27,-3704.98
-1886.66,-1535.58
1853.05,938.452
-1285.59,2576.71
2324.33,1791.26
-3960.95,1424.94
2444.93,1146.99
-3134.27,1364.68
4713.13,13.6418
-4861.4,-3229.71
5763.58,-4378.33
-6428.16,-3486.39
7712.73,-450.542
-6436.59,245.996
6386.38,541.594
-7029.08,-628.858
5956.35,1806.32
-6214.55,3344.16
5136.77,5475.47
-4483.46,4467.1
2249.7,2338.33
-1825.49,-180.956
1093.04,-1778.39
1050.47,-2867.9
-1480.35,-3326.97
2500.36,-2053.9
-3636.93,-1115.53
4471.42,1259.55
-4655.97,1549.97
4506.76,2268.15
-5051.71,1652.2
4473.79,1786.99
-3737.09,-453.46
3909.86,-2836.86
-3952.37,-4629.82
3170.29,-3636.9
-1728.28,-1662.63
2643.6,-219.385
-1700.18,414.007
348.346,625.508
-1830.25,2718.14
694.764,4492.52
-1622.33,5236.21
1663.48,3012.86
-2853.81,694.156
2184.77,-421.083
-3643.78,3.17966
5531.63,-199.387
-5112.39,-2212.88
5136.35,-3425.82
-6136.11,-3364.2
6718.45,213.563
-6773.53,2301.78
7364.75,3204.39
-8600.07,1635.11
7320.55,1283.17
-6895.47,-439.662
7674.84,-1593.92
-6201.9,-3928.66
5519.63,-4060.61
-5193.12,-3071.78
4643.94,-389.518
-3281.33,1733.17
2221.96,3003.1
-2409.17,3429.55
-642.316,5715.52
1058.23,5835.33
-1731.9,2850.02
2800.4,-1074.01
-3925.99,-5423.78
4179.98,-5074.99
-3293.01,-3415.33
5956.97,-1616.78
-5521.26,-1889.24
4257.53,38.3172
-5407.97,2623.9
4790.11,6235.89
-4673.41,5848.7
4925.88,2521.99
-5163.76,-1602.71
3091.32,-3906.42
-1448.67,-3878.14
3286.32,-4051.61
-2574.04,-4379.21
2637.78,-3092.34
-3375.46,219.512
3592.49,3819.52
-2536.21,5048.37
1599.35,3885.42
-4424.82,2649.97
2747.29,3034.14
-4182.37,3464.32
4659.27,2155.51
-4002.96,-1166.07
3909.53,-3567.89
-4011.67,-4558.2
5305.16,-3049.05
-4138.43,-2694.09
4072.42,-2208.59
-4197.8,-1512.26
2915.99,1307.44
-1961.22,2950.19
1828.01,3860.6
-1617.02,2005.55
-561.446,354.04
1886.83,-1608.73
-2281.6,-3560.83
4580.19,-4374.35
-5268.89,-3835.29
5536.64,-180.499
-6762.48,3329.78
7487.07,6282.9
-8873.06,5274.29
8035.23,4696.47
-10741.9,3608.7
9207.78,4711.81
-7320.13,1336.32
8086.81,-2880.56
-7028.36,-8352.83
6074.61,-8480.31
-3547.62,-5616.69
4740.64,-1906.24
-2186.65,-494.081
909.579,-80.624
-917.266,1345.12
-447.533,3083.45
1600.86,4268.86
-1688.24,1431.34
1266.52,-356.8
-2693.97,-2456.48
2586.2,-1642.36
-910.569,-670.652
1243.89,-234.645
-1362.22,431.738
127.781,1985.93
-272.597,3688.36
711.107,2926.31
-553.403,1006.5
-686.688,-814.644
-299.68,-145.099
1067.78,40.2681
268.744,-932.763
1331.54,-3303.43
-1743.9,-5095.77
2805.79,-4062.27
-2556.98,-1472.83
4563.54,-72.2106
-6109.82,987.04
4827.67,3124.26
-6806.64,4878.41
7160.1,6028.45
-6637.18,3037.88
7312.96,-876.218
-8574.29,-4791.04
9141.02,-5245.16
-6466.08,-6519.3
8166.05,-5957.35
-7535.48,-5264.56
6181.98,395.218
-6457.37,6371.05
5429.09,10194.8
-4554.77,8884.82
1524.86,4559.98
-2278.94,359.722
1973.78,-2449.18
-4.25188,-4636.77
1280.99,-7162.39
256.773,-7482.36
-373.312,-5809.59
1930.23,-1300.67
-1.27338,1904.71
286.993,3589.62
-1086.01,3798.02
-953.789,4205.97
387.477,3538.34
188.189,972.949
-213.722,-1546.4
49.6719,-3717.33
1199.93,-3565.99
638.483,-3216.16
343.709,-2836.4
228.419,-2234.48
-2164.31,906.848
2633.42,3708.04
-3331.71,5510.49
3587.79,5326.38
-5235.42,2924.78
4834.51,1511.27
-6285.74,-590.868
8571.81,-2794.08
-6556.64,-7016.56
7000.27,-8097.71
-6238.25,-7042.57
7438.46,-1924.66
-5953.16,778.34
6944.74,2057.06
-7178.28,1409
4351.5,2508.36
-3932.6,4300.09
3080.16,4754.51
-2997.92,2592.67
2493.92,-689.074
-2618.65,-2519.05
2468.79,-3098.99
-400.075,-2046.27
1068.74,-1261.77
-380.174,-1507.99
-369.842,-156.439
-887.725,2507.75
357.649,4520.18
-528.434,5637.79
268.649,3652.26
-731.076,286.199
1350.64,-2849.68
-393.052,-5726.05
1416.63,-6962.88
-841.413,-5962.57
1507.65,-3714.96
-131.216,-1065.44
411.335,1751.62
-1160.91,3381.31
183.973,5697.35
-1384.18,5712.55
648.004,3391.21
696.767,-1050.75
-1602.9,-4938.36
2584.34,-5922.42
-2456.33,-4019.5
4586.87,-1681.86
-4141.18,-341.945
4379.3,1081.31
-7118.25,3263.22
6857.31,6840.48
-7694.6,7529.13
8350.66,5075.02
-8434.86,-1246.33
7808.94,-4667.91
-8021.07,-6574.08
9167.59,-4216
-7274.24,-3099.19
7412.6,-1383.06
-6605.39,-399.524
6827.52,1050.96
-5684.73,1603.8
5354.52,1355.27
-4732.79,-376.989
2901.35,-1285.82
-2319.03,-1436.6
2590.8,-1728.46
-1212.44,-1161.53
1366.87,-193.699
-1826.96,1428.82
935.717,3197.45
-1122.2,3647.61
810.367,2179.75
-2108.05,1150.29
1197.62,1037.01
-1389.38,2150.13
1667.92,1798.49
-822.026,-1032.1
2238.46,-4499.94
-2607.78,-6791.64
3742.16,-5587.77
-1089.25,-4166.26
1990.4,-2290.54
-791.541,-1965.57
-141.012,-45.7177
412.022,1745.48
-1099.25,3727.47
1576.51,4451.3
-3670.25,3714.96
4144.27,2542.5
-6084.35,1132.61
7196.19,-9.24734
-7037.54,-2118.84
7561.91,-1347.06
-9357.23,-670.618
9270.04,2837.74
-8637.58,3150.33
8312.57,2694.2
-8391.62,300.877
6660.44,394.707
-6316.24,107.424
6893.75,-545.558
-5437.59,-3805.42
4924.87,-6058.24
-3696.51,-5657.86
4192.25,-4091.38
-1514.15,-1936.53
2411.83,-1492.34
-4074.64,56.7343
2699.9,2207.25
-3953.22,5252.24
3547.65,6564.2
-5280.38,5733
4612.77,4087.2
-6423.49,1813.41
7329.3,-370.497
-6631.48,-4005.99
7492.55,-5510.13
-7659.28,-5988.39
7925.42,-2104.49
-5995.96,-42.4238
6270.23,2542.66
-6147.85,2502.09
3941.7,3281.92
-3827.84,3751.42
3012.26,2821.25
-2024.05,-122.436
1213.79,-3160.6
269.765,-4458.02
-398.465,-4511.64
2669.47,-2841.82
-1842.39,-2430.31
1390,-40.6718
-2373.36,2082.81
1067.23,5289.97
-1211.92,6655.01
112.639,5503.16
-152.404,2281.86
-1305.98,-466.362
2271.77,-3341.92
-1407.91,-5655.93
3262.29,-6554.92
-3258.82,-6321.08
3027.43,-1565.22
-2800.08,2143.78
3678.81,5220.98
-4006.91,4867.98
1633.06,3934.18
-2033.01,2417.11
1312.55,953.035
-1253.85,-1238.43
559.945,-2975.77
271.975,-3355.18
-449.045,-2975.01
2852.53,-1684.8
-3188.61,-748.441
3215.96,892.779
-5096.93,2967.38
4420.33,4255.77
-3743.99,2585.93
3923.48,527.526
-5262.07,-1626.74
4578.03,-629.563
-4043.2,159.361
4593.79,107.817
-4120.07,-2346.77
3837.14,-2914.73
-4273.1,-991.333
3863.03,2504.98
-2901.52,4189.65
2225.01,2778.78
-3495.76,1088.85
1473.36,254.74
-1494.12,741.895
2695.46,887.583
-2244.75,-988.482
2134.8,-2825.29
-2103.89,-3593.69
2939.76,-3282.01
-2582.7,-2194.27
3726.57,-1070.49
-4807.85,954.366
2988.19,4076.07
-3869.95,5787.27
4082.21,5517.1
-5000.18,2518.25
3760.51,-14.8695
-4306.69,-1726.12
5396.08,-2209.16
-3868.78,-4358.7
3269.31,-4257.37
-3329.47,-3024.42
2768.49,994.3
-1804.5,4082.89
466.619,5171.2
-147.596,4288.14
-2548.21,2753.55
2491.01,1032.14
-2374.13,-1508.35
3099.66,-3193.89
-2704.21,-5619.99
3052.06,-4099.79
-1721.38,-3291.49
2634.84,-936.965
-1121.16,-375.491
-928.67,1288.31
1044.03,3169.17
-2513.31,4456.19
2860.98,4452.3
-4312.33,2085.89
4431.33,1179.88
-5863.92,-815.277
6811.08,-233.631
-6305.69,-1747.77
6202.36,-1719.29
-5954.29,-1702.7
5590.5,-204.321
-4058.67,240.414
3849.99,649.254
-2996.56,-94.1821
1277.51,-119.138
-852.66,460.633
1409.99,-557.616
712.076,-2716.4
-270.044,-4931.99
547.318,-4147.96
-934.524,-1480.44
1605.84,1902.34
-871.649,2353.49
30.0953,2286.74
-1456.33,2478.63
1133.48,3562.92
-1032.59,4112.13
1129.28,1740.53
-665.15,-1780.02
-449.926,-3973.86
-46.0633,-3140.28
2299.79,-1729.49
-682.709,-880.654
917.473,-615.667
-1085.33,-512.027
1141.93,367.237
-1331.59,958.036
1249.33,1609.15
-2559.13,1618.23
2573.2,1530.63
-2022.54,866.583
3477.01,-1948.4
-2886.71,-4497.47
4158.07,-5332.88
-4850.59,-4278.89
5519,-1486.85
-5223.17,1283.48
4714.71,3859.88
-6255.98,4850.2
6404.68,6098.91
-6093.5,3482.91
6341.09,-20.3247
-6530.91,-4579.55
5758.2,-5406.22
-4347.45,-5095.99
4821.63,-2750.23
-2816.71,-764.459
1415.71,2227.04
-2972.27,6439.6
1667.3,8248.46
-1760.98,7220.16
610.643,2447.35
-1611.4,-2000.6
463.392,-3859.27
94.768,-3416.54
2114.84,-4003.25
-261.581,-5502.12
1152.59,-6452.33
-371.282,-5616.87
1127.75,-1570.43
-549.11,1486.02
13.1921,4071.48
-1690.71,4740.75
-1378.81,5444.97
1384.58,5759.72
-1957.02,3836.46
2109.32,1043.98
-3669.37,-1104.16
3518.97,-2001.73
-4216.67,-2145.45
5772.99,-1552.54
-6468.81,-1426.21
7020.57,428.064
-7690.08,2448.39
7199.02,4526.9
-7975.94,3409.8
7481.87,1621.44
-8335.02,-1663.27
8212.16,-2776.99
-6950.75,-4105.14
9335.63,-4593.34
-8170.93,-5762.56
7495.89,-4322.69
-7246.71,-1757.77
6264.28,2560.16
-5932.42,5081.08
4374.99,6379.35
-5139.18,6102.2
1833.48,6237.37
-1578.01,3869.53
287.03,866.608
958.836,-3497.39
-1460.8,-6572.82
2334.51,-5405.46
-1893.44,-3246.07
4628.13,-310.944
-5267.97,203.528
4197.19,2291.52
-5673.66,3792.1
4720.32,5905.86
-4641.99,4396.28
4153.3,1934.99
-4130.96,-2170.78
3363.75,-4613.04
-1906.84,-4729.85
2514.55,-4846.6
-787.674,-4002.48
938.239,-2173.24
-2046.41,1197.7
2386.6,3974.27
-2436.42,5620.38
1512.94,4388.11
-4031.79,3233.79
3263.06,2278.83
-3905.6,838.179
5654.81,-1413.54
-6215.92,-4130.58
6609.51,-3624.2
-7221.57,-1896.4
8105.31,1032.23
-6963.99,543.674
6524.97,1044.16
-8105.66,867.471
6941.45,2939.92
-5855.86,2998.98
5494.19,1335.92
-3966.33,-3289.87
3327.93,-5881.58
-1568.09,-6188.81
2186.21,-4591.84
402.201,-2464.2
-2434.06,240.108
2430.02,3689.07
-4326.45,6045.37
5035.86,7264.41
-5900.45,5184.69
4181.63,3626.44
-5711.3,813.387
5718.2,28.9204
-4261.49,-3850.76
4041.56,-5351.24
-2992.18,-4909.44
3042.73,-1730.2
-998.857,694.303
880.177,1656.66
-919.149,1687.82
-1902.02,1231.75
1598.07,3094.58
-1827.19,2467.81
3006.84,809.345
-2819.1,-2929.22
1578.75,-3788.64
-1280.08,-3221.9
1118.53,-1323.05
1434.87,-1136.17
-3367.12,-385.556
2831.32,1570.09
-4321.96,4167.62
5662.16,5383.8
-6568.81,2233.26
6336.57,-582.459
-8653.6,-2493.26
8279.08,-296.786
-6937.96,-613.593
7375.2,314.501
-7740.53,-863.184
6430.18,543.583
-6144.1,1797.15
5494.78,2767.47
-4099.71,1394.55
2092.69,-743.136
-1747.72,-1430.83
673.008,-870.331
1587.65,-946.793
-1011.81,-2532.81
1369.17,-2493.11
-2892.47,-1735.92
3182.69,1151.23
-1941.63,2233.13
2120.4,1377.12
-3219.61,67.9702
2369.68,1161.06
-1899.68,1300.64
2620.92,507.975
-2210.93,-1469.01
1579.91,-2545.21
-1158.79,-1742.04
1822.57,-769.872
396.343,-408.123
-283.171,-850.537
-1073.02,-32.4191
281.175,2197.89
-190.11,3907.6
900.114,2998.01
-1070.92,953.959
1029.68,-1229.22
-1973.56,-1345.32
4499.93,-2011.54
-3752.23,-3435.35
4930.92,-4867.42
-4964.3,-4829.02
5834.97,-1432.77
-4681.05,567.575
5898.16,2455.08
-6993.09,1900.71
6401.17,2160.83
-6338.79,1022.45
5903.49,1198.92
-5114.86,-522.05
4627.4,-859.906
-3982.42,-930.416
2906.03,-335.472
-1933.3,974.177
1745.38,638.873
-979.036,417.806
710.246,-110.69
-1234.9,18.0177
1379.78,404.859
-480.437,-240.323
1016.52,-2564.38
-1040.73,-3114.84
1855.46,-2796.33
-1326.83,-1911.22
2796.14,-698.864
-2463.91,-1152.55
1918.33,-356.571
-3213.05,1345.52
2996.29,3515.61
-3225,4308.36
1542.7,4670.11
-1890.1,2920.6
1103.55,1432.88
-354.965,-1341.69
116.078,-3085.06
274.323,-3288.43
-1106.56,-2598.9
3072.73,-1218
-2639.76,-1071.93
2984.78,-561.307
-4563.77,1096.68
4336.22,3537.61
-4728.17,3143.48
5082.06,1954.49
-6623.16,-773.326
4432.8,-289.372
-3904.2,796.613
5044.88,683.75
-3891.7,-1928.67
2672.02,-3224.55
-3440.57,-2466.52
3741.76,-50.9552
-2842.65,1502.97
2404.55,1243.93
-3064.9,1039.67
1041.86,2046.25
-1446.81,3635.27
1281.09,3448.13
-2021.51,1723.55
2040.08,-1042.76
-2641.4,-2745.33
3257.64,-2801.78
-1955.71,-2915.84
2370.18,-2084.07
-4022.99,-297.022
3711.91,2232.1
-4982.98,4891.21
4806.72,5433.68
-5143.95,3398.82
5372.54,899.173
-6355.13,-2355.33
6578.5,-3298.85
-5650.58,-4867.73
6198.77,-4708.23
-5030.75,-4047.94
5485.06,-1523.68
-4745.24,717.869
5277.06,3383.8
-5322.15,3170.38
2757.08,3189.63
-3315.49,3256.92
1004.58,3309.42
495.2,2128.59
-331.878,-287.027
1459.09,-2598.3
-1885.18,-3971.68
3400.92,-3649.45
-2987.64,-3116.55
3656.94,-1667.97
-4844.91,250.669
4756.45,4123.8
-4399.17,4913.36
5564.35,3651.92
-5087.18,-895.22
4383.06,-4049.17
-4288.55,-5346.74
6250.02,-5680.79
-4232.06,-5146.96
4417.51,-3140.83
-4352.09,109.681
4141.75,4664.68
-4133.02,7077.2
4399.66,5559.15
-6092.89,2828.12
4716.19,770.437
-6064.16,91.9898
7269.23,64.3563
-6346,-2035.34
7546.76,-3579.36
-7628.89,-4583.09
8936.16,-3126.12
-6415.95,-2533.9
6987.11,-1669.61
-7597.85,-1699.29
6273.52,1916.72
-5831.19,3183.17
5813.77,3636.9
-3783.8,961.414
1910.35,-1358.64
-958.125,-2310.69
178.549,-2087.28
2264.2,-2314.78
-2888.85,-2994.18
3506.65,-1309.07
-5555.47,1704.91
5810.47,6672.5
-5576.08,6599.7
5628.41,4390.49
-7584.42,65.1998
7053.46,-2242.54
-5361.31,-4425.36
6357.28,-4566.39
-4632.31,-5583.38
3701.71,-3671.15
-2427.74,-956.832
2256.58,1870.59
-1178.67,3410.72
-402.015,3310.78
-298.98,3741.75
-623.766,2370.83
648.155,641.456
235.801,-2737.88
-1356.94,-3336.69
804.993,-2693.31
259.088,-189.703
2147.61,46.4131
-3126.99,-917.034
3598.97,-549.425
-5760.86,861.733
5675.08,4126.97
-6560.99,4135.3
6543,3295.11
-7952.75,601.163
7342.49,194.838
-6635.06,-1162.31
7413.01,-1817.08
-6511.48,-3672.72
5252.52,-3631.29
-5298.48,-2169.04
4957.23,1290.48
-3430.37,2652.92
2163.71,2919.31
-2995.32,3255.91
1064.93,2995.38
-985.626,1920.18
1832.85,-1619.66
-1072.47,-4798
37.1248,-5561.36
340.491,-2944.13
1039.14,-119.314
-24.4505,950.923
426.804,-139.38
-1622.3,58.0808
812.404,2145.4
-1542.26,4104.28
1667.47,4894.39
-2993.49,3059.17
1963.23,937.342
-2471.48,-349.275
3786.58,-1333.65
-2111.9,-2823.92
3070.4,-4007.35
-2630.49,-5083.23
2740.75,-3074.88
-1621.36,-1345.05
1682.02,964.99
-2002.75,3496.68
501.74,5519.82
-228.356,5435.6
-62.3978,3044.69
220.668,-974.496
-976.848,-4206.78
1623.13,-4571.47
-395.42,-4594.48
2855.34,-3925.45
-3162.05,-2742.25
2927.8,204.927
-2774.95,3170.34
2580.61,4789.87
-2332.96,3752.21
1020.26,2394.35
-2326.92,642.617
973.487,1004.49
238.563,271.976
-93.0277,-1561.45
705.486,-2999.73
-2202.76,-1992.86
2270.7,744.915
-478.271,1023.64
1791.59,-17.7727
-3038.91,-2765.26
1397.33,-1187.23
-230.318,173.348
893.682,941.604
323.234,-867.666
-1217.96,-2804.14
1623.68,-2049.43
-3153.23,271.295
4626.75,2553.48
-5316.71,2238.04
4676.46,2531.15
-6488.35,1635.41
6278.83,2766.34
-5987.46,2327.63
5457.96,1652.33
-6173.8,-323.067
5011.78,-769.468
-2794.44,-2288.28
3313.1,-3256.86
-1891.19,-4349.81
2018.05,-3388.09
-1297.41,-1207.88
1857.01,-766.921
-852.243,63.5446
-1026.3,882.288
-312.675,3454.29
738.381,4864.52
-638.381,4453.17
864.148,648.34
-1888.29,-2347.93
1146.28,-2589
-1582.86,-1461.47
3495.95,-31.9736
-3704.79,-539.235
4272.14,-321.201
-5691.5,869.24
5085.01,3155.53
-4557.1,3518.47
4295.03,2258.21
-4822.19,-1642.07
4267,-2764.8
-3312.6,-3111.23
3168.72,-1969.39
-881.46,-2089.18
-486.067,-1095.43
619.323,-419.836
-2170.21,1633.12
3614.63,3104.4
-4570.23,2015.04
4755.24,1906.54
-6668.95,78.4798
7202.41,255.652
-7555.45,-1225.64
7885.32,-1404.97
-7948.36,-1970
7533.26,171.121
-7278.92,1147.16
7287.89,2244.09
-6216.71,868.665
3229.58,851.007
-4029.81,2132.19
2262.63,3910.71
-1576.26,3998.35
1820.75,1008.01
-2109.6,-2083.51
1686.99,-3851.91
-814.276,-3235.64
2209.72,-3857.17
-1291.36,-3957.84
834.481,-3216.42
-1777.82,-152.722
2659.79,3050.95
-3364.23,5039.66
4435.11,4207.29
-6590.5,1216.5
5720.44,473.495
-5679.18,-1529.44
7447.46,-2870.6
-6375.58,-4787.33
5570.45,-3177.91
-5670.69,-391.279
5451.49,3899.27
-3683.55,4221.72
2323.2,3525.37
-3967.15,2468.68
1595.4,3792.28
27.7487,3891.38
-476.086,288.469
3083.31,-4391.46
-4238.68,-7661.38
4212.93,-5410.62
-2836.64,-2181.52
5326.36,761.869
-6125.61,655.779
5407.87,1241.24
-6199.31,2092.83
5754.64,3919.46
-5347.55,3039.62
4155.53,1475.37
-5318.6,-795.817
4515.41,-1462.95
-3279.65,-2011.13
4394.56,-2874.53
-3388.29,-2797.8
2492.91,-1524.55
-1998.36,-438.396
3127.42,164.039
-3444.08,74.3221
991.303,1215.2
-2514.14,4799.81
2719.82,6399.71
-2339.53,4136.7
2492.5,-325.343
-3739.39,-3974.19
4051.47,-4556.76
-3300.24,-3539.74
5315.21,-2980.03
-4936.22,-2810.07
3621.73,-179.912
-4500.56,3001.53
5069.3,6465.62
-4731.06,5423.37
3017.81,3188.36
-4331.84,201.276
3005.8,-841.704
-525.628,-2875.12
975.017,-4500.76
-125.807,-5006.41
-544.135,-3190.46
2109.03,269.364
-2823.81,2179.23
3301.34,3522.33
-6085.07,3964.46
4480.32,5510.53
-5020.04,4775.53
5415.78,2687.9
-5781.87,-1983.96
5202.38,-4291.06
-5100.74,-5094.59
6022.62,-3912.15
-4270.29,-3052.17
3492.06,-1236.49
-4134.07,1147.02
2640.66,4921.24
-2497.16,6289.43
2291.16,3986.96
-2367.49,269.337
1356.73,-3575.95
-2169.96,-3874.26
3170.18,-3071.07
-1743.9,-2807.18
2088.97,-2263.24
-3410.16,-29.5846
3295,3224.13
-3783.66,5902.18
4199.97,5672.31
-5477.22,2312.25
4120.14,518.266
-5543.56,-1007.48
6041.62,-395.564
-4648.95,-1563.18
5068.62,-2502.56
-4946.18,-2629.07
4444.67,-1005.51
-2585.07,-302.552
3811.51,-374.889
-3247.03,-2216.56
979.945,-1286.95
-990.196,1780.66
761.563,3386.31
13.0567,3350.35
-180.946,653.838
-742.18,-731.956
417.773,-732.621
607.474,-445.462
248.932,-1514.43
-461.401,-2382.82
-542.381,-1714.07
583.572,591.674
836.109,2310.72
-1191.55,2520.08
1079,1910.83
-3200.61,1252.56
3232.84,1024.96
-2393.25,-551.343
2919.14,-2581.78
-2164.14,-4116.75
2623.91,-3585.12
-1581.46,-2713.74
2410.99,-1103.31
-1944.06,-857.479
-54.7527,1568.56
-416.32,3713.81
-333.137,5655.66
1295.34,4863.28
-3421.98,2220.88
3499.58,268.768
-5046.52,-1648.9
6746.19,-2350.15
-6349.5,-4083.65
6890.33,-3411.74
-7767.53,-1696.95
8415.31,2005.19
-8703.41,3304.34
8740,3658.76
-8916.95,1032.19
6506.83,839.121
-6397.93,133.94
6034.49,430.655
-3833.74,-2289.86
3623.48,-4692.19
-3453.49,-4599.77
2940.63,-2441.97
-1804.22,1129.87
2855.69,1567.14
-2963.1,1049.73
1125.63,691.114
-2509.89,3168.92
1334.14,5212.73
-1422.57,5077.42
1460.1,2526.62
-2887.21,-1323.82
3142.48,-2474.05
-2544.96,-3318.33
4490.54,-2965.17
-4804.7,-2763.73
3285.65,-706.377
-3857.93,2437.64
3167.13,5069.28
-2336.71,5002.32
406.447,4103.59
-2411.44,3084.58
1474.71,1799.03
784.581,-2657.4
347.41,-7838.65
757.859,-10817.3
-1168.2,-8431.02
3388.15,-2858.95
-3096.74,1983.67
3889.9,4575.92
-6536.44,4653.03
5274.25,6134.43
-8081.09,7357.91
8548.13,6620.53
-8937.7,2104.11
7784.34,-1885.71
-9498.62,-5083.27
10593.1,-3952.64
-8707.63,-3203.2
9359.89,-1002
-9531.17,-91.8048
8015.84,3220.5
-7833.08,4406.21
6397.79,4666.23
-6450.26,2267.08
5404.57,101.784
-5209.63,-1472.9
5061.98,-3377.19
-2779.92,-4551.18
2772.3,-5227
-2783.58,-4068.58
2814.95,-1260.77
-2284.18,2272.48
1836.74,4233.12
-3037.67,4910.77
1194.91,5261.13
-2968,4534.66
2741.6,2808.84
-2642.07,-836.864
2322.24,-3350.77
-2402.02,-4190.55
1750.94,-2393.73
282.398,-1012.85
303.807,-525.544
-99.3369,-1036.82
-1818.36,744.202
1595.7,3695.99
-3012.19,5214.56
3027.35,4701.58
-4216.29,1419.72
4456.44,-1485.7
-5390.14,-3345.5
6969.92,-2998.12
-6371.27,-3456.1
6560.92,-2308.78
-6996.36,-1674.24
6359.97,1021.99
-6191.29,2970.24
6763.81,3760.19
-6918.72,2517.73
4778.01,1920.89
-4809.17,264.649
4483.91,-731.887
-4142.2,-2323.2
3071.52,-1807.65
-2569.55,144.988
2079.55,2029.35
-739.045,2546.38
472.489,711.107
-1535.31,-557.283
1159.3,-1030.22
-1304.58,-75.5241
1537.19,-108.444
-1588.29,379.186
1717.27,-130.476
-2208.84,-576.428
3921.14,-817.02
-3479.79,-2207.9
4193.14,-2666.22
-5206.72,-2315.07
4740.45,708.43
-4489.58,1854.71
4316.44,3354.82
-4499.78,2703.2
2367.87,3492.31
-1685.2,2921.29
2047.09,580.991
-867.268,-3103.58
-492.7,-5442.99
1094.65,-4185.27
-1261.47,-1201.82
2729.6,2003.17
-3062.76,2552.9
2149.36,3830.15
-3503.15,3480.33
2599.35,3760.77
-2155.38,1758.17
2191.73,-1543.05
-1653.04,-4657.58
629.559,-5230
1669.54,-4512.29
76.4063,-3662.3
990.504,-2637.69
-1910.32,-1128.52
1574.35,2445.01
-1791.22,4140.07
1883.82,4670.65
-2491.96,2562.75
417.011,1582.72
-51.6314,704.029
529.693,-544.231
1525.65,-3530.14
-2034.1,-4839.56
2569.19,-3495.06
-2973.15,-957.265
5113.8,2264.28
-5723.27,2793.58
5145.25,3417.85
-7485.9,3997.39
7565.53,4764.88
-6832.74,1797.72
7854.79,-1985.07
-7687.02,-6295.23
7576.15,-6244.31
-6059.49,-4901.58
8463.41,-3003.79
-6306.53,-2994.76
4631.02,-979.674
-5629.66,2723.7
4808.87,7185.73
-4877.12,8078.35
3368.15,5451.34
-4331.11,1694.68
2366.8,-921.039
-1021.53,-2451.59
2652.07,-4451.31
-2301.61,-5447.24
2222.19,-4812.11
-2001.36,-2081.25
2698.52,934.723
-1937.16,2666.47
1488.24,3301.61
-3132.62,3028.41
2830.54,2448.4
-3320.77,862.781
4156.98,-2226.26
-4022.67,-4715.78
4285.93,-4304.22
-3745.21,-3095.74
4628.18,42.2797
-3167.72,586.758
1495.67,1621.25
-2411.91,2969.32
1430.48,4725.03
-1699.63,5098.97
877.669,3687.99
-827.684,693.517
-227.819,-1680.81
1062.99,-2563.34
-259.117,-4186.67
1783.65,-3646.7
-1577.33,-3355.26
1350.94,-948.622
-1176.79,1764.91
665.807,3482.95
167.015,3453.94
-1964.91,2344.76
1077.41,1569.02
-2058.27,1342.06
2742.73,-97.1905
-1751.46,-3345.03
2378.67,-4840.89
-2840.96,-5070.31
3173.22,-1788.59
-579.035,-365.046
814.616,-102.993
-650.372,-938.834
-1859.26,1225.5
1695.12,4102.29
-2719.39,5632.21
3348.85,4848.98
-5398.52,1437.18
5751.09,-333.458
-6478.79,-2239.18
8882.59,-2694.12
-8068.38,-4565.26
7699.58,-3443.56
-8312.28,-1769.57
8232.3,2318.82
-6951.71,3636.12
6752.28,3649.92
-6990.65,1949.26
5065.46,1373.01
-3435.83,-664.598
3980.64,-3300.93
-2914.21,-5997.63
2795.3,-6310.66
-1793.36,-2907.47
2200.47,634.695
-429.181,3102.08
-5.53015,2796.29
-1606.59,2732.06
577.222,3022.06
-1521.74,3688.42
1208.19,3107.77
-1336.14,1026.57
1364.16,-1294.09
-2099.45,-2646.94
3982.05,-2718.41
-3416.97,-2888.44
4363.15,-2600.6
-3817.11,-2430.29
4017.45,-1308.69
-4215.58,-82.6754
4953.8,1513.32
-4791.19,1283.11
4258.6,1290.83
-3514.19,-281.819
3739,-1464.09
-2457.49,-3643.57
1767.08,-2869.85
-1366.27,-1109.97
789.223,1260.9
910.827,2816.92
-2622.4,3110.22
2750.86,3201.63
-5048.38,3816.11
5482.27,4141.33
-6091.82,1335.55
7426.11,-1501.09
-8006.48,-4919.67
8534.31,-4441.29
-7477.25,-3678.16
9634.94,-2008.59
-8342.3,-2592.52
6344.37,-391.692
-7584.15,2340.63
6521.67,6623.95
-5958.7,6572.53
4735.65,3630.05
-4216.23,-648.461
2623.77,-3713.41
-748.094,-5197.03
2107.9,-6556.35
-938.821,-6267.15
375.131,-4476.07
109.904,2.9153
73.908,3844.84
652.228,5994.95
-1821.34,5641.69
-570.84,4575.52
-1234.51,3736.87
530.237,2196.34
130.625,-909.86
-150.802,-3336.45
-330.048,-3139.33
968.33,-1820.52
486.621,-360.243
1407.77,-1274.31
-1782.95,-2860.72
827.362,-1724.6
-1918.97,1703.74
3333,3617.82
-3350.73,2979.08
4615.82,-669.969
-5577.42,-3511.06
6315.71,-3552.65
-4770.37,-4121.56
7555.19,-3733.5
-7921.43,-4328.4
7699.47,-1725.42
-8097.78,2144.33
8201.18,6544.31
-7921.57,6797.81
6730.29,6286.73
-8707.77,3638.06
6905.24,2771.85
-5785.52,565.106
5615.1,-2319.06
-3324.66,-5282.68
3070.69,-6052.3
-1308.96,-4969.91
3016.96,-2854.87
-1345.38,-1559.3
1081.81,-1440.74
-900.921,256.184
-402.688,2083.16
1118.1,3326.33
-1146.65,2591.73
149.613,1404.55
-912.817,-231.482
1212.91,-1184.2
-161.443,-2400.27
1365.2,-3889.9
-1669.33,-3116.91
1082.42,-734.817
-1626.93,2853.68
2043.69,4729.98
-2641.35,3802.68
3127.47,1740.78
-4665.31,194.6
5364.95,-954.384
-4809.82,-2140.65
6130.8,-3594.19
-7175.02,-4791.19
8099.43,-2496.53
-7207.85,-798.793
8367.95,1982.69
-9182.62,3089.01
7534.25,4644.03
-8457.56,4047.43
8298.17,2879.28
-7575.91,-1303.1
7922.23,-3856.95
-6765.31,-5269.67
6635.99,-3974.27
-4031.43,-3202.88
3910.43,-2281.78
-3219.81,-1161.1
1196.79,2054.71
-786.486,5485.86
832.307,6471.4
-98.7552,4152.81
-2235.29,192.978
1341.65,-1352.38
-1993.84,-1925.51
3203.41,-1272.44
-2085.77,-2361.97
2175.45,-1788.29
-2336.86,-926.441
2020.11,1333.96
-520.151,1665.9
415.089,-24.7319
-63.7127,-2052.13
-1417.86,-2337.65
2308.19,-985.118
-1788.08,-228.465
2540.64,156.458
-3155.1,-832.178
2836.55,116.868
-2017.26,-82.372
2346.07,408.324
-2046.25,-150.665
671.675,343.488
-794.651,1255.05
-642.718,2725.54
1533.76,2819.76
-3091.42,2471.83
3361.18,2205.65
-4248.43,648.048
5696.12,-487.733
-5428.08,-3659.33
5155.53,-3849.27
-4670.96,-3939.82
4525.31,-975.108
-3166.94,558.132
2634.9,1976.73
-3146.38,2443.91
1094.2,3666.3
-239.282,3063.4
1062.92,-998.918
114.314,-4298.61
-1393.9,-6513.84
1877.05,-4153.59
-644.689,-1825.84
2118.11,44.2257
-1576.17,-96.8535
-1143.35,2106.96
748.579,5625.88
-1607.43,7182.64
2289.55,5327.79
-4163.31,1203.04
2686.46,-947.76
-4244.82,-1423.74
6006.99,-272.129
-3593.8,-2183.47
4002.34,-4090.89
-4881.6,-4428.49
3978.68,-175.954
-2248.37,1892.38
2759.54,2144.15
-2937.6,703.749
513.012,107.809
-179.885,1313.98
1390.9,555.718
-274.736,-1588
-414.136,-4525.68
246.082,-4177
86.1506,-2045.49
729.672,698.467
826.434,1089.19
-2359.46,1933.55
1184.74,3238.46
-3103.1,4447.82
4099.57,4852.3
-5448.89,2560.27
5051.21,247.076
-6242.54,-1367.17
7419.81,-1366.48
-5556.59,-3361.93
6576.88,-4382.34
-6561.46,-5129.01
6393.01,-1801.33
-5927.67,777.157
6540.73,2882.67
-5710.11,2393.51
3826.91,1724.23
-4412.82,1742.56
4313.53,1642
-3043.34,-307.955
2884.98,-3291.3
-2027.57,-4738.58
1797.76,-3932.66
-886.324,-1184.86
529.503,2394.41
-543.655,4085.66
-990.832,4849.48
416.278,4306.66
-986.647,2641.51
942.594,1110.61
-743.263,-1683.06
712.49,-3213.38
-232.501,-4682.08
1703.26,-4941.1
0.202026,-4843.46
-179.756,-2325.61
569.852,987.464
-510.002,3525.06
418.759,4500.23
-1105.71,2188.11
464.897,912.964
-848.73,-720.385
952.019,-618.297
-54.7349,-1088.61
-385.355,-1616.57
1486.79,-1762.79
-2134.56,-1295.21
3533.47,-398.709
-3371.86,429.786
4722.67,965.388
-6253.33,445.219
5757.83,1871.22
-6563.12,1925.18
6061.62,2687.94
-5476.59,1251.96
4927.14,774.221
-4478.33,-734.293
4243.92,-837.881
-2418.22,-2898.56
2377.58,-4172.5
-1589.81,-4213.51
1391.56,-2934.58
71.1975,118.176
-21.5125,1212.4
424.604,2414.66
-1436.94,1715.32
472.174,2034.07
49.6024,896.539
-146.147,-353.261
1262.52,-2074.95
-2780.57,-1966.32
3280.44,-307.087
-4034.66,1097.38
6038.78,1728.81
-8189.08,1398.14
7004.45,3108.81
-8826.57,4581.71
9291.88,5375.95
-9286.68,1410.01
8673.52,-1469.64
-9457.12,-4493.04
9166.04,-2926.51
-6892.6,-3136.35
7556.23,-2880.3
-7094.38,-3327.65
5097.33,-1088.03
-4017.83,1535.6
3649.64,3033.38
-2850.86,2773.06
887.87,539.625
-1797.61,479.958
882.303,241.043
467.057,-274.98
-530.864,-1579.68
-709.31,-1121.51
114.019,707.75
-518.342,2909.37
962.648,3588.3
-1839.36,2573.16
430.695,1725.39
-1809.82,1740.31
2083.76,2100.75
-2058.34,483.951
2072.96,-1631.61
-2244.67,-2839.22
2103.97,-2426.3
-331.571,-2589.5
2433.95,-2942
-2822.2,-3088.48
1872,-1466.32
-1316.57,947.638
849.534,3068.56
-493.623,2860.1
-1010.83,2563.92
278.294,2580.08
-1587.88,2828.16
3116.61,1043.94
-3332.48,-2016.93
4532.78,-4509.68
-5560.87,-4796.45
5739.41,-1346.9
-4591.62,992.912
5371.45,3026.87
-6858.69,1997.71
4899.74,3997.84
-4814.19,4134.79
4784.68,2992.87
-3608.12,-751.806
2519.36,-3933.45
-1923.72,-5367.04
1811.77,-4404.32
684.832,-2443.07
-48.3783,-2446.92
675.084,-709.812
-1207.93,579.293
265.987,3415.19
171.036,4074.15
-1092.23,3300.74
831.582,1111.12
-3039.05,1.20996
4771.4,-731.836
-3336.84,-2644.38
5338.62,-4564.7
-5613.01,-6034.2
6161.79,-3081.63
-6850.22,160.433
7145.72,4596.78
-7420.26,5553.72
5312.51,6843.47
-5937.43,5736.83
4860.8,4353.37
-3298.36,-232.502
2955.05,-4968.43
-2550.8,-7417.84
1289.03,-6348.87
1874.8,-3372.55
-1054.85,-1076.82
3380.46,-248.52
-4273.34,-11.8178
4188.21,1957.9
-4632.54,1801.53
5995.85,832.375
-6239.06,-2446.99
5516.55,-3142.42
-6334.15,-1344.32
7138.07,1988.39
-5082.83,1887.76
4415.63,1574.49
-6556.68,1089.67
5248.57,2794.47
-4670.67,4171.24
4015.56,3191.31
-3776.93,875.231
2412.84,-632.994
-2022.33,-1608.98
3716.53,-2633.44
-1782.86,-4666.31
2419.35,-6233.48
-2193.1,-4906.24
2485.54,-2090.16
-1300.01,825.303
3625.07,1162.45
-5218.48,819.205
3697.29,2057.25
-3809.83,3407.45
4192.15,3333.73
-3744.29,-69.9812
3820.75,-2583.6
-5125.49,-3186.44
5482.6,-355.679
-3817.24,888.528
4101.66,1206.35
-3713.89,-389.354
2113.51,287.096
-1064.96,1022.03
616.62,1735.76
1133.6,1122.1
-2498.45,-1082.05
2594.35,-1506.42
-2823.46,-1202.62
5361.72,-1581.01
-4244.22,-3221
5755.49,-3678.88
-6635.15,-3746.15
7285.67,-543.738
-6807.93,927.846
7168.96,2072.09
-8517.27,2497.18
7030.22,4224.58
-6526.51,4395.26
6792.36,2804.65
-6154.85,-1692.91
5986.12,-4599.02
-5448.7,-6133.93
6283.79,-4841.09
-3436.11,-3450.96
3012.18,-1240.3
-3230.62,1616.36
1929.71,4981.26
-2702.18,7277.36
2642.55,5853.71
-3723.78,3424.98
1836.74,405.096
-2113.25,-1376.7
4427.45,-3907.68
-2258.29,-7519.39
3885.62,-9352.73
-3819.3,-7654.54
4512.91,-2001.43
-3258.25,2333.2
3550.31,5390.69
-4811.55,4703.7
2726.03,5410.88
-3207.27,4925.69
2702.41,3020.76
-1221.48,-804.966
-157.102,-4621.14
546.265,-5692.86
-749.573,-3723.19
3521.69,-1170.63
-3146.86,238.557
2928.7,2389.92
-5169.66,4087.31
4698.88,6038
-5174.08,4705.75
4366.92,2321.69
-5137.08,-1119.81
4597.55,-2192.01
-2924.58,-3930.86
5261.74,-5613.64
-3708.99,-7540.98
4024.04,-7029.8
-3017.7,-3824.41
3257.89,273.607
-2100.9,3389.59
1410.33,4334.31
-3640.88,5274.09
2500.21,5422.26
-2270.52,3907.94
2849.93,309.565
-3534.65,-3353.84
3213.99,-4004.57
-3045.07,-3000.7
5356.51,-1434.4
-4648.61,-751.245
4314.03,429.61
-5520.52,2699.27
4971.24,5742.67
-5150.17,5260.35
4994.13,3026.44
-5226.76,-1143.78
4372.76,-3302.75
-3037.81,-4341.97
4684.14,-4422.09
-2568.79,-5487.2
2039.71,-4487.29
-1318.33,-2405.13
1139.06,998.75
510.637,3253.4
-1937.05,3445.93
1351.63,3636.69
-4310.39,3835.67
5006.82,3057.32
-5383.4,313.766
5891.58,-2060.67
-6061.93,-4393.15
6544.29,-2941.97
-5837.74,-2126.04
7086.94,-597.114
-6947.56,-801.632
4967.13,1424.05
-5164.06,3453.69
3959.02,5851.23
-3227.6,4613.87
2469.45,1448.31
-1900.6,-2417.39
1080.8,-5330.39
1243.92,-5431.6
-219.86,-5846.35
969.087,-3963.07
-741.756,-1436.01
572.424,2237.46
-323.67,4318.99
305.52,5173.61
-437.85,3389.29
-1904.56,2059.04
2545.36,492.61
-2338.46,-2229.48
4066.16,-4327.16
-4397.45,-5240.04
4730.39,-2221.36
-4602.76,946.073
5726.82,3773.28
-5940.79,3444.29
3952.54,3661.31
-4940.07,3087.32
4432.19,3326.51
-3767.63,987.941
3591.83,-1954.03
-2853.09,-4582.61
2056.11,-5157.73
177.36,-4086.62
1504.88,-3545.39
-19.4945,-2978.52
-879.221,-1672.53
644.38,1213.57
-650.219,3050.11
1016.42,3515.83
-1888.6,1943.22
108.918,1499.44
-290.433,1554.63
457.476,1210.69
-138.164,-349.761
-1170.02,-945.188
711.818,-96.7997
-1012.01,1093.14
2035.01,1734.67
-1521.1,277.12
942.414,-442.604
-2159.13,-398.89
2461.74,436.178
-1603,-337.741
2710.8,-2370.23
-1852.27,-4446.06
1330.74,-3682.67
14.2115,-1934.32
1697.1,-1005.91
-1035.24,-1060.65
-474.155,-681.022
146.386,1377.43
-674.12,4120.17
914.92,5186.77
-1373.98,4007.16
-457.479,2708.25
-893.753,1575.62
1316.62,892.822
-299.496,-1599.53
1225.36,-3772.07
-787.694,-4425.49
666.935,-3229.32
418.514,-888.586
331.839,652.324
-652.611,974.351
-826.76,1911.84
715.969,3282.88
-1052.41,3054.47
1692.36,1078.25
-1329.75,-2360.26
135.907,-4051.71
704.355,-4470.05
255.992,-3284.5
2736.76,-3670.73
-3350.74,-2691.95
3091.53,-173.455
-4388.85,3452.38
4529.28,6423.87
-5630,5488.1
5274.67,3807.38
-7623.6,1253.29
7778.37,1217.03
-6989.91,-1273.31
7322,-2085.46
-7522.93,-3742.64
6788.62,-2482.97
-5629.68,-613.387
5657.88,1423.3
-3897.91,1696.1
2574.24,957.599
-2583.02,437.841
1829.26,79.7926
-869.57,-1276.83
1100.71,-2927.85
-1059.19,-2519.47
605.44,-1559.11
221.161,714.873
1258.35,870.885
-2011.22,236.672
792.517,380.776
-1809.53,1973.86
1911.54,3239.54
-2916.25,3067.68
3329.04,1764.17
-4161.33,-282.719
4308.48,-883.553
-2963.1,-3118.61
4046.4,-3627.05
-3849.84,-4086.05
2978.86,-2023.82
-2460.39,748.548
2457.33,3024.98
-1788.22,3438.91
198.492,3214.05
-932.79,2843.02
166.47,2054.57
1047.21,-233.019
-940.633,-4181.72
1984.82,-5820.02
-2546.81,-4939.25
3361.73,-1471.41
-813.05,372.675
948.177,845.056
-965.977,-168.008
-98.7012,880.395
-27.2182,2389.59
-379.937,3223.63
724.489,2365.6
-1724,326.014
1418.37,-254.234
-909.19,-1291
1970.47,-1035.85
-1874.01,-1237.53
1547.7,-236.597
-1711.73,28.3169
994.587,1412.54
-224.903,1978.41
-346.656,1185.94
78.7931,1525.22
-479.214,643.336
1683.64,-1196.36
-442.129,-4569.92
1286.12,-6551.4
-1561.89,-5711.26
1954.03,-2300.65
392.354,402.559
50.5245,1442.37
-1429.59,1802.73
248.627,3014.18
-652.339,4818.9
-11.8663,4334.51
-529.573,2508.55
-344.299,523.784
-377.791,-1112.58
689.241,-1318.35
1071.96,-2007.65
-549.06,-2577.56
267.358,-1838.69
-901.995,-184.247
344.196,2442.15
-116.681,3740.23
-484.779,3160.59
-1215.99,2563.29
541.591,2310.2
210.471,80.2643
729.705,-3105.17
495.427,-6975.56
-818.193,-7846.74
1832.19,-5375.37
-1418.6,-1629.98
2819.35,1749.19
-3877.1,3271.03
2710.65,4721.57
-3695.82,5169.73
2553.81,4994.27
-3798.94,3143.35
3689.82,897.002
-4512.54,-2264.95
4932.04,-3502.37
-3311.89,-4340.25
3780.01,-3253.25
-3471.58,-1047.09
2108.2,2381.47
-2093.6,4489.4
1113.89,5070.02
-983.434,3496.51
-213.497,1386.2
-597.948,490.024
1653.82,-1442.06
-369.78,-4083.27
1389.36,-7371.12
-1152.16,-7033.02
2772.37,-4951.25
-2312.58,-551.806
4208.75,2465.99
-4909.93,3116.64
4181.42,3707.13
-6270.3,3343.35
5782.87,4610.38
-6058.4,2383.6
6332.16,1025.88
-7350.45,-1144.29
6961.09,-1475.86
-5157.32,-2147.4
5294.03,-1556.02
-4226.76,-1999.95
3158.09,-823.321
-2273.72,1189.93
897.308,2618.91
-217.111,3020.88
-516.996,1622.22
116.059,663.387
-252.901,-1037.18
1403.86,-2621.82
433.864,-5078.57
-395.461,-5387.77
822.085,-5105.76
-845.16,-1353.76
1897.67,1926.75
-3094.45,3566.56
3366.15,4724.76
-5372.91,4408.75
4961.85,4319.31
-5898.01,1695.49
6051.8,1.09375
-6051.46,-3233.71
5075.74,-3000.85
-3985.34,-2720.62
4565.88,-520.332
-2992.5,-135.028
2106.12,37.4172
-1128.54,532.927
-1316.07,1715.52
1807.67,2785.5
-2780.56,2258.51
2562.57,2113.67
-3243.25,-276.769
3917.58,-763.143
-1682.56,-4002.4
2137.35,-5195.01
-1246.59,-5765.29
394.686,-3494.35
1250.47,-398.332
-2666.84,2767.74
3242.87,4893.09
-5474.1,5949.44
5178.44,7048.37
-6808.08,3983.11
7643.05,1290.45
-7372.83,-4762.83
7668.34,-7173.83
-6300.33,-7934.66
7089.66,-4773.39
-4201.73,-2252.16
3179.98,1162.7
-3333.11,3743.67
1934.49,5900.61
-1463.78,6345.08
-478.849,4176.61
858.954,1868.45
-2883.96,-970.839
4060.33,-2687.22
-3410.03,-4650.44
5183.54,-5297.36
-4629.42,-5016.57
5842.62,-2285.2
-5340.77,-142.372
5660.7,2132.43
-6175.12,2856.7
4180.2,4032.85
-5413.02,4300.35
5178.01,4308.07
-4789.06,1367.22
5159.31,-2136.77
-4896.64,-4860.54
4377.34,-4955.25
-3199.67,-3364.5
3457.07,-1189.5
-3415.77,884.266
2060.42,3421.36
-1962.97,4857.08
1981.1,4418.55
-2024.36,1803.46
1360.78,-1612.73
-2758.51,-3039.03
3419.98,-3492.19
-2980.23,-2774.46
4716.17,-2656.67
-4748.34,-1408.07
3966.58,1627.28
-4438.3,3597.57
4740.8,4547.92
-4931.91,1623.48
3581.6,-51.0932
-5132.65,-866.733
4184.82,1904.27
-2482.74,1622.49
2247.89,283.805
-1554.01,-2223.24
-590.119,-2611.78
1095.09,329.971
-1818.06,1942.79
3299.13,2615.85
-5144.09,851.3
3844.77,853.812
-3795.28,528.511
4497,612.03
-4381.04,-1196.9
3977.65,-2106.54
-4577.97,-2503.09
4666.46,-1671.19
-3043.81,-1216.72
3678.58,-1667.68
-3877.7,-1058.6
2586.13,1251.8
-3767.61,3701.88
3520.11,4591.22
-3971.61,3334.24
2346.06,1863.33
-4058.78,1739.01
5478.52,1513.82
-5111.34,-469.598
5573.61,-3106.04
-6371.61,-4731.64
7067.02,-3666.54
-6293.9,-1993.38
8037.04,-70.7771
-7927.03,328.9
5992.23,3056.01
-7169.78,4250.82
7128.32,4874.39
-6862.39,1933.68
6007.47,-495.876
-6654.1,-2144.68
6387.3,-1583.66
-2996.67,-2607.9
4109.39,-5166.17
-3416.1,-6428.97
2241.97,-3836.77
-2167.89,2104.49
1057.67,7213.76
-530.29,8390.11
-1321.03,6383.5
-484.318,3347.15
-191.736,966.008
1535.98,-1455.71
-868.367,-5207.76
976.066,-6741.39
-912.881,-6421.79
1731.69,-3251.54
-219.908,355.62
120.246,3516.64
-717.026,4991.42
-938.018,5698.63
997.493,3529.83
-1847.83,-383.396
3308.77,-4237.9
-2982.84,-7257.64
3713.83,-6007.96
-2954.14,-3647.4
4119.75,-175.602
-3598.22,1338.24
1836.07,3747.92
-2225.9,5102.69
999.228,6753.65
-296.54,4835.75
-1209.29,1585.58
1438.21,-1947.73
-2713.7,-4319.8
3973.25,-3222.25
-3800.17,-2668.24
5227.75,-344.425
-5075.06,313.386
3959.42,2635.6
-3523.31,2318.04
3494.82,1924.05
-3132.31,-522.644
1841.47,-2080.16
-1848.29,-1656.84
1754.47,-1383.88
71.7725,-1117.69
561.023,-2930.61
-518.324,-2590.68
344.148,-1351.44
96.7997,629.936
2192.45,-204.512
-4030.67,-162.283
2911.67,1029.83
-5096.41,3288.68
5846.93,6281.92
-7143.57,5286.88
6992.63,3334.46
-8463.99,161.421
9289.86,-1500.31
-8050.19,-4583.56
9310.42,-5566.4
-9016.68,-6181.62
8351.03,-2331.81
-7458.97,529.977
8046.94,3507.5
-7133.34,3877.77
4202.75,3643.28
-3801.99,2806.26
3937.24,995.605
-2703.12,-2994.65
2520.13,-6540.91
-1529.04,-6546.05
1529.22,-4074.62
562.009,-276.207
-564.33,2211.58
50.7609,4112.91
-2608.06,5990.93
1692.94,6929.79
-1463.51,5017.81
1390.88,1371.89
-2024.19,-2999.57
1230.83,-4325.78
-762.789,-3522.55
1610.95,-2139.35
612.328,-2677.3
463.008,-2981.63
-725.017,-1816.57
-180.657,1242
879.748,3717.55
-962.145,2850.41
-173.066,1307.79
-1671.16,-344.921
1063.21,995.131
590.616,1153.4
-56.8585,-396.45
1662.5,-3749.04
-2951.1,-5098.7
3693.66,-3993.72
-4216.44,-1186.3
5949.3,2008.83
-7158.7,3215.33
6118.19,5146.27
-7821.48,5074.86
8352.54,4815.2
-8615.42,834.199
7513.12,-1414.41
-7873.21,-3563.77
7515.99,-2234.75
-5646.36,-2258.24
6208.01,-1920.62
-5494.99,-1455.58
4596.23,-207.273
-3478.34,1378.06
2924.38,1597.99
-3073.48,1160.79
1611.76,477.31
-2089.37,777.609
2954.91,19.3686
-1407.51,-1542.09
1505.9,-3018.13
-2326.01,-2753.31
2757.88,-959.745
-2939.13,542.769
4297.98,846.295
-5294.18,997.079
3138.36,3408.32
-3917.55,5512.79
3837.46,6232.89
-3927.32,2445.43
2796.99,-1235.33
-3733.95,-3346.77
3469.06,-2400.98
-579.838,-2427.32
1301.29,-2928.97
-1354.95,-3456.83
466.528,-2078.56
845.529,561.19
-1242.16,1701.35
1928.38,2425.74
-3708.01,1744.79
2440.23,2184.37
-2736.72,1944.75
4184.32,-229.015
-3304.13,-3799.51
2973.29,-4603.71
-4134.52,-2704.54
3972.14,1431.14
-2647.06,3360.82
2425.6,2743.35
-4033.6,1837.64
2458.36,3245.04
-2502.97,4379.81
2311.32,3440.95
-2016.64,-420.56
1321.49,-4069.66
-1705.29,-4924.01
2417.12,-3446.85
17.1072,-1565.68
258.16,-405.668
-1234.46,526.892
592.805,1441.26
-1522.39,2910.97
2199.33,2486.72
-3149.53,1775.15
3001.6,303.531
-3959.28,-579.626
5126.3,-1442.11
-5292.76,-3100.78
6174.48,-3110.84
-7056.18,-2133.06
7060.48,1285.25
-6062.64,2000.82
6627.38,2628.38
-8104.34,772.322
6037.07,2116.26
-6631.4,3268.18
6037.78,3466.39
-4889.75,1088.08
3331.98,-1258.24
-2218.24,-2827.97
1967.48,-2770.61
96.107,-2637.65
51.6768,-3194.73
33.653,-2037.56
-1544.8,1.07093
1333.83,3487.57
-416.053,4445.49
889.27,3018.42
-1005.35,-530.517
-250.173,-2003.24
682.337,-2966.8
552.598,-3248.23
427.747,-3322.8
-818.357,-2938.32
734.396,902.239
-638.614,3741.62
1277.12,5289.99
-1427.33,3568.49
-1134.27,2247.81
-175.485,1846.55
228.578,1181.24
1652.52,-860.499
-1486.87,-3678.85
2071.15,-4321.28
-2925.2,-2995.11
4570.86,-286.028
-4523.14,831.809
5776.57,-53.1262
-6665.22,-569.395
6144.15,750.555
-5818.22,1179.97
7552.45,631.356
-6961.64,-2936.14
5469.75,-3599.54
-6123.71,-2638.25
7625.69,573.119
-5833.89,892.945
4806.2,1372.56
-5332.14,1316.06
4206.12,2554.34
-4442.09,3726.7
3726.88,2402.43
-2928.92,669.049
1758.75,-1070.46
-1631.02,-1391.63
2607.23,-1350.97
-2176.55,-1246.74
2244.86,-1127.89
-2926.41,-873.837
3127.11,168.547
-1736.9,184.433
2622.72,-534.692
-4299.66,-701.441
4142.21,452.959
-3825.64,727.626
4003.1,-296.204
-3425.18,-2029.78
3996.09,-2512.71
-4283.35,-1873.66
5125.65,79.6256
-4149.37,111.919
3342.28,-44.8449
-3892.93,-161.427
2824.42,2028.42
-2558.24,3330
2130.18,4306.61
-1780.95,2987.91
-225.715,941.468
1045.98,-902.433
-1627.06,-2023.33
3556.58,-3154.7
-3431.63,-3773.03
4942.13,-2660.29
-5474.89,-1818.74
6392.77,562.142
-6735.18,1223.87
6826.75,2254.97
-7972.47,2074
7628.76,2718.3
-7016.68,841.76
6411.86,-38.4812
-6270.32,-2178.32
6020.61,-2420.5
-4774.91,-2537.06
4677.83,-1964.14
-3340.84,-1100.67
2447.69,290.648
-2368.89,1901.14
1608.99,2855.4
-2128.75,3320.67
863.283,2628.97
-2142.39,2976.57
680.569,2664.17
-398.993,1648.56
1509.13,-936.638
-1927.69,-3835.9
2308.52,-4779.52
-1251.45,-4563.89
1993.06,-2999.4
-1097.75,-2191.01
963.228,-494.771
-1328.74,1113.47
764.314,3250.04
-513.43,3786.78
-479.186,2805.69
214.53,1296.72
-2521.35,575.092
2638.92,478.193
-3086.31,460.395
4577.58,-179.349
-5117.23,-1672.15
5487.81,-1058.71
-7160.36,787.373
6561.82,3523.14
-6965.17,3642.86
6920.31,2870.94
-8042.84,386.318
8014.27,-190.734
-6654.72,-2423.12
7484.68,-3466.73
-6274.64,-6056.17
4935.1,-5333.39
-3885.17,-2906.06
3625.55,757.653
-2331.08,3410.21
615.049,5034.99
-1358.29,5786.19
-1341.66,5026.04
2468.38,2396.15
-2697.3,-2254.22
2474.32,-4441.65
-3941.75,-4297.68
4919.43,-705.861
-3725.24,923.148
4134.62,1144.87
-4740.21,439.479
2767.17,2194.19
-2768.46,3646.17
2538.42,4084.21
-2775.43,1626.94
1001.5,-807.55
-1365.91,-1680.85
2031.3,-2388.89
354.18,-2812.21
1034.29,-4680.68
-1498.81,-4470.71
1468.38,-2526.16
-1434.53,615.816
2384.82,2032.1
-3187.09,2626.54
2702.59,3218.85
-5885.1,4848.04
6879.25,5359.45
-7615.23,2408.8
8578.41,-1516.37
-9951.63,-5231.01
10325.5,-3956.77
-8910.28,-2965.29
10719.3,-772.557
-9522.15,-2025.65
6976.23,693.719
-8452.82,3713.03
7134.12,7965.6
-5900.92,7028.56
4407.48,3450.22
-4565.7,-906.057
2470.66,-3690.34
-193.675,-3800.49
972.106,-5524.8
798.927,-5899.33
-1337.64,-5386.48
1618.71,-1217.85
-1097.19,2733.46
1845.75,4718.44
-2079.99,3939.42
-542.836,2502.36
-218.413,1209.31
1087.44,-616.304
-319.898,-2601.97
380.583,-4114.72
-421.917,-3083.42
1076.52,-865.748
-1027.71,1550.17
1016.29,2903.58
-2828.23,4309.93
1543.48,5790.55
-2179.01,5482.67
2648.83,3017.74
-3210.03,-855.08
3317.02,-3734.84
-3699.39,-5319.05
5341.21,-4455.53
-3028.13,-4686.62
5084.4,-5041.03
-4498.67,-4319.32
5164.65,-1549.52
-5052.05,1450.11
5533.27,3162.32
-5696.55,2584.71
3591.74,2885.75
-5380.08,3545.77
5013.26,5149.29
-3964.18,3358.58
3336.49,336.984
-3267.25,-2823.05
2694.93,-3465.01
-2946.92,-1857.85
3701.67,-41.3204
-2286.79,408.135
1779.1,-77.9748
-2251.19,694.545
1793.28,1448.27
-1090.39,1557.65
1634.72,-300.87
-2404.84,-2766.27
1933.31,-3259.91
-1624.18,-2325.18
3795.77,-1441.98
-4192.64,-1070.29
3900.83,67.9666
-5077.53,1793.57
4188.65,3559.6
-4379.42,3411.99
4252.22,2428.99
-5913.35,949.676
4729.87,1462.78
-3506.52,-34.9276
3908.47,-1500.51
-2837.87,-4591.76
2062.83,-4524.99
-1281.56,-2714.88
994.93,566.182
947.23,2535.13
-2963.43,2615.68
2781.75,3131.2
-4275.32,2793.77
4997.49,2543
-4980.66,-251.689
5207.2,-1634.35
-5994.57,-3511.41
6995.88,-2965.9
-4700.05,-3351.11
5360.94,-2979.14
-5327.98,-1641.49
3293.76,2835.12
-2469.58,5357.65
2190.51,5167.53
-2963.54,3367.65
953.686,1214.44
-1288.22,1142.27
1943.48,-31.0707
-832.049,-2129.58
1051.09,-4711.37
-2271.03,-4209.42
2218.31,-1204.8
-1501.75,2085.86
3056.77,2594.34
-3230.63,776.362
2172.24,15.4659
-4563.72,128.111
6705.1,528.403
-5640.88,-2082.21
5809.85,-4628.9
-6049.58,-5154.01
6359.35,-1951.53
-4290.34,-161.619
5581.28,474.175
-5920.09,-528.882
3506.09,1342.74
-3760.47,3772.69
3339.18,5840.89
-2054.55,3976.65
1059.18,935.655
-1421.42,-1209.87
-138.035,-1231.22
2672.17,-466.186
-2950.48,-1221.52
4366.81,-1988.19
-6167.5,-1166.94
6969.18,1391.85
-5872.7,1840.81
7583.29,1058.27
-8150.15,-2461.76
7528.74,-2774.38
-7029.97,-2905.38
9669.17,-2836.85
-7992.49,-4599.91
8025.66,-3850.94
-7890.67,-2189.58
7887.64,1754.72
-6611.27,3233.69
4711,3889.43
-5793.41,4304.71
3351.99,4958.12
-2290.11,4214.24
2535.78,1408.62
-2296.73,-2505.57
1644.37,-4660.76
-1701.29,-3894.94
2951.45,-2979.62
-584.003,-1980.08
976.443,-2250.01
-2330.36,40.6292
1822.78,3527.91
-1748.75,5098.77
2936.29,3053.36
-4401.32,-954.888
3222.82,-2415.83
-3055.13,-2511.65
4525.54,-1021.69
-3044.37,-2499.41
2490.23,-2657.39
-2120.86,-2338.96
1241.16,299.352
87.6113,2387.1
-1099.88,3355.68
1761,2643.85
-4339.4,1831.23
4285.71,1926.35
-5616.34,1363.8
7400.03,819.284
-7988.82,-2073.66
8366.86,-2260.43
-8546.92,-2592.96
9269.8,-678.812
-8399.76,-839.145
8066.54,6.76617
-8847.66,512.128
7372.96,3262.33
-7324.7,4160.04
6037.82,4296.35
-5535.3,1832.8
4417.82,-1101.96
-4017.31,-2927.07
4641.27,-4562.82
-3217.89,-4711.83
4026.19,-4712.52
-4348.66,-2763.58
4124.54,401.264
-4033.96,3126.52
4204.16,4570.28
-6053.44,4784.38
3835.13,5253.6
-5660.03,4659.85
6262.76,2873.17
-5919.45,-2281.75
5395.88,-4589.79
-5627.92,-5014.41
5120.38,-1515.27
-2562.06,62.5938
2515.36,-43.1028
-2286.44,-719.853
-656.088,1285.08
1068.32,4065.15
-2211.5,5434.91
2235.01,4314.65
-4465.66,561.245
4582.97,-1382.42
-4556.03,-3719.9
7030.48,-4156.91
-6056.33,-5610.61
5887.19,-4186.79
-5847.92,-2341.05
5871.27,808.606
-5336.11,2664.79
4140.93,4576.27
-5767.63,6012.04
3395.53,7091.29
-2442.82,5021.03
1677.17,262.664
-2123.91,-4235.79
862.242,-4981.83
-295.898,-2443.76
1462.84,-356.614
367.222,-35.5824
-150.924,-1554.61
-1576.19,-441.941
1315.82,1779.31
-1146.66,3625.32
1803.23,2192.49
-2702.05,-561.671
2834.46,-2893.34
-3264.2,-3417.32
5904.48,-2635.23
-5490.18,-2885.4
6258.79,-2012.97
-7858.08,-700.928
7337.28,3023.05
-7792.14,4747.32
7776.72,5939.85
-8105.62,3744.3
6000.86,2633.53
-5469.65,12.4636
6195.14,-2373.97
-4987.09,-5601.56
3821.43,-5486.77
-2462.09,-3198.31
2417.53,373.347
-476.783,2718.62
-433.187,2602.27
256.308,2611.36
-2333.89,2263.34
2407.14,2502.28
-2415.04,317.885
3131.37,-2057.4
-2848.74,-4464.71
2906.85,-4320.03
-987.876,-3684.49
3030.15,-2775.21
-2512.32,-2459.58
1546.2,-936.824
-2060.51,2318.75
1541.44,4974.71
-1705.53,5752.24
1699.16,3755.08
-2971.72,1680.94
2104.17,226.514
-2197.17,-606.843
3321.88,-1761.12
-3595.84,-2822.66
4113.92,-2478.51
-3786.06,-1711.59
4894.56,591.611
-4952.06,1415.1
4933.84,1689.84
-5427.95,701.142
5144.31,201.762
-4995.96,-1168.56
6458.93,-2542.31
-5300.86,-3791.08
5377.28,-3543.01
-5143.57,-2549.71
5547.98,-281.344
-4443.48,354.367
3067.51,1760.7
-3745.56,3214.53
2297.3,5752.84
-2797.06,6104.31
963.493,4844.95
-170.326,1099.21
-1078.44,-2346.33
1757.96,-3993.9
-429.676,-5461.48
2622.03,-4743.53
-2622.9,-4526.53
3016.48,-2080
-2691.27,-13.2083
3504.07,1967.68
-2938.36,2208.24
1897.87,2195.46
-2755.19,2156.45
1859.71,2193.76
-1749.74,946.908
1411.11,-1187.54
-345.294,-2386.04
-154.203,-2244.07
666.389,-635.284
1670.75,-330.905
-1609.09,-1119.46
1879.21,-2373.19
-4152.77,78.4853
4313.38,3229.85
-4259,4891.59
4889.73,4221.12
-6146.11,1209.39
6393.38,-670.443
-6742.24,-2608.15
7866.04,-2464.81
-7557.64,-3806.93
7623.56,-2064.86
-7918.6,-1192.6
7670.21,2084.67
-5491.69,2168.46
5237.85,1041.33
-4847.15,-461.082
1605.24,-442.041
-691.432,437.233
1536.88,-494.789
-180.582,-2613.69
-1219.05,-3265.89
1726.82,-531.454
-1694.11,1760.75
2546.91,2978.48
-3446.99,1167.07
1632.04,901.289
-3232.88,2081.58
2931.62,3992
-2394.63,3827.86
2234.18,1461.99
-2716.98,-1784.27
2066.04,-3644.27
-1103.48,-4005.14
2799.18,-3960.76
-1331.58,-4098.08
403.314,-2456.37
-492.11,525.561
1115.73,2733.83
-1294.93,3429.21
1571.45,1856.15
-3052.12,807.968
3252.01,-53.8954
-2781.15,-825.974
3770.78,-2190.51
-4929.31,-2488.92
5844.87,-1282.73
-6224.3,524.612
7445.46,2363.04
-7226.61,1572.44
6668.71,2614.52
-8368.68,1799.66
8336.82,2707.58
-7653.46,808.423
7458.96,-974.412
-6693.73,-2725.93
6353.77,-2438.53
-4371.32,-2380.38
5694.02,-2587.8
-4522.16,-3419.5
3102.01,-2572.01
-2697.36,624.902
1461.31,3901.67
-358.623,4891.86
785.868,2659.02
-2539.64,485.905
1782.41,-747.185
-450.418,-1576.54
1538.59,-3301.69
-1535.72,-4235.45
1339.38,-3406.67
-1649.71,-298.623
2788.46,2679.09
-2758.78,3692.16
1113.58,4280.95
-3213.59,4200.17
2351.14,4404.98
-2656.76,1779.55
2964.22,-1152.55
-1851.53,-4541.55
1140.43,-5709.16
81.9745,-4574.41
2015.32,-3487.94
-1107.52,-2812.59
-173.572,-1104.24
-69.0484,2168.36
-840.036,5136.79
1577.59,5804.29
-2169.2,3326.3
1039.2,241.878
-1843.31,-1884.65
2659.69,-2620.46
-1666.51,-3449.77
2400.9,-3548.77
-1850.73,-2506.44
1948.01,1.18701
-996.1,1453.2
1359.69,2837.8
-2095.09,2654.88
162.726,3099.77
-936.698,3928.36
430.989,3061.56
157.464,1148.03
455.225,-2124.39
-408.457,-3700.89
764.114,-3722.78
771.809,-3200.59
1151.09,-3717.77
-1149.72,-3398.3
649.742,-1258.48
-1508.52,2439.08
2470.26,5411.53
-2433.32,4287.14
2511.97,1142.31
-4273.9,-1520.69
4137.37,-1994.86
-3318.44,-2135.66
4272.26,-2126.45
-4059.81,-2432.83
4058.11,-1303.04
-4427.51,525.235
5175.24,2825.73
-4775.15,2678.43
3508.23,2173.56
-4484.84,1215.06
3325.84,1575.29
-2176.69,136.097
2553.2,-1350.47
-2125.64,-2408.38
1162,-2133.04
-31.846,-786.734
1318.53,-862.536
-1294.46,-1115.39
-163.492,-416.945
-713.956,2613.15
1472.27,3563.75
-1729.15,3238.58
2401.55,64.2765
-3956.66,-2088.45
3791.46,-1657.05
-3125.87,-2104.73
4809.24,-1643.24
-5253.6,-2555.57
4276.34,-493.379
-4606.38,1706.9
4755.05,4228.83
-4059.56,3226.36
1954.48,2270.35
-3704.08,1620.09
2171.51,2197.81
-568.193,1556.21
355.889,-1832.98
1198.21,-4370.47
-2311.73,-5019.85
2815.83,-2779.73
-1382.02,-935.81
2124.41,-195.451
-2910.32,-574.294
1197.17,1894.83
-526.968,3165.5
393.346,3838.04
728.762,1301.6
-1677.84,-2130.41
2084.51,-4015.06
-2480.5,-3884.44
4728.01,-2532.63
-4505.38,-1688.91
5294.74,748.402
-6663.19,2190.86
6117.78,5517.98
-5854.95,5055.08
5320.28,4127.54
-5820.23,930.173
4020.8,-282.853
-2421.73,-1184.48
2797.22,-2465.78
-472.665,-4507.11
89.4138,-4787.73
418.627,-2402.87
-361.898,107.817
2125.47,2411.71
-2341.94,1244.76
1611.22,1065.44
-2187.68,377.168
1389.24,1340.46
-289.735,592.997
-196.798,-850.223
807.894,-2483.55
-1824.82,-2530.17
2662.99,-808.888
-1824.28,-529.208
2565.84,405.234
-4452.99,483.665
3751.38,2056.35
-3591.07,2345.21
3457.83,2321.92
-3781.98,584.385
2344.16,347.624
-1141.27,-502.141
2249.45,-2533.76
-305.45,-5067.84
2.03644,-6127.1
610.125,-3606.61
-878.095,210.283
2234.55,2972.02
-3283.44,4531.23
1725.37,5468.85
-3484.7,5353.33
4659.35,4349.87
-3986.22,-136.487
4229.41,-4385.28
-4314.73,-6911.03
3862.31,-4962.34
-1516.11,-2927.66
3181.5,-872.59
-3263.07,604.465
1689.18,3578.93
-2557.33,6535.17
1998.35,6891.8
-1549.95,3853.18
-312.299,-1079.45
-572.322,-3456.86
1323.24,-3989.35
478.105,-3547.87
1285.09,-4492.28
-999.8,-4470.54
1657.37,-3096.01
-1951.58,-812.127
3403.46,1731.13
-3811.87,2527.7
3302.95,2395.87
-4787.16,2229.51
4627.16,2192.12
-4553.08,453.193
4810.18,-455.193
-5257.18,-1826.62
5996.7,-1604.84
-5588.59,-1337.95
5857.4,-238.183
-5593.24,221.064
4012.53,2388.82
-3945.57,3452.15
3373.85,4069.08
-3024.35,2473.2
1362.5,1035.91
-975.724,-254.72
-251.618,-909.547
2549.83,-2517.13
-1164.58,-5173.91
1762.59,-5779.77
-1850.43,-4833.76
3858.08,-1439.07
-3811.66,182.944
4561.38,1264.68
-5059.78,949.168
2825.87,2826.13
-3518.01,4570.89
3064.74,5344.63
-2460.37,2500.59
1887.51,-1417.01
-1665,-3908.39
1352.5,-4411.85
-311.962,-2229.53
1060.49,-465.505
-1131.32,304.894
1035.87,1079.7
-2378.76,3465.37
2223.54,4176.59
-2622.67,4261.72
3580.18,1509.61
-4699.45,-2603.33
5907.54,-5137.33
-5513.13,-6539.45
8171.94,-5465.9
-7607.93,-4461.73
8896.08,-1511.94
-8981.16,469.537
8892.95,3533.49
-8537.61,3159.79
8003.01,3893.49
-9093.07,2792.5
6963.11,3132.19
-6161.55,2214.51
6505.24,-251.534
-4743.93,-3948.72
4071.93,-5002.82
-3107.14,-3247.16
3711.61,-690.67
-1452.34,394.778
1042.1,-478.296
-1802.27,409.538
1029.84,1926.65
-760.714,3771.71
1857.35,2968.92
-1814.9,-450.51
1666.17,-3681.69
-2114.54,-4318.48
3210,-3214.37
-1773.23,-2115.84
3260.75,-1363.5
-3642.58,-1208.92
3367.14,693.193
-3009.51,1736.15
3280.82,2655.41
-3054.24,1046.04
1309.01,537.272
-331.687,-295.569
1.14398,-506.09
1398.16,-1309.68
-2246.34,-1301.76
3384.95,-592.476
-4681.73,299.783
6734.94,973.487
-7559.84,65.9623
7179.51,1427.17
-9049.24,1990
9545.58,3684.26
-8872.28,1094.79
9277.77,-1158.55
-8677.98,-4673.44
7788.08,-3892.87
-5808.79,-3139.37
6955.44,-2286.44
-5916.92,-2539.47
4681.35,-1455.32
-4626.89,1579.88
3930.14,4054.18
-2165.18,4432.14
1795.63,1396.07
-3858.94,-327.558
3074.46,-893.873
-1915.24,-715.769
3226.39,-1486.67
-3668.43,-2222.21
4036.29,-1143.06
-4077.37,-55.4752
5429.74,1332.78
-5547.86,946.387
3815.75,1695.83
-5486.95,3071.26
5188.84,4581.98
-3980.45,2129.82
4553.81,-1169.46
-4241.57,-4416.75
2593.52,-4084.22
-536.025,-2908.63
2010.96,-2532.16
-744.475,-3390.44
-1685.74,-1784.35
2032.01,2372.77
-2826.24,6024.4
4344.77,6109.22
-5301.35,1593.29
4766.29,-2021.77
-6609.3,-3827.03
8496.53,-2829.23
-6847.09,-3404.02
7120.44,-2315.6
-7327.63,-1875.17
7329,830.73
-6262.72,2184.72
6153.3,3267.47
-7029.59,2797.51
4535.51,3433.22
-4849.24,3775.85
4195.25,2563.27
-2031.12,-1286.35
2613.73,-4839.74
-1715.58,-6028.96
1946.41,-5183.76
58.3142,-2634.01
1112.08,-1763.6
-1269.79,-1154.49
1061.16,661.075
-1037.45,3655.31
1709.71,4782.43
-2449.26,4185.52
2623.69,915.147
-3765.13,-2118.62
4289.14,-3525.95
-3209.31,-4391.35
5463.23,-2984.6
-5341.12,-2075.01
5027.74,932.483
-4870.76,2467.7
4208.32,3987.52
-4037.26,2950.09
2992.67,2490.42
-2715.22,1006.79
2135.97,69.0732
-661.845,-1721.4
-19.1229,-3940.83
2002.75,-4776.37
-2207.58,-4635.95
4197.55,-2630.18
-2210.88,-2112.87
3500.77,-1223.12
-4263.76,-1043.19
3375.93,1337.63
-3815.29,3102.85
3636.35,4026.47
-3987.48,3235.13
3458.53,2043.78
-2938.12,324.545
2727.07,-754.408
-1901.01,-2233.66
2067.88,-3389.09
-2092.56,-2414.37
1242.52,-51.8705
-1007.01,2899.29
1931.71,4305.52
-2006.01,3178.8
1288.72,1115.36
-2614.47,-214.952
3649.74,-2001.6
-2444.08,-4066.63
3743.03,-6120.87
-3429.68,-6121.2
4832.28,-3304.98
-4714.16,-427.16
6842.38,1358.75
-7925.22,1726.55
6537.28,2931.87
-8206.1,3873.78
8530.65,5061.44
-8127.62,2089.84
7578.48,-76.3534
-8466.11,-2401.29
7826.1,-1487.76
-5448.22,-1829.49
5652.51,-1581.09
-5044.92,-2090.38
3507.04,220.102
-2853.52,2757.13
2361.51,3681.44
-216.094,2023.23
-2877.35,-230.14
2971.92,-466.65
-2914.22,-1086.6
5384.28,-1920.14
-4619.11,-4783.28
4591.9,-4656.31
-4633.45,-3448.92
5227.25,538.903
-3610.29,1548.79
3306.34,1512.09
-4496.65,1563.9
2437.27,3643.38
-2258.76,4564.71
3028.74,2475.67
-2788.31,-498.835
1172.94,-3521.1
-1787.35,-2050.65
3844.31,-1010.58
-2771.45,-873.183
3141.81,-1416.68
-4937.36,-707.806
5035.4,2407.23
-6206.49,4208.65
6401.14,5101.84
-8035.73,3178.48
7037.45,1828.99
-7680.83,-727.078
9898.89,-2845.99
-7679.02,-7132.61
8305.34,-8770.24
-7830.31,-7815.21
8663.71,-3886.71
-6532.25,-628.599
5970.43,2694.95
-7202.55,4889.69
4772.25,8237.61
-5496.85,9210.1
4478.29,6776.35
-4406.16,1024.95
1836.73,-2923.78
-2030.73,-3760.49
1881.46,-2378.64
740.833,-1412.74
139.008,-2150.54
-857.241,-1199.32
-395.25,866.566
614.09,4098.86
-152.011,3974.66
-33.2688,1107.83
16.5897,-2663.75
-807.987,-3983.51
1591.23,-3671.25
1155.44,-4192.53
702.787,-4809.67
-1216.31,-5071.81
15.164,-962.753
477.577,3224.08
-149.625,6147.6
554.916,5361.61
-3537.82,3700.96
2915.87,3101.61
-4478.85,2638.13
5386.22,1401.27
-6073.26,-1535.18
7450.09,-3124.44
-8090.64,-4108.88
9506.68,-1908.41
-8319.39,-965.854
8219.88,1052.56
-9182.21,1219.89
8041.86,2899.29
-7084.55,1925.33
7445.4,649.18
-6035.61,-2622.69
5675.69,-4334.88
-4229.83,-5022.34
4784.55,-4935.4
-2809.13,-4364.39
2917.52,-3252.56
-2455.1,354.153
1848.11,3855.47
-2025.5,6839.58
1494.52,6579.64
-3266.25,4482.06
1450.82,2520.86
-1971.23,622.514
2385.33,-273.519
-1941.38,-1782.19
3128.97,-3037.96
-3024.68,-3532.05
3437.64,-2495.7
-2490.65,-1466.61
3041.77,-119.158
-2910.88,495.342
2381.43,1188.77
-2222.29,1309.89
2408.73,445.538
-1923.5,-1149.69
1076.97,-1858.93
-557.066,-2381.78
1663.59,-2007
179.56,-3029.69
-738.234,-2810.08
696.741,-321.024
-1677.24,2335.25
2574.6,4058.71
-3896.69,4139.76
3209.1,3415.79
-4981.6,2760.07
5781.4,2218.77
-4998.59,-1036.22
5860.07,-3497.57
-5784.85,-5919.91
6087.11,-4580.04
-4882.44,-2476.42
5736.14,306.687
-4117.28,796.025
2310.42,2451.58
-3073.2,3551.23
2628.35,4276.73
-1175.05,2245.72
411.096,-1942.73
-264.704,-3782.59
-499.434,-3832.47
2211.9,-1843.43
-294.416,-1889.89
470.564,-1785.31
-1123.95,-876.278
-2.71438,2608.67
609.391,4413.54
-1671.58,4752.88
1972.38,2907.19
-4494.27,590.724
4591.25,55.6201
-4305.56,-1306.51
6413.24,-2830.85
-6196.87,-5200.54
5705.81,-3801.2
-6244.44,-1553.58
6075,3088.95
-4694.76,3508.02
2505.78,4147.57
-4629.57,4227.9
3014.2,4504.94
-1386.18,2698.46
826.001,-2172.02
-87.5284,-6092.21
-694.602,-7574.95
2383.92,-5365.38
-1036.39,-3311.07
2808.84,-1250.33
-3464.49,-131.175
2723.91,2530.98
-2537.95,3995.55
1556.33,4575.37
-1218.65,3224.67
-1533.86,2105.69
155.684,1803.95
-509.166,2155.49
1680.35,1122.02
-1664.27,-1119.19
1828.77,-1743.07
-2362.77,-1565.04
2840.44,236.921
-2249.79,-114.609
2613.63,-402.385
-3326.96,-1037.49
2223.1,950.966
-617.704,1748.73
1262.46,280.25
482.887,-2959.31
-1635.76,-5429.05
2687.33,-5117.06
-2837.75,-2732.51
4887.06,-324.147
-5444.61,883.355
4359.8,3423.32
-7033.15,5942.09
6042.38,8616.11
-6396.53,6509.48
5627.4,3364.07
-7247.07,-1268.24
6090.49,-2713.2
-3421.12,-4817.2
5584,-6593.99
-4359.84,-7807.22
3759.39,-5719.98
-2728.36,-764.597
2839.76,3299.36
-1169.66,4414.36
59.3908,2924.22
-1810.51,2405.81
232.361,2632.2
256.224,2351.99
402.828,-144.352
-1589.56,-2251.76
1807.5,-3280.27
-1718.07,-1806.92
4087.71,-318.421
-4038.16,128.259
3401.41,667.651
-5307.8,2216
5131.68,4141.2
-4889.76,2724.23
5513.07,1269.62
-5502.98,-2101.39
4915.2,-2373.41
-4396.89,-2726.01
4697.19,-1643.75
-4907.45,-1066.68
3363.27,481.922
-1690.74,1940.01
1210.34,2444.11
-605.836,2012.05
-246.071,108.221
443.944,-1418.54
-1475.58,-3064.27
3036.06,-3981.64
-2449.65,-3862.41
2597.3,-1674.88
-2382.31,953.924
2553.78,3272.41
-1810.04,2240.7
1456.23,722.207
-3327.02,-191.566
1808.5,1743.12
-1455.45,3854.7
887.158,3951.32
-1283.88,2158.23
1117.11,-213.618
-1408.38,-1190.01
1252.62,-1434.78
187.812,-1319.23
241.128,-2357.81
-727.451,-2639.29
547.531,-1328.2
-449.539,327.922
1478.87,1770.86
-1029.05,1180.61
728.577,-249.421
-2302.78,-371.109
2754.77,-420.711
-2247.83,-1186.18
3782.98,-2859.94
-2681.42,-4359.15
2731.54,-3383.21
-3316.42,-595.987
4936.54,1833.32
-4909.93,1882.79
3608.74,2310.59
-5061.47,2848.95
4131.55,5501.69
-4793.99,6002.85
5045.38,4193.88
-5253.71,3.8407
3440.14,-2691.34
-2134.02,-3844.84
3418.77,-3823.44
-1128.27,-4434.73
953.066,-3392.62
-1143.41,-1235.77
1079.89,926.04
1601.13,1559.76
-1386,-544.873
119.507,-1116.48
-687.369,-244.711
624.195,1604.93
955.258,-275.599
-976.831,-1901.54
331.268,-2430.51
-638.269,-943.838
1874.65,2017.33
-444.541,1208.59
606.093,-268.903
-2704.52,-1159.93
1334.88,1419.59
-55.4825,2970.4
759.333,3047.8
-675.437,906.187
-1684.03,110.529
2082.69,806.058
-1838.21,54.2205
3891.43,-1064.58
-5763.65,-2824.34
5398.16,-1353.57
-5365.34,1045.06
6855.98,1708.33
-5641,-917.029
5467.48,-2622.69
-6637.93,-3387.07
7169.75,-1249.89
-5047.02,-1321.37
4600.51,-1133.59
-4966.87,-1267.54
3454.74,1128.05
-2761.68,3360.58
2519.14,4056.78
-2651.83,2755.93
-341.667,1743.65
65.101,1924.56
-989.37,1351.05
2793.55,-172.074
-2449.92,-3090.17
1521.49,-2961.73
-2106.96,-1601.06
2810.46,1042.17
-1669.55,1001.74
523.962,259.929
-1823.51,833.148
579.547,3055.57
-129.645,3879.63
1100.22,1225.69
-1163.03,-2601.4
-16.937,-5183.77
18.9189,-3757.55
1394.23,-2267.34
-354.003,-748.235
1144.72,-702.043
-2975.86,111.082
3438.54,2106.32
-4386.01,3510.99
4821.69,3760.58
-6618.94,2223.67
5726.64,1824.06
-7468.72,1298.53
8179.93,1604.74
-7556.74,-366.29
8112.34,-1661.62
-9037.61,-2722.03
9145.45,-1061.22
-7946.57,-941.235
8291.34,-565.006
-7780.38,-1661.54
6495.27,-163.637
-5929.92,1285.91
5422.02,2555.12
-4920.57,1738.77
3973.03,143.289
-3273.36,-1666.49
2910.25,-2471.99
-1519.85,-2324.85
2463.11,-2694.79
-2296.77,-1636
822.957,31.5555
-1508.47,3091.78
1395.59,4976.74
-1939.65,5041.26
833.722,4285.88
-2729.22,3072.35
3457.28,996.154
-3312.13,-2040.68
4114.82,-5203.87
-4326,-6563.21
5017.99,-4023.64
-3617.64,-1936.49
5157.77,-32.2197
-4785.22,232.346
3026.41,1706.99
-3117.26,2323.46
3005.54,2839.34
-2805.5,1210.13
1668.44,-144.132
-1660.75,-1119.12
1281.71,-1050.65
845.274,-988.748
-1827.73,-1477.93
2287.28,-416.138
-4030.09,1594.65
3960.96,3859.04
-3689.16,3517.48
3747.36,2455.75
-5256.64,431.298
3780.38,893.406
-2356.21,-91.2589
3762.1,-2170.48
-3643.16,-5040.96
2741.37,-4505
-1763.44,-2054.54
2129.13,971.677
-673.709,1823.69
-365.532,796.459
-1224.12,1954.56
-39.7628,2662.77
445.177,3146.76
502.517,575.992
-1054.3,-2342.23
1107.32,-4022.58
-1811.66,-3144.61
4271.22,-1872.89
-3602.68,-1572.1
4179.88,-1484.46
-6124.81,154.678
6021.67,4168.72
-7047.73,5561.36
8044.78,5221.67
-9177.72,1678.98
7499.41,68.511
-7424.42,-1372.38
8182.64,-901.135
-6613.73,-3130.16
6817.54,-3955.45
-5762.99,-4300
5293.12,-1758.66
-3320.08,449.367
2661.37,2022.78
-1965.47,2314.82
52.3402,1953.84
-65.0084,2107.55
-39.7344,763.146
1341.69,-360.204
-1421.29,-2874.71
2192.35,-3755.52
-1690.42,-3566.69
2916.37,-2632.89
-1479.7,-2253.85
657.582,79.5601
-1446.89,2949.81
308.778,5886.55
292.489,6292.34
-1360.06,3831.62
716.852,1017.84
-2034.49,-960.54
2393.49,-1383.54
-789.995,-2950.26
1287.78,-4052.41
-1183.1,-4381.51
1114.73,-1600.88
-226.901,516.328
792.957,2140.54
338.672,1318.31
-2755.9,335.976
2323.72,826.333
-3338.07,1238.61
5370.01,335.271
-5898.61,-2266.74
5884.22,-2448.72
-7195.44,-1450.65
7455.9,1838.59
-6717.53,2029.57
6126.38,1852.89
-7789.35,914.018
6915.84,2164.31
-6940.9,2653.71
5863.99,3046.29
-5885.6,1083.18
4146.37,-114.415
-3919.33,-1122.84
4360.83,-2125.12
-2904.37,-2518.68
2940.13,-3107.04
-3029.67,-2140.85
2870.02,-783.573
-1957.6,-419.773
2883.47,-727.977
-4349.84,117.486
3295.34,2097.2
-3915.44,4504.83
4169.66,4408.66
-4827.1,1160.95
5410.59,-1718.79
-6686.16,-3231.6
7294.84,-1563.09
-5874.62,-981.863
6286.54,-545.42
-6370.63,-1303.61
4963.65,751.724
-4784.6,2318.26
4715.82,4650.79
-4028.59,3670.93
2182.32,1643.11
-1172.3,-1023.84
968.365,-3419.24
646.579,-4600.8
-525.766,-4753.41
1489.83,-2111.08
-2268.83,153.255
3061.83,2761.12
-2563.22,2484.84
2040.66,2086.21
-3187.5,1608.56
3123.78,1240.93
-1517.08,-934.373
2452.11,-4317.14
-2266.74,-6295.41
1954.57,-4878.04
-1135.3,-743.542
1992.79,2721.4
-1347.41,3563.97
382.911,3289.3
-2881.29,4024.95
2158.16,4639.26
-2589.99,4050.79
3552,840.112
-4706.22,-2724.37
3852.81,-3505.63
-3544.42,-2484.18
6487.49,-1891.21
-5580.14,-3161.87
6862.76,-4197.99
-7410.3,-3795.66
7884.69,-487.947
-7490.51,915.225
8196.93,2257.14
-9284.55,1267.17
8021.93,1937.54
-8080.49,2348.78
9032.97,1643.3
-7505.93,-1735.15
6639.31,-3323.83
-7424.36,-3444.07
6387.13,485.458
-4784.38,2953.51
3329.86,4371.08
-3530.88,4607.01
1258.88,4777.17
-483.733,3544.75
681.378,254.984
792.158,-4415.75
-1653.42,-7851.61
2578.69,-6865.19
-1362.14,-5267.78
4765.5,-2805.69
-3443.2,-2461.23
2144.91,259.719
-2460.77,2872.98
2023.65,5120.85
-1844.4,4654.4
201.125,2332.34
-1907.88,1351.68
1211.43,1250.99
-376.482,1433.49
1565.83,-1006.09
-1948.57,-2574.14
1193.1,-2620.81
-2040.65,-184.935
4447.3,927.773
-4141.23,465.782
4132.73,-17.004
-5845.01,-485.096
6625.92,1520.67
-6302.06,512.452
6835.64,-834.559
-6714.22,-3449.73
6479.29,-2869.01
-5914.35,-1671.41
7069.15,-262.189
-6312.21,-256.949
5406.43,34.7218
-5976.29,594.594
5217.01,2100.34
-4916.08,3452.86
3730.37,3433.77
-3970.15,2049.37
3995.2,412.999
-3198.04,-2298.3
3224.26,-3522.18
-2428.72,-3842.91
2480.52,-2115.37
-2227.44,-176.398
1947.08,1465.66
-1114.35,2396.52
-72.2583,2633.12
-679.309,3149.33
709.725,2294.49
-57.1146,138.195
379.563,-3523.16
59.5562,-5710.98
489.823,-5412.07
256.003,-2932.49
825.698,-74.1093
-994.781,1952.99
859.113,3123.62
-2097.18,3766.56
1651.98,3779.49
-1346.59,2013.15
1370.78,26.2166
-1659.77,-2516.52
1337.58,-3181.23
30.4957,-3205.34
1451.33,-3183.26
584.442,-3537.39
-1640.86,-1361.84
1809.95,1612.79
-2450.77,4256.86
2699.28,5108.15
-3755.42,2855.19
2448.51,2321.47
-3967.89,1688.5
4098.66,2386.86
-2818.53,-10.122
3011.54,-3172.44
-1832.56,-6489.97
1859.51,-6246.31
-527.97,-3943.63
1553.8,-1185.95
-152.728,794.139
-957.281,615.518
196.074,2521.03
-1207.11,3537.45
-14.4348,4964.07
167.944,3926.95
-1876.5,1969.24
1556.85,-347.258
-2494.04,-1632.19
4019.51,-2309.3
-4054.67,-3075.72
5016.02,-2083.39
-6295,-1104.77
6454.5,1560.96
-6890.49,2271.99
6889.52,2959.49
-8136.88,2065.25
7115.54,2238.75
-6751.89,547.284
6438.07,-729.005
-5738.39,-3321.65
4878.68,-3754.39
-3750.69,-3333.58
4002.64,-1655.62
-2340.37,-556.732
1344.51,496.69
-2537.69,2743.09
1597.44,3930.94
-1214.48,4024.6
467.81,2020.47
-1284.23,604.844
-356.429,329.107
569.45,844.157
1421.19,-840.798
-1135.46,-3484.43
454.365,-3662.55
-506.783,-1868.55
1404.45,1230.21
-1000.58,2294.2
638.303,2044.02
-1447.17,1236.9
649.867,851.353
490.455,506.727
666.281,-1576.98
-37.7314,-3982.33
-357.193,-4234.75
901.082,-3140.77
-275.948,-1149.17
2253.48,292.954
-2993.68,1177.48
1680.19,3037.6
-2568.79,5047.18
3568.71,4500.65
-4283.97,1350.27
4591.45,-1948.18
-5783.76,-3249.62
6248.52,-1451.76
-4589.86,-1572.2
5919.25,-1296.44
-6944.27,-1534.86
5927.39,717.107
-5738.73,3038.18
5305.99,4844.54
-4235.82,2392.71
2899.38,-24.7448
-3200.18,-2326.14
2720.28,-2611.55
256.46,-3523.73
1271.54,-6176.62
-219.962,-6107.35
-946.889,-3921.47
374.841,1809.58
1545.8,4946.97
-1532.52,4923.77
458.778,2142.59
-3095.22,2467.62
3272.13,3050.02
-3899.45,2091.21
5777.49,-345.42
-6581.55,-4699.76
6995.06,-4588.23
-6836.92,-3347.55
9192.13,163.175
-8341.71,613.931
7001.32,1895.54
-7601.07,1754.02
5905.95,3715.22
-5355.25,3906.5
4961.79,2769.82
-4855.33,597.562
3779.9,-1856.03
-1345.24,-4155.6
1999.6,-6196.49
-686.153,-6385.76
748.088,-4456.05
-296.678,-356.244
1969.83,1458.16
-1477.1,2408.75
-320.907,2747.13
-1294.47,3618.29
1002.78,4845.59
-842.889,2626.25
997.358,-981.827
-1487.08,-3411.89
1286.59,-3536.06
-466.764,-1912.46
1754.1,-70.9843
-2081.68,372.889
704.057,1937.74
-1573.55,3719.36
515.657,4799
678.371,3933.18
-1703.03,1000.98
1304.19,-2183.15
-1613.74,-3556.34
3424.08,-5089.56
-1848.89,-6221.78
3851.3,-6266.17
-4175.66,-4773.26
5111.24,-276.597
-5774.42,3349.7
5802.64,5880.71
-7016.99,4989.98
5430.79,4566.55
-6835.96,3297.96
6825.03,2266.81
-6095.81,-789.105
6083.17,-3313.03
-5845.93,-4991.67
5763.31,-3789.93
-4196.52,-1726.59
4410.05,964.018
-3239.35,1679.48
2329.87,2286.61
-3025.97,2852.85
1455.38,3118.27
-747.611,2131.29
634.367,-212.408
-1092.81,-1887.35
1073.59,-2982.32
450.75,-2548.08
1869.45,-3856.81
-1528.57,-4237.77
2317.99,-4079.46
-2261.53,-1895.42
3574.01,659.969
-4459.64,2105.7
4728.6,3682.84
-7210.15,4615.09
6475.84,5786.42
-6354.97,3272.77
6755.63,975.467
-6384.21,-3678.13
5819.44,-4491.49
-5198.57,-3819.15
5424.74,-1265.55
-3788.19,-50.9653
2467.17,1137.49
-2298.58,2640
773.407,4334.71
335.271,4159.54
-258.279,504.956
-3.7157,-2344.1
-1352.59,-5041.06
1966.88,-3980.61
-640.181,-2464.31
1602.47,-1656.3
-1443.54,-464.983
1022.12,1042.21
-1548.11,2430.02
520.253,3632.94
-992.354,3176.58
-246.735,1850.07
-537.383,984.728
643.569,-688.42
741.654,-2268.47
165.479,-3617.68
-1397.1,-3469.57
1145.22,-887.209
-1860.62,2357.63
1688.43,4247.44
-2570.09,4956.5
802.681,5000.58
-1866.98,4388.62
3090.39,1636.54
-2746.36,-3724.59
3850.37,-7998.65
-4140.11,-9255.8
5953.21,-7052.13
-3485.93,-4105.24
5322.62,-1015.59
-6221.15,1504.94
5575.77,4714.12
-6557.02,6697.67
6425.24,6429.2
-6695.38,2682.76
5054.01,632.953
-6111.22,-1025.48
6026.65,-41.4993
-4395.19,-507.669
5645.45,-2042.4
-4737.16,-3523.16
3482.84,-1955.3
-2181.19,650.154
3337.56,1788.6
-2643.95,611.355
1325.27,-906.784
-1978.4,155.609
2577.86,576.876
-852.943,109.074
1953.46,-2076.47
-1578.34,-4998.92
2781.6,-5584.55
-2360.34,-4061.53
3758.46,-2151.16
-3456.82,195.759
2848.31,3021.46
-3936.72,4410.92
3202.57,6254.63
-3128.54,4894.56
2086.27,2953.67
-2476.83,-123.669
1146.78,-1740.69
835.414,-3131.51
-648.641,-3877.28
1707.37,-3877.24
-1687.62,-2173.69
3147.27,355.205
-3868.09,1240.1
4576.23,2616.77
-6667.84,2162.95
5628.39,3090.88
-5464.53,1908.05
6359.51,-254.029
-5645.85,-3833.12
5702.62,-5101.13
-5598.3,-4479.3
5976.65,-2140.72
-4606.58,-756.124
3988.49,737.515
-4380.34,2079.93
2249.42,5134.82
-3012.88,7174.51
2505.01,5991.34
-2732.75,2079.11
1993.1,-2900.88
-3029.97,-4644.14
3434.91,-3616.67
-2307.34,-1680.93
3918.68,-1384.57
-4645.7,-996.913
4113.26,300.605
-5504.29,2974.74
5263.57,5732.34
-6106.35,4570.27
5654.07,2877.45
-7506.43,-591.079
7833.44,-2200.47
-6585.88,-4226.07
6930.09,-4263.8
-5750.54,-4503.46
4984.16,-2324.16
-4097.87,-562.974
3778.8,1672.99
-2843.33,2482.48
550.704,3241.61
-703.411,4081.02
-1529.58,4103.44
1656.04,2824.62
-2205.33,-98.4195
1392.03,-1066.76
-2274.41,-1696.25
4167.53,-534.261
-3613.96,-1136.15
3385.5,-1386.56
-4210.54,-824.291
2771.58,1808.04
-2507.65,3454.78
2032.21,3783.15
-1970.54,2058.94
1060.08,-150.333
-487.657,-1826.64
1354.89,-4328.29
164.384,-5998.89
734.804,-6459.2
-1564.8,-4041.19
2242.76,19.4539
-1693.71,3869.32
1981.44,4736.69
-3851.03,4982.4
1847.64,5465.95
-4142.56,5317.85
4587.69,4095.58
-5208.57,-86.7108
5340.09,-3076.42
-5987.27,-4552.48
7319.13,-3141.66
-5522.08,-2683.08
6690.55,-2286.72
-7268.75,-2132.28
5861.91,789.881
-5963.21,3564.25
5967.7,5102.25
-5179.81,2875.07
2995.96,1017.07
-3653.85,-691.271
3087.25,-862.259
-874.324,-2472.12
1685.82,-5020.31
-763.634,-5771.8
-316.476,-3539.45
1908.47,500.435
-1745.86,2778.15
2272.37,3297.66
-4719.45,2779.51
2632.39,4689.5
-4144.07,5886.18
4888.26,5145.89
-4962.54,1161.65
3794.43,-2547.19
-4157.15,-4244.34
4209.25,-2758.53
-2340.77,-2347.97
3184.09,-1884.07
-3931.6,-1334.5
2387.16,1267.03
-2127.96,4066
2804.17,3631.98
-3325.07,1609.43
2202.68,-1089.85
-3388.01,-1950.55
5326.09,-3045.1
-4405.54,-3849.85
4369.24,-3716.5
-5254.42,-2022.28
5890.67,1742.21
-6838.45,3645.14
7535.5,4572.87
-8911.15,2796.57
7099.54,3086.87
-8224.35,2293.26
8476.98,1797.09
-7422.93,-1392.97
6192.76,-2942.85
-6268.01,-3027.46
6185.53,-806.182
-3237.56,-127.189
2188.44,53.0028
-2579.7,-96.0641
637.286,1940.33
557.462,3197.88
-935.071,1569.99
2499.49,-825.877
-3061.85,-3902.23
3516.43,-3848.02
-3390.14,-3140.58
4546.32,-1039.31
-4554.88,-465.723
4160.48,1164.49
-4741.11,2480.46
4552.49,4283.68
-4185.84,3992.02
3027.59,2306.46
-3874.93,435.527
2718.43,-861.142
-2139.43,-1427.37
2597.01,-1466.89
-2154.65,-1265.86
2512.19,-663.035
-2281.93,-71.7015
3570.45,-897.338
-3375.72,-2097.69
3488.95,-2604.21
-4570.61,-943.158
5192.19,1230.75
-5382.8,2150.06
6609.43,1403.95
-7773.44,-239.526
8405.96,-747.109
-7802.95,-2184.76
9555.2,-2391.44
-9054.04,-4383.23
9004.18,-2822.67
-9790.5,-442.214
9077.91,4310.86
-7727.42,5508.41
7025.84,5385.17
-7179.04,2668.95
4994.02,1503.1
-3442.35,-430.243
4240.42,-3402.99
-2114.23,-6156.94
1114.59,-6913.13
378.829,-3610.45
672.678,77.2122
1411.88,2244.91
-1516.06,1763.77
-34.4782,2556.02
-1164.24,2809.84
953.192,3407
245.877,1219.02
-67.6615,-2392.15
422.78,-4578.41
-706.658,-4405.45
2288.55,-2336.26
-1203.68,-1157.01
1266.55,-67.2133
-2129.36,783.363
1151.18,3470.69
-951.16,4317.86
915.012,3888.65
-1029.32,1145.32
-1437.76,-702.432
1326.19,-729.649
-1076.77,-1306.18
2866,-2253.71
-2905.88,-3331.83
3188.3,-2394.43
-3549.07,-736.666
4429.99,1321.45
-4303.92,693.76
3603.85,378.46
-4900.1,558.669
4382.94,1952.62
-3763.3,2088.94
4167.52,680.689
-4002.48,-1852.96
2818,-2621.17
-2362.7,-2267.39
4051.3,-1597.69
-2991.82,-1631.29
1966.2,-776.139
-2883.81,1787.63
1930.19,4847.75
-1586.14,5411.42
2058.39,2870.18
-3662,431.84
2796.01,-692.803
-2245.41,-732.853
3639.07,-1673.39
-3101.57,-3634.72
3515.72,-4120.15
-3658.9,-2964.2
5114.13,-200.739
-3738.65,874.242
3821.75,1042.36
-4317.63,-2.12949
3805.42,462.139
-3926.49,295.522
4181.59,634.92
-2987.05,-212.274
1432.46,-266.988
-237.274,-424.121
665.456,-616.587
998.726,-1788.07
-2366.95,-1754.48
2090,489.227
-3396.01,2984.01
4221.79,4846.07
-4393.34,2895.78
4067.46,1122.22
-4324.17,-1357.81
4909.26,-1740.06
-3441.43,-3908.43
4269.63,-4963.31
-3079.92,-5789.44
2646.99,-3987.18
-1203.2,-442.354
1162.09,2790.16
-484.091,4600.2
-1048.47,4038.67
765.641,2919.16
-1671.31,772.76
2529.59,-1177.64
-1657.28,-3594.48
1370.95,-3507.89
-907.016,-2565.44
949.976,-51.7772
1143.83,452.932
-1154.58,300.31
1109.2,645.598
-2967.68,2430.02
3089.22,4382.04
-3753.09,3543.03
4126.05,1308.54
-5228.77,-1853.33
5545.85,-1935.19
-4801.6,-2469.18
6196.2,-1583.2
-4813.54,-3234.81
4650.6,-3932.35
-3843.34,-3659.56
3460.61,-1243.83
-1995.77,1268.19
1353.39,2942.08
-1780.28,3497.48
637.369,2626.16
-268.593,1305.13
767.89,-1473.13
-636.527,-2606.3
80.3987,-2518.83
-96.6563,-533.367
2046.22,-192.764
-2241.95,-496.139
2419.67,-344.264
-4628.05,2187.1
4560.66,5483.05
-5596.14,5876.57
5638.85,4306.22
-6753.65,-299.891
7174,-2887.38
-6265.34,-5232.99
7521.77,-4809.88
-5884.28,-5326.22
5774.94,-3636.42
-5863.15,-1888.37
5026.64,1850.59
-3814.67,4296.19
3568.67,4432.74
-3819.83,3395.52
1284.09,1799.41
-510.418,-215.916
687.424,-2994.93
-113.332,-4821.76
-404.104,-4309.45
1072.61,-837.195
-948.246,2629.32
1466.7,4137.6
-1899.12,3137.67
391.888,2242.59
-1978.04,2197.22
1422.82,2676.32
-1637.73,1935.28
1313.11,831.63
-1841.09,-1219.23
1468,-2151.94
156.824,-2473.69
537.106,-2735.45
159.682,-3019.74
-371.49,-2463.92
633.06,-1096.24
-248.582,-522.607
1083.85,-171.878
-1463.11,158.505
-432.453,2305.85
-258.825,3895.69
332.647,4058.79
666.251,572.059
-2477.09,-1949.5
2484.22,-2134.43
-2946.52,-432.478
4636.13,927.771
-4997.39,-214.308
4791.91,-208.188
-6589.52,492.354
6075.31,3810.14
-5983.24,4524.29
6647.67,3538.78
-6460.94,-1184.65
5202.7,-3530.99
-3882.81,-5241.81
5202.52,-4988.19
-2928.24,-4560.36
2063.72,-3284.35
-2266.1,373.001
1544.03,3940.64
-347.864,5514.59
541.475,3390.53
-2001.17,1577.94
1205.51,-196.441
-989.217,-897.101
1785.95,-2291.25
-1682.6,-3466.35
1901.43,-2613.67
-2613.47,-200.611
3565.99,3419.56
-3640.02,4453.29
2701.21,4283.59
-4114.5,2604.26
2665.88,1915.31
-2118.02,-243.065
3673.84,-2778.39
-2281.98,-5466.11
1287.87,-5824.58
-117.333,-3753.46
981.483,-1318.75
1359.76,-1172.13
-1667.78,-1376.85
917.16,526.447
-2109.52,3218.38
2485.91,5455.03
-4150.79,4854.58
3629.52,2477.67
-5490.31,428.78
5976.16,-358.216
-4636.07,-1943.07
6154.95,-2788.31
-6285.55,-4332.27
6223.75,-3199.95
-5745.28,-1758.13
6219.65,560.903
-5589.38,1924.26
4082.02,4228.58
-4824.26,4728.44
3916.02,5039.12
-3296.05,1859.32
2586.85,-2550.65
-1937.23,-4768.22
1590.19,-5080.57
0.741882,-3032.63
1793.68,-2151.29
-2021.93,-952.989
1246.68,473.751
-2166.85,3208.82
2487.32,4585.89
-3061.73,4173.38
3120.64,1793.64
-4522.91,-1099.57
5463.8,-2476.25
-4883.06,-4725.55
6269.2,-4601.33
-6618.74,-3461.44
6254.31,436.306
-6085.41,3038.18
6006.41,5053.98
-5176.24,3272.03
2839.35,2269.04
-3997.07,1808.81
2501.51,2479.02
-1102.42,962.149
1095.01,-2545.74
284.491,-5187.53
-758.045,-5556.61
2085.36,-2540.7
-576.743,-802.619
1741.58,-113.196
-2490.9,-1367.47
1065.58,571.234
-1167.69,2814.88
555.807,4949.93
-500.333,5177.08
-1342.97,3203.18
1288.44,568.965
-1713.74,-2128.26
2711.19,-3254.16
-2085.62,-4220.33
3061.61,-3151.49
-3419.34,-1628.76
2900.28,1265.95
-2823.09,2844.89
2228.33,4049.73
-2516.98,3535.99
247.684,3395.24
586.736,1759.04
-472.378,-1252.64
820.773,-4358.5
-1813.96,-5639.25
3032.94,-3805.68
-2647.85,-1579.37
3733.22,745.213
-4275.44,1569.24
3341.08,3320.82
-5212.75,4085.02
4878.38,4461.32
-5309.3,2360.73
5322.47,-525.19
-6017.36,-2684.56
4757.75,-2229.84
-3157.2,-1744.93
4656.82,-1764.8
-4490.76,-2710.76
3471.65,-1370.11
-4061.39,1617.21
3892.51,4450.1
-4049.2,4747.96
3181.72,2997.33
-4425.75,823.477
3733.21,-84.5049
-1824.91,-1843.59
3475.42,-4730.25
-3094.34,-6049.53
2975.02,-4968.54
-3612.38,-1293.28
5239.44,2588.84
-5118.36,3976.18
4106.6,4548.72
-6191.24,4923.11
5088.83,5636.54
-4790,3140.63
4676.43,-652.012
-4902.9,-4712.47
4772.84,-5254.14
-3275.53,-4799.2
5472.63,-2826.21
-3964.81,-2277.02
2076.81,-411.696
-2321.22,2573.03
902.673,5236.73
-101.9,5563.42
-1288.19,3372.51
417.127,1402.78
-1449.89,-590.324
2414.68,-2019.11
-940.214,-4757.07
1300.07,-5883
-2009.73,-4598.87
2865.71,-924.545
-1543.7,1756.84
2157.2,2564.69
-3837.86,2730.8
2313.99,3133.99
-3311.34,3902.8
3136.47,2952.83
-2569.68,-207.073
2441.78,-2905.56
-2728.59,-4011.5
2869.66,-2064.88
-2540.6,-189.861
4001.62,556.992
-4825.58,318.509
3342.87,1495.38
-3959.18,3358.43
3832.99,4676.32
-4689.62,3914.84
3692,1387.85
-4475.65,-882.354
5071.04,-2792.03
-4245.41,-4424.6
6312.66,-4927.85
-5364.11,-5783.71
5496.01,-3435.97
-5150.87,-1525.3
4611.21,1806.79
-4114.18,3653.5
1966.37,5404.9
-3434.34,6214.09
2117.93,6175.4
-1494.64,3102.67
-165.119,-814.922
1225.91,-4248.92
-1722.12,-5891.33
3961.54,-4845.71
-3091.92,-4236.93
4184.2,-1619.45
-5845.47,1487.42
4580.01,5836.49
-5304.21,7787.11
4555.46,7396.33
-5368.96,3484.28
4312.48,86.2141
-4027.87,-3829.39
5106.22,-5948.5
-2940.25,-8013.64
3616,-8421.49
-2544.06,-5310.1
3063.49,-870.059
-2400.82,3575.57
2083.35,6286.55
-3650.3,6984.95
1442.33,6098.13
-1802.8,3618.54
2376.32,-338.602
-2145.41,-4436.35
3097.8,-6632.78
-2893.48,-5884.98
4289.15,-2979.42
-4079.18,-77.4354
5363.38,1960.63
-5661.66,2989.8
4894.36,4168.47
-5201.3,4029.16
4855.94,3429
-5596.15,579.821
4762.18,-1123.82
-4593.37,-3035.39
5495.98,-2540.54
-3091.3,-3308.9
3804.12,-3146.23
-2568.76,-2683.8
1682.02,-1282.48
-1220.3,664.8
1054.13,1068.32
-111.319,1451.54
-1494.01,1701.64
842.5,2927.56
-157.028,2363.1
1274.89,-300.673
-771.549,-4478.8
-3.50896,-5511.43
-100.018,-3188.23
-88.0767,1233.29
2005.12,3473.18
-3038.43,3443.57
920.169,4043.93
-2400.2,4343.86
2672.22,4150.17
-1530.94,408.071
2308.28,-4382.6
-2969.98,-7847.27
3221.64,-6572.11
-421.695,-4644.58
1475.36,-2158.41
-63.814,-1043.98
-1145.72,1001.69
787.866,4145.89
-2164.74,5667.79
2329.19,6018.66
-4219.38,3360.13
3397.2,770.455
-3461.67,-1380.04
4245.44,-2306.78
-3626.27,-3482.02
4308.47,-2670.85
-4396.77,-2069.84
4592.85,-260.477
-3668.38,944.431
2035.81,2629.08
-2729.08,4370.62
833.558,5752.82
-238.301,3793.8
298.036,-310.733
347.429,-4796.56
-629.065,-7153.95
1808.07,-5678.73
-431.938,-4245.25
2712.99,-3192.25
-2262.06,-2935.51
690.159,543.128
-1518.66,4508.27
193.089,8866.65
141.397,8253.5
-2933.25,5093.87
1974.31,1419.48
-3325.75,-1700.02
5190.58,-2675.7
-4441.14,-4915.62
5685.52,-5162.14
-6356.38,-4205.93
5761.63,301.056
-4926.9,2727.34
5319.42,4928.24
-5666.71,3530.68
3535.54,2807.4
-3491.27,1674.74
2570.58,-237.437
-1061.39,-2846.4
889.764,-5848.65
175.136,-5731.23
421.952,-3715.98
1094.82,-770.426
385.132,-90.215
-672.07,870.437
-441.367,1129.99
-1507.85,3291.57
1845.96,5094.5
-3359.1,5198.25
3444.94,3560.91
-5186.74,1206.12
5402.47,69.6224
-5116.86,-2237.82
6276.18,-2915.57
-6189.72,-4022.29
5742.3,-1810.05
-5644.39,-154.9
6064.34,2328.72
-5272.16,2164.03
3867.52,1721.8
-3551.16,665.903
3175.72,-416.944
-2004.13,-2161.84
1492.91,-4071.18
-452.394,-4105.65
687.225,-3531.63
237.722,-1288.28
-202.822,946.025
-713.934,3472.1
-775.588,5213.51
-902.916,6201.56
1219.76,4290.77
-2156.91,1485.94
2267.68,-1465.8
-3484.44,-2592.39
4668.57,-2443.11
-3218.15,-3940.51
4712.71,-4536.27
-4792.7,-4566.03
4797.2,-782.864
-4054.52,2388.49
3960.61,4986.16
-3953.67,3448.18
2043.04,2303.89
-2918.47,1285.47
2359.91,847.935
176.324,-661.245
280.925,-3989.76
1650.55,-6135.25
-2137.13,-6350.61
4070.84,-3805.28
-3409.64,-774.908
4451.67,1836.58
-5285.2,3062.28
4679.84,5068.58
-5055.81,4911.93
4520.17,4207.42
-4854.01,1562.4
4266.45,-598.794
-4020.19,-2937.34
5191.79,-3668.32
-4047.01,-3821.16
4435.33,-2472.53
-3976.05,-266.364
3619.12,1906.42
-2938.19,2700.17
2048.34,2139.69
-2633.52,1599.69
1593.69,1529.75
-937.096,92.2818
2731.12,-2798.81
-2208.2,-5830.17
2713.25,-6983.75
-2203.45,-5113.24
3962.83,-2413.29
-2925.23,-214.359
3559.8,545.301
-5298.31,2389.54
4138.82,5227.25
-5795.62,6847.94
5936.54,6524.5
-6858.64,2476.72
5606.19,71.8493
-6745.71,-1923.61
7831.33,-1253.07
-5641.61,-2851.55
5349.16,-3419.08
-5079.79,-3326.47
4455.77,-547.54
-2784.08,1417.29
2171.76,2454.49
-1694.82,2168.16
-470.277,1471.6
1020.48,1125.08
-1563,-398.737
2624.7,-1788.07
-1678.02,-4553.22
2111.83,-4650.36
-1700.43,-3948.62
2500.98,-1336.25
-1646.33,255.424
575.073,2015
-1965.11,4064.37
901.298,5522.85
-735.47,5474.92
725.478,2256.49
-962.89,-1112.55
205.301,-3547.05
-88.4677,-3211.72
1107.07,-2695.44
-469.414,-2040.63
1150.83,-526.899
-1818.81,1006.78
2152.03,3052.96
-2645.26,3740.21
2634.81,2884.97
-3967.23,757.969
3156.21,-558.461
-3301.52,-1240.15
5500,-2653.37
-3562.8,-4982.96
5266.56,-6445.05
-5868.33,-5474.32
5490.92,-948.24
-4807.38,2418.58
5454.48,4232.65
-6824.48,3704.39
5049.26,4925.71
-5350.78,5023.88
5001.62,4011
-4613.97,-130.033
4310.12,-4361.08
-4819.98,-5914.68
3836.57,-3046.1
-1725.47,559.803
2320.83,2561.71
-1609.79,2317.1
-416.953,1678.68
-1080.43,2251.8
1323.81,2072.5
-239.938,270.151
-650.57,-2537.1
109.007,-3609.2
1273.71,-3616.43
327.399,-3244.65
1273.05,-4023.35
-1203.5,-3250.68
83.3091,-519.069
-407.408,2430.74
1116.16,4574.56
-1866.36,3735.74
246.833,3397.38
-669.166,2406.2
239.493,1531.32
1327.48,-980.085
-2378.07,-2806.42
2060.93,-2966.65
-2439.53,-1188.52
4864.74,764.066
-5074.45,680.471
5473.66,1448.04
-7444.95,1874.33
6697.68,3765.02
-6145.54,2343.78
7465.41,-552.943
-7008.23,-5154.36
6893.71,-5691.34
-5597.74,-4482.3
6848,-2184
-4656.88,-2169.85
3722.71,-1762.92
-3452.73,-470.201
3290.06,2107.13
-2028.05,3884.26
1658.17,2975.56
-2697.85,2005.02
893.663,1049.42
-719.706,532.997
1910.06,-699.032
-887.956,-1828.91
1563.02,-2602.96
-1481.33,-1852.67
2593.55,-1033.28
-2037.41,-906.094
2917.73,-968.889
-5052.19,421.293
4931.79,3664.05
-5038.35,5177.55
6024.98,4006.68
-5302.72,-937.103
4105.77,-3826
-4462.68,-4881.37
5800.07,-2957.9
-3947.83,-2732.16
3837.36,-2023.11
-3274.2,-1397.31
2474.14,1130.27
-1057.65,2601.49
88.3287,2837.56
662.453,1498.26
-3988.54,451.274
4172.37,1141.83
-5164.01,969.04
7083,313.893
-7305.92,-1499.35
6862.4,-1185.57
-7932.82,-730.813
8450.44,1612.63
-8558.25,649.072
7680.06,1011.34
-8828.19,880.689
7708.84,3089.3
-6405.52,2477.63
6734.85,-73.3988
-5907.85,-3924.18
4510.34,-5799.39
-3004.51,-5170.42
3361.8,-2940.89
-1221.03,-1178.67
115.491,356.365
-973.977,3064.76
-9.03822,5124.23
228.353,5565.47
-892.96,3268.23
-95.5935,965.705
-1620.68,-338.874
1258.63,-16.9068
197.009,-879.627
531.69,-1919.69
-572.972,-2759.77
1379.14,-2408.37
-574.381,-634.981
1335.45,-318.328
-1022.84,-169.632
981.15,-617.768
-2498.42,547.535
3732.81,1488.07
-3165.53,955.915
4649.58,-771.955
-5234.9,-2662.97
6056.25,-2857.57
-6063.73,-2683.62
8217.29,-1320.5
-9032.55,-1078.38
8735.21,1672.75
-9164.63,3717.96
8531.07,6025.93
-9223.01,5045.89
8270.32,3881.9
-8636.64,644.447
8110.15,-1492.99
-6110.53,-4409.63
6908.27,-5666.53
-5263.28,-6428.71
4814.05,-4231.39
-2809.92,-1766.26
2340.47,778.777
-1354.6,2592.85
-601.399,3523.67
630.511,4187.18
-1750.3,3148.29
2698.8,681.96
-3087.86,-3196.92
3258.24,-4450.44
-3645.95,-4153.57
5182.24,-1857.12
-3625.49,-1277.46
3784.18,-103.629
-4456,931.63
3025.89,3638.46
-3163.73,5404.07
2753.66,4675.58
-3423.49,2185.31
2240.73,-61.2885
-2592.53,-778.105
3532.21,-1662.08
-1660.85,-3232.8
1995.23,-4243.49
-3050.3,-3063.7
2861.06,58.5358
-2123.1,2741.13
3412.83,2847.22
-4222.78,942.137
3465.93,236.776
-4989.94,723.194
5606.05,1003.88
-5169.83,-760.274
6112.21,-3335.49
-7256.49,-3939.86
7472.1,-1385.82
-6097.38,343.215
7493.98,1373.23
-8368.42,-438.115
6168.99,828.851
-6453.28,1951.42
6115.77,3958.5
-5362.11,2806.56
4034.76,1459.49
-4208.44,-92.7997
2565.37,-108.021
-967.73,-525.137
1406.75,-2449.9
-191.967,-3190.16
-1646,-2606.43
1319.36,1328.25
-592.951,3291.43
1209.83,3102.91
-686.879,-510.835
-1019.93,-2049.62
2491.41,-2643.23
-1225.7,-3096.52
2837.3,-3780.63
-3535.04,-4182.91
3627.69,-1584.1
-3934.18,1116.12
5036.11,4448.67
-5318.33,4672.57
2768.01,6121.09
-3852.49,4994.02
2373.98,4289.55
-1969.71,1238.72
1443.54,-2270.23
-403.889,-3794.16
-175.773,-4208.81
3516.01,-3687.07
-2325.38,-4398.23
2952.54,-3905.25
-4307.37,-1912.86
4657.63,2280.79
-3880.24,3607.68
4682.27,3233.45
-4835.22,65.3397
2851.96,-998.878
-1766.75,-1218.25
2837.05,-2188.61
-1688.13,-3999.48
1122.59,-3501.73
-1115.17,-958.639
1136.33,2427.75
401.761,4615.49
-579.312,3097.65
-1246.53,2497.39
-242.423,2035.39
-51.6261,2539.08
1189.2,955.393
-510.869,-2203.29
1065.6,-4012.81
-2149.57,-3508.06
3791.09,-1391.97
-1768.84,-1100.31
2815.64,-1832.88
-4128.69,-2220.92
3609.94,663.802
-4003.99,3536.57
5221.46,3986.96
-4417.9,753.969
3138.65,-2211.94
-3522.32,-3094.61
4551.69,-2189.22
-2770.28,-2448.15
3346.6,-2493.23
-4103.91,-1852.96
2489.32,1495.28
-2310.53,5076.26
1856.59,6827.47
-2409.06,5266.33
800.18,2596.06
-1822.98,709.838
1476.35,-1344.83
-135.846,-3142.95
1388.36,-5322.1
-1818.79,-5413.69
2548.75,-3579.18
-992.074,-1163.63
2574.72,-1.48426
-3615.14,638.169
2510.76,2148.98
-3937.91,3671.94
4205.67,4274.47
-5257.88,2349.62
5381.78,262.521
-5999.21,-1720.56
6084.82,-1601.52
-4309.05,-3039.87
5437.95,-3658.36
-4858.3,-4329.13
4321.57,-2352.49
-3596.9,517.361
3229.14,4035.49
-3198.66,5255.88
303.659,6101.6
-1011.07,5696.75
-751.659,4377.86
1947.39,1412.27
-2537.64,-2967.1
3115.97,-4547.18
-3486.5,-5169.76
4678.77,-3499.4
-2628.97,-3170.23
3480.2,-2426.72
-3746.78,-1697.3
3304.22,1555.7
-3561.04,3841.06
3084.89,4162.75
-3364.92,2136.41
2171.8,-611.064
-2089.52,-1754.28
2747.43,-2630.23
-1468.08,-2592.62
1802.79,-2478.66
-2789.69,-1366.36
2663.29,833.166
-3351.75,3138.88
3338.8,4921.69
-5254.9,5599.97
4177.07,5805.22
-5900.77,4388.78
6470.77,1140.73
-5992.32,-3940.32
6699.78,-6801.79
-6576.1,-7351.71
8018.73,-4481.57
-6296.78,-2460.3
6954.29,-274.459
-7229.8,234.951
5922.21,2892.69
-5640.92,4132.15
4983.22,4487.14
-4879.28,2142.23
2867.37,28.2688
-2546.41,-1622.46
1693.92,-2047.67
88.8338,-1703.91
313.633,-1825.67
154.386,-863.41
-1950.52,1098.4
1940.15,3779.88
-2096.13,3708.06
1999.78,2582.73
-2842.11,439.607
1879.88,18.5723
-1159.1,-681.728
2292.31,-1932.21
-901.78,-4644.85
1176.9,-6256.53
-244.143,-4951.81
210.495,-1441.05
304.672,2447.11
7.45699,4052.21
-986.899,4444.04
-1242.74,4011.9
460.08,3934.75
395.961,2100.68
-428.057,-756.747
1245.38,-4270.82
-2631.09,-4758.3
4059.2,-3346.04
-3193.32,-1840.73
4583.39,-222.823
-5281.87,651.554
5638.38,2486.25
-7372.91,3653.35
7203.29,4549.82
-7861.9,2459.6
6994.3,1034.97
-7701.75,-1526.31
8316.91,-1516.99
-6390.16,-3392.6
7141.61,-4235.89
-6172.14,-4500.57
5361.02,-3058.68
-3465.83,-1407.96
3382.37,795.347
-3118.55,1767.93
1753.63,2960.65
-1533.02,4125.19
-115.675,3559.41
839.386,1778.87
-1292.77,-1198.95
1748.67,-3019.3
-2585.92,-2707.61
3218.91,-619.695
-1970.03,7.70551
2350.5,608.923
-4108.41,934.675
3243.71,2970.54
-3369.33,4329.52
2722.53,4092.9
-2699.15,1311.69
2214.31,-1396.12
-2003.63,-3688.88
3138.1,-5015.39
-1718.59,-5218.4
2854.29,-5044.7
-2752.71,-2960.61
2683.07,-294.684
-2314.15,2019.26
3364.21,3091.77
-4526.73,2617.74
3072.39,2664.22
-3362.28,2124.01
3746.23,967.004
-3482.16,-2067.08
3665.28,-3198.89
-3810.96,-2937.48
4179.47,-266.357
-2612.1,1203.27
2700.06,1223.19
-3676.33,1666.24
1853.91,3010.94
-1559.9,3955.19
1755.11,3220.22
-1369.04,552.201
716.301,-2161.26
-279.386,-3521.74
1327.78,-3727.56
1402.09,-5000.29
-651.42,-5389.04
1310.79,-3966.37
-1887.82,-563.246
1952.63,3640.1
-2072.04,5354.23
2044.04,5007.54
-4447.87,3195.95
4281.72,1801.25
-3266.83,-794.49
4024.29,-3310.53
-3556.75,-6050.32
3875.48,-5549.8
-3640.56,-3120.13
5146.25,-298.545
-4134.21,1883.35
2576.33,3904.28
-4388.72,5888.71
3964.94,6545.66
-4817.93,4288.21
4262.02,879.612
-5047.6,-2313.25
4631.5,-3319.36
-3316.33,-3332.99
5947.65,-4033.11
-5533.48,-5333.15
6627.48,-4532.44
-7347.96,-1778.43
7789.02,1865.59
-6538.22,2892.7
6179.86,2932.61
-8224.44,1709.72
7196.6,2523.87
-6349.13,1707.72
7652.5,-683.647
-6708.22,-4852.03
5728.32,-4872.49
-5007.05,-3323.36
4508.48,1148.08
-3063.59,3634.37
1156.49,4628.27
-1774.07,5557.26
-338.504,5345.07
1552.92,3885.44
-789.567,-681.581
1166.74,-5158.86
-1744.49,-7866.38
2891.3,-6362.69
-1173.48,-4583.44
3616.42,-2218.58
-2840.5,-1000.15
1641.23,1584.95
-1442.67,4297.31
728.17,4932.27
-1626.93,4040.71
43.8673,1909.25
-1225.46,707.217
1438.93,-94.3015
-286.504,-1123.69
1183.28,-2667.02
-1401.08,-3432.17
1684.31,-2782.27
-2172.84,-642.127
3280.95,761.64
-3955.55,1897.69
3708.94,2927.23
-5691.87,3495.16
5643.89,4062.82
-5582.26,1339.69
6171.1,-2135.64
-6384.02,-5466.88
6895.45,-5311.98
-6326.54,-3938.82
8021.3,-1478.72
-6330.83,-1998.3
5889.17,-908.61
-6722.87,872.054
4755.41,4773.4
-4578.25,7172.69
2877.66,6758.06
-3203.35,3562.61
1240.48,548.184
-1078.53,-1260.92
2514.65,-3124.74
-200.753,-5203.85
5.29767,-6496.53
-97.5655,-4217.23
-348.886,-443.225
1072.16,3815.4
-866.463,5610.26
-1187.71,6078.99
-430.863,5508.94
63.2278,3432.2
50.9397,-279.634
126.403,-5136.37
821.233,-7956.32
250.809,-8191.44
1389.47,-6006
910.272,-3301.51
-787.767,-161.053
47.6509,2758.9
-1579.25,5773.96
2012.92,6408.96
-3085.61,4800.17
3524.41,1490.99
-5353.32,-1419.02
6092.86,-2312.95
-5253.73,-3500.06
7065.3,-3987.36
-7310.1,-3778.04
7463.37,89.6124
-7399.33,2874.41
7723.2,5934.88
-6974.75,3957.3
5096.6,2461.16
-5708.68,214.514
5421.81,-609.021
-3115.66,-2438.44
3706.88,-5021.81
-1295.68,-6516.12
930.082,-5822.2
696.525,-2677.51
970.738,-861.933
164.926,879.564
-1697.77,1508.69
68.2382,4168.44
-29.504,5410.72
-299.814,4642.27
789.138,1601.2
-2865.9,-1153.43
2266.31,-1281.78
-1649.11,-984.217
3703.38,-1771.23
-3350,-3669.83
2799.66,-2334.13
-3903.5,194.909
4340.87,3649.21
-2846.87,3150.95
1927.08,974.112
-3127.71,-1114.91
2111.97,-796.733
-359.484,-632.176
959.092,-2079.15
619.551,-4391.78
-1434.42,-5108.09
1484.34,-2439.67
-726.465,382.538
2210.56,2367.83
-3755.6,2787.36
1550.94,4150.82
-2711.1,4963.7
1865.14,5628.7
-1498.73,3014.71
508.343,-148.676
-1559.15,-1864.55
2170.9,-2663.96
-122.705,-3543.64
1023.18,-4887.99
-247.783,-4475
-1043.38,-1295.62
523.428,3238.21
-297.678,5969.33
718.23,5159.54
-2266.48,1977.61
1510.92,-268.4
-506.726,-2154.63
1661.9,-4506.02
336.502,-6965.3
-120.381,-7175.91
390.913,-5211.66
31.8768,188.809
1258.47,4314.77
-2703.73,6949.72
1528.9,8030.77
-3579.05,6521.45
2881,4602.98
-3542.84,513.401
4347.47,-2916.06
-5289.47,-4919.39
6695.01,-4561.41
-4602.92,-4553.94
6207.31,-3546.96
-6044.07,-2386.81
6068.9,363.632
-5373.98,2295.48
4884.65,3528.15
-5360.61,2871.74
3180.2,2768.17
-3461.48,1860.18
2922.56,1863.37
-1406.97,-1180.59
2192.98,-4378.22
-976.27,-5703.1
877.918,-6010.59
422.676,-3167.67
995.112,-1462.2
-889.859,532.965
-631.388,2702.82
-726.456,6127.67
636.181,7395.11
-1020.96,5366.03
1765.68,318.447
-2903.77,-4305.79
3116.04,-5196.1
-2692.93,-5071.25
5245.28,-3127.39
-4800.96,-2085.73
3852.86,576.233
-3905.68,3532.28
3433.81,6047.68
-2432.56,4732.18
1472.12,1851.56
-1792.37,-2146.09
954.27,-3647.14
1066.87,-4432.97
376.726,-5394.18
722.661,-4037.84
-1627.88,-1733.76
974.228,3226.79
177.592,5182.19
258.798,4603.53
-1672.39,1802.17
-626.738,1139.78
828.623,1245.61
-475.958,-41.0531
1780.56,-2331.66
-1875.07,-5308.65
2367.87,-4304.55
-2311.82,-1997.14
3756.65,1145.59
-3290.33,1942.32
1788.5,2159.78
-3939.16,3369.71
2081.05,5115.25
-1152.49,4765.69
1520.35,1696.58
-1681.11,-2697.92
913.725,-5160.43
1261.82,-6273.62
-28.991,-6070.23
1730.3,-5571.69
-2016.99,-3052.49
1949.87,1420.89
-2649.13,5363.85
3647.08,6968.71
-5332.53,5273.04
3938.27,3643.95
-5957.33,1500.71
5863.45,805.212
-5677.47,-1088.07
5494.69,-1698.4
-5109.23,-2780.07
4824.64,-1066.23
-2977.51,-319.722
2300.14,504.876
-2175.4,737.132
-264.87,2172.24
256.441,2923.34
-204.953,1519.61
1520.69,-496.709
-1692.62,-4078.58
1785.12,-4189.36
207.022,-5305.96
1517.33,-5135.71
-131.964,-5930.97
-1286.87,-3078.93
1425.34,2325.06
-4104.15,8310.78
5027.55,11064.9
-7382.27,8638.71
5499.9,6173.81
-8488.56,1978.61
9528.64,97.092
-8620.36,-4220.92
9356.71,-6383.82
-8622.78,-8002.83
8026.57,-4290.78
-5372.85,-1100.23
5951.46,1946.49
-4248.08,1443.59
1317.19,2159.91
-1775.55,3437.89
372.771,2826.6
892.502,1836.1
-2071.68,-1614.35
1540.7,-2545.45
-1698.29,-2330.58
3362.2,-431.462
-2259.25,-1730.67
1588.53,-1595.16
-1116.63,-1634.8
-1033.79,1021.37
1035.01,4370.38
-1629.52,4861.77
951.61,5284.71
-3356.45,3079.87
3651.82,1297.16
-2826.95,-1666.62
2926.14,-3928.8
-3119.03,-5091.42
2607.04,-2899.19
-1622.96,-1095.28
1970.71,709.851
-1077.68,1171.19
-1159.14,2084.84
868.267,4339.87
-2048.25,3944.9
2537.61,1596.48
-2841.18,-2000.68
2038.81,-4222.5
-2036.74,-4078.43
3110.38,-1024.97
-1852.37,-555.894
1467.17,151.435
-2627.88,910.655
1560.21,2438.99
-1220.39,3731.08
969.499,2996.1
-1232.91,1608.24
-760.183,407.189
1214.37,-634.945
356.705,-2619.94
1130.97,-4601.86
-1480.18,-5081.12
1054.32,-1670.8
-585.629,2230.14
1240.29,3545.6
-265.733,2149.22
-1416.54,842.811
15.4592,1256.71
-414.299,3201.01
1189.84,2703.67
-1080.27,-246.971
1310.81,-3472.95
-2399.02,-4344.46
4413.94,-2505.57
-2517.52,-1719.57
4533.64,-2168.78
-5913.04,-2303.22
5511.1,-467.985
-6123.1,1926.27
6989.14,4197.41
-7006.29,3232.08
5418,3021.72
-5771.71,1451.55
5479.19,1009.72
-4006.21,-2253.75
3686.21,-3966.5
-2645.38,-4791.9
2628.13,-3303.27
-709.504,-1103.21
911.788,234.65
-660.107,1837.41
-2061.22,2953.43
2240.36,4914.58
-1620.76,2802.23
1734.55,377.91
-1175.31,-3397.95
655.902,-4565.31
1100.53,-4457.48
-229.607,-4087.33
2503.95,-3629.23
-3712.63,-2027.55
4021.69,1879.41
-4310.39,4932.37
4831.29,6375.41
-5746.14,3973.55
4100.71,2624.01
-5597.3,370.832
5402.76,658.387
-3291.52,-1454.75
2950.74,-3116.33
-1456.73,-4269.25
1265.47,-3394.93
-289.133,-1118.27
628.05,-19.7517
-381.521,1584.86
-1329.51,1945.9
1428.74,2957.87
-1273.57,1949.71
2231.97,-173.308
-1871.28,-3293.44
1337.21,-4452.22
-1485.94,-3315.2
1284.16,-934.009
433.942,579.635
-313.113,541.008
-558.849,1890.57
-601.036,3577.51
-572.731,5025.17
498.797,4428.01
-1599.09,1305.5
887.242,-1720.67
-1245.98,-2424.19
2603.51,-2332.89
-1885.49,-1854.21
3061.73,-2174.71
-3603.05,-2536.78
3662.51,-1334.44
-3895.79,-296.987
4807.44,1856.71
-5558.9,2584.94
4946.61,2886.58
-5423.94,1893.89
5955.08,77.3621
-5411.42,-3190.92
5976.62,-4346.57
-5899.36,-3874.76
6636.87,-1588.6
-4419.84,-914.201
4671.17,-599.098
-4851.27,-179.147
2576.51,3279.96
-2164.84,5539.54
1588.2,6390.54
-1852.27,4082.97
-253.077,1146.8
148.348,78.9609
116.173,-1428.06
1645.61,-2499.08
-500.416,-4994.17
1373.89,-5480.76
-1750.77,-4192.93
2258.33,-485.746
-500.463,1400.22
68.6609,2267.47
-905.476,2452.99
-1343.21,2915.85
3554.08,1955.39
-3316.69,-1522.24
3905.57,-4618.21
-4780.98,-5698.58
4660.23,-2536.43
-3637.47,118.137
4473.8,2013.14
-4634.44,1528.89
2708.53,3552.67
-2907.67,3932.04
1981.87,4528.74
-1221.58,2164.5
-783.153,-763.012
833.898,-2302.07
-1463.54,-2787.51
4039.6,-1385.7
-3454.86,-2469.09
3402.61,-1176.77
-4338.34,-97.5841
3619.91,2480.29
-2817.48,2391.54
3011.59,1351.26
-3243.31,-508.767
1474.85,-614.375
-295.603,209.578
520.113,-786.768
512.343,-2601.33
-945.954,-4180.73
984.613,-2248.96
-77.9726,-243.462
904.281,1646.46
-1013.95,1973.69
-985.599,2319.5
139.446,2813.12
-1621.44,3816.15
2080.85,3524.37
-3038.05,2070.22
3106.78,421.222
-3895.01,-1523.46
5307.06,-2648.71
-4712.28,-4587.12
5616.43,-4214.61
-6485.1,-2519.15
5878.73,1598.99
-4564.5,3207.17
4615.73,3520.31
-5049.02,913.686
3236.67,416.28
-2841.02,233.168
3321.52,-1053.76
-2028.22,-3110.09
1637.06,-4868.28
-1254.07,-3656.15
1290.55,-750.738
-82.0693,2248.24
422.443,2674.83
-1408.89,2776.37
-183.645,2558.21
-926.763,3123.2
1126.01,3282.22
-1824.86,1718.63
1892.53,170.348
-2851.45,-1152.41
3879.61,-1863.02
-2693.44,-2663.54
4147.44,-3748.11
-4151.16,-3889.02
4557.38,-1921
-4148.89,-436.419
5325.64,890.088
-5866.99,1084.72
4573.79,2294.61
-4701.42,2547.63
5799.79,1840.49
-4316.67,-2159.66
4238.36,-4742.2
-4259.16,-5109
3607.38,-1870.42
-2265.04,1370.1
1913.73,3208.85
-1650.3,3543.89
-221.8,3923.52
45.4756,4328.58
193.468,2805.56
843.533,-389.484
-959.887,-5120.05
979.243,-6656.98
-690.44,-5168.51
1873.23,-1416.04
-471.756,1234.25
-526.18,3480.17
-104.843,4291.7
-1508.85,4672.25
2215.66,3051.35
-2043.82,-949.411
2442.29,-4002.27
-2897.56,-5973.32
4126.64,-4971.25
-2498.55,-4193.26
3485.8,-2560.93
-2170.59,-1846.01
1605.8,876.576
-1479.42,2841.57
477.365,4825.82
-187.306,4388.44
-3494.36,3891.42
3279.46,3665.81
-4755.66,2408.92
7209.64,528.909
-6853.99,-3353.53
6857.85,-4210.33
-7375.13,-4348.72
8387.74,-1153.98
-6925.71,-1349.54
7643.18,-993.797
-8074.02,-464.81
6844.56,2716.29
-5726.63,3784.98
6391.16,2043.09
-5870.43,-2003.75
4193.24,-5027.56
-4304.51,-3410.17
5777.25,-1332.9
-3010.56,-735.307
3491.28,-1495.35
-4865.94,-1333.63
4561.61,1274.18
-5389.65,3846.3
6529.26,4420.57
-6968.38,2361.72
4421.99,2019.79
-5754.94,2170.33
7353.71,2260.77
-5886.92,-1220.97
6531.72,-4942.1
-6921.22,-6287.98
6584.75,-3546.71
-4534.32,-758.513
5241.93,1497.68
-5940.08,1420.47
3534.07,3392.18
-2373.85,4041.4
2468.4,2357.8
-622.216,-1634.82
-1066.29,-4554.67
760.983,-4981.71
-853.292,-2960.12
3842.89,-1200.17
-3949.05,-1402.97
4234.2,552.926
-6190.5,2778.62
5739.07,6377.37
-6258.71,5849.21
4723.8,4131.42
-7228.85,1653.07
5096.21,1872.59
-3385.64,924.593
5055.27,-1552.03
-3650.66,-5737.19
2614.8,-7360.68
-1779.58,-5661.05
2430.86,-2664.88
-387.132,-436.593
82.2212,437.422
-1396.56,2937.38
802.671,4593.36
-1260.84,5352.57
1435.02,2724.73
-2115.15,-1179.92
1795.83,-3988.39
-1958.08,-4304.68
4057.46,-2815.3
-4030.01,-1104.17
4922.9,569.974
-6223.76,1899.81
5816.58,4323.21
-6935.34,4797.07
6969.74,5068.5
-7725.13,2578.83
6625.82,803.076
-5890.19,-1921.17
6786.61,-3955
-5043.15,-6447.3
5366.48,-5661.05
-4295.65,-3880.49
4850.19,-634.221
-3433.16,1436.53
2092.97,2410.96
-2433.49,3622.91
343.034,4501.21
-430.56,4418.82
137.688,1926.94
516.607,-1545.26
-527.732,-4880.29
1167.48,-5728.98
-331.038,-4704.38
1560.12,-2393.82
-313.094,-1132.46
-615.766,854.437
-636.002,3724.32
-157.047,6287.81
-367.995,6792.94
-422.15,4401.65
-1287.48,1709.65
54.1818,-645.365
-0.174377,-1623.15
1552.44,-3256.47
-538.49,-4884.47
2614.82,-6272.82
-2203.67,-5345.05
3214.88,-2672.38
-3881.57,426.556
5133.98,3035.87
-6688.56,3393.21
5815.08,4155.13
-6695.89,3434.91
7467.56,2446.28
-7538.11,-576.476
7561.37,-2764.24
-7976.46,-4412.54
8642.56,-3031.7
-6649.46,-2882.29
5866.12,121.583
-5947.52,2758.96
4879.4,5571.21
-4946.68,6177.77
3366.01,4534.8
-3804.14,1936.79
1926.75,9.05869
-581.178,-1836.77
2327.23,-4652.94
-948.682,-6365.98
1002.15,-6927.56
-224.929,-3889.22
907.69,-735.89
-163.516,1682.83
1051.08,2566.56
-3966,3385.96
2996.68,4856.9
-3042.18,4476.8
3833.54,1105.81
-3848.77,-3841.07
3452.93,-5440.56
-4269.56,-4294.37
5629.18,-330.495
-4309.6,1224.89
3931.91,1583.52
-4488.87,1423
2774.47,3616.05
-2091.95,3911.92
1317.63,3258.13
-1015.42,629.934
-1031.17,-1970.36
1820.02,-2538.8
-1461.12,-2568.33
3390.91,-2016.1
-3167.31,-2225.39
3965.57,-1540.26
-3694.29,-1880.07
4629.43,-1026.75
-4719.38,-1173.23
4036.4,919.839
-4981.72,2877.84
4389.73,4168.1
-2787.82,2633.64
2407.24,-414.595
-3140.15,-2207.2
2404.69,-1540
-1225.28,-499.533
2243.85,-924.969
-2260.47,-1528.47
1244.01,-796.469
-2208.38,2547.93
2278.61,5412.39
-2582.97,5467.29
2675.35,2344.9
-3981.07,-1206.13
3845.23,-3102.56
-3111.97,-3985.05
5753.1,-4422.93
-5327.27,-5184.81
4676.4,-3032.91
-4746.74,-511.511
5891.32,2550.48
-5387.92,2783.82
5073.78,2049.56
-6472.64,1500.31
5140.19,2251.79
-4456.18,1064.89
4614.46,-937.004
-4129.92,-3219.51
3208.99,-2755.86
-2516.88,-536.433
3310.89,1484.16
-2065.59,1485.9
863.415,497.371
-2178.82,501.516
673.099,2987.11
-397.283,4639.1
1016.44,2711.27
-300.123,-419.503
-758.589,-3475.33
1093.49,-4177.86
551.186,-3771.25
111.731,-2972.46
39.9959,-2089.88
-343.457,-316.575
534.039,1936.56
-666.173,3631.18
269.864,3807.69
-1279.81,2733.8
1013.95,1078.82
-1525.91,-1505.23
2520.41,-3662.55
-1254.98,-4853.62
1068.86,-3612.79
-546.88,-1738.77
801.395,1273.06
533.752,1845.65
-2657.88,2566.94
1346.19,4091.97
-3131.63,5742.3
3012.36,6145.57
-3517.29,2697.3
3518.89,-1049.89
-4247.99,-4617.54
5108.73,-4750.4
-2762.51,-5853.04
4200.65,-4967.28
-2721.47,-5139.2
1959.71,-2579.21
-605.62,715.764
-503.634,3588.67
522.155,6013.28
-2775.18,5592.18
2615.7,4588.18
-3275.48,1321.81
3856.29,-1698.11
-3175.16,-4984.58
3360.58,-4742.71
-2820.74,-3975.67
2228.37,-242.705
-654.655,1901.59
-27.6534,3007.51
171.199,3874.58
-2571.36,4516.5
2793.21,4735.93
-3261.36,1718.61
3917.18,-2208.83
-4380.4,-6105.53
4944.65,-5623.77
-4064.96,-4188.42
6003.67,-1257.52
-4870.3,-827.808
4507.76,-351.723
-4816.12,487.309
3414.07,2322.63
-2857.12,3452.86
2603.04,2895.26
-3533.31,1371.15
2308.37,32.3732
-2095.31,-409.623
3063.23,-1244.39
-2463.03,-2167.91
1780.86,-1755.05
-2151.27,-255.571
3117.62,1061.5
-2472.53,779.979
1445.51,780.461
-2844.21,1736.26
1895.64,3730.29
-1112.7,2975.54
1548.01,235.048
-2111.68,-2646.62
2240.22,-4215.96
-1166.72,-3547.53
2431.76,-2943.58
-1639.53,-2496.74
1189.99,-1194.62
-2776.2,1708.43
2128.86,5084.98
-1375.76,5690.82
1564.54,3502.81
-1782.33,-846.273
856.097,-3102.38
-605.697,-4105.18
2229.94,-3947.46
-694.219,-4236.53
-657.099,-2528.24
1187.02,1418.49
-2535.94,5818.71
2255.67,8535.8
-3540.51,7258.24
2172.43,4599.1
-3655.63,418.675
3769.69,-2111.57
-3001.42,-4533.25
3353.21,-5030.32
-1727.07,-5436.55
2403.8,-4340.34
-632.578,-3568.67
1292.09,-1665.16
-169.253,0.865295
-1348.18,1613.22
510.809,4364.04
-1419.04,4026.55
1106.33,3124.81
-904.563,183.547
-570.296,-562.155
962.008,-676.859
-385.569,-449.451
2215.78,-2082.23
-4412.67,-2434.92
4314.28,-112.783
-4634.02,2067.79
5042.17,5353.17
-6161.63,4578.61
6014.75,3671.51
-7371.49,825.567
7696.22,-1467.38
-6023.47,-4859.6
6399.12,-6055.48
-5185.34,-6061.9
4457.72,-2837.55
-2831.76,-128.636
4103.31,910.957
-3149.05,913.78
407.956,1286.08
-1323.67,3756
999.167,5316.97
-1365.29,3538.64
433.179,159.519
-314.685,-2130.87
-558.118,-2498.3
2155.59,-1105.78
-1379.7,-807.446
1635.93,-1530.8
-2642.69,-1040.27
2233.38,288.292
-1546.04,1459.91
2126.36,2523.92
-2567.99,1533.97
1672.08,1049.75
-1776.18,-348.743
2068.65,-1481.7
-410.817,-3877.15
767.526,-4569.34
-463.266,-2800.79
734.249,-496.204
-432.963,2251.2
780.159,2207.61
-1819.89,2395.02
285.05,2508.68
-1372.08,4015.84
3324.96,2976.48
-4090,-130.173
4771.05,-3258.93
-6687.29,-4046.61
7660.86,-1670.17
-6872.27,-985.672
8150.63,957.276
-9486.24,590.713
8650.53,2604.31
-8584.76,2919.6
7434.1,3452.24
-7055.06,734.205
5078.68,-127.92
-4984.23,-1364.4
4384.89,-1230.32
-1348.88,-2386.18
1481.36,-4723.1
-934.547,-4148.54
-316.775,-2778.75
1590.59,354.498
-696.067,1082.06
196.798,1335.35
-2178.63,1839.66
944.906,4612.3
-239.435,4683.94
-466.924,2615.08
742.128,-711.132
-2216.65,-3124.28
2443.29,-2091.43
-1483.87,-1537.82
3777.69,-1312.52
-4181.22,-1633.38
2993.17,-58.0958
-3198.8,2182.74
3575.12,4211.92
-3478.75,3143.16
1963.16,2276.1
-3451.65,1531.16
3350.6,1030.88
-530.55,-1604.71
983.755,-5316.79
358.724,-7605.65
-380.101,-6224.71
1752.2,-2959.29
-755.149,-74.7039
1518.44,1967.98
-4077.5,3480.63
3087.74,6267.29
-3358.02,6622.9
4106.68,4042.89
-4356.31,-1287.43
3317.69,-4406.52
-4280.53,-4840.87
4765.54,-1931.9
-3152.87,-210.427
2945.05,928.098
-3914.98,2622.39
2851.96,4495.8
-2206.37,4285.24
2353.25,1662.67
-2170.87,-2775.93
744.556,-5261.67
-1606.63,-3738.84
2855.19,-1497.05
-1261.67,-233.579
2363.33,-1029.45
-2975.47,-1244.1
3361.66,-607.063
-3534.84,269.094
4469.47,461.136
-5796.15,-129.477
4351.11,830.474
-4652.22,1863.78
5527.33,3410.61
-5534.38,1878.77
5092.56,1392.98
-5804.19,-19.3369
4915.31,-92.7172
-3478.66,-1173.3
3018.16,-1511.62
-2146.12,-1582.49
503.877,677.205
677.797,2878.88
-1043.9,2607.78
1801.9,1070.2
-2199.84,-2345.06
2478.14,-3156.1
-1592.64,-3595.8
2707.84,-2576.74
-2542.97,-1999.53
1891.69,-66.6788
-1570.76,974.047
858.376,2763.49
-150.258,3096.16
-838.276,2348.58
899.52,1830.78
-2724.74,330.488
3288.48,-406.839
-3150.65,-2237.12
3286.33,-2323.06
-3850.77,-946.238
3262.58,2053.37
-1768.5,2291.37
2319.92,1046.16
-3021.51,-1622.75
720.918,-1073.93
-41.0909,768.857
-534.552,1932.71
1463.12,1405.01
-1581.38,-1288.54
1163.16,-1827.74
-1205.45,-1908.93
2877.5,-1237.59
-1707.23,-2575.16
1550.72,-2993.33
-2520.62,-2106.38
1954.46,967.958
-413.361,3249.94
-895.341,4499.36
198.396,4276.67
-1705.8,3067.7
2182.97,2095.38
-2025.53,-1291
2602.95,-3707.62
-1815.79,-4976.78
2223.19,-4007.28
-1198.18,-2243.69
2446.39,-344.186
-2834.42,1201.1
1058.29,4057.62
-2018.67,6029.41
1403.86,6424.64
-1430.64,4279.1
-45.6012,184.44
815.647,-3249.24
-990.617,-4803
2507.85,-5686.62
-1265.26,-5506.07
3450.54,-5208.31
-3792.92,-3263.61
3985.85,611.656
-4271.66,3403.78
6059.63,4375.69
-7262.74,2100.31
5311.07,1472.36
-6601.49,1139.78
6248.4,2666.71
-5354.99,616.815
6319.58,-1869.14
-5975.64,-3940.51
5303.83,-3024.15
-4431.12,-512.23
4624.2,1607.1
-4037.38,1861.46
2208.91,1875.22
-2844.14,2473.03
2951.74,2944.62
-1710.92,2088.08
1691.66,-980.001
-2075.14,-3628.2
2284.83,-4393.88
-1273.95,-4387.68
3455.72,-3841.26
-3083.89,-2050.98
2349.67,793.426
-2959.25,4143.21
3470.31,5211.27
-3328.4,2580.81
1637.9,840.341
-3366.15,57.9898
2607.15,1931.76
-657.654,927.023
123.625,-994.985
518.127,-3408.37
-1935.56,-2890.59
3100.28,-606.509
-2620.68,536.408
3506.36,1283.17
-5427.27,6.93777
5498.45,751.587
-5969.8,307.678
7249.83,468.762
-7124.3,-1221.19
6036.9,-1136.24
-6197.52,-1120.67
6163.85,38.1423
-4119.68,-886.988
2835.94,-1044.15
-3734.49,916.305
2872.88,3254.26
-2091.06,3970.28
1700.5,2237.57
-2875,-53.2874
2027.99,-1030.65
-1395.37,-279.396
2528.13,-1058.48
-2221.58,-1832.74
1735.92,-2183.28
-2337.73,-1024.2
2673.15,1233.26
-3140.71,2298.1
4623.53,2193.31
-6395.42,1257.98
5782.86,852.36
-6187.9,343.653
7016.27,-286.758
-7109.66,-2437.57
7636.32,-2833.99
-7307.88,-3018.18
8145.38,-1346.53
-6601.79,-1454.87
6015.6,-235.527
-6066.04,-305.503
4856.68,2167.73
-4662.84,3116.05
3848.98,3396.61
-2922.54,2445.06
987.516,741.366
215.677,-435.142
-383.419,-2061.28
1344.51,-2590.51
-1623.95,-2971.03
1830,-764.799
-1968.74,888.572
2037.54,3076.17
-2155.97,3430.94
1271.95,2814.25
-1475.98,1653.82
700.173,197.738
365.99,-2117.46
997.803,-4775.13
-136.898,-6121.41
-24.1788,-5270.46
690.398,-1638.25
442.715,816.612
60.6503,1989.3
-289.688,1897.89
-1445.25,2551.62
1542.41,3187.23
-1638.67,2362.77
2212.14,-116.682
-3935.6,-1700.07
4485.49,-1922.68
-4825.47,-1118.34
6633.24,308.471
-6191.41,-355.705
6368.02,-7.39914
-7715.96,341.167
7124.74,2671.67
-6454.69,2125.79
6558.2,1416.59
-6749.3,-935.414
5536.65,-664.311
-4061.51,-1084.06
5334.67,-1924.17
-4098.52,-3725.35
3732.88,-5201.36
-2643.41,-3375.22
2536.5,-599.497
-1696.67,1915.39
1675.18,2808.65
-3718.02,4282.01
2365.05,4843.46
-3150.21,4450.79
3757.44,2542.55
-3916.42,-1312.25
4435,-4030.22
-4339.86,-5732.34
6389.67,-5103.51
-5950.11,-3918.39
6045.36,-1238.11
-6131.56,1660.78
4673.89,5896.52
-5502.54,7037.71
5366.64,6457.57
-5246.82,2272.4
2975.66,-1438.83
-1601.4,-4618.94
2974,-6648.65
-989.202,-7814.97
665.74,-6133.23
627.898,-2225.78
-249.454,1622.83
1310.26,4870.76
-2913.15,4995.84
2096.65,5144.77
-4430.76,4867.03
3793.68,3537.71
-3768.52,310.184
4580.93,-2805.66
-4334.59,-5292.72
4587.27,-4726.08
-2747.91,-3342.43
4279.33,-1565.09
-3642.5,-1319.3
1920.08,763.868
-2139.74,3236.14
1593.19,5498.79
-1092.09,4444.5
461.786,1532.44
-1778.89,-97.5459
773.08,-1681.09
1241.95,-2362.44
529.546,-4664.53
-178.982,-5485.77
888.095,-4630.83
-417.91,-1411.72
2562.99,623.499
-2491.46,881.047
2499.62,941.601
-5230.81,2194.76
4790.17,5170.69
-5343.67,5164.69
6666.12,2994.56
-7612.42,-955.717
6777.44,-2636.61
-6284.55,-3015.85
8094.94,-1801.71
-6726.31,-3317.29
6310.51,-2833.81
-6253.02,-1413.99
5579.32,2382.68
-4766.74,4460.67
4467.45,4213.9
-3297.72,779.619
1997.82,-2356.48
-631.268,-4554.94
1620.94,-5596.76
980.057,-5521.65
-1235.1,-4860.38
2518.92,-2051.24
-3602.25,1825.35
4209.76,5429.29
-4403.69,6129.59
3722.31,5596.55
-5200.55,3125.62
4528.81,1666.53
-5040.74,-698.539
5704.82,-2155.02
-4155.61,-4408.42
4325.26,-4523.86
-3116.96,-3307.62
4235.88,-949.593
-2976.04,51.6259
2828.73,243.992
-3201.23,935.184
2293.19,1235.99
-2424.33,2353.03
3576.61,1356.57
-3822.68,-675.008
4075.41,-2249.11
-4199.64,-2768.69
5097.95,-2244.79
-5097.98,-1630.47
6097.12,-309.744
-7262.09,622.855
6562.81,3478.7
-7557.37,4668.52
7289.86,5284.47
-7410.65,2114.78
5663.65,382.725
-6113.91,-1279
6139.54,-1855.36
-4239.44,-3069.56
3765.97,-3463
-2465.17,-3935.26
2063.95,-2240.83
-568.963,-338.703
362.022,264.995
-335.508,1434.9
-2685.58,2972.11
2457.96,4624.44
-2986.73,3709.08
3615.9,1486.14
-3934.53,-1806.37
2559.05,-2206.64
-2024.06,-2354.52
4023.2,-2052.63
-3985.69,-2769.2
2847.05,-1901.49
-3572.71,1958.24
1999.38,6639.36
-2205.96,8216.68
2343.28,5783.83
-4008.84,1474.42
2181.99,-1891.37
-1496.49,-3073.96
2911.36,-4133.45
-2857.2,-4589.14
2795.14,-3340.05
-3705.68,-982.239
5407.68,1791.52
-4581.24,2163.72
3891.84,1470.1
-4657.44,507.543
3771.23,740.82
-3843.2,-826.718
3820.47,-1409.63
-3670.95,-1941.18
2644.16,-364.376
-2005.31,1489.92
2176.32,2763.27
-1474.51,1709.13
-1292.39,1098.3
140.531,2148.26
-1754.88,3416.74
3490.89,3241.61
-4081.6,563.797
3943.9,-1269.23
-5632.82,-1548.45
6508.74,-530.231
-4746.96,-2167.33
6079.36,-4074.53
-6277.93,-5793.51
5754.36,-2405.71
-5238.01,1165.09
6365.65,3367.41
-5580.9,1673.64
3233.95,503.451
-4639.07,1182.46
4397.48,2748.06
-2692.6,2354.48
1930,60.5114
-1649.4,-2469.26
694.749,-3086.76
420.042,-1628.59
1054.76,-981.781
153.23,-1226.45
-1220.76,-519.212
-129.301,2028.8
-376.139,4257.09
1015.45,4836.53
-675.313,2121.07
-437.318,-472.826
888.631,-2642.05
-117.964,-2934.26
1326.62,-3346.21
-2004.05,-3424.6
2588.38,-1467.71
-2454.99,299.047
2631.6,2604.48
-2146.66,2884.63
1434.92,3261.2
-2606.79,1859.43
1982.42,560.323
-586.935,-2404.78
361.352,-4201.78
1262.78,-4921.75
-2276.86,-2941.92
4304.52,-4.34514
-4852.67,1154.5
6184.88,1353.81
-8235.42,816.365
7729.91,2790.1
-8646.7,3428.64
9144.54,3934.69
-8936.97,392.347
7428.99,-878.426
-8646.84,-1886.6
8256.76,832.604
-5877.88,359.202
5689.83,-740.389
-5015,-2077.4
3585.41,-1894.68
-2579.26,-135.461
1405.25,1152.82
-1004.95,2113.07
-1130.13,1877.32
702.288,2735.23
-618.396,1747.01
1525.44,64.5671
-495.083,-3423.78
-291.644,-5000.81
-177.63,-4275.86
300.387,-2128.17
1016.58,188.261
-2217.79,2192.81
653.182,4818.65
-2289.61,7282.84
1986.25,7449.6
-2721.08,3303.36
2712.12,-1867.17
-4187.93,-5440.58
4287.27,-5122.65
-2536.15,-4003.29
3596.86,-2355.88
-2434.83,-1880.68
1003.07,311.731
-941.454,2424.8
390.329,4723.07
497.301,3858.47
-2793.34,1974.37
2670.04,263.742
-4061.95,-832.708
6023.64,-1486.3
-5726.09,-3239.49
7051.32,-2807.37
-8269.38,-2519.94
8694.62,1110.23
-8587.82,2425.41
8096.03,3791.74
-9181.24,3191.16
7601.78,3900.95
-7337.64,2805.34
7580.83,757.073
-7188.47,-2477.02
5678.52,-3732.69
-4833.88,-3528.22
5137.31,-2114.42
-3105.58,-1509.06
3039.25,-1241.34
-3049.86,-194.081
2770.53,1013.52
-3161.18,2236.44
2450.93,2138.8
-3072.75,1363.45
2250.19,720.967
-3009.06,781.365
4309.07,-79.1576
-3414.25,-1628.24
3101.35,-2547.25
-3386.44,-3074.21
3095.08,-617.414
-2587.19,528.815
2271.37,2382.69
-2809.28,3049.85
1248.06,4067.23
-889.91,3984.98
28.3934,1941.17
395.558,-977.401
-1565.96,-2940.53
2396.88,-3231.84
-2601.91,-2882.91
5186.95,-1777.26
-5973.53,-1368.59
6282.86,-15.0331
-7870.74,2275.32
7697.58,4233.55
-8181.49,3512.17
8278.44,2147.02
-9298.59,-962.109
8613.59,-761.258
-8715.42,-1458.75
10031.4,-1317.02
-9146.51,-3412.08
8304.89,-2989.84
-8851.14,-921.754
7501.64,3742.29
-6220.27,5273.12
5099.44,4154.5
-5598.72,1756.79
3073.8,186.988
-2256.86,-366.167
2213.71,-999.906
-1488.54,-2269.72
1339.1,-3490.82
-1550.39,-2567.06
2343.58,-1390.32
-1206.61,373.375
1850.01,140.622
-3002.95,717.803
2286.09,1503.61
-3043.79,1761.55
3911.48,1780.29
-4449.85,226.796
3089.21,864.982
-3682.58,1380.23
4201.55,2614.69
-3492.69,230.028
2415.75,-1079.36
-2329.87,-1661.71
842.387,202.742
73.2564,2267.14
-1271.19,2703.04
1346.62,2509.26
-3423.92,1337.17
4545.31,488.853
-3880.58,-2152.63
4771.93,-3645.34
-4160.09,-5855.99
4398.47,-5144.04
-3734.64,-3955.3
4188.47,-1242.83
-3007.02,409.999
1878.84,2655.53
-1994.56,4287.94
645.677,4802.55
-482.064,3519.73
246.559,-46.232
-580.477,-2257.72
90.1414,-3445.66
963.938,-1685.66
299.216,-707.552
-678.211,399.189
311.561,1943.73
-1612.83,3782.84
2037.37,4434.69
-2476.32,3334.78
3286.09,983.984
-4433.86,-1837.96
5190.79,-2830.94
-4587.72,-4185.36
7447.41,-5375.15
-5541.34,-6973.66
5745.15,-5088.99
-5461.56,-1731.95
6157.05,2831.2
-4918.22,3607.52
5081.54,2279.57
-7102.95,1061.58
5305.28,2610.52
-4512.37,3558.35
4671.67,2516.81
-3302.78,-1630.33
2824.79,-4814.21
-2450.56,-4733.66
2750.9,-2088.39
-348.284,145.764
-468.839,1642.05
-663.821,2481.23
39.3882,3261.2
-319.716,4059.7
269.497,2819.51
-688.45,1762.95
-1095.68,-107.324
647.535,-867.497
1730.56,-3444.36
-498.742,-6462.39
1836.37,-7124.6
-1524.18,-5141.09
2456.56,-1297.39
-1599.19,696.873
1417.91,2267.27
-3424.94,2200.33
1755.31,4464.1
-636.439,5032.7
376.838,3224.36
462.12,-824.773
-2481.43,-3501.54
2169.94,-3383.07
-3165.7,-1231.17
5887.91,912.562
-6513.12,1212.6
5836.08,3051.28
-7629,4242.21
7758.13,5605.05
-8094.37,2628.83
7163.49,-187.31
-8456.28,-2936.08
8131.38,-2098.18
-5849.66,-2488.04
7797.05,-3556.85
-6608.29,-5459.32
6394.83,-5301.72
-5743.8,-3077.75
5231.11,424.952
-3540.59,2170.12
1919.66,3165.82
-3777.34,4486.06
2676.96,5357.5
-2673.07,4761.08
2112.66,2067
-2018.69,-1833.25
1181.3,-3960.67
-731.478,-3913.8
2624.64,-3296.84
-1614.74,-2097.14
1581.33,-1171.92
-2520.49,1882.01
2254.94,4556.37
-3193.98,5248.87
3178.02,4786.82
-4601.82,2039.07
4149.7,-215.076
-3256.25,-2466.08
4204.3,-4213.67
-2461.3,-6930.53
2671.07,-5612.03
-1797.7,-3863.93
1057.05,591.014
182.138,3945.09
-1814.13,5436.24
1547.67,5877.27
-4385.8,4700.71
5161.67,3053.21
-5755.88,-847.085
6974.18,-4165.18
-7382.22,-7036.12
8023.75,-4943.06
-7912.09,-2648.33
8749.68,1463.86
-8084.56,2821.04
6000.28,4521.41
-6323.38,4624.08
4765.36,4707.69
-4457.89,2253.22
3858.47,-1113.58
-3336.08,-4370.24
3558.34,-6289.78
-1780.11,-5417.64
1931.04,-3517.87
-889.852,-361.172
683.753,1901.58
-1230.99,3765.71
1179.21,3634.64
-2097.01,3271.66
2036.68,1943.59
-3750.95,842.933
3802.07,493.782
-3572.81,-1498.2
4949.11,-2978.07
-4263.37,-4369.35
4593.58,-2897.99
-3826.34,-835.223
4551.07,1324.01
-4578.28,1226.92
3144.54,2213.08
-4358.68,3037.95
3123.56,4711.51
-1917.82,4117.22
1573.43,964.16
-173.701,-3198.99
-569.976,-6099.6
2816.53,-7194.41
-1330.26,-6672.93
3803.69,-5173.52
-4351.32,-2464.26
3960.11,2711.21
-4038.06,5736.15
5075.99,6794
-6265.02,4178.9
4186.21,2711.71
-5521.81,1411.09
5491.72,1145.2
-3738.26,-1988.37
4321.26,-4846.46
-4390.83,-5040.35
3957.57,-1942.05
-2384.69,1913.28
2963.57,2852.82
-3130.41,1926.9
1267.24,1096.77
-2282.84,1406.23
3410.26,1513.49
-2609.91,-170.021
3467.24,-3731.52
-3758.14,-5812.87
4746.44,-5396.18
-4068.36,-3808.75
6981.24,-2276.58
-7348.13,-929.034
6257.43,2022.11
-8094.13,5082.4
7913.21,7703.89
-8285.15,5529.87
6860.73,3410.87
-8232.32,14.4527
7749.24,-183.459
-5455.01,-2744.65
5965.29,-4777.73
-4921.41,-6024.54
4277.28,-4177.85
-2717.93,-779.602
2520.57,2365.99
-536.065,3434.62
-888.208,1966.58
-682.491,2547.25
-597.911,2489.63
2306.65,1157.1
-1579.33,-2270.86
1503.97,-4799.92
-1939.65,-4570.22
2770.92,-2035.56
-212.459,-689.038
1074.44,-877.732
-2565.91,-607.964
1063.35,2454.43
-1572.79,5900.25
1288.99,6319.81
-997.687,3449.14
841.134,-775.817
-2757.66,-2960.97
3773.93,-3081.4
-2101.49,-2769.3
2305.08,-2728.79
-2997.12,-2043.54
3248.39,77.8054
-3225.13,2091.28
4826.47,2801.74
-5893.95,1819.39
4557.84,1428.94
-5633.25,533.093
7272.89,-1117.34
-6188.74,-4585.24
7840.41,-6405.36
-7941.71,-5443.1
7889.17,-1136.13
-6624.37,1819.33
7342.64,3086.52
-8322.35,1306.02
6746.12,2586.53
-7139.15,3969.27
6971.37,5006.04
-6307.04,2842.14
4796.83,-260.795
-5168.08,-2998.86
4669.38,-2672.59
-2442.37,-1660.28
2377.16,-420.606
-926.127,93.7421
-328.927,275.44
623.67,608.355
-718.039,115.221
1181.44,-88.6681
-1781.74,-525.339
1138.46,599.607
-1256.61,671.934
2959.87,-486.477
-2445.26,-3357.73
2456.17,-4440.13
-2700.6,-3084.13
3887.32,-1011.92
-3168.58,413.582
2713.27,647.008
-4474.62,2123.8
3583.99,4184.94
-4719.16,5735.21
5294.27,5083.47
-6420.91,1610.95
5974.37,-792.442
-6989.75,-2971.85
8162.51,-2909.27
-6974.42,-3565.24
8276.24,-3313.89
-8941.21,-2400.82
9014.39,578.852
-7891.77,1824.36
8450.87,2082.75
-8472.19,-141.875
6782.21,26.1467
-6636.97,285.185
6422.14,1083.84
-4099.27,-1114
4314.36,-3340.28
-4469.43,-3606.33
3503.6,-717.214
-1963.38,2124.91
2083.91,2523.64
-1665.35,1699.15
-320.899,633.342
320.674,1759.4
-146.844,2322.2
1107.57,1298.39
-593.66,-1816.78
-494.748,-3270.94
619.821,-2717.8
241.932,-1182.43
2514.82,-1010.29
-2098.02,-1641.08
712.144,-833.979
-2127.39,1718.89
3347.78,3585.18
-2558.23,1746.63
1899.08,-343.311
-2002.1,-2495.68
2279.31,-1635.83
-646.567,-2017.27
1301.95,-2693.14
-821.291,-3143.36
-1250.28,-1150.07
1367.79,2919.5
-2042.87,5869.31
2905.07,6365.81
-4797.1,3963.44
3886.29,1683.51
-4760.86,-1168.17
6177.43,-2701.05
-5320.52,-5397.17
5267.78,-5457.19
-4516.99,-3944.98
5371.39,-980.474
-3260.58,-198.892
2882.39,841.054
-3674.47,1451.79
1325.02,3659.38
-724.189,4408.39
259.481,2558.46
-676.962,495.272
-1038.59,-1117.66
1165.75,73.265
392.324,-781.153
670.051,-2128.26
-664.862,-3828.96
216.205,-3119.33
567.598,-1045.01
-680.641,1639.21
1479.09,2947.94
-3352.74,3035.25
2356.41,3886.98
-3439.88,3120.59
5498.8,925.534
-5339.99,-2992.77
4631.73,-4366.45
-5750.5,-3135.57
5507.68,615.37
-3473.63,1386.01
3691.64,810.977
-4955.42,-22.403
3860.76,2028.47
-2991.65,3044.34
2969.42,1494.72
-2441.29,-2178.37
686.76,-4238.99
-854.773,-3160.99
2720.12,-1748.82
-249.505,-621.78
503.855,-1742.7
-1115.96,-1573.37
496.561,-13.6678
-1689.24,2527.23
2629.33,3798.9
-4138.74,3972.38
2738.54,4175.64
-4496.18,4415.08
6176.72,2792.4
-6087.02,-1482.86
6215.08,-4157.02
-7117.76,-5785.49
8505.51,-3710.48
-6400,-2547.71
6761.85,-876.556
-7375.94,-0.623383
5914.47,3904.21
-5723.18,5261.23
4731.65,4909.6
-4469.13,1880.07
3306.54,-1486.66
-2387.86,-3893.52
2346.38,-4964.14
485.353,-5082.3
-58.5801,-5262.55
383.336,-3190.97
-329.674,-351.597
-699.537,4641.62
-113.946,7326.37
-585.973,7681.06
-1261.18,6247.38
-1357.32,3960.4
1738.07,1074
-1829.91,-2104.02
2563.14,-4917.92
-2834,-5815.41
4254,-4423.13
-3634.25,-2899.14
4923.44,-281.581
-5242.09,716.981
4344.23,2784.24
-4302.94,3361.52
3295.46,2786.05
-3316.45,598.534
3004.81,-796.859
-3067.34,-2788.19
2802.04,-2686.11
-1296.69,-1932.59
652.98,-989.414
-630.288,829.304
-716.368,2535.59
798.036,4321.09
-1943.78,4320.97
1133.35,3724.15
-2731.5,2551.35
2030.15,1448.22
-926.609,-1425.31
1745.02,-4096.78
-1115.87,-6187.04
1554.77,-5476.15
-155.98,-3187.21
278.554,-403.708
308.241,1285.32
-1050.1,2257.9
-348.698,4206.62
-849.758,5196.63
-5.07159,5426.92
165.57,2335.27
-590.13,-1088.34
1190.3,-4928.44
-1598.39,-5707.64
3547.3,-4240.16
-3634.66,-2147.79
5172.14,-101.635
-6276.18,1343.96
6174.97,3778.84
-8047.45,4586.66
8902.34,5198.58
-9873.4,2413.23
9087.84,232.432
-9852.4,-2453.41
10569,-2759.15
-9011.53,-4296.69
8760.1,-2967.25
-7299.53,-2430.32
6863.61,177.217
-5482.98,878.49
3941.61,1976.76
-2464.08,1294.98
405.258,1073.02
-376.802,1712.52
-119.623,647.406
1549.35,104.853
-1155.33,-3124.84
1080.93,-2977.65
-1642.65,-2181.58
3911.54,-738.834
-2471.58,-981.246
1194.33,-707.322
-1542.91,852.728
-395.463,4290.89
396.255,6763.43
-665.498,4841.02
316.712,2474.51
-1313.43,-1124.33
1498.18,-2789.76
798.585,-4360.87
-50.7228,-5875.14
1464.73,-5946.49
-2572.79,-3656.43
3308.9,74.542
-1224.2,2646.95
2112.82,2641.83
-4663.11,2115.75
3774.33,3613.01
-5441.93,3439.13
7058.23,1429.63
-6681.02,-2666.74
6270.15,-4800.95
-6383.5,-4041.08
8277.56,-970.999
-6938.58,-398.681
6980.07,-412.266
-8510.94,-44.7487
6503.59,3663.72
-6194.79,5684.31
6593.99,6139.31
-6439.07,2207
4167.41,-791.754
-4070.31,-2769.22
4826.12,-3872.48
-2122.48,-5034.09
2054.17,-5588
-1280.81,-3818.48
1285.15,-490.486
-226.062,2766.58
-355.291,3632.75
-516.183,3897.13
-1042.35,3091.59
-162.098,2959.15
1728.05,586.417
-1616,-2397.54
1832.22,-4372.32
-2392.69,-4315.36
3203.35,-1937.85
-2604.67,94.9316
2975.88,1731.14
-4612.09,2834.85
3997.72,4870.24
-3933.41,4126.15
3315.9,2886.43
-3201.76,-1090.46
1528.4,-2399.7
-1507.69,-2391.73
1179.89,-1480.42
1299.37,-879.54
-1907.52,-1334.6
2299.59,-816.26
-3104.82,241.323
3848.84,1425.57
-4393.39,498.049
4943.8,-267.5
-6290.27,-1675.95
7233.67,-1086.39
-5775.83,-1846.27
6676.27,-2346.67
-6377.31,-2682.69
5820.43,-1307.73
-6339.48,746.625
5722.16,4029.91
-5410.13,4573.32
3453.53,5388.16
-4154.08,4894.66
2897.11,4095.59
-2866.85,1915.54
2444.8,-1337.16
-2335.98,-3390.12
1310.05,-3628.15
283.95,-2428.71
1189.33,-1841.05
-814.928,-1104.5
716.642,-1167.72
-860.791,146.605
377.236,1062.54
-1065.26,1267.68
1268.04,1183.34
-2166.69,-10.4046
1397.24,377.247
-1112.6,-6.71136
1522.91,-861.711
-655.457,-2355.37
-551.48,-2377.01
79.9594,-1238.87
-44.3622,1179.46
1610.43,1687.13
-3132.09,1214.49
2172.34,2422.29
-4707.73,4182.49
4511.59,5666.01
-4743.94,3392.82
5082.24,69.2929
-6419.74,-2892.99
6077.13,-2469.29
-4123.69,-2721.4
5897.75,-2946.87
-5251.07,-4694.01
3707.64,-2965.15
-3545.04,503.097
3470.6,4272.51
-2303.07,5082.01
430.918,3681.87
-1455.31,2090.28
1052.75,-19.5037
951.534,-2494.5
398.947,-6115.06
-827.473,-6054.18
-60.5756,-3284.06
28.5337,2018.22
2229.6,4285.47
-2610.11,3638.31
1688.81,2719.51
-4639.9,3570.02
4499.45,5158.15
-3660.61,2039.41
4010.77,-2154.95
-5172.1,-6208.18
4943.74,-4698.12
-3478.7,-1737.89
5993.78,226.227
-4198.7,-1470.58
2409.76,-2325.06
-2862.21,-1199.42
2299.82,1596.24
-710.705,3075.1
775.708,1446.39
-1090.15,-105.497
-817.423,-539.005
687.49,915.769
974.598,805.516
-700.195,-825.581
-303.071,-1700.38
-668.995,-25.2071
1539.54,1405.53
-600.325,1729.26
1230.45,76.4959
-2829.76,-1399.04
2336.47,31.0183
-1886.82,719.864
3015.2,499.626
-2950.86,-1134.04
2895.53,-1821.77
-2733.9,-1786.02
4068.46,-1397.95
-3196.72,-1475.88
3136.28,-1339.16
-4365.71,-213.766
3777.66,2332.6
-2612.42,3131.82
2454.01,2406.68
-2344.71,374.326
722.997,302.516
-89.8521,-475.472
917.5,-1235.66
337.836,-3036.23
-1094.21,-3832.83
1430.18,-1584.6
-1752.56,1421.45
3225.56,3565.27
-4236.42,2643.68
3649.46,2137.76
-4880.55,911.57
5036.05,882.392
-4968.48,-9.7595
4183.02,-134.613
-3856.99,-1051.14
2381.46,-345.59
-967.744,-383.331
1461.49,-918.865
-912.486,-1691.84
454.984,-1640.01
-650.646,-481.032
646.148,-376.085
-344.807,193.343
341.052,-804.052
-1602.28,464.018
1626.31,1661.05
-1946.01,2886.15
2628.65,1576.41
-4469.7,-251.402
4189.09,87.6471
-6241.39,472.39
7158.8,2611.83
-8116.03,2470.67
7601.3,2546.52
-9132.57,1365.8
8830.42,1498.75
-7918.15,-842.348
8088.87,-2444.83
-7073.56,-4842.78
6290.23,-4096.81
-5146.37,-2939.95
4995.22,-661.964
-3333.05,112.649
1878.49,1032.16
-2210.23,2461.14
913.82,3675.28
-1110.38,4581.56
535.575,1945.5
-83.4039,-671.935
-875.218,-2978.61
1193.67,-2692.07
-214.535,-1749.71
196.908,-210.185
173.267,664.347
-1193.39,1527.4
1480.13,2377.28
-2131.69,2583.44
2055.89,2934.44
-2963.25,1698.68
2981,455.679
-2557.25,-1934.44
3451.02,-4297.54
-2274.23,-5291.81
2483,-3450.24
-2145.6,-1347.22
2330.63,1693.79
-210.743,1076.6
-826.997,44.1818
261.929,407.104
-2054.84,2258.08
3409.36,3615.82
-3860.85,1891.52
4565.99,-1190.37
-6051.82,-3301.2
7014.63,-2152.75
-5447.92,-2188.02
7641.85,-1492.66
-9301.87,-1616.15
8386.07,918.323
-9058.98,3270.9
8348.22,5687.32
-7425.2,4392.35
6097.63,2848.68
-6051.45,-385.454
6457.71,-2559.14
-4381.37,-5773.39
4819.98,-7776.11
-3143.62,-7336.04
2818.46,-3983.89
-1594.2,856.067
3594.56,3207.18
-2987.57,3439.31
1000.47,2146.71
-2016.97,2827.18
1270.07,3085.41
-1034.12,1467.24
2635.09,-1648.61
-3289.62,-4126.29
4632.69,-4023.55
-3645.5,-2449.4
5099.39,-473.976
-5113.82,32.9584
4496.15,1736.56
-5815.04,3050.61
4672.71,5608.32
-4122.88,5747.36
4025.32,3598.77
-4457.93,-415.87
3049.04,-2399.13
-1220.58,-5217.68
3178.96,-6885.45
-204.013,-8223.43
-275.499,-7268.05
1107.62,-2076.79
-1110.12,2658.02
2728.02,4907.28
-4218.44,4017.32
2567.39,3565.68
-4409.48,3548.24
4372.36,3710.04
-4010.15,708.071
4238.54,-2387.7
-5295.12,-4650.01
4473.49,-3030.99
-3109.65,12.3127
4001.08,1864.55
-3581.52,1432.76
1748.66,1905.57
-3808.15,3155.72
3587.82,3929.35
-2665.4,2407.23
1726.88,-769.48
-2766.91,-2571.06
2716.39,-2503.6
-1498.55,-2052.76
3258.56,-2938.76
-4063.92,-3196.34
3444.65,-1580.77
-3628.78,1022.49
3968.27,3305.35
-4303.74,2863.48
2852,2925.06
-4966.87,2606.97
4897.65,2194.46
-3419.63,-475.856
3332.2,-3050.65
-3547.5,-4819.74
2227.99,-2181.86
-1209.2,712.536
1940.74,1802.11
-1263.59,1431.96
-1944.66,1891.28
1185.15,4342.45
-1830.01,5592.94
2776.75,3506.33
-3226.7,-1354.76
2782.61,-4594.75
-3909.17,-4855.04
5714.78,-2010.78
-4842.43,-808.991
5483.47,-480.548
-6110.75,-346.565
5304.6,1224.11
-5108.52,2078.73
5258.66,3067.6
-5843.08,1563.76
3807.56,941.361
-4450.09,603.884
4724.22,201.068
-3314.62,-1582.46
4016.97,-3227.17
-4387.65,-2971.65
4060.28,-1276.79
-3538.8,549.103
3249.17,1410.09
-4555.14,2340.6
3103.64,3727.74
-3868.65,4940.09
4349.05,4581.12
-5154.43,1290.13
5898.66,-2822.11
-6233.1,-6202.39
7186.53,-6491.73
-4892.91,-6507.67
5939.52,-3815.19
-6215.54,-545.366
5129.11,3821.97
-4873.21,6028
4078.19,6668.7
-4314.99,3806.61
1675.27,2246.34
-1755.44,880.528
1002.56,-149.257
1234.98,-2852.35
-2207.64,-5159.43
3961.09,-4304.02
-4710.36,-2194.56
6754.62,1041.39
-6184.42,1699.53
6143.59,1690.89
-8678.54,896.884
7696.56,3496.61
-7445.04,3094.38
7789.45,2127.87
-6783.6,-1815.93
6186.19,-3969.42
-5957.11,-4401.6
6341.2,-2894.53
-4094.36,-2076.74
3130.28,-1169.85
-3650.65,1043.3
1920.03,4370.62
-1693.91,6800.32
1209.94,5464.41
-2313.65,2837.09
899.206,-576.032
-2110.61,-1784.71
3092.68,-2222.49
-2334.73,-3173.13
3548.72,-3879.15
-3657.64,-3413.5
3830.74,-1240.91
-4495.93,1573.01
5084.43,3558
-7293.92,3756.11
6672.15,3763.1
-8226.15,2366.76
8583.64,1515.22
-8264.79,-1444.3
8105.04,-2987.86
-7827.73,-4479.19
7154.5,-2711.3
-5927.96,-1931.47
6094.81,256.057
-5762.31,1132.35
2789.02,4503.71
-2170.42,5672.55
677.543,4870.83
138.396,2047.74
-2186.51,-2204.32
3137.78,-3232.22
-3535.45,-3752.64
6108.96,-2958.94
-5758.83,-3564.07
5881.98,-1778.67
-7010.83,523.428
6105.37,4855.62
-6180.88,6331.26
5737.5,5966.93
-6901.49,2983.51
4139.49,1222.55
-2919.86,-567.173
4087.6,-3333.78
-2988.1,-6341.33
3962.37,-7596.41
-3668.64,-5272.47
5011.64,-2068.02
-3363.05,778.731
3643.3,1679.53
-5457.04,2808.51
4818.65,4306.86
-6608.64,5334.57
6714.46,4849.98
-8072.51,2105.85
8106.59,17.56
-8578.76,-3051.32
10293.2,-3184.06
-9814.37,-3973.48
9694.51,-2005.02
-9459.45,-490.532
8923.85,2005.43
-8036.5,2124.71
7592.8,2531.21
-7608.07,1257.8
5737.04,1588.12
-4263.01,189.839
4970.09,-3189.44
-2447.94,-7077.15
1227.63,-7636.52
406.361,-4519.65
31.8441,-30.7921
1590.13,3355.89
-3156.16,3818.35
1131.24,5541.91
-3496.24,6773.94
4016.46,6820.83
-4131.74,3177.16
4275.87,-1545.14
-4664.81,-5665.77
4946.73,-6489.45
-3121.48,-6086.65
5394.69,-4353.52
-4527.57,-2598.2
3717.32,571.402
-4403.81,4893.07
3906.41,7429.49
-4136.64,5926.67
3516.06,2573.4
-5659.59,-688.523
5263.71,-1816.62
-3893.11,-2555.7
5297.39,-4011.73
-4826.79,-5282.32
5390.85,-4357.14
-4945.37,-2073.85
6090.08,1084.18
-6343.45,2483.32
6280.03,2829.53
-7066.59,1947.57
6140.04,1716.14
-6287.18,518.768
6750.36,105.368
-6112.12,-1664.31
5805.08,-2140.43
-5660.2,-1843.97
6016.75,-278.065
-4492.95,-180.482
3084.53,1269.1
-2840.25,1931.92
1932.86,2914.22
-1096.62,2551.19
318.574,590.786
1294.18,-1762.68
-2295.46,-3228.3
3861.58,-3221.43
-2284.7,-4056.24
3650,-3493.03
-3234.29,-3413.72
3800.67,-771.122
-4378.59,1538.26
5332.89,3544.01
-5782.3,3928.47
3491.54,3987.16
-4441.17,3922.53
4121.61,3402.54
-3526.97,425.315
4003.47,-2848.46
-3057.08,-5124.99
2534.74,-4926.79
-1458.15,-2943.57
3517.08,-1457.71
-3593.05,-1090.84
3138.82,439.436
-4441.43,3233.73
4107.11,5059.34
-3665.36,4525.5
3439.74,968.447
-4602.39,-2739.36
5710.4,-4674.2
-5557.03,-4896.49
7342.77,-3615.62
-6410.71,-3411.04
5621.39,-46.6711
-5896.96,1817.16
5321.1,4849.18
-4961.19,5151.52
3067.36,4734.54
-3789.32,3043.6
1745.33,1824.61
-57.0513,-788.634
-1216.44,-2643.41
2387.45,-3520.85
-3745.5,-2707.42
5701.07,280.59
-6236.81,318.194
7606.4,870.737
-8506.5,-322.128
7388.11,513.861
-6965.71,308.065
7967.76,216.66
-7808.61,-2375.09
7524.4,-2693.92
-7270.53,-2694.51
7862.79,-1184.85
-6988.73,136.835
5954.11,935.821
-6227,2195.46
4742.81,3806.85
-5547.87,4613.3
5009.06,4236.4
-5372.6,2253.9
4844.27,109.5
-4412.31,-2591.65
5145.21,-3762.16
-3482.41,-5264.21
4395.12,-5169.15
-4162.99,-3422.89
4340.62,-253.682
-4327.88,3175.24
3544.88,5141.93
-3987.39,5214.77
2654.39,4477.95
-3740.13,2591.29
3448.9,449.332
-3111.64,-2064.72
3248.64,-4064.59
-2741.73,-4940.26
3640.59,-3741.08
-2729.42,-2378.07
3621.08,-359.837
-2323.26,-64.2737
813.333,973.001
-1373.43,2482.52
-311.869,3884.49
911.103,3477.69
-2402.19,2427.77
2849.53,177.666
-3950.71,-1148.44
5996.33,-1945.06
-6106.04,-3573.76
6377.75,-2598.72
-7181.34,-1951
6900.02,2041.89
-6077.67,2451.45
5792.53,3425.34
-6563.58,2851.94
3877.29,3732.96
-3688.51,2792.42
4571.67,-454.508
-3089.17,-4765.38
2602.9,-8057.24
-2131.8,-5460.18
2967.49,-2175.61
-243.486,160.821
1537.73,-1060.94
-4046.29,-457.965
2944.03,2878.06
-4755.97,6739.05
6577.59,7775.73
-8474.89,4208.23
6727.08,1101.78
-8800.39,-1122.03
9454.56,237.954
-7540.64,-1757.11
7717.52,-2836.95
-7043.28,-4696.46
7098.96,-3568.5
-5730.6,-2425.42
6269.91,-219.076
-5273.56,310.978
3533.73,962.716
-3410.33,2251.31
3353.99,1511.8
-1982.03,290.183
1640.22,-2344.26
-1409.86,-2832.6
1443.19,-2096.76
-956.003,-1038.25
2833.84,-719.704
-4244.18,55.8362
3538.21,2487.95
-5037.31,5759.82
5056.45,7313.35
-5704.85,4854.7
5436.86,1588.91
-6905.18,-1934.42
6938.72,-2597.59
-5177.69,-3708.93
6640.29,-4154.47
-5463.34,-5718.23
4772.79,-3447.44
-4396.63,-660.407
4719.42,2764.66
-2870,3075.67
1095.18,1518.81
-1976.6,1073.63
679.744,726.215
907.596,28.7242
-1099.83,-1888.71
1604.85,-3205.46
-2061.55,-3318.97
2729.8,-796.336
-1840.11,446.81
2055.74,1228.16
-3376.79,2019.62
2074.75,3279.5
-2293.42,3840.97
2292.92,3092.46
-2193.1,721.658
1335.11,-884.581
-1772.45,-1675.8
3174.25,-2203.78
-1198.38,-3516
962.605,-4178.28
-1002.7,-2370.77
515.041,1460.38
251.152,3529.17
917.429,2728.5
-1708.04,915.86
-225.989,-51.2863
-290.001,1190.29
1825.31,784.642
-661.511,-1939.93
1842.87,-5396.52
-2865.24,-5487.9
3552.17,-2448.19
-2356.09,922.823
3213.43,2774.81
-4716.35,2459.74
3256.47,3781.69
-4449.36,4180.7
5126.97,4269.14
-4812.03,1384.39
3165.7,-925.5
-3317.44,-2802.5
3197.02,-2476.01
-1279.22,-2761.09
1321.51,-2508.75
-717.128,-1083.45
-459.593,822.067
1057.84,2894.63
-1480.03,2545.53
798.313,1520.57
-1484.56,-390.217
1406.11,-879.573
393.49,-2937.08
-455.463,-3202.4
1832.43,-4277.72
-2476.18,-3516.23
4488.32,-1915.62
-5110.27,-591.671
6750.66,1303.67
-8661.95,2536.82
8088.57,5470.73
-9827.83,5499.64
9082.29,6148.91
-10251,2918.45
9026.96,2103.16
-9461.57,13.1754
9655.02,-340.585
-6935.32,-3218.04
6663.79,-5481.32
-4846.49,-6483.64
3880.98,-4158.22
-3031.27,-3.37036
2784.66,2829.54
-1246.05,3756.59
-553.481,2420.32
211.191,1640.38
-460.627,219.165
1672.56,-1710.37
-499.301,-5120.83
730.297,-6588.55
-1247.12,-5182.29
1742.6,-747.481
-124.097,2767.26
-55.879,4269.3
-1456.78,5178.76
-1648.14,6581.25
167.352,7272.77
234.957,4772.03
-30.6743,-17.4632
-1095.95,-4443.64
650.75,-4830.62
1314.34,-4031.69
1289.15,-4161.27
549.736,-5231.78
-1714.67,-3990.12
1590.27,-196.113
-2069.64,4495.96
3602.49,5939.54
-4962.39,3907.76
3983.38,1496.67
-5995.12,-148.574
6942.43,-183.762
-5343.18,-2722.5
6489.24,-4658.17
-7891.17,-5024.91
7778.35,-1382.36
-6698.45,1592.39
7490.75,4014.45
-8430.07,3356.63
5611.72,4323.29
-5543.83,4079.7
5701.99,2257.18
-5091.46,-1301.37
3722.55,-3908.97
-3681.88,-3722.55
3463.1,-1429.37
-1600.14,-380.37
1950.53,-191.369
-1991.9,-92.894
313.384,838.848
47.5543,2636.97
409.096,1868.85
1.53735,-643.284
-636.556,-3064.76
-575.195,-2694.09
2101.39,-1501.31
-92.6794,-1161.87
539.564,-2094.69
-1177.41,-1864.06
521.586,467.387
-902.788,2936.41
976.064,4761.64
-2159.37,4227.23
-141.65,4545.9
-639.048,4130.08
225.915,3015.44
641.253,-86.6234
-886.851,-3372.63
1416.76,-5024.53
-1822.78,-4856.06
4376.61,-3402.35
-3908.39,-2398.89
4892.24,-1317.01
-6700.25,912.387
6762.15,3925.81
-7131.04,4073.62
7701.51,2750.82
-8645.2,-882.088
6694.71,-1004.45
-6464.2,-1185.52
7460.83,-344.324
-5728.03,-2716.73
5034.7,-3155.11
-5425.29,-1936.63
3962.19,2262.84
-3669.57,5801.51
2159.8,6079.26
-2245.72,4508.39
-231.159,1804.35
681.896,362.976
374.973,-2396.99
605.568,-4389.87
-56.743,-6387.11
-426.501,-5683.74
1811.63,-3180.5
-713.508,-420.75
2021.19,1563.21
-2780.03,2610.97
2080.44,3830.49
-3452.48,3978.47
3088.03,2923.01
-3589.21,225.961
3431.22,-1075.28
-3846.15,-1877.62
4459.24,-391.548
-2823.52,-506.622
2291.73,-656.088
-2200.62,-878.875
740.019,593.561
967.387,1184.17
-1872.49,1819.24
2423.29,1623.15
-3969.01,1021.42
4029.32,1297.01
-5062.33,119.952
6650.16,-871.331
-6878.92,-3146.16
7384.57,-2646.34
-7232.58,-2604.97
7491.49,-281.241
-6508.4,-587.579
6293.78,-373.88
-7153.12,-145.092
6201.85,1489.7
-5449.31,3003.58
4991.02,2340.96
-4277.1,-175.018
3039.29,-1555.2
-3757.69,-1423.47
4395.49,-826.558
-3013.48,-428.605
3239.02,-1117.95
-4434.27,-285.675
3979.02,2066.51
-5643.27,4495.53
6074.77,5303.81
-7203.2,3546.65
6801.19,1034.47
-7379.18,-1173.16
8220.99,-2128.84
-7192.45,-4397.59
8497.2,-4534.18
-8800.56,-5398.51
8607.76,-2235.73
-6479.81,-435.535
6825.54,1663.57
-6200.67,1449.37
4070.96,2372.84
-3099.32,2021.65
2355.35,487.988
-1154.4,-1408.76
-718.906,-2362.97
2042.38,-995.069
-2602.7,506.112
4577.06,1482.44
-5497.23,718.681
4678.47,1822.01
-5389.31,1854.92
5531.09,2905.14
-4933.67,1208.05
5010.45,-417.025
-4912.86,-2343.38
3747.72,-1505.51
-1040.24,-2153.94
3144.66,-3903.22
-1449.12,-5883.97
1156.34,-5781.12
-925.629,-1310.77
1541.6,1851.52
-171.643,3704.17
-469.199,2392.58
-1940.37,2581.81
1890.17,3682.96
-2344.6,4078.21
3353.96,1833.81
-4024.86,-1795.49
4720.53,-4161.8
-5209.73,-5265.69
7894.86,-3167.69
-6918.24,-2382.5
7584.25,-535.331
-8842.19,1299.07
7969.82,3943.26
-7582.21,3961.72
6711.26,4106.92
-6943.62,1408.14
5903.58,106.484
-4935.31,-1882.76
5712.39,-3970.71
-3323.24,-6788.09
2326.78,-6468.8
-1323.8,-3187.59
1014.61,1250.4
694.788,4068.12
-1711.78,3923.67
991.067,3815.68
-3327.85,2803.2
4679.57,1852.23
-3691.9,-1570.05
3291.87,-4327.9
-3010.05,-5594.68
3021.85,-2891.66
-2421.7,-157.912
4036.35,1776.53
-2821.25,1484.18
1342.94,1216.06
-2302.22,2382.74
1573.33,3515.54
-1108.88,2948.79
1169.13,-5.80505
-2009.67,-2020.27
2185.28,-2618.81
-865.166,-1355.85
2300.67,-1077.2
-2944.75,-1395.73
3742.02,-1278.27
-3871.1,-1480.43
5668.17,-1559.83
-5298.86,-1572.18
6050.85,-719.265
-7255.2,216.515
7519.17,1902.63
-7218.98,605.707
7688.29,-129.079
-7763.01,-1350
6930.65,556.9
-7134.32,2251.66
6502.23,3929.83
-6038.4,1995.82
3764.1,1087.78
-3879.1,494.974
3112.79,1389.19
-1746.58,1719.22
1478.19,-507.553
-382.448,-3071.87
-847.182,-4921.94
1889.42,-4125.91
-299.892,-3362.86
1865.49,-2191.45
-2202.09,-1299.41
1406.14,1171.25
-2107.89,2851.26
1308.32,4177.54
-1663.49,3858.75
101.787,2507.7
-562.508,1725.98
555.084,504.921
490.944,-2074.2
1072.03,-5307.83
-1338,-5724.84
156.633,-2984.24
-253.985,1999.13
1845.57,4882.9
-2307.74,4941.83
246.318,4325.53
-2503.47,4365.17
3615.71,3427.69
-3668.49,-87.3359
4181.25,-4282.81
-5105.34,-6617.06
6133.41,-5184.16
-5150.96,-2888.26
8053.32,-1145.36
-7757.93,-1000.83
6686.35,626.952
-7990.61,2253.49
8714.2,3926.72
-8023.27,1694.33
6788.51,360.579
-8452.63,-710.625
8066.21,1048.33
-5399.14,143.773
5293.94,-1566.57
-5073.83,-3346.09
4045.17,-2119.85
-3143.38,647.487
2605.39,2668.22
-2724.38,3932.1
605.948,3862.82
-1668.62,4313.26
1541.45,3023.68
-165.367,42.7311
423.9,-3768.46
-606.214,-5968.15
921.016,-5803.81
-43.6104,-3952.31
2262.49,-2503.16
-2031.41,-1515.18
1532.47,1032.66
-2473.03,4103.65
1396.48,6590.54
-2023.37,5619.15
758.995,2714.17
-1908.02,-348.653
965.501,-1493.27
794.796,-2451.96
-167.132,-2610.28
949.428,-3457.61
-1630.73,-2871.48
2075.38,-706.682
-3248.18,1752.92
4170.82,4170.84
-5199.78,4088.05
4226.74,4093.4
-5595.34,2395.42
5773.51,542.754
-5738.44,-2417.21
6162.89,-3817.47
-6358.83,-4400.06
6744.25,-2217.1
-4574.9,-1236.98
4368.37,-293.59
-4416.45,103.644
2529.86,2460.85
-2278.75,3834.7
2054.99,3148.83
-2007.64,1323.89
620.738,-537.903
-676.263,-1131.98
1125.33,-1485.15
-214.15,-1263.23
124.138,-2112.8
-683.821,-674.948
325.014,1229.15
-1164.14,3553.44
1846.73,4044.66
-3224.58,2796.24
2260.29,2087.41
-4234.67,1135.44
5529.92,158.923
-4870.74,-2402.67
5208.89,-4307.21
-5033.41,-5503.68
5729.99,-3128.75
-5023.74,-1362.35
5024.72,726.634
-4923.19,1254.39
3641.05,2532.62
-3747.78,2858.56
2911.91,2764.66
-2799.33,1746.75
1119.48,778.137
-801.773,-632.958
178.646,-1596.49
1132.01,-1548.12
-1384.87,-1732.42
1754.79,-350.462
-1372.41,412.08
1452.04,1031.14
-2081.77,816.367
2001.91,985.844
-2286.34,934.192
1318.78,1762.2
-598.043,1185.24
1689.13,-565.935
-779,-3260.42
515.503,-4711.88
122.489,-3209.29
-87.8526,-882.997
1075.46,1047.66
-209.054,989.212
-1152.51,1664.94
1050.27,2365.33
-1387.79,3115.01
1558.11,2270.76
-2012.41,345.071
2741.65,-2177.14
-3867.26,-3339.06
5891.39,-2743.71
-4719.43,-2675.39
5727.33,-1456.23
-6769.06,-444.907
5802.92,2879.9
-6695.6,4203.82
7705.26,4243.79
-6688.59,619.61
4317.23,-897.926
-4200.2,-1374.81
4907.73,-966.648
-3318.27,-2909.32
2940.52,-4571.34
-2345.07,-3800.15
1999.39,-1250.38
-149.798,2142.01
383.882,2828.49
-570.922,1714.02
-1558.65,847.315
671.377,1470.11
-1000.05,1613.55
1774.48,1500.17
-1330.1,-27.276
71.472,-1081.34
364.878,-1280.9
844.498,-1609.28
430.234,-2892.36
-1581.13,-2364.56
559.39,388.913
-580.217,3498.53
1428.07,4395.16
-1224.06,1811.61
986.83,-678.456
-2466.57,-1795.05
2833.35,-850.316
-354.467,-2351
190.357,-3548.73
22.6881,-3898.44
-890.441,-1306.55
2808.95,1624.94
-2590.49,2869.24
2991.16,2713.32
-6041.4,2047.63
5442.91,3009.52
-6569.23,3123.04
8337.42,1543.91
-8060.39,-2506.76
8544.08,-3641.21
-9829.45,-3768.88
10793.4,-849.247
-8894.42,-710.529
8351.2,-546.428
-9649.82,-54.0581
8101.37,3836.01
-6631.3,4941.13
6208.62,4098.32
-5740.95,-562.67
4454.07,-4171.53
-3116.47,-5675.71
3754.58,-5885.55
-983.872,-4729.85
1560.46,-3777.61
-1160.6,-1081.68
340.306,1851.85
-541.277,5242.46
386.061,5951.97
-1978.71,5740.54
560.657,4091.83
-1654.42,2204.87
2917.66,-149.158
-2913.57,-3523.91
4045.33,-5158.52
-3954.26,-5028.26
4886.74,-2315.2
-3277.28,-863.633
3691.91,856.243
-3357.39,714.492
2700.73,1784.16
-2302.19,1735.63
1387.24,1753.77
-1214.54,944.339
-554.958,247.198
2130.82,-801.628
-1987.81,-2151.59
4003.18,-3032.77
-4061.93,-3855.36
4973.42,-1980.17
-5860.62,-669.778
6316.63,1445.83
-6842.69,2132.21
6552.08,2993.43
-7224.06,2943.91
6784.17,3466.61
-5773.79,667.151
6115.29,-2280.74
-6250.03,-5259.72
5145.07,-4482.91
-4344.13,-1320.41
4294.27,2203.94
-2555.6,2943.19
1763.79,2460.26
-3753.94,2773.65
2535.39,3112.71
-2011.75,2625.27
2722.02,-1205.84
-2608.23,-4500.44
2706.75,-5928.34
-2881.12,-3964.43
5393.73,-1301.98
-4680.27,-584.795
5344.06,-762.855
-6857.73,-277.202
6422.41,2612.67
-6504.94,3314.47
7360.3,3769.48
-8250.36,916.052
5487.53,885.834
-5576.38,1080.53
5974.17,1608.04
-4150.04,-644.203
2926.38,-2013.17
-2355.34,-2171.98
1788.91,-892.994
254.674,-51.5471
-523.643,-1175.67
730.928,-889.647
-2811.12,422.058
3282.55,3086.96
-2023.8,2368.93
2641.16,136.14
-2691.25,-3344.96
1749.18,-3751.3
-764.08,-2794.98
2552.41,-2063.78
-696.009,-2778.38
-536.773,-2337.43
-51.003,978.805
-1209.36,5191.87
1218.18,7754.75
-1672.29,5914.95
-111.051,3411.08
-1261.62,415.305
1433.63,-687.477
334.921,-2649.48
-754.161,-4148.23
1052.19,-4128.62
-1701.63,-2346.71
3314.7,-151.924
-2378.98,531.816
3427.3,547.642
-5199.75,262.892
4644.14,1814.42
-5769.15,1813.19
6567.56,764.968
-6190.87,-2201.79
5593.14,-2873.77
-6166.47,-1421.05
6697.98,1489.12
-5550.62,1376.16
5268.18,-157.314
-7139.63,-910.161
4464.35,2446.41
-3646.16,4904.77
3260.28,5853.74
-2072.71,1964.98
95.8023,-1926.07
187.895,-3873.19
-239.514,-4185.04
2690.47,-3565.16
-2755.38,-3519.17
3072.12,-1657.06
-3900.49,337.808
4682.57,3515.38
-4078.95,3073.97
3590.86,2869.9
-5875.4,1610.82
4799.58,1603.24
-3891.96,945.279
3968.66,-1249.26
-2947.99,-3141.77
2395.66,-2969.19
-1997.79,-990.333
3586.63,78.9138
-3414.02,97.1984
2734.08,-302.143
-4114.34,1112.39
4252.06,3137.12
-4232.08,3421.96
4819.97,2341.85
-6861.18,422.543
6907.5,-786.382
-6781.95,-1670.65
7528.36,-1780.73
-7611.65,-2601.49
8102.1,-961.108
-9103.38,93.4312
9141.02,2193.35
-7990.89,1173.9
7361.81,289.187
-7614.26,-1260.49
5947,68.8344
-4896.04,190.835
5741.5,-635.938
-4339.09,-3182.44
2255.01,-3538.92
-730.412,-1524.07
-230.295,1440.67
1484.71,2878.29
-2585.24,2082.12
988.229,3077.72
-3174.81,3544.05
4123.26,4242.44
-3820.14,1889.26
4001.83,-1295.6
-4561.34,-4047.84
3882.25,-3366.56
-2681.06,-2422.49
4436.29,-1526.66
-3851.76,-1674.73
2571.3,-323.969
-2382.63,2427.52
2088.26,3624.57
-1490.52,2726.73
1148.07,210.552
-2321.58,-2131.52
2903.6,-2571.77
-827.423,-2744.52
1971.58,-3746.56
-2554.15,-2780.62
2777.65,-729.492
-3477.47,2042.5
4131.65,4019.94
-4731.4,4041.26
3366.7,4311.18
-5593.78,4299.56
5803.2,3760.22
-5621.6,340.586
5048.04,-2223.1
-5167.09,-4479.51
5548.93,-3335.42
-3407.55,-3173.7
5077.75,-3024.95
-4276.97,-3426.64
2767.07,-1990.06
-2174.15,1005.56
1582.31,3191.14
-674.127,3023.59
-814.305,2041.49
50.4604,1439.89
-1009.85,772.741
2609.21,49.8406
-2149.98,-2631.42
1625.02,-3713.35
-1649.06,-2999.17
2020.57,-283.849
-608.61,998.604
862.522,1574.94
-1427.38,1234.34
284.414,1992.79
-430.588,2787.76
702.929,1579.07
588.751,-752.057
-839.62,-3511.59
929.953,-3369.13
-215.979,-2097.58
1440.05,-489.63
-890.535,47.8088
-440.555,1120.37
-635.648,3277.32
266.289,4724.59
847.487,3841.59
-2026.56,1465.08
2488.73,-1832.33
-3594.73,-3191.47
4918.31,-3686.21
-2797.58,-5233.53
4329,-5289.09
-4278.45,-4624.54
4277.26,-544.944
-3924.27,2642.76
4860.6,4108.89
-5502.45,2628.34
2983.99,2691.03
-4353.02,3044.19
3890.27,4144.15
-2683.31,2100.32
1020.44,-1105.84
-136.296,-2826.17
-407.099,-3592.38
2038.88,-2585.78
-340.446,-2523.85
749.78,-2553.86
-1289.24,-1551.66
327.941,1667.4
93.8273,3180.69
453.076,3600.63
61.8025,938.172
-2097.17,-367.389
2639.08,-792.421
-2545.77,-1357.29
4296.24,-1886.47
-4746.87,-3666.8
5293.44,-2222.58
-5814.74,-44.4657
5777.54,3784.94
-5991.83,4699.05
5007.41,4913.21
-6727.15,3321.16
4999.61,2833
-4333.62,1176.78
4023.57,-532.89
-2508.26,-3392.36
1865.45,-5342.45
-81.7073,-5541.55
1242.73,-5131.56
-101.043,-3403.94
-15.2865,-1212.44
-176.788,2100.94
-1046.8,4561.35
954.684,5288.53
-1408.97,3462.39
85.8925,1787.31
-707.64,-303.98
599.068,-1154.96
865.583,-2607.88
-1080.06,-3808.04
1005.68,-2411.15
-1962.64,384.393
2079.58,4067.42
-1702.51,5086.48
987.022,4099.68
-2387.45,2254.67
1769.4,883.827
-920.876,-1801.58
2119.53,-4055.99
-1101.94,-6268.48
94.4513,-5267.4
855.761,-1672.27
-342.424,1440.91
2004.5,2615.87
-3956.83,2886.94
2883.63,3553.14
-4346.65,4035.54
5068.45,3038.12
-5358.78,-563.254
5125.73,-2923.03
-6320.73,-3911.42
7366.14,-1628.48
-5809.09,-1104.96
6250.36,-506.76
-6342.23,-994.226
5121.88,813.338
-4888.22,1924.07
5163.35,2380.41
-5033.61,1255.79
2576.07,751.307
-2672.81,1156.61
3454.97,303.836
-1508.32,-2064.2
2155.32,-4954.46
-2149.79,-5089.87
2393.64,-2988.32
-2167.13,544.149
3631.75,1736.01
-4455.21,1836.25
2887.85,3525.51
-5031.13,5764.36
5738.21,6603.74
-4689.47,2554.52
4863.49,-2788.41
-6096.16,-7021.87
6518.39,-5888.4
-4460.44,-3822.24
6072.25,-1420.06
-5128.65,-1190.2
4082.67,704.331
-4732.63,3514.89
3559.77,5800.22
-2810.7,5523.43
963.834,3220.78
-2042.43,187.745
1129.72,-1719.23
893.181,-3116.24
63.9776,-4589.64
78.7342,-4256.16
-305.779,-2842.37
541.427,347.567
542.237,1333.44
-460.249,1214.31
-261.335,1166.24
-2069.96,2967.43
1871.19,3900.4
-1342.5,2087.18
2458.79,-1872.34
-3979.25,-5137.54
3591.64,-3392.25
-2970.65,-805.821
4755.9,1512.55
-4482.64,311.033
2395.24,561.253
-3030.75,1802.96
1732.9,4433.92
-1080.23,4943.21
16.0921,3280.06
-975.784,805.9
-925.804,-928.484
2467.55,-1614.26
-1063.54,-3639.64
2121.4,-4387.78
-2252.6,-4712.06
2348.16,-2121.34
-351.633,-1108.89
1698.76,-1007.55
-1639.75,-1335.12
-287.158,486.658
425.82,3652.23
-492.441,4415.94
559.525,3079.96
-1753.43,361.631
1385.4,-542.049
-1192.48,-763.653
1919.41,147.554
-1054.84,-728.554
-80.8759,-729.211
265.677,-181.154
-1465.2,1501.97
2299.5,3149.39
-3073.85,3447.15
3383.8,2462.92
-4390.29,23.3675
5828.01,-2431.89
-4855.76,-5778.47
6142.11,-6651.7
-5815.61,-6353.89
6605.74,-2453.98
-5749.16,-17.4081
6251.7,2071.11
-6359.45,2463.64
5039.13,3231.21
-5146.14,3347.82
4726.42,2568.89
-4210.04,-119.822
3589.95,-2596.99
-3399.93,-3406.82
3178.55,-2107.23
-1812.45,-43.8669
2166.82,1483.51
-1542.84,1517.13
577.029,1666.43
-1271.68,1990.76
950.509,2138.71
-304.237,1388.32
-192.295,-329.156
295.061,-1419.74
7.28601,-2081.65
1536.29,-2541.23
-46.9216,-3674.48
-76.9439,-3199.49
321.106,-2001.03
-441.736,568.365
984.728,2238.28
-1773.75,2702.21
1523.22,2849.28
-3233.61,2864.44
4029.39,1855.55
-3754.32,-821.904
4516.32,-3301.24
-3918.4,-6064.14
4004.83,-4545.64
-2880.51,-3031.91
3101.94,547.855
-2449.5,2310.41
369.529,4225.5
-909.882,5767.15
-1554.78,6630.85
2175.67,4988.28
-3097.91,931.693
2720.57,-1870.43
-3655.25,-4770.14
4860.6,-3561.14
-3834.33,-3946.99
4948.62,-3045.35
-4651.4,-1974.9
4345.03,-58.7363
-3776.06,1805
2644.19,3139.51
-2818.6,2705.35
1653.44,1642.39
-2034.08,511.786
2241.83,-1608.28
-1057.73,-2624
1636.46,-3629.73
-2461.02,-2753.41
2679.44,-190.115
-3544.64,2234.36
4207.55,3528.69
-5822.95,4277.85
4234.68,5040.99
-5130.57,4848.03
5900.45,3028.3
-5922.52,-2324.83
6446.95,-5539.52
-7007.14,-6896.59
8034.31,-4329.03
-5901.99,-2207.6
7078.27,-609.839
-7313.37,102.727
6769.92,1844.8
-6310,2484.18
5552.1,2994.76
-5033.34,1431.75
3413.59,170.618
-3628.91,-590.691
3687.06,-447.351
-1394.26,-1766.37
1885.17,-2727.78
-1806.74,-2252.37
1721.36,-1202.03
-1034.51,913.715
1417.8,1193.44
-1749.08,1545.22
-107.212,2418.1
-880.606,4679.42
1953.21,4517.15
-1612.59,850.625
2313.55,-3398.7
-3118.41,-5832.79
4197.79,-5188.84
-2562.57,-4179.92
4768.74,-2715.25
-4471.42,-2629.61
4170.32,-631.199
-4542.14,2750.12
3605.4,5836.27
-2821.86,4946.8
1596.93,3109.67
-2555.97,37.191
901.964,-745.328
1030.52,-1383.15
-828.975,-2037.09
1539.52,-2351.58
-1928.62,-2901.28
3732.34,-1668.37
-3274.19,-1285.18
3677.4,43.1
-4785.35,1045.8
3775.86,3981.19
-4102.35,3686.44
4651.12,1879.38
-4049.44,-1012.77
3053.38,-2689.45
-1957.56,-3024.29
2828.39,-2870.96
-95.1853,-4054.76
-38.0268,-5003.62
-657.25,-2696.34
144.01,2346.28
429.243,6754.32
-139.91,6536.71
-730.155,4287.79
-429.855,813.975
-1568.87,-154.49
3682.22,-1522.9
-2283.88,-3429.61
2979.06,-5277.84
-3290.17,-5184.91
4941.34,-1990.65
-5813.64,1368.19
7002.81,4429.78
-7790.3,3928.42
6545.78,4091.4
-7638.37,2191.06
7859.77,1137.03
-6794.55,-2215.91
6712.6,-4188.01
-6134.03,-5247.1
5868.78,-3968.82
-3343.38,-2450.39
3785.8,-980.767
-3387.64,-249.225
2138.24,1997.13
-1908.97,4019.12
223.513,4088.38
717.896,2549.17
-832.971,-967.779
-134.117,-2301.27
227.176,-2359.14
1595.48,-1689.43
-1750.42,-1036.72
1679.7,-421.766
-2972.28,1216.11
2011.22,4258.35
-2259.9,5775.53
2101.57,4963.17
-2834.97,2169.36
994.351,137.002
-415.459,-2204.98
1656.35,-4575.14
-73.2756,-6586.32
1219.03,-6846.26
-1277.89,-4935.2
3323.57,-1965.88
-1728.11,348.047
1108.58,673.478
-3167.48,3148.23
1826.62,5779.87
-3369.74,7068.52
3938.51,5314.16
-5433.64,1650.39
5209.4,-1103.06
-6743.6,-2760.57
7948.69,-1335.18
-7427.88,-1991.34
7530.35,-1445.57
-8988.58,-237.825
8582.64,2895.46
-7843.21,3799.17
8202.65,3158.04
-8167.62,-577.413
5936.89,-1851.44
-5239.09,-3166.95
6003.87,-3286.66
-3577.88,-4575.52
2494.72,-4266.36
-1408.35,-1838.85
437.913,1741.41
603.876,3778.16
-1325.96,3106.62
-325.779,3358.63
-2446.4,3160.7
2219.39,4673.06
-2405.06,3287.56
2539.65,706.587
-3185.06,-2172.85
1458.2,-2306.79
-228.933,-1434.37
1958.96,-1651.49
-861.798,-2733.92
-582.858,-2501.15
31.6059,558.517
21.8126,2810.71
313.137,3737.21
-546.716,1920.29
-2084.28,822.769
1135.16,1606.69
-331.366,1420.61
2359.08,-1773.36
-2495.4,-5032.32
2648.2,-5975.68
-3527.13,-3780.08
5255.97,43.8987
-4490.55,1417.15
4311.53,2208.38
-6643.94,2727.77
6476.52,4483.79
-6806.92,4400.96
6367.16,2897.49
-7053.03,-280.217
6025.27,-1451.09
-5858.37,-2567.12
7136.51,-1793.21
-5653.78,-2138.36
3986.96,-528.014
-4324.1,1808.2
3260.48,4172.2
-2686.53,3963.39
2320.8,1691.55
-2562.98,-678.753
1584.83,-1998.38
-419.236,-1903.99
1763.83,-3899.19
-1320.44,-5000.91
1990,-5297.78
-1945.24,-2879.8
3705.51,16.6172
-3462.17,2052.42
3120.72,3516.29
-5142.84,3341.73
4577.94,3882.53
-5468.79,2701.42
5989.47,1352.21
-5755.02,-1207.25
5270.05,-1291.36
-4782.23,-1953.46
4882.62,-996.537
-2607.65,-1937.76
1468.56,-1575.19
-1693.14,670.372
440.108,3697.94
1123.42,5131.82
-2480.55,3607.01
2267.04,893.893
-3113.79,-1914.43
4653.48,-2955.3
-3197.33,-5608.68
5537.62,-6422.08
-4896.07,-7026.51
5027.3,-4041.66
-4769.17,108.169
4516.69,4230.23
-4353.72,6223.83
2149.44,7053.38
-3842.74,6296.56
2571.88,4881.35
-1994.55,1310.12
1599.28,-3482.24
-1336.74,-6182.48
1228.08,-5953.25
-445.238,-3125.64
2060.83,-557.439
-1561.26,1041.23
814.951,1995.35
-2665.22,3991.5
2606.25,4437.66
-2416.99,2550.77
2688.25,-908.267
-3567.79,-4401.59
3987.12,-4714.28
-3575.89,-3788.47
5627.16,-2344.85
-4633.85,-2349.53
4625.68,-1061.68
-4799.95,340.695
4445.6,3081.2
-4243.13,3922.05
3730.03,3387.12
-5376.49,2466.79
3091.43,2750.76
-1503.13,1896.01
2209.14,17.2886
-1242.49,-3103.58
442.48,-3870
-230.006,-2073.17
1172,-895.226
465.971,-261.572
-426.417,-1085.59
-397.573,64.0949
-42.4579,2488.76
-193.291,4323.05
671.906,2804.59
-1012.21,-20.2399
394.661,-2828.55
-1161.01,-3174.53
3571.24,-2067.48
-2389.33,-2832.75
2942.1,-2600.93
-4688.04,-1471.98
4092.17,1641.65
-2840.19,3116.01
2904.11,3039.35
-3357.24,1141.75
1746.53,976.516
-1066.61,19.332
1364.06,-1221.88
350.051,-3909.84
-1988.8,-4270.69
1558.42,-676.567
-2255.86,3337.74
4057.57,5549.9
-5627.11,4500.17
2896.28,4573.3
-5326.46,3929.48
5598.63,3993
-4464.75,-36.5105
4676.33,-4602.63
-4742.95,-7638.37
4977.21,-6580.55
-1886.12,-5099.74
3515.28,-4235.83
-2332.07,-3331.86
77.5431,-95.4435
-1279.18,5025.47
1271.43,7897.46
-1188.67,7412.65
-1154.56,3722.48
-949.71,1083.72
906.482,-218.148
-1103.46,-720.41
2009.36,-2452.97
-2819.91,-2682.98
2683.44,-1356.33
-3019.31,835.887
4399.19,2779.82
-5491.57,2775.24
4986.83,2826.53
-6791.43,1529.21
6958.23,768.202
-6459.51,-1829.8
7646.02,-4046.86
-7181.63,-6048.66
7781.09,-4321.05
-7885.64,-1822.17
8281,778.566
-6972.18,1028.42
5293.39,2011.35
-5601.63,2102.24
3967.7,4374.96
-3431.12,4355.82
1557.18,3026.46
-1339.08,182.663
-644.245,-1405.59
1745.27,-1365.37
-1161.56,-1870.21
2546.23,-1004.3
-3167.82,-1372.83
2326.52,811.305
-3385.61,1580.68
3870.7,3059.26
-3787.28,2092.06
2342.19,1192.63
-2471.02,1119.35
1690.67,658.663
-382.356,-1262.23
806.749,-4525.81
-698.611,-5257.1
355.16,-4035.06
20.8206,-94.4859
1543.42,2106.29
-2121.05,2177.24
1281.23,1751.42
-3563,2285.31
3639.03,3235.99
-4461.37,3004.53
4994.62,1164.56
-6649.51,-839.199
6292.89,-750.281
-6270.5,-1395.06
8419.67,-1226.6
-8646.21,-2322.69
7583.1,-730.645
-8428.4,1231.35
7889.46,4172.32
-6941.27,3078.04
5613.41,2060.67
-6344.38,247.518
5921.07,-182.388
-3561.12,-2021.21
3805.56,-4657.58
-2314.29,-6426.77
748.348,-4999.55
-442.542,-311.573
1777.2,2874.81
-685.325,4172.36
-1232.24,3268.18
135.481,3315.84
-1278.3,3377.68
1325.13,2240.56
-1434.25,1.73059
-384.042,-1202.36
-59.8372,-914.705
1219.27,166.448
396.328,-306.248
563.532,-2464.6
-924.373,-2814.85
-670.033,-942.778
-34.9485,1809.33
1193.38,3094.18
-1868.94,2219.99
1384,625.423
-1719.69,259.917
3582.94,-1492.32
-2595.6,-3988.6
3212.12,-5920.85
-4777.74,-5734.21
5670.32,-1796.26
-5819.19,2189.53
7094.83,4851.72
-8523.72,5538.91
6287.72,6804.48
-7948.22,5259.67
7656.88,3682.89
-6825.19,-1868.57
6106.64,-5155.09
-6292.8,-5654.38
6231.29,-2469.29
-3662.02,-185.233
3867.04,379.962
-3862.8,-194.386
1826.27,1112.91
-990.834,2836.15
-8.49762,3100.63
1331.97,1688.57
-2759.21,-1726.41
2467.12,-3011.05
-2153.1,-3050.04
3576.02,-2316.61
-1595.49,-3047.49
2331.83,-2922.28
-2907.65,-2260.54
2485.6,857.856
-2141.47,3036
899.026,4888.66
-1929.61,5230.52
-517.252,5480.65
1435.39,4358.14
-902.245,101.821
2097.1,-4117.22
-2125.88,-7355.37
2226.11,-6123.74
-1345.71,-3487.96
3405.41,-944.74
-2987.43,752.847
2308.27,2771.3
-2508.86,4053.88
1912.99,5179.55
-829.497,2389.57
-616.988,-1205.35
799.417,-3988.89
-1508.47,-4482.58
4552.32,-3662.51
-2898.81,-3489.6
3957.55,-2555.99
-4992.98,-707.634
5054,2472.45
-4771.71,3044.21
5506.03,3229.75
-7058.18,1044.7
5460.39,2392.06
-5584.74,3105.97
5642.42,2359.77
-4523.72,-670.781
3601.19,-3392.78
-3453.08,-3561.56
3496.92,-1570.4
-393.656,-1040.77
929.361,-1888.82
-1887.52,-1786.48
-147.742,443.541
236.73,3817.62
802.658,4008.43
-1003.31,2120.64
716.003,-1106.33
-1832.85,-2164.52
2854.5,-2523.73
-1162.69,-3586.34
2173.69,-4846.66
-2625.1,-4490.25
1960.41,-318.458
-2139.1,3701.38
3173.76,6587.37
-4417.41,5486.96
851.524,5242.08
-1874.65,4099.83
1325.46,2838.08
6.30432,-524.557
-1118.97,-4177.97
2533.47,-5534.33
-2758.02,-5112.18
5414.39,-3611.72
-5461.87,-2368.1
6141.18,-336.691
-7746.16,1868.19
7607.63,4880.43
-7833.85,4126.37
8627.33,2544.49
-8551.33,-2396.44
7897.1,-4296.74
-7136.46,-4939.54
7937.12,-3276.24
-6431.82,-2698.89
6368.11,-871.423
-6362.15,1498.93
5232.56,4609.36
-4331.26,6161.31
3064.61,5123.73
-3778.73,3014.31
2084.59,558.871
-2068.82,-737.739
3033.41,-1986.65
-2238.8,-2929.94
3678,-3547.21
-3285.38,-3188.26
3669.1,-1605.16
-3521.44,84.2619
4539.64,898.895
-5004.67,885.054
4141.9,1634.04
-4148.85,1273.81
5003.4,934.314
-4545.31,-1770.97
3459.3,-2434.29
-3511.46,-2383.05
3800.91,-796.768
-2101.58,-459.178
1684.54,-567.267
-1416.1,-4.7905
-542.803,2064.6
691.676,3782.91
-2178.33,3858.48
2408.17,2899.93
-3875.45,530.557
3250.57,259.407
-2981.33,-481.19
5075.48,-2022.34
-4449.35,-4693.59
3476.54,-4647.68
-3888.07,-2633.13
3793.49,1801.22
-2880.12,3641.41
1957.28,4266.3
-3294.2,3873.09
1898.4,2943.12
-1746.82,2001.69
2216.75,-1648.96
-2130.75,-4698.46
2062.37,-5620.58
-1935.34,-4081.92
3883.63,-1998.29
-2750.78,-206.637
2542.67,955.543
-4612.04,2661.15
4398.54,5000.31
-5657.65,4989
6312.65,3417.99
-8394.96,662.771
7510.25,174.067
-7515.21,-340.256
9148.37,-1335.72
-7617.83,-4292.64
7549.89,-4711.85
-8211.3,-3509.67
8020.65,1414.95
-6053.35,2889.02
5927.6,2625.68
-5736.76,-40.7125
4219.86,-456.637
-2936.82,-442.904
3243.78,-1167.09
-1669.36,-2266.61
31.2497,-3122.72
1416.74,-2286.74
-1636.79,-370.716
3780.49,1493.02
-4203.88,1610.88
3410.63,2730.11
-4545.84,2580.11
4128.4,2851.82
-4052.72,1337.95
4082.32,91.285
-4962.78,-298.076
4608.35,810.856
-2479.62,-665.059
3520.72,-2560.71
-2934.25,-5246.36
1935.99,-4588.61
-788.158,-1021.86
792.903,1499.96
-146.64,2977.1
-660.647,2213.01
-741.781,2039.94
481.363,1973.69
-355.912,1295.85
1491.58,-1620.22
-1806.39,-3528.64
1561.18,-4559.96
-2255.05,-2729.64
4334.99,13.1469
-5152.82,1381.8
5089.34,3219.57
-7286.72,4069.04
6754.18,5278.74
-7503.84,3489.59
6751.4,1804.43
-7188.17,-1603.13
6243.94,-1905.69
-5143.11,-3042.88
6590.74,-3498.12
-4659.16,-4850.51
3915.05,-4277.51
-2741.93,-2234.55
1680.67,1195.11
-379.269,3354.17
-564.581,3021.06
-473.419,3419.26
-768.552,2533.37
664.237,2796.27
-774.143,1122.06
-361.015,55.7492
426.025,-999.908
-1302.47,-945.827
3007.03,-1010.96
-2912.07,-800.29
3529.56,-512.507
-4377.1,-372.014
4329.67,1758.08
-5185.99,1133.47
5899.55,1160.46
-6012.11,-513.518
4334.95,191.984
-3938.45,712.72
3726.3,1330.88
-3225.41,-99.0933
2010.15,-1460.61
-1846.26,-1686.12
966.33,-643.063
203.598,925.908
-1024.68,750.113
1489.77,331.471
-3240.59,215.499
3544.35,34.8321
-2443.32,-1422.45
4258.11,-2885.8
-4347.79,-4443.47
3580.16,-2753.87
-3761.72,158.26
4447.65,2707.51
-4481.98,2695.2
3272.71,3249.94
-4533.39,3971.02
3785.83,5166.53
-3807.19,4004.98
3931.15,493.603
-4165.89,-3127.05
2687.6,-4095.88
-915.367,-2983.29
3040.39,-1748.25
-1973.21,-1740.89
2394.21,-1922.91
-2735.91,-1081.09
3441.84,-130.157
-2932.49,545.263
3441.06,300.225
-4625.9,415.324
4985.21,961.511
-4924.54,768.17
6921.75,-1219.93
-6399.47,-3707.39
5877.37,-2873.95
-6467.25,-1489.61
7383.04,2274.33
-7159.48,2674.48
6195.34,3078.5
-7422.01,3129.21
5190.81,5224.45
-3780.5,4257.42
3068.51,1666.91
-1966.77,-3099.04
1237.92,-6566.41
112.261,-6370.83
389.601,-5024.88
3260.6,-3195.51
-4051.96,-1944.86
3561.05,599.581
-4570.29,3381.38
5140.71,5411.84
-5661.4,3560.17
4984.01,2122.01
-6949.1,48.5947
6215.59,-7.24426
-4603.89,-1164.1
4628.06,-2536.16
-4500.55,-3400.63
5085.76,-2022.68
-5100.97,-46.1764
5050.67,2135.12
-5191.64,3263.58
2852.16,3702.03
-4371.51,4454.6
4083.59,3997.5
-3072.98,1024.15
3339.41,-2291.89
-3515.89,-5057.16
3611.57,-5203.49
-2595.42,-4315.91
4032.24,-2962.6
-4641.9,-1111.77
3697.14,2233.12
-4224.37,5937.4
3926.58,7012.43
-4223.28,4371.55
3096.29,661.848
-3723.69,-3142.48
3099.46,-3873.53
-2100.87,-3587.32
3359.82,-2596.75
-2531.89,-2411.59
1306.37,65.4236
-901.473,2382.81
-45.4462,4374.28
888.984,4217.06
-2753.3,2141.29
1778.39,1334.93
-4217.2,1226.12
5262.24,1543.49
-4928.32,-462.281
5706.08,-2486.24
-5348.35,-4472.23
5467.78,-3145.16
-4479.06,-2521.72
6255.06,-1615.72
-6209.59,-1932.32
4445.59,-174.568
-4562.21,2633.84
3743.99,5399.21
-3362.98,5207.87
3269.81,2195.05
-4733.1,-364.668
3471.99,-1506.29
-2797.54,-1069.25
3307.6,-1095.49
-2655.08,-1976.7
2371.08,-1321.57
-3276.89,313.766
3923.87,2418.35
-3078.97,2450.2
2525.74,881.032
-4011.34,-406.069
3263.76,339.508
-3037.93,254.977
4517.38,-963.325
-2929.72,-3315.4
2138.06,-4347.97
-1833.59,-2989.51
2359.25,-361.142
-1040.96,173.293
35.5245,1109.01
-1039.74,2016.66
-1365.13,4803.41
2334.71,6202.9
-2544.57,3912.35
3245.99,-317.13
-5257.44,-3890.35
6257.01,-4346.12
-5565.64,-4143.96
8372.32,-3248.95
-9419.44,-2570.31
8557.1,1421.49
-8914.08,4051.65
9606.78,6190.17
-9265.89,3315.76
7566.68,962.765
-8032.55,-1492.64
7396.34,-1502.24
-5420.68,-3049.19
5569.51,-3748.64
-4236.79,-4298.06
3455.64,-2367.66
-1400.01,328.274
1622.2,1251.99
-167.279,1176.96
-1956.13,34.1675
1803.56,656.869
-2267.24,1347.36
3518.95,1343.63
-3472.46,-235.327
3146.3,-470.197
-3236.79,-684.756
3650.35,278.263
-2535.7,-430.533
1766.05,-268.987
-2784.76,1023.85
1529.64,3538.78
-1530.33,5000.49
1956.8,3447.87
-1709.72,49.0062
892.275,-2924.47
-1404.81,-2928.15
3067.23,-3571.44
-1445.72,-4163.41
2795.27,-5363.56
-3268.43,-4761.17
4267.07,-1444.4
-4295.11,1720.14
5826.67,3484.69
-7474.29,2476.37
5839.29,2720.31
-7300.26,2550.22
8084.59,2462.98
-7287.78,-359.465
6916.22,-1593.58
-8161.33,-2059.8
7653.3,52.6582
-5769.43,670.136
5674.7,502.295
-5987.54,-301.98
4115.2,1932.64
-3755.07,3823.31
2830.62,4206.4
-1845.78,1637.19
806.398,-2095.04
248.27,-4601.8
685.472,-5806.38
2621.28,-5964.29
-1723.65,-6064.7
1969.25,-3907.04
-1804.71,-1604.53
2110.51,2432.72
-2304.36,4787.2
1658.86,6150.74
-2661.9,5956.53
1097.37,4779.81
-818.857,1720.63
419.475,-1996.35
-490.75,-3998.73
1220.33,-4532.55
-215.661,-2662.81
1658.57,-1276.45
-653.405,-31.2054
178.094,877.764
-1665.23,2422.84
2881.62,3100.02
-3703.81,2162.25
4013.27,327.933
-4280.51,-1628.91
5107.99,-2561.93
-4925.29,-3769.04
7049.1,-3688.2
-6272.71,-4577.63
7323.54,-3604.74
-7271,-1494.45
7685.89,1502.64
-7993.3,3075.59
7713.31,4543.88
-9038.79,3541.8
7496.55,3700.78
-6926.43,2230.27
6338.86,803.238
-5312.9,-2164.65
5656.99,-3903.21
-4792.28,-4653.58
4630.9,-3046.52
-3454.89,-952.432
3750.02,867.738
-3688.52,2529.48
2178.31,3354.97
-2090.96,3921.87
2285.31,2019.19
-1953.03,-871.106
2133.69,-3824.29
-1648.73,-5579.62
2668.44,-4758.12
-1477.02,-3757.63
2409.87,-1727.24
-2562.45,648.625
1528.93,3654.42
-2024.21,5550.79
1514.37,5729.71
-1675.86,3417.17
-701.106,1419.55
426.757,-211.593
-1089.93,-711.939
3151.42,-2137.36
-3131.96,-4037.83
3454.7,-3468.27
-3553.04,-1774.66
4853.18,475.277
-4843.53,953.249
4615.19,1497.44
-6334.37,1157.32
5939.44,2474.93
-5287.04,1206.25
6114.81,-657.737
-5790.02,-3508.06
5454.61,-4406.28
-4259.35,-3712.09
4910.36,-2572.13
-2703.35,-2285.31
2025.06,-682.488
-3823.84,2605.35
2340.96,6995.07
-2187.13,8765.08
1256.26,6368.7
-2530.36,2524.12
714.87,-226.686
-695.95,-1226.65
2636.37,-2909.41
-1209.19,-5226.9
1611.58,-6739.59
-1120.16,-5239.22
2372.53,-1911.6
-1551.66,1097.05
2494.71,2784.02
-3541.69,2417.15
2096.77,2577.72
-2759.29,2278.6
3501.77,985.278
-2712.48,-1938.74
3010.64,-3953.3
-2866.16,-4503.67
3322.68,-2721.52
-1273.79,-1546.54
1395.12,-444.351
-2020.64,1027.23
251.208,4213.07
135.837,6228.43
-1082.49,5873.75
1782.04,2526.84
-2750.02,-1475.47
3548.77,-4067.46
-3697.39,-4891.33
5929.64,-3967.78
-5782.57,-3379.25
6555.01,-978.14
-6956.93,712.876
6838.55,3885.09
-6415.91,4104.6
6038.17,3710.03
-7321.71,1303.03
6266.23,-51.3489
-4499.76,-2865.34
5374.17,-5174.06
-3934.23,-6383.49
4043.02,-5005.89
-3197.01,-1387.97
3708.04,1287.94
-2811.14,2444.2
1543.7,2401.36
-2736.63,3199.63
2651.09,3688.07
-3519.37,3380.75
3623.51,1581.49
-4849.48,-502.008
3832.53,-987.249
-4267.19,-567.666
5926.07,396.61
-5547.05,-555.853
5868.74,-998.003
-6277.87,-1447.96
5877.44,-393.192
-4852.8,-984.405
5005.12,-841.455
-5186.36,-1608.34
4032.95,153.017
-2029.57,598.954
2185.71,-352.792
-687.559,-2459.01
-357.143,-3632.8
411.759,-2073.59
-1480.49,812.96
2534.55,3452.5
-3901.84,3809.27
2718.83,5015.47
-4495.41,4786.13
3383.43,5357.33
-3164.14,2879.21
2649.53,-285.84
-2971.54,-3622.72
2143.7,-4425.73
-75.7234,-3922.41
461.016,-2753.88
283.56,-1334.77
-1185.33,321.091
615.146,2811.98
-1378.03,3314.44
1616.5,3072.41
-2192.85,343.91
322.002,-351.453
190.725,-1254.78
-322.629,-1774.84
2380.92,-3547.23
-3090.49,-4269.96
3035.26,-2325.87
-3989.44,751.442
5395.59,3994.3
-6673.33,3779.94
5207.28,4365.77
-7721.91,4086.84
7043.47,4825.41
-6543.29,2118.71
6603.42,-658.689
-6591.27,-4137.38
4656.1,-3485.12
-3664.22,-1337.17
4769.77,-204.644
-3104.87,-675.376
1513.1,-732.262
-1599,575.827
1078.81,2400.6
495.016,2101.92
-1103.94,-670.47
-262.159,-1746.75
-532.504,-1594.1
1337.57,527.948
597.077,-57.9616
-783.503,-1110.64
455.007,-1380.3
-1704.76,-190.343
3390.84,454.872
-3181.57,309.967
3044.93,28.6108
-4898.54,467.825
5069.84,3230.91
-5019.45,2805.51
6761.26,908.788
-6407.25,-3364.6
5549,-4037.72
-5274.75,-2682.45
5096.52,696.069
-2826.88,1041.23
2462.2,316.806
-3274.63,182.933
2099.29,1904.56
-376.098,3429.5
-718.019,2642.64
1543.93,-173.173
-2983.4,-2663.82
3256.83,-2726.2
-2310.28,-2713.53
4573.34,-1718.19
-3737.52,-2689.14
4184.77,-2454.79
-4844.83,-1346.42
4796.63,696.106
-4098.93,1818.53
3522.87,2816.06
-5144.84,3015.04
4881.16,3618.15
-4412.71,2389.43
4275.23,-480.002
-4404.8,-2531.24
3718.34,-2948.89
-3746.79,-1789.27
4978.45,51.1035
-4502.98,-113.43
4025.53,552.867
-5064.44,1752.82
4578.15,2944.31
-4053.87,2145.57
4901.54,-568.663
-5269.04,-3823.4
5594.36,-4884.48
-4727.38,-4159.13
5794.44,-2258.69
-5062.25,-1248.27
4164.83,801.215
-4947.51,2830.7
4648.46,4760.08
-4625.12,4395.86
3484.7,3692.75
-4708.71,1827.65
2288.95,1788.72
-1167.19,422.26
1564.26,-1742.01
-266.719,-3810.37
-404.77,-4216.04
2503.03,-2764.69
-2312.66,-1537.59
4163.67,-1372.01
-5227.01,-1450.51
3849.9,1277.23
-5118.55,3831.25
5620.1,6508.95
-5196.54,3796.14
4656.48,459.47
-5484.99,-2780.4
4701.87,-3320.82
-2824.82,-3358.81
3940.34,-3431.29
-2923.56,-3951.29
2003.46,-1901.42
-1409.51,1869.34
1734.07,3626.5
-1168.91,4104.25
473.496,1581.16
-2917.39,950.84
2278.72,1564.35
-1955.09,1396.49
3149.39,215.686
-3002.51,-2301.12
3723.91,-3668.01
-3724.22,-3159.93
5310.01,-1733.51
-5012.32,-1326.64
4954.75,376.325
-5141.37,405.405
4801.2,2297.66
-4008.82,2406.48
3120.81,2190.46
-2999.68,1290.83
1959.14,-138.62
-781.18,-1965.33
829.125,-2802.88
4.70341,-3084.91
-879.531,-1208.82
1297.65,2148.96
-2966.43,3909.3
3603.59,4579.2
-5340.86,3004.24
5046.23,1487.5
-5215.53,-291.162
6131.32,-2043.77
-5254.28,-4919.91
6164.73,-6086.02
-5343.43,-7064.26
6103.19,-4214.72
-4665.55,-1592.44
4058.34,2366.44
-3797.22,4663.79
1831.92,6184.42
-1793.26,4893.45
1493.43,1501.05
-951.521,-1411.94
211.264,-3868.6
565.686,-3226.05
113.758,-2643.19
1331.59,-1489.62
-672.678,-1200.17
-270.033,1252.77
374.678,4031.34
-1740.6,6506.62
2438.76,5849.11
-3693.14,2246.8
2850.93,-289.893
-3510.14,-2752.92
4820.33,-2540.82
-3265.28,-3440.53
3780.53,-3698.23
-2851.55,-4136.42
3240.75,-2621.98
-1719.68,-1914.92
2027.56,-586.542
-1537.63,259.112
7.95859,1313.12
-56.6038,2820.54
-375.865,1627.22
1012.16,652.008
-967.401,-1582.18
143.831,-1590.61
807.979,-1074.91
-542.252,-469.573
1551.93,-1063.68
-3320.63,-218.761
3213.89,2030.06
-4466.66,4232.57
5903.62,5103.1
-6977.91,2646.85
6665.13,844.463
-8047.79,-1510.1
8283.9,-1066
-6495.01,-2946.53
6721.06,-3048.73
-5840.9,-3839.57
5508.9,-1720.98
-4152.97,-128.896
4118.19,1039.22
-3553.91,1061.64
1305.61,1075.66
-2254.06,3013.29
1464.21,3383.66
-154.828,2294.67
-241.891,-1117.22
308.45,-3171.73
35.6633,-4220.37
257.471,-3227.66
701.568,-1740.71
-1976.27,15.3685
1556.9,2641.72
-2801.51,4980.78
2339.04,6335.75
-3361.16,5237.86
2651.09,2963.68
-4126.95,-20.4046
4128.96,-2785.56
-2571.32,-5902.71
3628.8,-6468.9
-3005.84,-6022.1
3467.18,-2501.99
-2466.84,840.936
2820.85,2503.83
-2472.5,2121.69
421.708,2198.72
-1707.49,3557.82
680.385,4429.28
-140.749,3129.29
223.533,-527.119
88.3524,-3686.35
-383.109,-4881.02
1234.23,-2791.3
-380.662,-258.481
-43.2627,1407.94
-551.726,2639.36
-364.436,3751.44
-264.987,4102.53
296.967,3565
28.5958,1469.74
-496.961,-1699.51
1033.73,-4724.23
249.534,-6819.5
1510.33,-7131.89
-876.922,-5080.44
1571.86,-1053.24
-2067.45,3462.4
1612.6,6343.85
-2837.23,6534.64
1802.77,5115.43
-3332,2919.41
2553.87,1417.63
-2193.73,-1112.2
2908.08,-3488.6
-1757.03,-6378.04
2532.24,-6871.94
-1124.96,-5292.96
2183.25,-1819.92
-906.322,967.387
-225.428,3318.89
-492.878,4840.63
-1540.01,5358.9
847.48,5287.77
-1071.06,2815.03
420.638,868.16
-671.428,-1775.23
433.516,-2654.33
1569.45,-4111.21
-1247.69,-4569.26
1697.62,-3162.61
-2094.92,-416.816
3300.77,2343.49
-2903.74,2414.47
2479.85,2349.32
-4336.51,1020.17
3760.87,1780.71
-2528.17,-169.603
2972.87,-2056.96
-1747.38,-4518.63
416.668,-4036.42
1122.43,-1747.68
-1657.34,661.233
3740.77,1674.16
-6108.51,1879.22
5126.13,3845.94
-6477.58,4669.09
7031.81,5362.12
-7452.27,1578.63
6184.06,-545.407
-7268.69,-2539.69
8058.55,-2025.39
-5333.33,-3704.97
5970.64,-4632.03
-4621.78,-5328.74
3924.1,-2902.85
-3074.5,680.667
2045.53,3092.96
-1234.21,4126.92
-31.8054,2585.16
-266.188,1923.26
-181.025,933.702
634.455,-170.323
429.898,-2512.75
-782.351,-3882.44
-91.0585,-3278.41
-201.374,166.974
1654.58,3064.1
-1277.69,3496.88
1436.63,2612.62
-3641.74,1826.94
3299.8,1667.15
-3505.88,502.125
4445.54,-1273.58
-4141.57,-3798.11
4406.73,-3658.45
-3066.8,-3167.95
5354.89,-2366.85
-3632.66,-3346.12
2546.95,-2487
-2648.7,-814.865
2222.12,2373.21
-800.026,3585.48
187.791,3189.38
-354.494,2177.9
-1262.76,1220.68
3089,288.512
-3203.06,-2025.84
4489.85,-3764.06
-5118.47,-3910.93
4874.13,-269.293
-3507.68,1621.73
5639.03,2179.79
-6112.36,429.255
4589.98,356.79
-4267.44,689.817
5422.04,498.033
-4010.47,-2100.96
3943.59,-3984.31
-2760,-4811.06
3814.25,-3492.83
-1696.9,-1837.14
1339.59,-650.054
-1065.3,1170.04
366.665,2646.15
-1053.74,3660.22
2465.72,2726.44
-2154.08,945.697
1596.82,-1287.67
-2388.88,-1545.47
4487.88,-2386.12
-3130.37,-3853.12
4488.92,-4603.7
-4970.6,-3572.49
5988.5,714.542
-6088.72,3586.47
6404.56,5197.45
-7505.86,3129.42
5931.86,2850.24
-6051.13,1305.88
6243.33,536.724
-3974.84,-2510.99
3673.36,-4773.9
-2226.98,-6367.17
1990.82,-5349.66
642.182,-3018.17
-1202.96,-412.934
3045.56,1459.48
-3846.31,2081.93
4028.76,3179.69
-5020.9,1737.87
5955.27,874.487
-5891.56,-1986.14
5242.24,-2174.37
-5520.47,-1607.73
6749.32,147.545
-5061.21,-210.381
4430.19,-68.1279
-4362.32,188.113
3333.55,2049.88
-3586.46,3868.38
2598.97,3551.79
-2068.85,2205.97
309.627,950.28
-247.729,-13.4648
1518.81,-1413.98
-109.903,-3303.47
1184.08,-5762.42
-1337.85,-5900.52
1726.36,-4082.51
-462.212,-927.283
2582.83,148.856
-3433.24,558.995
3268.22,1703.88
-4465.35,2817.16
4984.55,2712.39
-4618.34,117.731
5163.6,-2045.87
-7108.71,-3082.09
7247.42,281.132
-6075.17,1881.03
6151.15,2669.66
-6159.72,1126.38
4917.9,1173.23
-4531.73,898.802
4217.93,1392.58
-3062.14,510.141
2048.17,-963.652
-1312.7,-2021.36
1605.75,-2704.33
666.652,-2965.95
185.236,-3468.76
541.135,-2258
-1541.67,-603.445
2053.08,1456.97
-736.541,1048.99
667.266,182.657
-1717.27,193.696
423.896,2349.76
179.768,3626.01
311.42,1868.38
-140.254,-1600.93
-879.391,-3522.64
110.596,-1458.38
991.617,828.139
52.534,1804.47
-624.338,944.235
-1141.03,692.709
591.268,1194.27
-1148.12,2470.24
2185.75,2111.54
-3360.1,359.697
3350.96,-1240.49
-3941.9,-2672.2
5681.41,-3319.71
-4631.54,-4876.91
5965.6,-4613.19
-7001.63,-2833.14
7177.38,545.531
-6179.48,1987.14
6136.91,2851.5
-8783.59,2772.47
7273.49,4846.49
-7244.17,5075.02
7284.37,3273.61
-7458.61,-847.863
5880.14,-2717.68
-5440.99,-3031.6
5482.01,-1011
-3328.28,-1098.48
3095.85,-920.971
-3541.08,193.298
1700.39,2350.65
-1681.34,4834.8
2075.27,3962.98
-2335.42,1268.1
876.436,-1700.29
-1116.9,-2118.4
2828.75,-3014.13
-1282.4,-4131.38
2388.33,-5480.52
-2269.31,-5389.76
2858.9,-2091.98
-2906.56,950.17
3991.61,3727.69
-4792.55,3639.53
2613.54,4386.89
-2698.77,3600.98
2003.95,2535.12
-1479.23,309.038
108.201,-1100.03
-11.6152,-1456.93
-631.134,-707.103
3043.24,-454.65
-3853.83,-813.028
4845.38,-524.736
-6378.88,774.774
5579.56,3769.26
-6568.26,3760.54
7560.75,2792.72
-7779.74,-1425.61
7589.34,-3427.98
-6816.1,-4381.94
8329.93,-3748.63
-7156.5,-4574.37
7014.09,-3800.11
-7158.26,-2318.44
6591.17,1406.94
-5702.71,4442.16
4722.84,5528.4
-5136.93,4867.66
3178.19,3018.16
-3724.7,223.511
4162.36,-2158.3
-3277.59,-4149.9
3097.31,-3842.88
-2964.96,-1489.76
3683.96,790.24
-3129.86,2189.42
3243.83,1719.07
-4543.26,1602.04
3625.56,2713.17
-4043.8,3155.57
4485.31,2216.92
-4725.8,-818.537
4125.85,-2442.9
-3707.64,-3462.09
5096.6,-2610.41
-2918.02,-3387.39
2953.75,-2957.39
-3025.65,-2101.57
2281.19,467.327
-879.92,2143.68
-857.604,3112.93
521.612,3979.95
-2217.74,3872.37
2803.17,2936.81
-2073.11,-1142.22
3144.22,-4635.47
-3405.54,-6820.57
3420.03,-4535.91
-3069.95,-986.781
3224.59,2854.26
-3113.32,4323.7
421.839,6199.04
-1869.39,7162.84
971.862,6474.41
-475.737,3199.23
239.063,-3321.36
530.787,-8286.59
54.9355,-10258.7
2013,-8585.02
524.303,-5769.9
688.677,-2339.26
-1301.04,1484.36
18.8883,5863.77
13.814,7473.7
-1378.28,7000.27
1024.83,4151.64
-4166.4,1478.97
3776.41,425.642
-3344.87,-1411.46
5515.76,-4181.71
-5027.72,-6212.61
5374.25,-4215.63
-6086.03,-527.062
6953.75,4229.02
-6228.6,4175.34
5525.83,3158.19
-7834.86,1459.94
6326.74,2783.06
-4826.49,2460.25
4890.79,-23.1384
-3762.44,-4282.42
2705.68,-6458.29
-1432.2,-5760.37
3379.92,-3842.92
-889.736,-2247.6
449.22,-1410.7
-1187.67,981.5
681.422,3086.05
-543.973,4283.24
956.098,2804.01
-2427.56,1644.29
1481.38,1007.46
-2291.06,1404.81
3589.36,761.71
-3614.14,-1601.04
3752.97,-2101.03
-3911.55,-2030.9
4914.66,66.8835
-3831.86,343.189
3732.52,584.857
-4214.6,-249.161
3490.18,482.294
-2575.69,510.634
2904.96,132.028
-1607.33,-1186.61
994.075,-2348.55
167.269,-2557.79
267.408,-2949.99
2109.54,-3377.29
-3473.91,-2060.01
2040.16,1974.44
-3237.11,6117.06
3898.93,7803.39
-4553.43,4953.65
3416.54,1638.28
-4811.32,-1034.7
4633.81,-1014.18
-3313.85,-2689.58
4114.78,-4368.15
-3780.55,-5752.52
4104.67,-4200.18
-2781.62,-1355.31
3329.8,1564.89
-2259.05,2627.95
25.9933,2321.76
-1954.36,2818.01
918.822,3218.1
-172.395,2337.54
920.797,-637.852
-972.415,-2840.26
1102.86,-3752.12
-1156.78,-2909.75
3238.74,-2620.26
-3011.64,-2477.47
2318.12,-704.406
-4255.39,3735.12
4580.06,7691.88
-5448.41,7699.18
5350.35,4975.45
-6812.05,-357.836
6501.18,-3072.69
-6595.81,-4461.91
8637.97,-4127.92
-7375.26,-4812.57
7256.86,-3207.73
-7426.37,-943.022
6728.28,3299.14
-6130.42,5364.63
4841.63,5994.47
-6507.35,4371.06
3756.33,3186.08
-2324.11,346.457
2401.33,-3222.31
-1114.32,-6661.32
1168.44,-7409.25
-553.51,-4411.62
1167.99,-1757.34
561.975,613.425
-1387.93,1377.85
-179.884,3354.79
-339.94,4820.93
-843.72,5819.46
341.292,4069.63
-1843.84,1193.59
1044.58,-1056.13
-1643.22,-2366.53
3093.16,-1726.77
-2453.72,-2260.4
2503.65,-1064.55
-3321.09,387.389
1478.65,3020.48
-550.122,3623.5
323.613,2894.51
-498.44,368.59
-1015.24,-786.172
2163.38,-1005.67
-2185.96,-2583.9
4513.69,-4735.56
-4940.22,-6288.87
6435.7,-4816.43
-6610.42,-1697.31
7875.8,2518.47
-8171.89,3623.54
6824.7,5038.83
-9840.74,5207.03
7947.84,6789.6
-8536.66,6013.97
8448.28,3617.08
-8125.9,-1512.26
7673.22,-4494.71
-7192.5,-6168.52
8352.29,-5370.68
-6538.25,-4345.71
5587.33,-1818.97
-4375.94,674.18
3262.62,3715.99
-2185.9,4282.79
1627.43,2971.88
-2828.96,1080.71
1628.9,-971.235
-821.874,-2026.47
1396.98,-3728.68
-393.2,-4006.47
27.6992,-2426.96
0.0335693,786.288
249.575,2875.95
369.769,3248.19
-1319.28,2016.5
-414.685,1379.21
-317.73,2730.78
322.786,2312.28
619.094,494.414
637.678,-3145.66
-2298.27,-4588.3
2863.15,-2639.35
-3223.02,553.112
5278.14,1984.62
-6077.25,1400.61
5063.74,1486.26
-6524.01,1921.58
6923.29,3518.22
-7200.22,1904.51
7814.17,-496.438
-9342.83,-3193.02
9073.81,-2576.57
-7160.14,-3247.26
8657.5,-2672.58
-7745.63,-3331.11
6484.54,-1642.02
-6157.36,530.646
5749.14,2518.49
-4034.93,1901.17
1568.3,1620.91
-2494.93,2177.61
384.235,4475.02
421.664,4634.02
-979.553,1447.2
1261.42,-1116.74
-4178.49,-2264.36
5110.53,-406.526
-3751.77,123.543
5190.55,-1080.97
-6051.75,-3479.97
5369.67,-2039.93
-5535.49,-72.7637
5865.72,2732.48
-5670.96,2689.46
4389.47,1696.82
-3845.27,-291.658
3638.58,-1644.96
-2321.44,-3145.83
3036.99,-3865.47
-3890.59,-2654.33
3490.79,-848.175
-3902.94,2574.84
3645.82,4374.41
-4177.11,4936.45
3528,4612.07
-4968.06,3205.27
5985.79,581.193
-6898.7,-2752.55
7395.87,-4599.01
-7674,-5237.09
8859.75,-2099.93
-7871.06,-890.782
9149.74,1159.47
-9368.76,1145.17
7460.94,2496.89
-7332.68,2815.07
6287.18,2802.39
-4920.1,-220.996
3740.16,-1329.54
-3472.9,-2106.92
2445,-873.679
455.953,-354.369
-787.191,-2204.18
2813.32,-3491.8
-4214.86,-3205.72
4480.31,354.365
-4661.65,2822.4
5783.41,4136.24
-7139.28,1893.29
5469.29,2174.18
-6214.59,1972.58
6969.99,2144.01
-4842.73,-986.961
3612.05,-3504.38
-3267.3,-4779.1
2897.88,-2946.73
-1389.29,-469.463
1648.34,636.937
-1166.32,1737.97
45.2961,1871.73
-85.7455,2573.06
619.352,989.976
-735.903,-549.58
978.902,-2872.76
-1970.24,-2895.74
3440.46,-2245.64
-2141.98,-1907.55
4785.38,-2402.64
-6618.82,-2241.08
6385.1,1377.43
-7603.4,4026.85
7866.26,5952.25
-8458.49,3756.67
6307.28,3382.3
-7627.51,2360.15
7548.64,2874.18
-5737.48,-396.301
4721.75,-3493.87
-3863.33,-6045.13
3512.05,-5441.82
-699.06,-3728.17
1412.44,-2335.79
456.232,-925.328
-2277.04,-174.363
2749.87,1868.23
-3551.37,2296.7
5377.91,1214.8
-5997.3,-1064.68
5501.68,-1364.85
-6061.65,-906.56
6920.1,871.842
-6555.26,433.23
5498.39,980.233
-6974.95,2259.13
6742.26,4714.42
-6516.07,4735.86
6182.68,3180.78
-6791.44,-143.86
5928.09,-1719.61
-5135.97,-2933.27
6176,-3723.6
-4312.31,-4286.72
4542.88,-3994.23
-4024.57,-2470.72
4132.6,287.568
-3350.22,1378.22
4235.31,898.702
-5344.96,399.466
4363.06,626.491
-4765.43,1764.01
5080.71,1888.55
-4948.03,133.326
5069.56,-1425
-5911.78,-1994.14
6096.66,-95.4944
-4832.68,250.919
4813.79,607.483
-5636.07,108.785
3968.43,2104.75
-3628,2600.2
3787.46,2694.71
-2777.31,736.965
680.307,-963.462
24.7741,-1247.37
-941.144,-861.169
2097.25,-660.875
-2494.16,-1457.66
2843.95,-573.063
-3174.78,-417.647
3714.48,887.417
-2619.48,-286.621
2842.06,-1617.5
-4617.18,-1869.23
3509.68,91.0664
-2010.72,1201.31
2818.8,827.481
-2211.65,-1153.79
1234.36,-1760.2
-1911.59,423.085
1335.61,2136.15
-1495.73,2991.61
1245.98,1753.88
-2338.27,845.978
2650.8,993.539
-3215.19,1384.42
4249.31,905.987
-5004.9,-489.316
3931.53,-1543.77
-4294.9,-1865.91
5626.78,-441.079
-5463.31,-342.415
5979.75,881.467
-6769.27,896.466
6058.53,1229.99
-5315.89,-589.455
5262.54,-1934.78
-5427.33,-2559.72
4396.68,-353.327
-2787.98,935.883
3401.16,383.916
-2461.47,-1683.34
1249.34,-3001.55
-983.37,-1925.48
929.648,628.439
381.857,1834.28
-1501.97,1838.42
-719.626,3720.54
-1197.98,5215.68
889.559,6282.78
-478.808,4016.05
-49.7599,423.895
-406.86,-2996.65
76.0453,-4272.12
2010.68,-4643.28
-1355.08,-4791.5
2391.01,-4349.88
-2990.84,-1910.11
3679.43,1927.28
-4193.19,3814.93
4766.06,4552.14
-6094.2,2410.22
4435.02,951.346
-4920.03,-347.478
5314.49,-745.897
-4647.75,-2501.26
3661.6,-1766.69
-3235.16,-1084.8
3238.79,509.896
-1423.88,159.904
979.297,-853.562
-1132.1,-429.317
-700.857,1026.3
900.501,3184.23
-1098.55,2801.28
1215.78,1499.14
-1376.38,-1025.54
965.786,-954.784
-217.7,-1144.34
790.895,-986.66
239.854,-1944.07
-1205.62,-2626.53
1633.2,-1121.11
-2207.44,1225.41
3353.33,3409.08
-3896.86,3258.71
3052.15,2687.25
-3432.26,284.086
3975.79,-1231.72
-3592.4,-3207.4
2954.54,-2486.25
-1962.67,-1490.3
1727.27,75.346
17.8416,-37.729
-140.317,-918.591
865.293,-1277.4
-2296.19,53.8418
2355.15,2442.61
-2271.33,1790.57
3688.81,123.723
-3984.5,-2968.63
3466.59,-2642.66
-2888.81,-1088.63
4597.25,448.43
-3747.43,-594.096
2187.09,-858.54
-3419.63,1015.38
2870.88,3783.44
-2025.22,5153.75
3164.94,2546.61
-3259.77,-1124.99
2303.4,-3531.93
-1698.06,-4222.63
4407.23,-4445.69
-3879.1,-4436.39
3839.52,-2487.45
-4505.22,945.686
5608.02,4404
-4879.46,4472.29
4855.86,2700.82
-7555.54,916.847
6133.36,1838.18
-6078.6,1774.73
7543.07,-233.043
-6476.06,-3978.56
6615.18,-5175.69
-6481.79,-4292.77
7914.92,-1095.99
-6671.72,-70.2192
5706.4,350.224
-6640.98,711.038
5995.49,2754.14
-5671.07,3772.62
5843.49,3238.22
-5245.47,165.2
3418.07,-1932.99
-2486.05,-3983.79
3693.33,-4883.67
-2025.48,-4519.36
1891.32,-2645.49
-1705.36,820.885
1142.27,4080.71
-236.681,4782.16
80.9761,2469.46
-1805.53,1260.2
349.328,1375.86
-1088.19,3080.32
1795.13,2111.79
-1119.78,-919.121
1338.87,-3538.93
-2148.01,-4409.73
4043.26,-2316.87
-2478.34,-1239.18
2498.94,-871.024
-2961.48,-1098.67
1964.85,807.429
-1901.08,1916.82
2629.49,2639.42
-1920,1334.36
688.789,-511.849
87.2804,-2054.08
73.6361,-3514.68
1220.93,-3906.58
-1852.1,-2707.95
1831.21,371.347
-2383.63,3571.67
2505.56,5907
-3582.59,5127.49
2109.63,4024.86
-3397.5,2468.78
2460.53,1438.46
-904.896,-1716.93
683.747,-3713.91
341.823,-5609.52
-1278.97,-4138.16
2923.02,-1340.74
-2282.21,14.2017
3847.33,322.328
-4810.67,-930.995
4082.58,993.44
-4126.83,1072.74
3856.33,2181.27
-3466.67,132.236
2125.02,-241.022
-1890.96,-890.473
1432.66,-30.062
942.071,233.272
-2146.64,-975.475
2710.45,-315.352
-4783.14,306.761
5595.69,2308.24
-5717.71,1898.49
6383.17,1766.59
-6957.2,-58.9653
6307.99,212.633
-4873.12,-928.884
6219.02,-2823.73
-4657.67,-5677.76
4300.65,-5483.45
-2807.26,-3366.19
3051.35,390.923
-1968.99,2883.64
1070.05,3662.91
-2370.08,4611.22
698.464,4815.61
-140.971,4350.86
1417.73,202.701
-1245.18,-3689.34
1954.91,-6548.52
-2616.32,-5635.81
5018.33,-3583.91
-3470.63,-2122.65
4425.01,-404.979
-5730.71,1117.55
5975.58,4661.95
-7614.69,6030.21
7482.78,5811.82
-8549.99,2096.82
7130.5,-160.875
-6663.17,-3152.4
8600.08,-4308.21
-6216.31,-6257.79
5901.41,-5854.7
-4893.93,-4101.29
4476.84,-863.438
-2554.07,1336.64
1820.99,2826.22
-2459.06,3682.37
25.2055,5475.5
301.713,5767.65
-525.574,1620.33
1968.61,-3369.77
-2318.95,-7500.02
2042.19,-6225.83
-1191.19,-2396.64
3282.07,1197.59
-3363.57,2104.96
1884.48,2881.23
-2724.59,3868.49
1236.44,5949.88
-1309.54,5779.37
662.829,2870.64
-1322.06,-848.61
160.074,-3930.65
1131.36,-5057.29
1475.27,-5759.25
-185.718,-5246.38
1105.57,-4132.75
-1371.82,-1548.43
3021.42,-91.6745
-2067.83,221.875
1973.97,-123.58
-3933.59,1260.2
4306.59,3856.13
-5591.35,4241.77
6714.88,2655.08
-7864.47,-534.467
7622.8,-1316.69
-7867.45,-1384.08
9702.28,177.998
-8947.75,-853.781
9059.8,-1377.32
-10243.9,-1045.85
9009.2,2515.2
-8317.41,4169.63
8946.71,4475.79
-8180.1,584.659
6750.08,-1665.63
-5648.99,-3726.99
6251.64,-4464.73
-3240.48,-5695.95
2730.89,-5633.28
-1867.88,-3337.53
1611.98,556.793
-354.68,4051.22
-187.066,4396.5
-142.876,4088.99
-2310.72,2739.35
1297.9,2610.81
-887.591,840.557
1428.78,-1342.06
-1060.61,-3631.67
257.112,-3479.56
374.096,-1395.43
619.132,244.294
152.742,698.953
-1384.31,473.012
314.621,1869.52
-785.345,3106.63
882.627,3180.24
80.9294,230.631
-1040.08,-2267.1
1013.68,-3746.95
-919.766,-3151.85
2940.2,-2364.58
-3276.79,-1844.37
4153.57,-852.498
-5091.42,305.587
5507.31,2457.95
-5923.96,2685.45
5583.14,3102
-6947.27,1725.26
6548.12,1542.74
-6482.24,-263.242
7252.5,-1414.68
-6460.12,-2826.95
5553.47,-1998.26
-4558.9,-1159.44
4465.85,573.154
-3573.28,797.63
1015.9,2168.65
-2017.1,4705.44
-136.393,6813.66
761.127,6011.24
-628.231,1105
907.031,-3997.85
-1181.2,-7610.85
2683.57,-7363.32
141.295,-7762.63
2140.29,-6904.74
-2061.91,-5187.59
1369.98,-453.706
-1681.11,5868.66
955.174,9565.78
-1567.82,9476
-616.3,5916.02
-1398.56,2567.53
-68.2588,124.074
1099.36,-2089.96
780.429,-4841.29
-78.1605,-6684.93
855.799,-5985.3
-660.039,-2512.43
2337.98,1528.12
-2399.96,3668.2
1403.61,4401.92
-3311.96,5073.95
2521.54,4798.49
-2749.16,2760.36
3557.8,-691.566
-3532.34,-4678.02
4201.95,-6204.97
-2764.18,-7022.1
5129.22,-5618.5
-4266.84,-3950.94
4168.16,-595.218
-3865.46,2670.35
2924.49,5673.36
-2987.55,5952.08
1344.44,5024.02
-2190.6,2956.42
782.275,1018.58
495.478,-1370.53
-251.857,-3775.95
340.509,-3915.56
-250.134,-3004.57
709.224,-185.545
835.759,841.924
-1018.72,1545.63
224.372,1287.94
-1936.75,2739.44
2125.92,3450.71
-2107.3,1215.39
3336.73,-1997.48
-3889.82,-5154.78
4256.71,-4435.96
-3765.61,-3157.12
5800.27,-1079.26
-5625.85,-1147.81
5069.5,-383.262
-5904.79,1642.3
4862.97,4671.2
-4403.92,5280.81
3593.63,3815.61
-3891.14,545.582
1486.16,-684.397
-1082.9,-1149.56
2662.63,-1700.2
-1014.13,-3109.36
346.846,-3637.29
-748.303,-1544.5
1184.18,929.135
291.234,2176.97
-1046.66,1267.04
-85.4825,1556.66
-768.999,1857.81
793.583,2329.6
197.09,646.083
-430.118,-2152.7
704.806,-3562.42
-620.229,-3873.55
2593.52,-2903.92
-1086.74,-2527.53
1450.9,-1992.72
-2489.28,-44.8238
1918.93,2973.01
-1172.53,4089.76
1149.84,3718.78
-1423.37,1186.28
22.7682,286.699
954.355,-484.573
-499.049,-1617.42
2241.29,-3429.64
-3049.23,-3861.31
3512.03,-1668.38
-3964.47,1554.91
4713.75,4652.79
-5615.22,4511.92
5150.26,4103.81
-6047.46,1201.99
6404.97,-494.149
-5913.3,-2983.28
6562.54,-4408.15
-5142.11,-5664.64
5664.96,-5099.15
-3991.96,-4102.18
4908.9,-2023.25
-4080.31,190.636
2833.26,2748.38
-3282.98,4632.27
2473.53,4737.6
-3009.06,3307.16
2321.96,1034.36
-3332.59,-137.879
2930,136.139
-2385.64,35.2756
3174.85,-1395.79
-3899.59,-1821.72
3468.07,-620.522
-4081.22,1379.82
4870.65,3099.68
-4821.24,2072.5
5092.43,-63.4304
-5866.27,-2547.99
5866.56,-2432.36
-3912.23,-3713.63
4723.4,-3923.93
-3564.02,-4405.53
2739.67,-2251.59
-3012.67,992.83
2923.6,4157.9
-1707.72,4581.48
-1456.86,4105.29
508.479,3966.5
-2275.19,3820.58
2343.28,3294.06
-2876.38,-72.9097
4149.37,-2913.34
-4649.65,-5107.18
6162.85,-4889.85
-4605.12,-3924.76
5043.84,-1966.24
-5438.83,-365.397
4230.18,3212.47
-5031.76,4853.42
5188.96,5421.53
-4644.36,2943.83
2623.59,304.697
-1959.86,-2110.92
1694.53,-3406.6
-51.501,-5228.87
1411.7,-6393.78
-466.673,-4749.08
223.378,-1743.54
386.753,3429.98
270.658,5016.46
-756.508,4344.52
-89.3062,2141.67
-2578.16,1823.57
3031.4,1889.22
-3152.32,1663.63
4660.46,-403.055
-5751.26,-3165.25
6969.81,-2946.01
-7098.15,-2777.48
8588.55,-272.065
-8536.27,210.801
7676.73,1977.65
-8120.77,2125.91
7181.25,3360.24
-6849.89,2148.49
5970.28,1562.37
-5267.23,-894.006
4472.79,-2534.35
-2700.75,-3948.56
2716.86,-5118.95
-1832.64,-3818.49
2085.82,-2414.99
-1448.65,386.661
2142.61,1198.96
-2092.99,1519.11
1350.56,1324.22
-3131.23,2219.68
2538.46,3411.89
-2200.68,2067.41
1821.2,909.011
-2547.55,-1020.18
2669.81,-600.238
-2644.44,-176.938
2840.96,584.981
-2629.22,252.248
953.865,575.788
-1215.41,1985.54
-382.171,3537.19
1293.51,3660.78
-1312.59,1183.8
2286.14,-2307.65
-3358.16,-4970.65
4879.8,-5766.13
-3215.26,-5639.55
4456.32,-4852.49
-4631.84,-3197.33
5024.68,816.109
-5820.39,3696.18
6103.99,5974.25
-8527.22,6236.52
6142.6,6592.1
-7709.6,5079.59
7167.72,2943.36
-6889.64,-1256.03
6965.53,-4014.63
-6349.05,-5573.56
6573.86,-4355.19
-4572.46,-3423.14
4725.41,-1664.37
-4231.5,-726.712
2072.32,2788.76
-2242.9,5520.73
2584.33,5102.63
-1751.18,2294.49
-38.6954,-2244.95
-1359.03,-2964.08
1853.89,-2537.18
-652.199,-1557.11
1924.02,-2349.62
-2710.39,-1752.44
2210.44,787.618
-3027.23,3908.52
4600.79,4619.29
-5745.19,1938.87
4853.74,595.928
-7174.56,-557.781
7508.31,1078.36
-5811.51,25.8573
6015.79,-1338.54
-6056.91,-3201.22
4998.84,-1798.86
-3302.2,-689.688
3595.41,159.185
-2031.35,-1107.11
308.946,-1097.5
-820.911,929.301
78.1664,2667.75
1677.93,3236.3
-2577.8,675.39
2325.42,-862.671
-2539.16,-2053.1
4056.36,-1820.84
-2337.65,-3315.59
2244.28,-3343.15
-2668.98,-2088.31
2469.25,886.843
-1659.81,3372.83
895.759,4292.13
-1024.01,4126.61
-918.623,3653.7
772.366,2472.19
-45.1006,-385.345
653.055,-3306.35
-636.502,-5532.56
644.483,-4104.51
355.131,-1803.72
1189.93,-153.521
43.2578,-86.5262
-1965.68,708.807
1037.98,2535.95
-1841.53,4543.36
2494.54,3892.94
-2792.23,129.649
2816.96,-2674.47
-3239.78,-4664.99
5196.95,-4222.08
-3270.8,-4579.05
3676.09,-3956.57
-4593.11,-1646.33
3886.68,2480
-4154.74,5744.83
4036.44,7147.72
-4842.82,5442.23
3083.89,3012.68
-3045.39,196.623
2979.06,-2453.04
-1919.85,-5133.32
2799.73,-6109.27
-2835.11,-4463.35
3417.66,-887.124
-2302.18,2247.1
2770.95,3568.3
-3231.36,2918.96
1789.16,2128.07
-2504.77,1858.9
3050.81,441.843
-3250.64,-1352.49
3969.48,-3101.89
-3781.68,-3937.96
5196.7,-2914.16
-4316.48,-2416.87
5965.67,-1616.14
-6765.3,-428.521
5731.88,1985.49
-5838.9,3381.81
5567.65,4631.21
-5721.4,2679.19
4662.98,1990.26
-4960.32,280.963
4303.35,-53.9676
-1697.56,-2482.83
1499.48,-4768.66
-190.02,-5288.15
-959.406,-2715.77
1996.11,1455.21
-953.849,2536.91
2470.36,2102.31
-3848.72,-884.146
3335.18,-509.633
-2671.68,-310.965
3648.65,-430.091
-2112.87,-2834.68
1590.64,-3825.84
-1078.5,-2897.31
904.648,-8.79785
772.609,2849.59
-845.154,2799.66
-175.549,3158.83
-1747.91,2964.09
977.91,3765.31
644.497,1951.37
-778.555,-682.649
813.252,-3050.67
-1145.24,-3469.7
2850.01,-2870.58
-1180.92,-3516.4
2689.75,-3721.5
-3883.95,-2807.8
4083.78,1089.25
-4334.78,3789.27
4667.22,4804.77
-5517.02,2923.93
3496.92,1839.42
-4829.54,1460.04
6645.17,-169.237
-4637.74,-3586.91
5144.69,-6866.03
-5381.93,-7332.97
5233.77,-3035.36
-3238.61,-64.9582
4767.34,1628.47
-4979.19,1253.12
2147.8,3271.97
-3528.1,6487.99
2788.12,7831.62
-2510.63,4802.43
1111.7,0.451691
-2421.39,-2925.12
1654.98,-2817.64
1354.62,-1663.07
999.146,-3954.49
-886.67,-5263.49
281.348,-4323.98
-279.803,-1196.42
1725.46,2403.06
-1230.85,3199.21
-200.21,3155.2
-1699.23,3199.25
1370.86,3059.3
-162.875,690.613
557.135,-2796.1
-1146.27,-4829.21
433.335,-3269.21
1408.98,-1633.68
384.83,-1143.02
1417.14,-1959.85
-3247.46,-1770.73
3070.4,1297.9
-3547.51,4537.2
3638.85,5461.39
-5304.8,3849.19
4041.07,2661.24
-5075,1370.51
6160.3,955.373
-5492.24,-1499.66
6093.17,-3304.36
-7462.18,-3983.44
7408.32,-2098.19
-5989.23,-659.331
6652.11,599.499
-5931.46,-42.7933
5995.3,-203.604
-5726.08,-708.945
5661.47,-1139.54
-4515.57,-3026.89
4324.77,-3550.15
-4014.77,-2887.21
3685.71,162.25
-3285.82,3153.68
2016.39,5439.1
-3307.43,6529.58
510.498,5998.43
-1366.57,5041.1
1016.38,2556.78
-1213.28,-579.696
2211.88,-4053.96
-1579.1,-5837.66
2501.17,-6612.48
-1096.59,-6110.67
2664.98,-4103.27
-2801.12,-1390.65
2597.86,2611.55
-2280.72,4616.52
2133.82,5021.08
-2545.96,2271.5
54.9153,1054.89
-797.124,419.216
-268.318,1164.42
2248.04,-121.891
-2815.06,-2032.7
3760.12,-2208.33
-4586.4,-1882.83
6702.44,-427.088
-7237.23,-272.135
7155.88,739.492
-9535.71,1403.19
9092.54,4369.63
-9049.08,4187.68
9751.04,2883.07
-9684.94,-1150.57
8980.41,-3024.69
-8848.32,-4152.78
8762.66,-2994.81
-6454.78,-3253.79
5620.25,-1755.64
-5974.03,386.402
5481.16,3697.57
-3439.99,4278.2
2336.15,1950.36
-2565.92,-766.892
685.855,-2147.5
-216.997,-1410.56
1078.67,-1375.71
-153.818,-1000.76
-389.93,-884.452
519.864,733.6
-682.129,1937.01
677.671,2231.4
-645.551,1566.52
-878.784,939.357
-754.587,1819.67
317.041,2998.12
1038.76,1993.23
-266.467,-1352.61
-625.701,-3186.33
184.111,-3066.33
168.771,-1389.79
2411.39,-1451.33
-2138.48,-2924.12
1827.67,-2930.21
-3185.8,82.1246
4797.16,2795.44
-5039.81,3218.4
5511.29,1486.95
-7354.6,-811.897
6423.76,295.564
-6449.25,470.152
8825.29,498.533
-8874.06,-1878.11
7938.15,-2021.85
-8465.89,-1046.17
8449.22,2041.66
-7200.88,2144.06
6737.55,1830.03
-8360.94,1408.89
6576.2,2864.45
-4749.13,2739.17
4910.38,68.3748
-4434.77,-3345.89
3272.91,-4187.48
-3531.5,-2444.81
4752.48,-220.831
-3124.35,259.275
1973.91,-359.006
-2817.47,536.293
2560.16,2141.1
-2735.62,2764.14
3229.13,1322.14
-3592.16,-1187.8
2788.43,-2647.31
-2859.58,-2553.71
3942.59,-1095.68
-3559.73,-658.726
3400.3,167.074
-3623.86,414.325
2685.94,1759.28
-2360.94,2205.96
1603.13,2524.28
-2810.58,2334.64
922.723,2958.74
168.859,1881.51
65.0147,-862.013
617.364,-3073.73
-987.497,-4203
1328,-2482.74
-951.02,-836.068
2528.89,-418.309
-2898.87,-983.138
2138.22,324.159
-2253.59,2088.79
1833.14,3841.53
-1050.61,2531.39
805.223,-192.519
-1762.63,-2372.13
1323.11,-2828.48
409.101,-1663.17
659.705,-1247.68
-156.206,-1473.23
-1079.68,87.9197
-60.9963,2769.76
-458.257,4590.7
477.466,5321.03
-1727.1,3534.44
-395.862,2687.4
81.483,1892.53
350.732,-410.286
1215.84,-3885.79
-843.793,-6931.13
1274.66,-7281.65
-1098.03,-3933.88
2601.91,-388.955
-1983.48,1124.95
1891.98,2212.95
-3697.55,2317.91
3123.68,3473.93
-3138.04,3075.7
3261.18,1023.26
-3388.95,-2108.96
2319.78,-3284.26
-2289.66,-2510.54
3122.13,-341.243
-1991.49,411.742
1910.18,829.27
-2094.08,1277.65
391.98,2493.52
-321.903,3579
-113.228,3188.82
-1415.42,2420.17
1194.49,824.561
-1081.64,-16.6473
2108.55,-1815.77
-1182.31,-3543.79
2244.05,-4661.44
-2419.85,-4310.18
3812.62,-2940.8
-4288.69,-735.961
5152.07,1553.46
-5837.37,2545.38
6226.04,3523.4
-6881.24,1767.84
7751.7,263.978
-7533.46,-3003.42
7302.86,-3991.87
-7277.34,-3279.51
7291.85,-398.44
-5671.6,521.668
4580.42,3070.77
-5170.88,3908.84
3079.06,5598.22
-2315.42,5304.43
564.427,2762.11
-364.779,-112.101
-344.66,-3164
1714.9,-4124.41
-402.228,-5446.54
2356.8,-5206.41
-2258.46,-4403.09
3352.99,-1883.41
-3550.15,132.552
4477.29,1829.9
-3139.29,1338.56
1420.07,1036.73
-2739.65,2092.6
2084.9,3148.36
-812.949,1719.25
1241.66,-1492.91
-1527.34,-3684.24
1330.79,-2632.43
-973.041,122.444
1739.83,2245.27
-2061.79,2513.49
345.259,2108.33
-1859.98,3800.56
1828.65,4339.54
-1783.24,3488.73
3149.03,144.99
-4030.44,-4092.51
4827.42,-6471.74
-3169.9,-7924.16
5498.19,-6709.76
-5157.43,-4604.86
5587.66,-400.512
-5730.45,3127.82
5548.17,5884.64
-5386.82,4432.35
3488.22,3593.89
-5090.96,2457.43
3163.31,2656.9
-1980.2,1353.6
2564.6,-2229.19
-2417.84,-4342.12
1380.57,-3850.3
-105.136,-1012.09
1703.7,789.447
-960.485,317.115
-97.5028,-961.145
-836.036,389.434
542.052,2082.54
-481.852,3032.61
966.348,2359.68
-1937.64,-1.22128
1695.1,-1277.23
-1301.38,-2356.43
3022.14,-3161.21
-2054.02,-3569.97
1700.8,-2876.75
-1892.79,-868.745
2331.55,1841.12
-2571.07,3071.12
2252.76,3422.36
-3476.51,3369.71
2778.5,2987.04
-1802.68,781.625
2530.35,-2424.75
-2300.04,-5419.48
2183.22,-5161.38
-1385.71,-3007.33
1891.42,323.39
-370.565,1700.15
-741.237,2494.6
189.133,3168.33
-886.869,3484.59
384.999,3400.05
-587.936,873.152
865.78,-1402.96
-1061.7,-3789.72
1010.38,-3349.89
372.229,-2270.97
404.097,-1028.09
369.87,-615.674
-738.019,-354.053
1249.13,142.233
-1543.41,134.251
2535.89,587.223
-3068.39,-382.996
1788.19,893.21
-1507.62,1145
1557.1,955.762
68.6693,-863.303
-858.238,-1709.51
1593.32,-1673.91
-2673.55,-124.079
4260.17,914.54
-4559.87,-40.7078
3756.53,806.541
-5863.01,2212.15
6471.67,4907.83
-5951.04,3307.18
6073.49,1142.31
-6063.23,-3203.46
4864.06,-4149.5
-3079.4,-4253.3
4618.77,-3768.72
-3149.44,-3574.87
2372.44,-2451.21
-1722.96,705.23
529.536,3466.59
580.686,4494.5
-977.7,2811.25
-1314.83,1986.95
682.165,688.023
398.153,-22.178
940.897,-2398.84
-1478.9,-4135.36
2271.37,-3676.15
-2218.84,-1998.3
4236.03,-249.187
-4121.68,328.166
3687.07,1299.84
-4911.47,2526.53
5129.44,4170.35
-4506.91,1691.73
5578.23,-845.256
-5195.43,-4268.88
3921.39,-4075.47
-1684.98,-2824.55
3122.08,-1650.06
-1226.24,-2286.6
-170.005,-1287.21
712.683,1440.75
-713.805,3488.31
1970.45,4239.07
-3117.37,1887.38
3014.24,259.293
-4449.52,-674.532
5990.45,-592.753
-4049.9,-2491.41
5050.24,-3638.34
-5177.61,-3918.26
5129.03,-1447.87
-3893.47,532.754
4941.27,1189.88
-4813.32,540.379
3288.81,1043.97
-3229.96,1897.3
3383.92,2653.37
-2872.33,544.631
2025.32,-1460.33
-1277.01,-2810.99
1606.41,-3477.8
482.307,-3116.01
827.02,-3260.86
-607.927,-2572.24
-72.7394,-748.568
-516.887,2382.68
423.454,4117.99
-843.8,4785.07
901.804,3000
-2790.98,2043.26
3309.48,695.29
-3082.44,-1835.09
4772.18,-4232.67
-5361.48,-6063.23
5819.31,-3723.83
-5877.14,-293.862
6201.58,4103.58
-5905.3,4540.32
4998.07,4284.76
-6407.12,2397.95
5597.76,1581.78
-5160.75,-362.761
5207.12,-2325.98
-3052.21,-5206.45
2583.44,-6519.45
-696.119,-5517.75
1545.01,-2948.95
154.473,-368.774
-1742.22,2204.3
1446.58,4539.76
-2971.87,5462.7
3405.94,4642.89
-3494.9,1531.37
2746.3,-305.131
-3438.25,-2165.36
4150.9,-1562.55
-3025.65,-2810.34
3828.41,-3381.04
-3850.24,-2079.53
3850.02,681.061
-3601.21,3641.21
3645.69,4586.84
-3973.04,3059.79
1871.36,1368.04
-1770.47,-88.3261
2918.32,-1888.12
-1062.65,-4146.08
2920.55,-6371.64
-3258.5,-6430.87
4150.03,-3665.03
-3307.99,-1003.39
5082.04,737.544
-5682.82,1982.3
4464.86,3511.99
-5597.73,5610.78
5851.84,5569.88
-6171.24,1957.96
5654.66,-1057.53
-7315.87,-3367.46
8677.14,-2042.6
-6360.78,-2539.62
7050.09,-2257.43
-6492.79,-2515.53
4952.84,-12.1413
-4286.75,2108.27
3806.17,3910.84
-3067.36,3097.17
1039.81,1840.65
-171.684,584.303
-321.006,-1250.78
2988.17,-3822.86
-2345.16,-6896.56
2959.7,-6484.51
-3610.81,-4041.41
4703.94,1258.95
-4031.85,3717.46
3806.66,4668.66
-5016.83,3869.67
3340.75,4070.05
-2988.28,2635.71
3264.76,-144.602
-3853.97,-2784
3006.95,-3780.9
-2876.1,-1925.61
3695.34,30.4789
-2689.39,1388.44
2276.35,1927.17
-4129.49,2620.35
4290.86,2825.48
-5428.46,2076.86
5904.28,174.447
-6653.09,-2108.14
6477.23,-2001.53
-6647.22,-2237.33
8895.47,-1846.91
-7666.27,-3806.86
7601.12,-4134.66
-7908.03,-3030.6
7758.08,695.218
-6730.75,2053.94
6740.29,2663.85
-7670.51,1472.55
5499.73,2503.03
-5211.21,3629.4
4266.11,3310.95
-3226.49,954.115
1601.42,-908.273
-1600.74,-1671.86
1259.22,-736.336
130.168,488.087
-221.879,150.712
-203.011,664.293
-1529.07,1571.47
1255.39,3094.41
-743.855,2410.54
1153.55,479.313
-903.006,-2766.39
317.724,-3802.1
442.002,-3708.4
1660.18,-4246.14
-366.488,-4427.6
-39.2073,-4022.54
-335.142,-346.953
635.002,3292.49
-407.734,4892.77
29.7166,4162.92
-2715.58,3243.35
1262.54,3075.21
-1438.09,2507.5
1639.33,1309.59
-2625.43,-852.434
3239.44,-1816.12
-4067.72,-1763.76
5240.55,-1108.01
-4418.99,-983.416
4775.25,-1155.9
-5613.13,-728.269
5190.52,1177.26
-5274.65,1755.22
6592.36,1217.16
-6088.75,-1798.94
5213.86,-2728.42
-5669.08,-2187.56
6331.41,126.553
-5511.14,-142.705
5281.97,-457.798
-5436.21,-310.184
4344.18,1202.19
-4071.97,3142.81
3084.5,4086.28
-2872.65,2432.82
809.368,1108.5
-1199.11,141.055
1316.27,-494.884
201.289,-1195.02
621.402,-2851.89
-1065.04,-2977.14
1235.52,-2701.83
-961.035,-808.203
1936.56,50.5175
-3081.95,1501.74
2093.11,3204.58
-3466.4,5061.1
3780.07,4858.3
-4042.5,856.401
4664.12,-2397.6
-5406.21,-5746.12
5768.65,-4352.87
-3562.7,-3956.96
3546.11,-1906.75
-2815.02,-928.731
1700.15,1076.61
391.055,2224.23
-1920.18,2882.92
2854.31,2602.43
-5342.11,1672.29
5971.32,1394.97
-8183.16,308.625
9441.74,618.73
-9559.27,-866.133
10105.4,463.502
-10982.2,175.475
11202.5,1544.85
-10128.7,-361.253
9188.46,-793.651
-9429.72,-1932.14
8614.37,314.831
-6750.09,937.301
6017.44,782.71
-4132.71,-1486.68
3210.8,-3509.6
-1681.6,-3742.05
1101.09,-3353.67
1277.46,-2029.47
-1633.08,-1215.01
1170.25,1057.71
-2555.24,2868.58
2186.91,5584.93
-2398.4,5181.82
1192.75,3990.84
-2125.18,1684.61
1034.05,410.35
-70.6604,-1347.25
493.927,-3429.67
893.446,-4629.65
-775.635,-4529.28
810.625,-1504.03
58.8452,668.706
1002.15,2169.95
-1434.62,1328.4
49.427,1333.59
483.222,1075.72
-308.194,164.722
1747.05,-1767.86
-2680.2,-3254.86
3655.41,-3217.34
-4179.6,-1868.66
5404.25,655.443
-4845.98,731.336
5501.81,1242.38
-7341.61,1874
6357.66,3665.81
-5785.52,3081.25
6544.98,1284.1
-7010.69,-2160.83
6211.14,-2566.01
-5163.79,-2108.78
6963.35,-1432.71
-5980.63,-2088.76
5400.43,-2291.63
-4894.65,-1017.65
3818.62,2022.01
-3280.93,3397.85
2897.28,3938.15
-3445.07,2778.34
1729.59,1215.92
-409.252,-819.918
1856.94,-3624.46
-765.62,-5858.54
1047.84,-6470.36
-503.243,-4119.65
2346.94,-2033.37
-974.748,-195.155
230.835,997.104
-1542.57,3693.26
261.151,6975.56
-1026.53,7009.07
528.263,5020.76
-1684.15,829.565
82.2157,-1302.87
523.528,-2249.05
869.5,-2543.17
1218.68,-4136.07
-2002.53,-4591.14
2555.81,-2619.48
-2969.54,-85.4322
4175.38,2858.43
-4727.26,2950.47
4772.22,2316.3
-6581.76,1387
7551.25,-45.172
-7593.64,-2005.68
8930.48,-3779.9
-8953.09,-5308.28
9496.27,-3350.78
-8739.66,-1904.03
9972.14,754.809
-10473.5,1839.88
8077.23,4941.17
-8940.43,6001.73
7879.96,7121.87
-8296.1,4095.42
6903.84,1390.87
-6452.3,-1687.41
5156.76,-2922.3
-2793.23,-3365.35
2366.27,-4046.34
-244.54,-4037.26
-426.065,-2664.28
555.84,514.125
-341.267,2462.6
1091.75,3506.84
-1618.64,1136.39
822.957,-633.239
-814.995,-1954.62
1176.13,-2158.79
779.233,-3544.3
399.626,-4586.99
-248.791,-3731.63
-579.865,-926.53
503.549,3620.43
-416.824,5414.04
-553.64,6457.85
-1892.49,5861.78
-490.424,5977.47
628.198,4989.81
-931.314,1413.33
2528.06,-3853.49
-2857.93,-7688.83
4265.47,-7942.61
-2866.73,-6535.17
5832.26,-3740.36
-5999.59,-1684.85
4977.22,2085.7
-5964.72,5096.47
5750.55,7195.3
-5712.99,5130.08
3697.86,2605.46
-4338.67,-1004.38
4138.53,-2595.29
-2400.96,-4943.39
2589.07,-5955.75
-1147.71,-4937.19
903.734,-2375.81
-143.997,1696.81
-362.312,4226.68
74.8511,5550.69
-1838.77,4494.89
654.549,3776.86
-438.256,1158.33
163.434,-922.925
282.973,-2992.35
-1109.9,-3465.51
2300.15,-2501.91
-2422.51,-1273.88
3811,42.6283
-4936.16,1137.19
4472.31,3343.45
-4998.55,3616.67
5204.27,2845.09
-5633.9,-564.34
5386.48,-2261.25
-5810.61,-3252.95
6478.56,-2289.59
-4214.37,-2699.32
4344.47,-2674.76
-3963,-2458.72
2523.89,468.812
-2850.98,3967.23
1792.24,5809.48
-1587.87,5320.89
-310.795,2993.99
-1049.4,1641.13
345.22,776.223
45.6352,-77.7547
325.153,-2305.79
-734.504,-3319.35
132.954,-2915.46
-150.306,-318.43
1893.56,1084.42
-1356.99,95.6239
1293.06,-798.836
-3181.65,-737.093
2589.02,893.785
-2099.14,1055.54
2571.18,299.758
-3125.89,-1290.27
1966.5,-359.421
-1685.03,928.97
2226.09,1441.94
-1424.28,-301.059
307.055,-1825.8
-629.825,-1512.22
-559.978,895.418
1377.09,3300.6
-2432.23,4162.12
1469.38,3934.25
-3443.57,2968.4
4514.42,1537.74
-4293.72,-1141.04
5004.04,-3267.72
-5788.12,-4306.48
6114.67,-2733.88
-4627.82,-2541.35
5632.04,-1563.93
-5792.2,-1254.29
5241.12,1332.31
-4948.74,3098.7
4653.64,3561.02
-4720.24,1475.33
3440.83,-594.745
-3725.76,-1464.86
3391.94,-779.918
-2176.3,141.439
2192.19,-96.3809
-2305.2,-2.83276
1947.09,-174.772
-1809.99,-58.5816
2559.97,217.133
-2735.71,-16.8208
1951.36,634.048
-2909.54,1798.06
3575.98,1745.52
-3626.65,507.081
4536.64,-1486.82
-4732.82,-2721.53
4684.38,-1468.16
-4167.3,-998.231
4914.95,-321.279
-4906.45,-1068.87
3794.25,36.8972
-3669.44,1445.4
3210.25,3648.1
-2834.23,3214.3
1483.15,2238.9
-1549.74,-64.5095
284.422,-1447.77
1298.12,-1831.65
-1493.02,-2738.55
3265.42,-2387.52
-4345.79,-1764.67
3814.15,684.922
-3755.44,1871.32
4217.58,2593.29
-5042.52,1416.13
3119.55,2420.38
-3817.14,2859.86
4080.32,2240.06
-2596.55,-1567.98
1893.34,-4910.36
-1062.25,-5987.53
687.587,-3724.66
1127.24,-760.852
-430.627,129.187
25.9017,1419.51
-1690.73,2073.53
724.97,4455.94
-169.467,4636.59
58.1563,2989.45
-49.0728,-649.194
-1345.98,-2923.9
2685.59,-3938.08
-1961.17,-3650.65
4016.88,-2945.41
-5031.92,-1730.92
5185.02,2156.65
-6390.83,4394.23
7255.19,5681.14
-8291.1,3788.61
6703.88,2458.78
-7615.18,800.969
7708.01,408.362
-6369.94,-2613.44
6488.71,-4332.48
-5285.05,-5946.49
4839.93,-3821.2
-3643.58,-737.808
3378.39,1713.61
-2418.89,2502.52
1463.72,1575.47
-1512.74,609.906
1879.12,-1186.46
-956.923,-1826.12
1352.13,-3519.02
-1702.49,-3088.5
1565.76,-1499.8
-2026.06,1217.62
2556.85,3807.53
-4144.69,5255.52
3676.24,6374.92
-5648.1,5367.06
5742.54,3182.75
-5812.16,-1323.34
4593.8,-2949.75
-4496.79,-4137.04
5591.55,-2843.11
-3494.43,-2626.81
3422.73,-2235.56
-2516.03,-1766.07
2196.97,-412.089
-1667.14,859.589
795.255,1522.18
-954.305,1808.04
-273.952,1249.26
-392.028,2022.66
59.3376,1051.55
768.122,163.035
38.0304,-1921.91
-866.208,-3401.66
1834.32,-3214.16
-899.482,-2715.84
1481.76,-1570.04
-2104.22,-102.797
1584.26,2839.85
-1864.92,4548.08
1105.53,5452.74
-1811.23,3851.48
1011.08,1936.52
-1587.99,209.639
920.144,-1110.4
802.428,-2615.06
-259.165,-3902.1
382.784,-3295.41
-593.75,-1616.91
1323.67,977.934
-258.53,1470.57
1174.82,100.515
-2516.7,-657.699
1559.95,226.75
-1759.07,1688.6
2959.07,919.631
-2202.65,-1886.27
3171.01,-4378.3
-4507.51,-3734.44
5497.8,-807.171
-4453.85,1275.49
4803.92,1733.23
-6693.63,972.588
5258.44,3439.13
-5778.01,4552.18
5436.52,5862.04
-5410.12,3421.86
3904.97,447.344
-3829.48,-2679
4289.59,-4327.27
-1820.2,-5896.64
2297.09,-5750.12
-996.367,-3702.73
634.438,-1411.72
525.224,1507.16
-602.846,2125.78
240.064,2621.35
-1513.46,2672.04
417.764,3308.7
674.773,1849.51
-1339.57,-550.111
2508.17,-3869.32
-3105.99,-4602.4
4138.83,-3032.37
-4148.95,-580.408
5349.76,2153.7
-6643.3,2591.35
6120.1,3986.87
-6918.09,3410.91
6937.11,3303.8
-6808.01,430.732
5832.2,-386.344
-5260.22,-2866.72
4874.05,-2966.59
-2908.61,-3302.92
2799.39,-3122.55
-1511.97,-1128.14
105.636,1076.06
712.937,3063.12
-1209.72,2423.36
1948.58,665.392
-2375.58,-2220.33
714.861,-972.537
76.6455,-492.187
1138.44,-127.424
-485.687,-1402.58
-885.654,-2274.27
1639.85,-774.805
-1668.05,747.745
3722.17,1039.36
-4286.62,-35.235
2274.93,1003.27
-4173.93,2573.36
4277.05,5173.06
-3917.87,3503.72
3248.8,1817
-3165.96,-562.113
1704.92,-1511.34
938.746,-2520.1
-491.89,-4198.85
786.422,-5242.15
-1763.76,-3445.26
3011.59,515.962
-2950.2,2703.6
4175.54,3832.31
-5756.48,2136.32
5230.4,1025.71
-5572.82,-675.198
6832.22,-2085.36
-7208.36,-3357.16
6130.88,-1638.05
-5612.73,166.304
5493.29,2724.64
-5231.08,3027.92
3829.63,3219.29
-4930.76,3103.64
3080.7,3930.23
-3472.4,3284.63
3329.34,754.642
-2149.67,-3151.24
1577.37,-5358.29
-716.435,-4794.02
1635.37,-3675.14
387.052,-2178.43
-180.197,-2377.41
-986.498,-916.637
559.783,2126.52
-1798.21,5375.36
1552.21,6502.05
-1984.87,4381.18
1074.49,1077.47
-3088.96,-1085.76
3605.16,-2059.58
-1802.59,-3515.56
3281.82,-4307.01
-3911.22,-4537.29
2233.37,-53.0444
-1281.47,3701.83
1417.44,5635.77
-1247.29,4061.21
-995.316,2090.68
724.744,1261.42
-777.58,-200.112
2066.2,-2188.64
-2069.01,-4781.25
2562.78,-4979.77
-2973.19,-3384.65
5198.02,-56.9434
-4649.89,1408.41
4388.41,2441.31
-5947.25,2940.68
4877.81,3299.85
-3969.45,1887.53
3985.57,-221.371
-4015.87,-2634.27
3404.49,-2284.17
-2210.15,-1922.37
3905.57,-1867.79
-2991.1,-2970.31
2128.63,-2143.71
-3012.94,1469.48
3466.46,4116.31
-2602.63,4625.1
1184.94,2923.48
-3292.19,2051.15
2404.68,1909.31
-1852.81,1215.85
3202.79,-1023.96
-3472.36,-4092.69
3361.03,-4145.36
-3923.38,-2333.25
6019.25,-510.586
-5053.69,-769.384
4975.1,-906.089
-6577.84,44.0943
5813.88,2482.11
-4992.78,3168.09
5375.81,1760.88
-5805.83,-2076.3
4261.23,-2271.98
-4046.63,-1182.06
4163.31,985.196
-2946.91,512.467
1819.35,157.294
-1826.96,-74.1127
543.915,837.415
404.698,2553.58
-1639.64,2448.61
1199.08,2207.75
-2686.72,980.383
3488.22,207.054
-3257.65,-1666.96
3680.1,-2105.37
-2703.86,-2827.42
2305.55,-1960.05
-2035.27,-1301.89
2269.51,-433.147
-1698.68,122.982
833.835,1011.25
-698.073,2258.04
287.878,2723.29
-401.972,1987.55
785.686,-818.883
-2045.33,-1706.1
1688.48,-1679.25
-1723.29,432.995
3416.31,882.113
-3980.76,222.567
3561.45,826.141
-5380.03,1294.87
5770.03,2782.62
-6189.76,2081.69
6210.31,1116.32
-7203.9,-1016.94
7178.86,-557.929
-5779.21,-2401.15
7295.56,-3898.29
-5947.69,-5623.83
5231.2,-4988.1
-4586.06,-2139.37
4850.35,1124.21
-3312.27,2461
1826.29,3084.64
-3167.51,3592.44
2187.69,4433.91
-1222.14,3403.52
891.929,-61.695
-1074.02,-2700.33
68.9319,-3120.71
1088.45,-2080.62
16.0519,-588.874
662.611,280.864
-1900.48,1081.43
2268.67,2335.07
-2080.09,2128.67
1826.27,1625.39
-2475.2,393.037
1168.58,488.317
-920.185,166.944
1412.84,-460.062
624.687,-3283.94
189.41,-5179.35
57.858,-4843.48
-357.942,-2560.84
1311.54,632.972
-1818.7,1839.79
2358.38,1796.78
-3443.23,1267.49
2392.16,3237.08
-2344.46,3515.63
1825.24,2775.23
-1183.67,-884.444
-362.008,-3248.72
1668.72,-4388.66
-1513.01,-3283.78
4308.6,-1436.15
-4928.97,-228.282
4299.46,1884.56
-5974.29,3312.87
4867.87,6000.11
-5221.66,4400.56
4663.03,4253.64
-6211.11,2095.86
5124.27,957.418
-2690.83,-2555.38
3906.57,-6918.29
-2974.95,-9142.44
1703.22,-7196.25
574.685,-1743.76
684.715,1612.65
-141.355,3392.63
-1746.54,2944.2
-430.733,4689.4
-61.9916,5393.75
-137.689,3509.62
803.674,-189.854
-2887.09,-3214.29
2510.15,-3481.58
-2214.03,-1731.31
4488.85,-519.17
-5358.83,-21.6323
3585.28,2362.33
-6003.48,5148.26
5632.53,7935.96
-6329.17,5811.16
5089.63,2455.1
-5892.55,-1744.74
5292.67,-3449.09
-2992.81,-5998.03
5010.27,-7874.81
-3458.69,-9273.21
3465.03,-7462.54
-1955.35,-2841.11
1044.85,2913.77
-737.134,7198.48
-1980.91,8791.32
-126.666,9048.21
-2769.83,7603.95
2546.98,4511.88
-2595.13,-790.823
3191.23,-5188.12
-3467.41,-7564.72
3924.52,-6049.77
-1846.27,-3896.99
3273.46,-1133.53
-2794.62,126.172
1610,3390.56
-2705.91,6531.99
925.305,7872.39
-503.756,5542.38
246.457,-144.685
-607.649,-4656.32
542.18,-6650.38
1605.41,-5555.57
451.768,-4692.83
-259.16,-2944.68
94.8246,-1082.85
-565.799,2132.67
1565.81,4600.28
-2426.97,5188.13
2466.21,4052.84
-5903.69,3129.09
5489.72,2139.7
-5603.64,-676.237
6832.88,-2726.25
-6594.69,-4915.95
6494.01,-2894.84
-5150.01,-1650.17
6573.68,-12.0958
-6462.11,-1068.54
4210.5,42.4654
-4432.02,1884.71
4241.08,4076.73
-3267.58,3477.53
2925.61,325.441
-2346.1,-2323.44
943.912,-4345.58
1132.61,-4240.13
503.237,-4517.79
2.09068,-3485.68
190.719,-1319.71
-772.069,2234.27
2198.14,4197.76
-2854.24,4439.52
1521.2,3744.63
-3853.17,3395.21
4057.51,3308.6
-2989.57,323.729
4248.66,-3317.87
-4043.76,-6000.58
4058.3,-4395.86
-3266.55,-2139.28
4547.52,844.792
-4049.56,1101.25
2234.28,2296.68
-2588.66,3753.12
2171.23,4316.08
-689.2,2560.86
-35.6693,-1614.48
47.5211,-4735.98
-1094.85,-5170.32
3222.28,-4129.31
-928.3,-3867.82
2731.28,-3487.66
-3745.5,-2021.32
3500.57,1565.32
-4039.07,4447.06
3874.31,5446.37
-5602.49,4123.24
2909.03,4261.55
-3742.94,3874.87
4362.55,2939.56
-3596.72,-1046.79
3698.02,-4784.64
-4133.59,-5972.05
3305.77,-3678.24
-1900.47,-465.946
2446.85,1836.93
-2968.89,2765.8
1029.79,3761.4
-1171.14,4267.15
1131.4,2459.15
-927.508,-915.985
544.6,-4480.11
-1648.09,-5324.33
3173.92,-4275.25
-1883.95,-2659.44
3607.91,-2158.05
-4210.9,-648.641
2761.68,2581.8
-4147.29,5376.79
4140.37,6776.07
-5221.88,4333.97
3722.58,2308.02
-5134.03,374.681
5009.57,779.714
-4085.27,-759.498
4013.81,-2138.5
-3572.82,-3627.74
3187.24,-3189.97
-1625.58,-1424.44
1289.93,506.256
-3.07916,1557.53
-2059.59,2216.76
1273.82,2725.62
-2622.38,2809.29
4225.74,1170.98
-4032.25,-2197.38
4815.55,-4020.43
-5240.43,-4725.96
5595.98,-2301.07
-4357.29,-1745.04
4540.13,-353.712
-5551.33,719.014
4246.07,4366.28
-4721.69,6789.91
4909.07,5972.76
-4069.69,1465.11
2367.33,-3274.33
-3321.9,-4501.57
3608.93,-3397.08
-1502.53,-1530.05
2126.23,-955.343
-2809.76,15.668
2031.89,2217.22
-2884.34,4317.65
3261.51,5101.61
-4823.02,3391.86
3443.63,1372.57
-4996.49,192.902
6438.14,-1598.79
-4468.72,-4690.98
5713.74,-6506.25
-6392.95,-6389.56
7287.27,-3179.03
-5424.53,-1315.39
6195.12,199.822
-7156.43,459.701
5745.28,3368.18
-5989.02,5364.75
5097.44,6247.61
-5921.12,3913.7
3284.31,1995.26
-3484.82,480.245
3377.12,-847.596
-1000.06,-2360.86
1215.78,-3667.53
-1679.52,-2824.91
908.929,-710.758
-225.322,1836.35
474.814,2302.59
-674.157,1715.29
138.402,1090.82
-642.251,1446.86
931.629,725.677
162.588,-2216.03
-320.214,-4646.87
24.6501,-5381.68
678.596,-3176.86
1063.97,-624.303
79.096,737.894
-488.376,1190.86
-1846.77,2451.43
1297.83,4069.12
-2576.08,4802.96
2252.09,4034.55
-3890.98,2612.86
3959.64,1422.04
-5441.94,194.464
7494.44,-1860.74
-7045.77,-4336.1
7559.48,-5211.43
-8230.05,-4283.17
8988.51,-55.0253
-8445.06,1450.21
9215.01,2814.37
-10001.9,1092.47
8920.27,1314.18
-7834.48,-257.888
8368.08,-1418.5
-7085.69,-4360.74
5856.39,-4339.42
-5212.31,-2343.44
4416.31,965.755
-2224.41,3369.22
345.901,4116.04
-985.694,4776.83
-1267.95,5169.62
1721.88,4180.82
-2321.86,960.76
2287,-1683.73
-2677.24,-4186.57
3274.81,-3344.97
-2325.71,-2469.86
3747.74,-1556.61
-3242.6,-1561.61
1711.79,419.786
-2275.29,2512.12
1695.85,4250.77
-635.943,3011.94
76.2938,-410.12
-655.229,-2454.7
25.0868,-3250.77
392.376,-1589.73
380.297,-1451.99
-316.88,-1605.59
1056.39,-1594.21
-1883.41,-118.053
3063.21,891.734
-3274.91,1714.47
3321.27,1483.5
-5756.66,799.903
5104.1,2288.38
-5846.39,2261.21
7237.31,2276.68
-7814.06,474.967
7243.29,269.559
-7402.42,-515.396
8148.78,-962.621
-6064.67,-4113.27
5488.11,-4238.91
-6218.16,-2099.49
4928.95,3059.66
-3112.22,5971.39
2660.21,4599.44
-2139.4,451.351
972,-2732.03
-143.585,-3514.24
2201.18,-4652.04
-572.08,-4872.76
386.343,-5411.03
-963.733,-2149.63
1135.42,2137.7
-908.228,5978.15
1526.88,7237.09
-3697.4,5692.14
3066.02,3236.09
-4545.92,424.31
5546.61,-2165.94
-5092.65,-5416.32
6545.35,-5553.41
-6367.68,-4590.1
7578.96,-1304.22
-5967.19,351.847
5679.22,1616.71
-6178.18,1607.22
4906.54,2914.83
-4517.88,2534.11
4296.85,1786.05
-3213.76,-1316.6
2854.05,-3707.03
-1856.14,-4162.71
1682.85,-3562.74
267.645,-1971.42
187.572,-946.064
-260.978,822.5
-1202.67,2774.99
993.049,5118.88
-1191.38,5011.27
708.329,3074.33
-2025.63,643.363
2205.06,-1503.24
-1338.64,-2985.62
2477.27,-4253.48
-1299.69,-4918.41
1304.15,-3333.15
-1955.22,-211.791
2696.17,2789.38
-1778.27,3154.51
638.049,2878.58
-2551.56,2748.5
2329.88,2521.26
-2038.22,965.783
3114.66,-2424.05
-3950.22,-4661.34
3970.82,-4549.2
-3530.07,-1761.81
5117.13,428.867
-4550.81,145.056
4424.03,599.905
-7102.94,1915.24
6308.98,4556.5
-6328.24,4625.33
6875.35,2967.15
-8665.41,-825.804
7444.54,-1345.67
-6556.27,-1528.61
8172.65,-2001.77
-7475.15,-3560.1
6255.98,-3109.64
-5816.48,-1375.05
5732.7,1646.35
-5075.68,2569.84
3441.6,3807.93
-5595.04,4595.91
3780.29,4932.38
-2412.43,2812.75
2542.15,-1619.1
-3080.19,-4654.58
2239.36,-4746.09
-1030.45,-2980.99
3243.45,-2748.84
-1391.17,-3776.65
692.326,-3732.29
-2576.44,484.989
2466.13,5993.92
-2122.88,7499.88
1134.34,5807.59
-3106.55,1962
874.78,735.867
-22.7605,192.185
1222.5,-853.515
-167.38,-3415.54
-1292.48,-4455.36
1997.29,-3116.2
-1710.22,-623.024
3570.26,1201.16
-4337.84,1775.72
4127.08,2749.85
-6382.42,2864.78
7166.76,2744.94
-6518.94,-699.334
7597.86,-4126.37
-7228.75,-6570.55
7960.9,-5017.64
-6998.11,-2867.28
8599.02,-462.575
-8244.91,-222.564
6132.93,2498.23
-6906.81,5169.89
5332.95,8503.01
-5646.81,8250.6
3798.65,5265.06
-4454.29,828.683
2600.93,-2240.57
-1547.69,-3606.67
2695.1,-4610.02
-114.02,-5673.79
266.789,-5781.9
-36.0267,-3228.72
394.068,-698.8
1162.81,1602.48
-830.239,1283.29
-647.033,916.505
227.556,1229.81
-976.48,1822.48
1676.69,717.783
-1597.64,-1376.22
1653.19,-2582.21
-2698.5,-1782.41
3809.28,279.717
-2766.79,619.464
2032.84,1920
-3241.09,1854.12
2446.2,3020.56
-1426.94,2605.1
729.336,1788
-485.544,-68.9344
-671.492,-780.953
2346.24,-1364.84
-2525.79,-2448.65
3622.43,-2333.83
-4273.77,-1865.94
4062.85,1438.89
-3763.58,1962.34
5062.51,2012.85
-4598.6,-800.058
2643.09,-1734.15
-2217.43,-1491.44
2882.31,-658.936
-1330.39,-1623.36
639.654,-2820.24
497.177,-2566.11
-706.388,-1409.05
1865.63,958.986
-2218.9,1238.13
1956.1,1888.96
-2779.82,1534.08
994.905,2743
-642.503,3026.75
-312.497,3390.27
798.376,1878.73
-1596.02,-264.537
2541.89,-2150.89
-2052.53,-4189.34
3716.84,-4651.5
-4153.76,-4071.04
3885.08,27.1087
-3741.65,2249.89
4338.12,3800.97
-4140.03,2216.55
2777.93,1503.97
-3370.02,974.302
2897.65,584.821
-928.129,-1410.15
567.114,-4501.71
447.912,-5697.11
-1100.38,-3639.52
2041.33,521.574
-1677.41,3103.18
2008,4061.99
-3379.39,2542.39
1165.58,2755.99
-1067.78,2571.74
837.269,2362.75
-618.932,176.325
-637.808,-1399.12
837.967,-2119.27
10.3607,-2646.09
1871.84,-2872.79
-1475.82,-3591.16
1845.13,-1786.09
-2721.6,134.15
3690.89,1892.09
-3685.34,1465.09
3156.31,1018.47
-4246.62,1297.71
4173.08,1749.7
-2478.92,458.965
3754.33,-2832.48
-4048.89,-5159.52
3603.06,-4219.35
-3330.03,-1193.41
4420.59,2462.07
-3382.16,2587.81
2428.09,2911.49
-4454.79,3614.11
2577.34,5640.13
-1407.05,4993.11
1351.22,1220.95
-1863.48,-2906.27
432.256,-4272.87
1028.03,-3104.11
1369.09,-2834.34
46.4167,-3163.85
-209.419,-4105.12
94.7414,-2083.47
764.812,168.443
-906.171,2001.05
1021.92,2653.97
-2783.28,2662.08
2709.27,2089.25
-3547.63,957.335
5061.84,-714.189
-4412.32,-3797.28
4262.79,-3895.71
-4831.66,-2957.98
4570.61,1011.61
-3622.84,2531.76
2430,3850.06
-3129.03,4058.34
1147.31,4915.15
-29.3351,3771.15
-832.72,921.872
1068.95,-2474.71
-2249.09,-5129.31
3522.82,-4066.31
-3240.63,-3342.32
5240.78,-1269.21
-5475.48,-107.798
5078.42,1726.58
-5820.14,2578.98
5127.29,3234.33
-5311.57,1974.68
4011.67,1209.4
-4975.88,392.612
4877.13,77.8028
-3997.94,-771.319
4433,-2469.07
-5050.61,-2930.96
4464.66,-1041.22
-5294.43,1544.26
5881.1,3187.38
-5689.71,2311.88
4316.48,1245.94
-6217.94,1517.98
5806.64,2716.57
-5969.29,1739.17
6479.82,-271.954
-7002.88,-3537.82
6507.1,-3301.45
-6478.32,-1530.48
7175.89,659.714
-6375.25,709.25
5679.88,206.729
-6421.04,-315.069
5052.69,1356.91
-4566.5,2299.5
4388.28,2572.66
-3868.91,120.071
2018.11,-1121.83
-605.39,-2163.9
1136.63,-2732.04
759.656,-3119.91
-1456.47,-2592.07
1789.83,-361.762
-3981.24,2882.74
5325.25,5305.21
-6844.06,4867.53
5667.07,5119.53
-6887.05,3314.25
6704.47,2637.5
-6020.5,-1329.81
6253.04,-4155.88
-4453.22,-7493.65
4588.76,-7211.37
-2037.24,-5369.99
2549.17,-1848.14
-1178.84,692.472
-314.465,2955.24
-837.609,5994.1
-1131.69,6039.49
2337.94,5314.54
-2686.34,689.798
902.755,-1730.65
-770.541,-3233.74
720.378,-2629.84
1775.32,-3415.32
-1667.97,-4149.32
2614.26,-2775.8
-3403.83,-59.3986
4952.51,3262.32
-6075.2,3671.96
5811.48,3538.43
-8361.46,2071.43
7325.39,2454.74
-6504.46,823.724
7403.41,-166.121
-6689.45,-3420.75
5730.97,-3879.26
-4428.72,-3675.36
4700.53,-2466.55
-2676.86,-2008.76
1592.44,-472.031
-2147.69,2427.78
1579.63,4599.62
-484.479,4826.36
-666.066,1675.8
-735.796,135.879
-470.955,-831.782
1147.67,-208.057
681.669,-1317.77
-564.604,-3009.14
89.3061,-2500.56
208.886,-1209.37
1184.62,251.995
-1596.2,798.614
776.019,1743.06
-2435.44,2919.23
1658.65,4195.94
-232.877,2418.58
1025.52,-1319.89
-308.4,-5250.7
-351.097,-6066.1
1971.29,-4689.45
-1676.12,-2456.31
3433.54,-949.905
-4497.63,749.718
3984.16,3385.11
-4454.18,5608.12
4602.6,6806.43
-6137.45,3683.66
6341.09,267.459
-7037.13,-3756.09
8205.53,-5248.08
-6337.41,-6045.31
7280.46,-3914.47
-7192.31,-1252.68
6656.86,2600.09
-6582.25,4666.46
5158.67,5657.17
-5141,4595.83
3158.64,3770.78
-3134.84,1769.09
2354.24,-232.363
-991.608,-4119.3
1886.18,-7529.61
-74.3727,-8100.6
546.094,-6704.55
1192.25,-2223.5
274.748,499.627
-143.77,2131.1
-1631.36,2765.54
-942.264,5466.32
1017.95,6227.96
-796.3,4272.49
969.787,669.753
-2273.02,-3231.77
2007.57,-3343.16
-2396.41,-2251.42
4442.2,-985.562
-4367.5,-790.961
3294.18,971.755
-3539.5,3035.93
2694.09,5403.26
-2493.09,4452.35
1341.67,2094.13
-2650.61,-598.511
996.975,-1738.31
1626.36,-2666.04
-28.6801,-4476.44
1097.03,-6070.61
-1387.13,-5196.02
2739.46,-2787.78
-3076.71,-514.487
5175.35,1028.41
-7150.75,1457.42
6039.08,3801.43
-6927.83,5230.42
7419.46,4842.48
-7899.79,1133.96
7457.09,-1541.97
-9124.03,-2843.97
9416.39,-749.28
-7741.65,-292.172
7864.2,760.097
-7978.37,-202.516
6332.29,1877.87
-6452.42,3671.39
6615.08,3345.66
-5323.25,725.46
4737.58,-2845.94
-4647.81,-4581.79
4878.02,-3755.14
-3420.45,-2318.02
3999.93,-1530.74
-3842.79,-705.289
3578.93,109.757
-3186.74,1382.93
3844.46,2078.92
-4476.84,1048.6
3951.57,950.545
-5167.89,232.011
5467.8,-337.206
-3465.31,-1995.46
3590.1,-2754.74
-3431.16,-2316.98
2408.92,934.97
-1173.58,2144.39
1075.16,1930.53
-989.702,403.517
-1830.64,1216.64
2205.26,3596.27
-2724.24,4337.93
4259.68,2346.83
-4785.52,-2653.1
5189.28,-5201.54
-5453.41,-5951.02
8165.81,-3747.08
-6615.08,-3227.63
7073.04,-1796.23
-8389.95,73.8995
7515.22,3560.57
-6740.49,4867.09
6281.69,4894.15
-6336.33,1847.38
4593.5,3.40794
-3926.15,-1656.2
4570.84,-3199.85
-3517.43,-4496.22
3778.84,-4259.67
-3093.09,-2069.07
3053.33,1039.66
-2238.61,3479.55
2191.89,3394.64
-4347.47,3880.27
3241.82,3201.13
-3901.51,2708.16
4022.91,1677.55
-4126.04,-1479.47
5284.71,-3197.78
-5580.32,-4598.69
6887.05,-3859.13
-5120.53,-3919.26
5800.16,-2897
-5551.71,-1943.34
4927.42,1230.73
-4952.54,3113.25
4340.15,4706.21
-3791.17,3467.14
992.193,1903.3
-1459.04,1834.75
694.146,1399.75
752.576,-710.341
-1201.63,-2421.04
1759.94,-2957.85
-2486.8,-2528.57
3851.71,-247.368
-3343.18,98.2198
2976.86,897.298
-4632.17,1506.96
4640.08,2807.56
-4324.15,2136.49
4901.07,31.5177
-5140.67,-2274.84
4244.04,-2413.28
-4261.69,-1895.77
6462.84,-1814.1
-5010.88,-2855.57
3761.96,-2450.51
-4623.53,392.501
4829.1,4284.98
-3698.95,4010.34
4211.23,1265.44
-5930.7,-1413.59
4818.63,-1012.31
-4174.94,717.649
5511.59,802.827
-5852.11,-318.712
5451.1,-1073.79
-6699.36,132.171
7510.83,2255.88
-6635.35,2241.23
6722.9,1135.27
-7689.88,-1274.48
7562.13,-1168.04
-7618.66,-1632.69
8653.02,-781.971
-7978.54,-1509.51
7637.87,-1080.46
-6423.6,-1656.39
6018.69,-508.448
-4224.02,-1271.15
2825.32,-962.788
-2405.1,137.002
1355.79,1081.56
-1203.1,2608.4
410.877,2615.48
-1383.2,3153.11
-223.899,3201.58
607.775,2535.23
213.405,-865.532
256.815,-3596.88
-135.87,-5569.46
-56.5039,-4128.12
1166.76,-1322.55
-2192.51,1021.99
2739.85,3319.18
-4408.01,3894.99
3650.1,4819.25
-3853.03,3758.27
4264.64,905.595
-3408.98,-3820.51
2728.33,-6205
-3568.17,-5982.55
3954.15,-2008.32
-1324.32,46.4361
1193.9,1324.24
-1107.83,1843.54
-1261.63,3636.54
1443.27,5042.36
-2357.82,3332.17
2461.74,658.002
-3146.39,-3180.49
3650.24,-3735.83
-2927.72,-3329.85
4774.1,-1857.16
-4522.35,-1214.64
3549.33,539.99
-4423.6,2041.44
3500.15,4402.49
-2888.07,4920.89
1542.99,4074.03
-2817.03,3079.68
1219.54,1654.93
14.7133,-950.923
826.278,-4449.99
-149.318,-7009.76
670.2,-6361.21
723.276,-3484.7
1385.33,-1911.23
-814.585,-434.096
179.144,-218.451
-2113.47,2366.63
2110.49,4994.7
-3140.81,5656.78
3188.6,4298.15
-5393.57,1903.46
4591.37,673.352
-5101.91,-798.063
7047.12,-1707.19
-6973.94,-3890.37
6407.31,-2406.45
-7039.25,-566.357
6922.45,3053.84
-5643.35,3098.59
4960,1639.19
-4989.09,-391.181
2777.31,132.318
-1264.87,-71.2961
1875.36,-1675.58
-906.691,-3793.67
-91.1934,-4954.15
288.624,-2073.96
1560.82,-459.669
440.689,511.413
-327.425,-988.644
-2034.67,-26.5981
1355.62,2500.38
-1735.58,4320.96
2535.67,3947.44
-3785.29,1901.46
3439.33,1135.01
-4629.57,270.515
6606.77,301.931
-6247.33,-2247.01
6078.81,-3256.14
-7377.21,-2127.27
6775.57,1759.27
-5118.57,3604.24
5205.96,3562.64
-5386.08,901.979
3263.67,96.0681
-2565.38,-914.029
4163.57,-2738.36
-2303.48,-5906.17
1825.18,-7200.85
-1546.69,-4452.09
1573.76,-9.6084
-142.479,3521.82
663.292,2890.52
-1734.65,2238.45
-743.819,2454
316.199,3418.35
213.711,3063.93
-400.161,149.688
441.704,-2731.61
-1402.89,-3561.51
1854.76,-1529.71
-120.056,127.505
1216.36,79.815
-1966.37,-239.314
821.682,731.261
-900.066,2017.53
1842.29,1978.19
-553.243,46.6076
-1112.12,-1163.47
659.842,-1296.53
463.454,-434.536
1826.97,-2039.28
-1639.48,-4020.39
2698.08,-4188.35
-2693.12,-2601.57
4100.8,105.366
-3510.52,921.09
3865.44,1377.49
-6464.52,2122.85
6417.95,4108.45
-6847.4,4517.45
7931.54,3255.46
-8356.72,-255.604
7517.8,-2081.18
-7289.4,-3188.65
8692.61,-2602.31
-6687.71,-3885.91
6197,-2732.73
-6399.67,-760.06
6061.82,3103.87
-5136.21,3952.33
4843.11,2939.19
-4810.9,194.223
2877.66,-1402.22
-1554.25,-1411.15
3162.18,-3500.6
-2374.36,-4417.27
2800.6,-5170.16
-2527.89,-3172.64
3435.08,-201.747
-3626.97,2491.51
3739.27,4386.22
-6021.82,4854.32
4516.46,5923.38
-5972.75,5126.39
6089,3357.8
-5701.56,-1315.73
5824.22,-3842.71
-5809.92,-5790.23
5788.16,-3825.54
-3413.08,-2419.68
2058.27,-459.747
-1663.13,1471.77
380.242,3700.44
-38.4506,4968.09
-1039.64,3696.48
1792.52,894.277
-3111.62,-2918.01
3864.36,-4819.15
-3249.27,-6396.07
5082.29,-5190.73
-4300.21,-3836.45
4437.35,-319.855
-4902.13,2743.07
4283.1,5327.92
-4591.54,5735.83
2526.88,5018.17
-4032.93,4024.35
2813.34,3243.57
-2298.9,727.759
2723.59,-2406.23
-2043.96,-4889.13
1133.12,-4595.86
-209.484,-2045.53
1982.26,-289.701
-967.671,-98.5006
913.732,-781.947
-1538.56,-40.7466
1152.28,1467.98
-1371.25,2686.66
2110.62,1293.87
-3036.33,-532.29
3892.15,-2363.04
-4144.87,-2657.89
5939.33,-1864.13
-5436.76,-2053.93
5486.48,-558.339
-6822.48,241.165
6648.64,2892.22
-6769.03,3780.62
5829.86,4866.06
-5757.71,3095.47
4738.79,2067.95
-4631.26,-622.104
4321.37,-2658.99
-2753.34,-4385.62
1751.18,-4310.74
-553.832,-1763.97
491.724,230.572
1273.64,1419.66
-1834.27,1042.88
431.056,1481.09
-1535.92,1771.37
1813.37,2319.75
-1505.82,218.759
1262.32,-1977.81
-1014.19,-3100.49
257.374,-1959.2
1201.37,-1069.89
-404.84,-986.96
998.041,-1320.67
-2524.32,-789.755
1498.23,2403.55
-1278.56,4109.77
2200.53,3907.53
-2333.62,389.364
426.528,-1049.63
203.127,-1600.01
411.478,-1306.76
1498.41,-2282.61
-2258.4,-2703.31
2502.05,-1241
-3301.22,861.066
4872.87,3478.93
-5493.86,2947.03
4240.49,3347
-6001.42,2823.91
5979.2,2602
-5073.81,-218.168
6079.87,-3266.65
-5468.46,-5866.18
5690.88,-5604.08
-3673.5,-4238.01
5552.57,-3255.05
-4374.27,-2942.41
3412.69,-992.656
-4737.02,3308.81
3959.11,7437.27
-4320.62,8206.53
3176.48,6009.71
-5016.41,2080.43
4011.74,-369.114
-3525.99,-2035.05
4560.24,-3437.33
-3803.22,-4863.18
4158.98,-4659.93
-4079.62,-2798.33
4692.47,289.755
-4141.92,2280.42
4645.94,2732.22
-5474.08,1791.59
4401.85,963.652
-4237.63,-509.782
5005.88,-1893.13
-4326.86,-3957.89
4304.29,-3640.41
-3635.63,-2443.69
3861.26,221.101
-2560.76,1135.8
1878.39,1728.98
-2585.73,2340.13
1265.63,3356.67
-739.026,3597.21
-742.349,2996.63
1448.46,1192.38
-2704.26,-703.959
3542.23,-1474.47
-2159.74,-3253.46
3230.69,-3377.16
-2975.5,-3534.42
2520.82,-890.19
-1834.71,919.767
1985,2162.86
-1756.75,1977.75
-63.7926,2464.93
-720.104,2956.09
865.89,2255.44
486.07,-392.14
-193.671,-5424.08
1287.47,-7060.27
-1436.54,-6188.32
2123.34,-2183.11
130.909,283.32
-409.355,1261.52
-708.625,2520.34
-1388.87,4501.44
1818.81,5918.73
-2794.24,5194.19
3139.82,1725.3
-5165.29,-1825.6
6143.74,-3625.1
-5921.74,-4202.85
8325.52,-3842.41
-7620.92,-3808.1
7498.27,-665.711
-8482.57,1529.69
8186.65,5055.32
-7741.19,4594.31
6556.87,3920.11
-7409.28,1080.04
6941.96,100.883
-5082.2,-2410.17
5462.6,-5324.88
-3183.03,-7471.99
2193.88,-6513.03
-360.154,-2559.99
32.827,1452.24
1326.8,4631.77
-3181.98,5520.1
1868.45,5727.76
-3065.62,4558.3
2806.2,3011.71
-3179.94,-397.388
2951.93,-2642.85
-3217.14,-3868.19
3815.55,-2859
-2392.14,-2578.46
3597.92,-1816.12
-3152.24,-1035.74
1706.64,914.51
-1489.59,2826.86
1861.1,2481.69
-1798.06,742.617
1239.67,-1697.01
-1875.56,-1698.81
3154.78,-1324.4
-2282.82,-1716.74
3427.15,-2639.73
-3668.19,-3084.06
4152.03,-1765.38
-5122.2,1194.44
6564.87,3450.98
-7630.4,3742.69
5832.5,4916.04
-8019.87,4492.5
8118.14,4616.1
-7884.12,1454.58
7709.58,-1265.92
-8210,-3491.48
7757.57,-2764.82
-5225.77,-3444.99
6392.85,-3755.8
-5016.02,-5201.81
4492.52,-3413.15
-3120.2,-390.377
2252.05,2028.28
-688.247,2864.95
-485.82,1225.26
-484.06,475.317
-187.24,545.167
1386.44,1004.83
-1095.33,-401.079
1168.81,-1128.65
-2053.54,-1685.26
1538.12,35.7666
-379.756,1397.08
-596.157,2715.43
0.429047,3634.02
-1644.5,4253.74
1841.15,3806.36
-1709.07,622.804
2665.52,-2929.32
-2592.74,-5710.84
2659.15,-4996.18
-1453.54,-3668.47
2673.06,-1625.95
-2207.25,-969.304
1944.3,284.952
-1671.37,1463.87
452.436,3355.79
306.154,3459.47
-1984.84,1956.54
1425.15,543.468
-2247.06,-1178.67
2591.76,-1073.22
-2009.88,-1411.27
3231.03,-1251.72
-3402.37,-1510.07
3150.26,-760.414
-1994.94,-989.846
1675.11,-241.577
-2270.42,481.005
1630.84,2384.09
-1432.81,3590.54
791.75,2649.48
134.562,691.316
-1299.17,-1440.29
1062.88,-1730.28
-940.748,-938.101
1758.37,-501.667
-1502.9,-947.954
780.294,250.071
-1416.49,1121.75
592.507,3176.34
426.257,3166
-1756.52,1670.33
1814.61,-648.907
-2604.11,-1992.21
4366.22,-3246.02
-3383.57,-4929.35
4934.55,-4860.88
-6169.81,-3711.45
6166.12,746.246
-6498.18,3301.92
7073.25,5111.23
-8634.44,4169.13
5879.13,4967.02
-6763.83,4856.2
5544.2,4332.1
-4675.9,166.379
4146.35,-4127.54
-3718.51,-6177.58
3183.79,-4711.02
-1335.47,-1763.67
1797.1,237.846
-1081.96,617.2
-254.331,493.224
-584.792,2051.62
935.614,2272.33
128.579,1479.54
351.921,-2003.49
-1456.72,-3834.06
1210.37,-3081.43
-1273.54,-1141.68
3284.32,457.506
-2888.05,476.762
2365.21,1122.71
-3824.4,2545.42
3564.83,4746.51
-3895.02,3775.58
2766.38,2741.8
-3845.84,728.328
3063.57,346.288
-1391.72,-397.594
1867.76,-1649.32
432.547,-4313.3
-1146.29,-5423.13
2674.43,-4921.72
-1814.8,-3632.95
3708.73,-1436.04
-4564.99,229.568
4345.13,3367.97
-4614.28,3848.54
5040.22,3731.96
-5400.06,959.617
4359.74,-570.764
-4664.54,-1430.1
5198.05,-742.539
-3759.38,-1654.79
3942.99,-2469.12
-3847.6,-1255.72
2800.3,1021.68
-2150.14,3376.33
2716.17,3302.32
-2890.31,1336.97
1610.65,-224.296
-1464.87,-1115.88
3291.72,-1910.32
-2517.55,-3292.19
3488.43,-4585.98
-3392.82,-3962.09
3882.28,-1515.29
-3480.5,745.052
5351.15,1525.68
-6096.78,1465.86
4978.12,2107.43
-5867.58,2522.92
6050.12,3069.54
-5333.49,250.002
4476.33,-1011.53
-5857.94,-1406.94
6514.87,418.178
-4685.77,310.608
5064.14,-1262.58
-5430.85,-2115.04
4511.29,-979.728
-3816.59,464.525
4253.93,1149.66
-3480.9,420.94
1544.16,-1.42828
-2295.73,1124.63
2744.85,1953.92
-1541.05,13.3501
1792.42,-2111.19
-2798.82,-3235.11
2749.02,-2472.02
-1926.18,-401.384
3183.22,-382.181
-3691.2,-340.35
2131.53,831.547
-2659.43,2792.08
3893.24,3456.71
-3198.49,439.253
3632.43,-2706.58
-4723.93,-4252.22
5217.15,-2783.06
-3469.5,-1899.54
4837.75,-1061.62
-5741.52,-581.426
4991.96,1913.56
-4414.12,4243.55
3388.78,5536.43
-2534.56,3531.59
1385.04,880.908
-1458.67,-1734.42
1096.13,-2243.89
478.406,-2452.7
-207.864,-2193.43
1301.07,-1449.99
-2481.28,-466.105
3245.41,1580.22
-1449.06,487.361
2076.75,-505.211
-2622.68,-2696
2422.83,-1910.05
-2346.95,-633.84
2600.54,-266.574
-1087.2,-814.338
1014.46,-1668.61
-703.818,-991.132
774.298,284.359
-301.278,1488.33
1130.1,-211.905
-2545.6,-487.907
1513.19,146.603
-2747.16,2655.79
4516.05,4558.02
-5587.1,3300.54
5905.71,1336.03
-7325.71,-1031.04
7394.93,-1443.57
-6249.94,-3027.7
7903.74,-3429.62
-7566.7,-4810.19
7845.9,-2504.91
-7145.52,-953.498
8603.11,365.496
-6914.47,-609.633
5209.93,-757.319
-5198.18,55.6866
4615.6,2085.24
-3545.65,2502.67
2532.45,1492.32
-2061.21,298.688
1380.18,-336.892
-478.885,-251.296
502.445,-83.5916
217.463,-394.184
-1412.47,-171.456
850.999,1392.19
55.873,1113.85
1103.7,918.561
-914.057,-768.75
171.904,-1270.24
425.481,-1140.3
707.852,-2008.21
828.316,-3747.55
-889.9,-4479.52
1054.19,-2288.02
-44.3756,272.769
848.576,2307.66
-762.142,1509.96
-641.098,1679.42
-776.943,2139.64
470.823,2557.77
1465.7,1738.64
-2452.17,-550.857
2936.71,-2309.06
-4284.27,-1899.71
5895.4,-1092.24
-5299.43,-1426.81
6899.97,-1668.07
-8353.08,-1553.34
7981.73,1738.06
-8503.15,3755.64
9405.64,4098.67
-9811.46,811.505
7988.66,-32.2531
-8401.94,-1230.29
9596.28,-98.8822
-7663.66,-2420.2
7491.58,-4250.69
-7366.49,-4237.33
5957.99,-1425.37
-4519.83,1826.06
4097.21,3584.73
-3637.53,3099.78
1605.14,2373.32
-2071.81,2116.27
2122.08,544.421
-869.891,-1518.16
1209.19,-4506.01
-1697.15,-5124.69
1648.27,-2507.88
-1836.26,1610.44
3024.07,3598.87
-4698.74,4879.95
3240.31,4923.11
-4115.83,3874.99
4589.04,2402.05
-4412.68,-2024.46
4440.75,-4243.82
-4999.62,-5585.54
6079.26,-4024.71
-4564.75,-2619.19
4513.93,-449.227
-4229.05,1188.21
3503.16,3533.83
-3241.99,3658.58
2261.27,2334.63
-1912.27,609.291
-817.412,-599.041
1919.01,-921.066
-1305.2,-1314.94
3338.93,-2990.68
-3646.1,-3485.03
3275.26,-1288.99
-4057.81,1150.59
4954.78,3990.4
-5583.09,3085.72
4482.47,2830.09
-6432.14,2886.54
5532.55,4298.43
-4754.7,2603.21
4898.59,-471.33
-5025.15,-4438.29
4755.46,-5962.27
-2760.75,-5056.38
4355.05,-4008.76
-2582.29,-2982.18
2288.35,-1803.04
-2563.33,142.032
2267.66,2799.62
-3393.38,4775.94
3016.68,5013.84
-4346.46,4366.02
3197.33,2842.8
-4305.51,1239.44
4793.24,-177.579
-4751.03,-2419.68
5517.28,-3483.59
-5580.62,-3477.25
6150.77,-1578.22
-5595.6,-329.256
5447.24,1747.51
-5979.27,1880.22
4932.47,3200.94
-5295.47,2747.49
4852.17,1622.81
-3697.94,-960.148
2652.26,-2885.99
-2344.76,-3402.19
1769.07,-2169.21
-216.343,-1105.55
612.593,-1006.23
-775.733,124.267
-215.112,1091.84
-151.433,3362.82
-527.79,4058.56
-410.732,3130.55
-50.2072,1003.28
-1697.11,232.781
3309.48,-1359.67
-2401.53,-2785.2
3820.58,-3996.72
-3931.74,-4974.58
4383.59,-2732.07
-5145.72,-291.125
5965.33,2982.4
-6668.39,4123.66
4637.45,6016.03
-4745.81,5341.62
4186.08,3910.58
-4156.76,-439.84
3298.13,-3170.43
-2344.65,-4994.14
1860.37,-4955.88
1814.89,-3983.69
-2035.14,-2971.8
3318.89,-1253.99
-5128.3,2014.9
5325.52,5238.48
-6232.98,4652.27
7427.8,3011.76
-8848.56,-926.31
7620.11,-1129.76
-7949.09,-688.405
9431.8,132.516
-9028.53,-1901.49
8497.94,-2123.53
-8922.49,-1498.44
7865.23,2656.92
-6752.27,4447.5
5872.51,3901.54
-5736.42,1164.38
2584.13,-220.051
-1702.51,-969.013
2398.14,-1584.96
-835.554,-2862.9
878.741,-4546.75
-339.337,-4140.29
899.722,-3336.21
71.1553,-655.088
194.758,72.6345
-1799.83,2744.31
890.603,4959.01
-2851.64,6342.89
2807.35,5843.03
-3890.03,2793.02
2889.07,887.883
-4019.8,-1739.94
5124.92,-1720.65
-4332.5,-3327.07
3354.57,-2600.92
-3730.65,-892.708
3551.01,1940.78
-1995.12,2559.76
839.13,1862.8
-356.817,562.054
-1663.09,-464.674
2487.39,-723.259
-1630.12,-3159.54
3385.83,-5127.82
-3622.99,-5808.11
3057.21,-2285.93
-2615.95,1656.57
3386.45,4312.01
-3155,3124.55
1052.02,2343.97
-2881.95,2723.27
2385.48,4070.07
-1777.44,3602.81
2250.98,-537.401
-2397.73,-3616
1656.86,-4456.68
-1091.46,-2397.62
3754.91,-881.67
-3205.31,-532.114
2425.74,141.544
-3948.4,1625.92
4044.26,4143.2
-3450.29,3386.98
3868.07,1443.27
-5950,-701.755
4983.96,-183.749
-4710.61,194.233
6306.72,-1205.9
-4662.46,-4187.31
4976.45,-5749.86
-5537.14,-4106.02
6824,-683.388
-5094.53,616.795
4534.1,684.818
-6561.08,901.741
4793.61,4229.88
-4874.85,5832.84
4965.05,5786.58
-5022.96,1913.67
3033.53,-1452.13
-2573.96,-3565.08
3034.66,-4048.26
-597.872,-4593.75
-185.104,-3474.81
296.752,-352.782
-1690.18,3080.69
2747.25,5553.78
-3194.66,4311.38
1765.84,3004.2
-3292.03,1032.2
2866.2,638.15
-1471.19,-1964.75
2014.57,-4530.67
-2193.99,-5626.21
2236.44,-3783.39
-1126.91,-496.308
1818.1,1618.83
-985.448,1947.58
-456.55,1116.1
-979.577,2188.43
227.27,2985.12
-65.438,2845.79
389.237,660.568
-1963.96,-1020.8
2493.9,-1540.52
-3307.12,-750.83
4731.92,159.796
-5052.16,-164.628
4609.37,153.294
-5501.12,781.047
5687.5,2159.28
-5903.04,1437.76
6779.52,598.362
-7150.11,-1788.96
6857.56,-2161.84
-5470.47,-3585.4
6840.29,-3595.32
-5774.08,-4101.96
4998.94,-2385.73
-4102.74,451.755
3259.5,3200.55
-2885.29,4440.62
1976.83,3951.72
-3141.14,3298.64
1235.63,3292.78
-454.932,2194.74
968.217,-761.671
-433.604,-3384.01
-575.036,-4226.25
759.897,-2238.61
1002.64,-311.242
-332.789,599.924
341.484,65.7518
-1260.4,529.979
989.01,1824.43
-1259.93,2205.38
1622.72,1003.6
-1938.29,-908.99
1786.83,-2190.54
-1572.07,-3061.97
3143.04,-2456.66
-2021.12,-2852.39
1727.01,-1952.64
-2312.6,-458.241
1546.79,2357.94
-831.375,3638.51
-535.113,3733.97
482.276,2968.69
-2702.78,2800.54
3718.44,1336.51
-4433.26,-776.509
5642.89,-2817.24
-7271.92,-3839.7
7252.86,-764.936
-7063.18,1094.51
8930.14,2199.96
-8669.69,-433.932
7430.45,-319.487
-8527.86,-238.904
8279.23,1896.04
-7319.9,947.977
7137.29,-812.881
-6449.04,-3119.02
5603.92,-3044.86
-3562.56,-1491.36
3703.17,-887.934
-2450.95,-1069.72
501.95,-481.583
-1925.62,1986.27
1273.23,4710.54
-1103.6,6391.95
713.595,4722.13
-2527.51,2458.36
1953.4,90.777
-502.798,-2966.72
1572.29,-5908.56
-1678.36,-6562.07
2954.68,-4910.59
-2135.29,-1897.94
3255.24,1074.23
-2879.89,1738.09
1375.32,3774.2
-2855.65,4493.1
2130.59,4966.14
-2321.48,3371.91
1943.93,-218.944
-1291.24,-3253.92
956.556,-4654.29
518.252,-4630.7
2060.34,-4422.39
-486.954,-4552.34
-201.772,-3301.25
1153.18,20.0057
-1190.17,2969.15
1275.22,4771.43
-1272.6,4410.4
-1300.68,3790.05
195.973,3676.08
37.6838,2750.88
321.341,-154.432
-232.495,-2523.96
578.173,-3632.23
-753.819,-2786.78
1848.03,-1023.24
-1250.1,-48.8444
1226.33,682.459
-2597.9,1210
2682.62,2683.37
-2323.43,1842.75
2760.81,-242.483
-1740.02,-3526.72
832.224,-5083.95
-77.1699,-4901.13
1317.55,-3303.6
1174.06,-3043.69
-2694.04,-1256.36
2640.02,1789.28
-4968.23,5715.47
4776.55,8425.74
-6165.92,6596.4
5531.47,3830.98
-8470.89,766.012
8358.75,545.944
-7918.51,-1414.71
8675.1,-2306.5
-8248.44,-4755.12
8020.99,-3868.07
-7244.23,-2509.88
7484.35,780.731
-6724.04,2408.08
4525.51,3174.61
-5066.71,3481.28
3038.17,3275.29
-2143.36,1121.67
2527.23,-1827.29
-2203.95,-3851.43
1692.07,-5012.12
-365.538,-3889.75
839.3,-2564.97
-1141.08,-679.036
8.87694,2148.69
-1889.3,6400.88
1395.19,8532.86
-2119.61,7177.12
1046.46,3293.65
-2631.75,-849.182
2028.62,-2900.46
-1966.04,-4113.17
4030.33,-4264.51
-4017.46,-3881.78
3320.64,-1459.83
-2551.92,1182.69
2143.18,4158.25
-1733.3,3360.56
481.772,2213.15
-1235.8,734.396
-1586.04,840.344
3634.32,36.8217
-3371.71,-2069.12
6002.01,-5242.77
-6554.76,-6814.92
7248.17,-3674.4
-6649.71,-1372.81
8614.63,1816.64
-10285.4,1481.42
8969.6,3903.89
-9319.88,4909.29
8286.17,6392.61
-8369.16,4759.73
6797.94,2736.3
-6950.36,-823.709
5848.87,-2620.65
-3896.6,-3279.03
4363.24,-3877.98
-2122.52,-3152.91
1730.7,-1887.86
-1549.74,-193.327
2777.86,304.929
-2267.96,221.022
1500.07,-456.398
-1437.39,-151.177
3118.09,-629.988
-1368.55,-2835.02
2125.26,-4991.05
-2954.2,-4690.14
2679.15,-669.402
-2136.87,2731.14
2544.3,4775.4
-3097.52,4520.66
1029.26,5050.88
-2216.36,4955.66
1191.83,4523.42
100.492,1256.07
-725.215,-3409.95
1147.42,-5983.97
-934.47,-5667.18
4093.88,-4150.53
-2185.02,-3778.57
3994.15,-3512.47
-5373.65,-2404.75
4977.66,1346.83
-4774.95,3822.89
5392.87,4737.29
-6961.54,3101.51
5491.86,2544.67
-5877.99,1555.7
6793.87,-126.047
-5334.55,-3911.79
5325.74,-5625.49
-4840.36,-5619.76
4746.17,-1952.14
-3213.14,1269.61
2783.89,3343.88
-4294.12,5143.41
1529.55,6792.54
-2243.53,7193.46
2611.4,4240.47
-2551.01,-659.444
1644.93,-5187.55
-2080.21,-6063.79
3209.87,-5097.65
-748.722,-4394.25
2546.17,-4309.39
-3814.69,-2524.42
3689.6,1884.76
-4815.95,5731.74
5420.16,6687.02
-6221.29,3321.97
4967.14,-339.436
-5634.07,-3048.06
6878.45,-3171.63
-5158.63,-4149.75
5215.18,-3581.62
-5216.52,-2677.1
4379.37,915.01
-3590.81,3293.9
3919.79,4811.65
-3386.48,3763.57
1567.73,2157.87
-1957.62,1453.85
731.409,338.301
294.657,-802.63
202.281,-2810.41
769.973,-3223.46
-141.511,-2510.75
1458.68,-706.439
-422.848,-174.575
-105.101,-25.1083
-421.648,172.725
-422.441,1203.54
958.223,2240.9
-1025.6,2394.54
1519.65,1256.77
-1962.34,-590.932
2410.64,-2314.32
-1576.58,-4408.28
2616.45,-4749.87
-1618.03,-4469.32
1304.14,-1307.93
-847.586,1506.34
721.713,3783.46
-358.934,3628.68
-2594.85,3805.02
1925.32,3994.19
-3160.41,3492.6
4250.86,1710.31
-5279.7,-1891.72
6054.73,-3632.05
-7488.5,-3833.11
8549.33,-1135.62
-8163.14,-236.884
8446.07,1059.65
-9535.89,1033.14
8407.71,2714.59
-8630.07,2515.65
9039.17,1788.79
-8641.12,-1632.57
7143.36,-3379.24
-6581.44,-3982.36
7269.05,-2862.99
-5137.83,-3130.9
4961.86,-2529.66
-5237.75,-313.949
3431.02,3052.67
-3599.7,5997.28
2153.03,6822.16
-3822.98,5915.04
1014.46,4878.85
-1828.79,3855.28
2758.82,617.132
-1465.78,-3883.08
2408.74,-8103.4
-3066.78,-8134.72
3863.6,-4622.41
-2746.67,-661.011
4135.34,2137.15
-4548.72,2565.69
3100.44,3839.7
-3349.68,3987.15
3398.38,3279.31
-3765.09,-129.685
2335.26,-2240.87
-2069.79,-3884.72
2766.49,-3301.28
-651.127,-2288.95
658.963,-1150.54
-571.253,1271.02
-1199.94,3248.21
1965.75,4021.14
-3120.01,2899.09
2356.82,2009.26
-4059.39,1929.71
3425.71,2933.26
-2023.36,851.525
3162.45,-2588.35
-3075.55,-6322.96
2418.24,-5917.57
-1449.23,-2755.54
2586.63,476.418
-580.818,299.617
158.981,-538.293
-1462.93,124.51
880.443,1597.08
-89.3867,3426.36
663.988,1110.42
-1551.55,-888.735
-27.1559,-1290.31
-330.757,23.4946
3349.92,360.974
-2063.31,-1845.5
3116.44,-4170.76
-4537.19,-3642.08
4704.03,-43.1908
-4988.4,2801.91
6167.62,4425.34
-8517.42,4003.55
6954.51,5126.51
-7586.01,5356.44
8751.4,3316.32
-6850.49,-3088.49
6521.32,-7571.48
-6659.23,-9791.15
7213.8,-5714.7
-4492.96,-2098.1
5112.32,837.956
-4790.63,2394.81
3051.97,3930.66
-2163.76,4310.58
2383.02,1942.65
-1995.53,-1270.35
675.54,-4533.07
-216.08,-4541.84
1215.77,-3762.44
363.129,-1887.45
-108.264,305.226
-894.838,2813.38
678.676,5248.22
-1764.57,5764.58
1860.07,3805.94
-3027.29,1069.98
2591.06,-938.473
-3094.08,-1644.53
4502.39,-1682.23
-3217.69,-3133.78
3700.68,-3757.52
-3565.51,-3426.5
4126.52,-899.362
-2790.6,305.776
2577.69,1661.96
-1959.84,269.683
739.836,362.513
-345.028,291.014
-159.77,-57.055
1965.23,-622.104
-1923.32,-2591.23
2569.96,-2381.32
-3427.71,-1686.1
4931.1,111.103
-4633.07,598.987
4162.7,1786.16
-6327.2,3115.08
5139.38,5915.91
-5442.78,6227.79
4604.42,4399.17
-4676.05,809.462
2952.86,-1471.73
-2313.91,-3013.36
4146.93,-4288.91
-2373.92,-6265.16
2822.59,-6548.94
-2953.03,-4206.67
3443.16,-445.17
-1375.74,2036.4
1512.27,1706.87
-3357.39,1784.35
1720.38,2599.76
-2994.46,4169.34
3934.9,3017.12
-4715.75,4.6571
4630.78,-2006.87
-5603.16,-2713.92
7064.05,-1165.8
-6402.19,-913.758
6843.84,-651.483
-8075.39,-484.213
6968.65,2423.36
-7461.63,4128.35
7752.46,5346.05
-7137.39,2117.43
5212.22,183.867
-4892.92,-2025.84
4609.68,-2774.11
-2284.51,-3705.04
898.884,-3238.69
-344.411,-1363.91
-198.455,1154.05
2340.81,2515.81
-2944.67,1127.82
2534.17,901.501
-4736.1,605.701
5092.34,1625.57
-4621.4,-307.514
5259.15,-1978.22
-5221.81,-3436.45
4131.78,-1565.66
-3642.23,986.745
4721.27,2096.23
-3954.88,258.789
1454.2,-424.162
-3135.01,1836.12
2184.91,4973.91
-904.39,5228.28
1156.04,1525.33
-2424.7,-2194.39
2120.48,-4261.02
-1215.38,-3534.25
3073.19,-3183.78
-2425.34,-3472.68
2090.11,-2218.73
-2770.26,259.09
3975.2,2495.57
-3811.38,3153.72
3698.23,2819.92
-5502.17,1473.06
5147.43,1115.23
-4723.13,-786.093
6381.22,-2773.89
-6132.29,-4445.54
5165.69,-2448.71
-4915.46,1099.06
4916.6,4218.46
-4306.54,3646.71
2741.24,3081.07
-4526.42,2506.62
3456.76,3440.25
-1788.4,2516.44
1155.91,-691.6
-827.12,-4220.7
10.9587,-5448.02
1197.67,-3910.4
301.915,-2807.06
2048.78,-2125.58
-2727.99,-1859.76
2186.78,4.86426
-2398.57,1538.14
1708.31,3357.74
-1111.33,2332.74
-974.713,1988.61
-189.52,2054.16
-26.5912,2042.7
678.208,1174.39
-822.907,-1590.35
1023.69,-2844.23
-1523.42,-2880.76
1249.48,-407.245
308.3,505.512
-75.5034,1075.33
-820.685,527.638
-1474.77,2587.37
1888.54,4285.37
-3220.18,3753.77
4396.41,2080.61
-5965.25,-1753.06
6523.5,-3100.14
-6410.78,-3538.17
7677.76,-2706.87
-7268.27,-3046.16
7556.97,-1486.94
-7849.01,-752.021
7931.55,1437.18
-7237.88,1941.58
6378.17,2738.24
-6882.7,1799.52
5227.51,1517.21
-3467.38,-552.49
3829.67,-2967.89
-2645.45,-4678.2
2161.25,-3737.95
-1251.43,-657.062
-79.7241,2590.53
930.431,4324.34
-2615.73,4390.14
1500.06,4861.75
-1857.63,3677.83
2635.55,2306.36
-2480.62,-1571.2
2352.1,-4507.28
-1581.78,-6545.44
2636.38,-6243.69
-122.873,-4855.81
1170.79,-2450.18
-78.5127,-122.415
-472.157,2478.35
-59.0736,4482.11
-1061.73,3935.85
1005.38,3251.71
-1102.24,395.829
210.502,-685.119
387.755,-1003.1
-372.518,-1028.61
1761.34,-2026.78
-2539.79,-2238.35
3363.95,-1460.18
-4004.66,377.607
4867.27,2846.31
-5220.55,2603.75
5018.91,2674.21
-6750.81,907.263
6655.06,455.35
-5872.59,-1469.55
6462.21,-2522.99
-5208.21,-4097.54
5328.89,-3786.07
-4100.98,-3414.7
4872.19,-2277.89
-4162.35,-1051.76
2634.81,909.709
-2748.44,3782.18
1851.4,5427.44
-1444.34,4481.25
1301.86,1486.94
-3098.5,-396.075
2556.29,-1247.84
-1463.2,-1338.5
2223.24,-1812.88
-2453.59,-2224.97
2387.74,-836.895
-1861.87,618.827
3057.17,1439.03
-3674.1,1290.72
3092.94,808.361
-3979.73,571.656
4399.54,594.602
-2819.57,-2113.9
3473.13,-3518.17
-2680.26,-4199.14
1950.09,-2584.78
-969.168,-140.43
2128.25,621.289
-1242.04,-565.77
-296.619,32.9167
25.4006,1971.98
-588.44,4283.13
1060.07,4747.08
-2151.96,1653.55
2702.99,-1077.09
-4095,-2501.22
4813.85,-1458.5
-3348.39,-604.541
4132.23,-859.934
-4761.16,-1364.39
4420.28,-326.591
-4716.99,411.243
5405.25,2144.55
-4780.98,1409.31
3352.76,971.712
-3275.99,-1.60236
2620.62,-194.854
-2052.84,-1423.02
2761,-2679.55
-2332.44,-2596.06
1626.46,-1720.26
-958.421,233.951
1852.45,503.651
-2090.3,329.443
761.01,188.158
-2776.25,2658.55
3140.31,4286.13
-3206.66,3345.22
3475.21,963.654
-4472.4,-2411.54
4717.38,-2623.3
-5363.19,-2031.67
6576.1,-802.988
-6554.94,-602.401
4707.93,1391.63
-5752.72,3285.38
5091.78,5825.29
-5028.47,5024.89
3676.64,2943.29
-4251.7,-333.913
2455.24,-2224.98
25.861,-4362.94
422.666,-5722.57
1603.88,-6753
-1481.4,-5461.32
3155.94,-2282.82
-4453.71,731.415
5973.4,3639.27
-8339.4,4365.71
6952.81,5782.83
-8227.97,5077.25
8890,3899.09
-9499.62,-264.511
9224.95,-2183.54
-9589.65,-3953.2
9099.55,-1918.2
-6913.32,-1384.64
6693.26,-45.55
-5615.5,163.702
4622.3,1854.72
-4014.47,2767.78
2980.06,2335.36
-2188.3,1069.03
684.384,-1144.79
-107.02,-1879.2
520.926,-2283.79
1441.86,-1964.8
-1367.48,-2475.19
1392.25,-1280.58
-1790.09,-133.155
1541.76,1276.67
-1591.81,2402.28
1061.77,2508.25
-2095.51,2866.1
1373.05,2798.88
-262.227,283.002
992.353,-3011.13
-945.793,-5725.43
788.8,-5360.56
-552.339,-2135.39
1927.33,456.927
-1149.97,1532.64
301.11,1927.03
-3163.72,4076.3
2144.68,6543.08
-3329.8,7131.9
3149.68,4058.96
-4288.56,-362.766
4375.68,-3892.69
-4554.6,-5497.47
7576.6,-5116.39
-6221.9,-6377.35
6934.36,-5090.22
-7613.67,-2733.76
7164.48,2250.33
-6546.96,5041.26
6449.93,6294.07
-7277.74,4061.26
3989.41,3484.13
-3880.79,1928.39
3691.29,-221.266
-2069.88,-3736.76
838.462,-5322.16
19.453,-3431.86
-405.091,-283.856
2708.46,2196.7
-2415.03,1194.34
1219.24,1112.76
-3700.77,1978.31
3937,4040.09
-3289.82,2839.63
4114.46,-338.478
-4394.96,-3958.25
3767.34,-4690.66
-2976.17,-2884.4
5048.03,-1556.79
-3691.63,-2081.83
2128.29,-971.094
-2955.44,1613.9
3334.21,4176.43
-2632.67,4236.24
2029.89,2569.69
-4836.38,1331
2739.59,2331.51
-1548.79,2211.47
2677.55,-316.614
-2969.86,-3150.69
2233.43,-3543.93
-2531.41,-1031.58
3353.52,704.295
-2784.9,556.699
2693.05,-530.298
-4918.09,-649.249
5247.5,1253.06
-3714.45,1219.43
4758.15,-975.687
-5129.72,-4057.42
3712.69,-3813.66
-3725.56,-2191.66
4984.65,798.908
-3656.07,797.449
1334.12,2136.34
-2056.42,3716.26
41.3194,5806.15
673.062,5399.58
-1872.73,1983.71
1672.98,-850.332
-2763.22,-2984.3
4079.83,-2251.32
-2713.42,-3016.62
3090.06,-2310.63
-3015.55,-2402.25
3231.21,-738.313
-2608.44,641.436
1878.15,2559.56
-1705.77,3411.86
464.592,2646.23
12.65,1393.94
-1570.64,-362.319
1628.95,-841.243
-1252.77,-1575.78
1538.64,-1100.9
-716.691,-1853.88
628.707,-1468.76
225.771,-1262.95
-823.047,-545.747
2032.34,-303.61
-3224.66,813.647
3336.33,1698.37
-5508.49,2665.73
6209.31,3366.42
-6857.68,1619.66
7706.1,250.302
-8779.64,-2505.6
9315.91,-1790.55
-9518.28,-1722.42
9166.29,84.7667
-9170.31,303.993
8190.76,2177.59
-7369.19,1670.61
7196.49,1676.12
-7238.69,803.769
4980.75,636.192
-4000.17,-135.041
4034.54,-2073.28
-1952.65,-4512.03
575.434,-4306.61
-172.334,-1031.19
32.5143,2345.18
1284.61,3485.4
-1855.47,897.003
344.838,230.191
-2066.08,1305.9
1742.55,3632.75
-1377.79,3917.48
1734.72,1400.5
-2537.39,-2399.38
1197.8,-2916.25
-852.11,-1356.58
1903.38,126.829
-1196.08,646.028
-602.737,494.487
-810.221,1897.23
986.415,2617.49
-807.634,2260.75
1447.82,167.017
-2556.72,-2182.33
3622.16,-3714.76
-1555.93,-5569.04
3278.55,-7078.29
-3605.56,-5922.71
3509.42,-1071.07
-3948.77,3694.98
5040.27,6618.31
-5846,5886.73
3368.27,5538.17
-6012.04,5261.75
5297.19,5304.01
-4537.28,2078.81
4907.95,-3045.86
-5257.09,-6442.29
4585.82,-5049.05
-2676.82,-2313.48
5049.25,-390.385
-3650.31,-1382.29
2093.92,-1493.97
-3129.18,587.012
2777.13,3570.65
-1389.94,3892.56
1055.96,1182.15
-1527.57,-2072.76
1395.14,-3626.05
381.183,-3984.26
956.022,-4423.51
-271.431,-3493.37
-317.541,-1679.11
-177.722,1641.5
293.429,4680.12
-1055.54,6225.97
40.8215,5979.92
-1594.22,4740.41
974.408,2584
3.23323,-1627.72
436.702,-5046.28
-69.543,-6715.52
504.516,-5105.75
1142.45,-2470.9
642.654,-636.467
1196.61,-755.085
-3675.96,764.039
2870.71,3783.96
-4284.28,6270.28
5001.4,5843.07
-6577.78,1982.76
6958.08,-1294.15
-7776.68,-3869.21
9826.21,-3997.59
-7985.56,-5282.36
8740.56,-4927.97
-8658.11,-4828.47
8517.24,-468.745
-7851.45,2148.77
8141.31,4957.75
-7782.94,4701
4656.32,4324.98
-4596.55,2841.62
3285.06,1212.8
-1575.24,-1882.66
1273.75,-4794.99
-299.003,-4352.08
346.109,-2948.94
1080.36,161.448
50.6712,161.01
-44.322,66.5564
-292.581,3.58074
-719.799,1598.48
1288.08,2766.92
-1620.88,2764.87
2397.94,427.241
-3677.76,-2003.85
4437.34,-2047.59
-3701.3,-2971.19
5426.32,-1954.55
-5448.05,-1885.58
4648.35,65.8361
-4656.87,1518.46
4302.27,3101.34
-3834.52,2796.55
1936.33,3022.14
-1768.77,2000.93
1319.78,858.651
29.0086,-1649.87
-902.153,-4306.08
2050.22,-4350.2
-3046.95,-2837.18
4442.31,-47.0398
-4069.92,1268.65
3821.68,2373.58
-5948.31,2586.8
5302.78,3969.61
-5199.94,2520.33
5107.27,694.365
-4834.23,-2901.31
4063.21,-4137.29
-3674.69,-3239.77
4223.66,-1678.28
-2778.58,-1243.98
2767.44,-932.821
-2919.68,161.194
2350.84,1517.25
-2769.03,3536.73
2437.93,3537.57
-3661.76,2643.99
2514.73,1519.18
-4024.21,1567.37
4615.5,1750.75
-4702.56,347.32
6307.5,-1434.61
-7045.48,-3376.62
7172.61,-3190.52
-6484.05,-2801.49
7934.31,-1157.6
-8328.81,-970.038
7657.22,1317.59
-7711.84,2559.76
7207.37,3771.48
-7122.68,2286.04
6336.7,742.403
-6715.89,-1044.19
6178.3,-1392.06
-4203.14,-2569.93
5237.81,-3882.66
-4879.13,-3695.85
2886.67,-735.058
-1987.62,2590.47
1481.75,4985.72
-1527.78,4598.11
-448.606,3265.02
-586.477,2838.92
94.2406,1966.73
1279.71,-581.128
-1279.98,-4238.89
1212.65,-5447.02
-1231.74,-4726.94
1773.35,-1220.59
-158.83,725.047
277.094,2018.5
-2162.67,2744.86
299.22,3888.92
428.473,4165.84
-345.86,1004.31
468.387,-2530.16
-938.906,-4615.85
371.61,-3438.14
962.401,-1975.42
643.221,-1120.45
-780.052,-1093.77
-181.944,74.6806
681.59,2280.68
-1585.87,3924.45
2301.58,3508.73
-4358.6,2147.82
3082.5,1337.51
-3921.57,913.131
4831.2,884.843
-4482.21,-793.899
5320.33,-1911.64
-5509.39,-2940.33
5684.31,-2089.87
-4189.92,-2383.81
4116.9,-993.171
-5127.7,95.0757
4548.75,2850.98
-3350.73,3464.96
3717.75,1309.06
-2721.76,-1751.66
1843.87,-4188.62
-1619.4,-3702.57
2602.71,-2497.47
-1038.82,-1993.58
1325.26,-1646.95
-1836.37,580.33
1025.36,3768.85
-1418.12,6161.37
1594.67,6091.07
-3771.01,3762.97
2760.36,1198.42
-3635.39,-215.561
4996.23,-1360.38
-3173.36,-3941.18
4490.51,-5679.02
-3863.14,-6381.56
4174.33,-3919.65
-3010.16,-1524.19
4179.57,899.258
-3877.3,1342.55
2283.39,2890.16
-2176.79,3442.83
1544.4,3450.45
-832.507,1148.64
-542.577,-1766.66
1521.73,-2954.44
-2728.34,-2523.18
4444.38,-776.771
-4589.44,463.002
5586.82,1058
-6943.3,1050.5
6075.63,2886.59
-7109.89,3219.63
7707.81,3418.28
-7663.47,123.53
7013.81,-1705.21
-6781.68,-3421.61
7242.58,-2879.03
-5322.83,-3637.43
6240.09,-3888.1
-5094.62,-4080.44
3874.46,-1684.85
-2859.84,1597.89
2983.6,2916.81
-2565.53,3050.97
1402.63,1600.93
-2367.61,1163.58
3399.57,-35.7166
-2854.92,-1052.85
3038.51,-1959.03
-4571.66,-1083.88
4533.36,1535.66
-4717.24,3321.85
6283.86,3080.96
-6566.55,642.38
5667.26,648.019
-6762.38,249.263
7561.72,930.402
-5816.12,-2112.6
5033.91,-3731.67
-4797.84,-4149.14
5007.1,-1527.55
-2150.71,184.967
2406.6,-329.584
-2533.43,-1234.25
823.639,-900.432
305.502,377.894
-802.595,960.318
2211.83,989.285
-3463.46,343.287
2877.64,1005.49
-1988.38,-103.59
3484.46,-1597.35
-3227.92,-3431.24
2631.14,-2932.9
-2500.06,-572.458
3494.21,1823.26
-2859.94,1878.91
1041.07,2764.36
-2670.74,3804.52
1591.11,5372.92
-87.6404,4225.67
493.117,-646.088
-490.416,-4361.53
-517.735,-5511.88
1076.64,-3656.64
1329.22,-2090.84
-407.874,-1742.5
558.748,-1985.62
-776.748,-180.341
1774,1333.82
-1824.91,2183.87
2177.8,1215.94
-4619.46,-7.82318
5150.18,-53.5944
-5851.85,-171.049
8103.52,-471.086
-7585.16,-2025.49
7679.54,-1577.42
-8073.4,-1710.6
8089.87,674.455
-7769.66,618.861
7221.48,1823.05
-8242.05,2655.26
6347.29,5584.1
-6029.49,5829.71
5058.82,4074.96
-4246.58,-543.555
3238.25,-4738.5
-1596.62,-6368.04
2431.23,-6764.37
727.303,-5592.48
-628.854,-4283.88
434.138,-1199.33
-1088.43,2602.29
-556.135,7014.49
1148.48,7275.73
-1541.05,5102.39
-433.555,1836.81
-1121.5,-625.936
1943.82,-2157.14
-1122.27,-4503.53
2376.2,-5796.52
-2163.19,-5523.89
2221.43,-1497.49
-1017.44,1990.4
1092.12,4712.04
-2021.98,4169.19
-660.886,4336.66
-764.214,4877.88
-1007.44,3939.23
3071.02,1756.34
-3618.5,-2285.95
3332.69,-4816.04
-3559.89,-4924.38
5632.74,-3459.05
-5003.52,-3128.62
4977.91,-1070.05
-6430.58,1360.56
6735.35,4169.2
-6487.01,4431.81
6081.73,2838.92
-6903.46,-416.771
5114.48,-958.787
-5478.7,-1200.67
6951.55,-1411.97
-6254.98,-2359.51
5187.85,-1653.03
-5584.34,572.822
5107.77,3602.98
-4361.59,3812.08
2851.96,2970.88
-5866.44,2792.04
4057.46,3703.64
-3432.51,3843
3195.15,1559.01
-3231.08,-2238.94
3208.98,-4318.94
-3021.59,-5075.63
4463.88,-4777.92
-3238.96,-3768.66
3043.12,-2584.18
-4607.02,805.382
4431.81,4589.02
-4063.17,4997.6
3715.25,4118.29
-4404.66,629.26
2157.35,-613.211
-2006.29,-885.427
2584.3,-1206.35
-1481.71,-2896.06
921.702,-2703
-474.392,-951.912
-563.713,2470.16
1519.99,4921.26
-2678.33,4101.11
2037.7,3222.89
-4601.91,1610.91
5226.32,1459.16
-4333.9,-249.428
4656.17,-2158.71
-3243.58,-4816.38
3272.86,-5073.72
-2166.14,-4643.52
2884.97,-2060.15
-1594.06,-355.466
758.804,1570.73
-614.052,3386.72
-386.41,3617.74
1065.74,2786.43
-1251.57,34.201
514.11,-1291
-391.705,-2860.07
1481.79,-2240.64
-368.322,-2532.41
-140.794,-1505.72
1191.81,118.977
-1565.93,1518.31
1989.09,2934.37
-3063.45,2697.4
2799.49,2788.77
-4938.2,2618.3
4937.63,2570.3
-3933.95,-289.102
4401.15,-2231.86
-3646.91,-4745.72
3711.11,-4615.79
-2113.7,-3600.96
3610.26,-3102.22
-2491.05,-2926.39
713.273,-611.119
-1329.41,3514.18
431.676,6936.55
-863.074,7402.16
84.1063,4198.93
-868.149,641.566
-258.807,-2733.19
1169.19,-3781.33
66.2756,-4128.74
-285.347,-4152.73
56.4743,-1969.1
-841.334,1554.37
728.122,4418.92
-453.416,5463.58
48.6713,4151.97
-2183.99,1886.43
2209.7,-480.747
-1790.94,-3324.81
3039.38,-6066.94
-2677.26,-6821.84
3293.48,-4602.02
-2728.62,-927.383
3888.9,2470.4
-4523.15,3483.91
4149.65,3712.65
-5983.71,3378.56
5092.21,3737.45
-5528.21,2634.4
5211.49,1509.19
-5268.67,-1188.21
4648.06,-2048.15
-3548.88,-2561.74
4588.07,-2203.75
-3150.04,-2346.29
2698.53,-1369.53
-3083.32,431.633
2090.47,2867.51
-2038.46,4166.28
1255.9,3499.09
-1460.95,2391.87
1251.73,-95.1185
-1061.2,-1611.08
2812.43,-4414.54
-2109.19,-6558.54
3416.27,-6784.79
-3204.1,-5059.34
3733.79,-496.699
-2888.62,2641.28
3163.58,4798.55
-4646.48,4816.63
3042.58,5009.2
-2953.66,2859.96
2864.35,626.45
-2108.26,-3003.26
1360.89,-4405.08
303.766,-4043.63
-601.906,-2288.21
3273.1,-533.678
-4463.15,642.649
4019.26,3321.99
-5759.57,5299.37
5732.88,6285.99
-5619.01,3149.07
5131.01,346.946
-6959.47,-2651.26
7650.26,-2738.46
-4881.5,-4589.11
6051.87,-5808.14
-5038.16,-6722.09
4986.35,-4226.88
-3919.7,-162.818
4329.74,2389.76
-3673.06,3281.32
1810.05,2870.46
-3298.06,3295.37
2591.87,3507.29
-1761.39,1786.02
2264.24,-1146.9
-3613.68,-2933
2575.13,-2009.5
-1588.92,-37.7562
3596.45,502.273
-3521.16,-864.9
3033.63,-730.026
-4528.8,1555.73
4614.54,3651.3
-4600.02,3562.62
4170.93,1683.53
-5085.5,-932.901
4758.83,-1028.21
-3506.07,-1785.99
5403.25,-2660.45
-4225.46,-5062.31
3752.43,-5307.26
-3262.79,-3734.84
2592.76,735.823
-1183.91,3369.58
58.6328,4823.23
-367.012,4735.49
-2261.33,3895.04
2814.39,3062.21
-3928.43,380.028
5025.3,-2326.23
-5329.56,-4817.4
5810.09,-4076.73
-5341.42,-2774.15
6309,394.415
-6285.75,1146.11
5643.47,2847.25
-5780.59,2580.36
4509.46,2647.83
-4025.91,1673.84
3186.02,306.835
-2609.14,-1617.53
2062.79,-2792.37
-1308.13,-2614.45
1400.4,-2255.41
-447.554,-651.244
598.641,-52.213
-1049.38,1245.77
1171.55,1549.8
-1410.97,1416.12
1447.18,630.928
-2878.31,389.534
4295.06,-335.43
-4127.94,-1592.16
5219.38,-2358.57
-6064.93,-2509.84
6693.34,-298.359
-6387.87,347.88
6627,1815.67
-7808.09,2028.63
6321.19,4071.03
-6687.86,4420.04
5582.88,4582.36
-5107.15,1464.82
4138.2,-910.423
-3607.16,-3184.75
3471.25,-4231.82
-1114.45,-4175.49
1536.1,-4522.45
-809.258,-3083.41
-491.748,-442.948
281.901,3384.05
-32.0369,4770.77
-557.859,4388.21
-796.436,2157.98
-491.915,930.093
595.345,-244.299
200.444,-2702.68
713.829,-4538.75
-1143.37,-5084.13
1350.11,-2663.6
-1556.94,1318.46
1642.61,4311.68
-2219.5,5054.98
129.868,5499.86
-1535.48,4506.11
982.897,2942.1
-771.701,360.393
678.572,-2986
-24.3238,-5252.12
-449.154,-4966.65
2654.12,-4269.82
-1022.56,-3076.09
3198.42,-3046.89
-3452.61,-2318.15
3288.07,977.789
-4954.84,3761.74
6080,5218.05
-7223.21,3761.56
5066.09,3124.67
-6002.35,2493.34
6304.01,3260.12
-5199.1,-40.8521
5614.96,-2799.25
-5602.11,-5248.43
4670.18,-4095.86
-2564.39,-1514.73
2708.56,646.079
-1257.37,1318.86
414.994,1303.89
-945.024,1773.5
696.733,1099.82
1521.83,-450.936
-1249.64,-4088.27
952.385,-5213.94
218.039,-4682.95
785.334,-2444.44
2168.47,-1884.82
-2982.2,-629.839
1853.04,1959.68
-3234.22,5171.19
4030.92,7055.65
-5614.29,5250.65
5198.68,3024.56
-7344.23,850.876
8074.74,87.0856
-5820.46,-3685.3
7320.18,-5838.17
-7182.83,-7614.41
6798.31,-4139.28
-5472.4,6.75467
6004.38,3151.52
-4441.43,3150.44
1413.45,3276.94
-1916.64,3266.32
807.231,3549.64
1374.43,602.273
-1599.26,-4687.34
2324.22,-6940.5
-3762.53,-6336.92
5334.98,-1513.36
-3927.2,1341.33
4433.84,2391.95
-6411.66,2380.5
5091.25,4326.93
-5229.04,4138.95
5282.7,3272.1
-5464.9,-203.533
4276.14,-3006.6
-3767.67,-3716.75
3882.38,-2975.08
-2251.7,-1912.63
2198.46,-362.057
-2870.48,1466.19
2707.19,2775.39
-2718.2,2932.21
2178.51,1953.66
-2951.41,1089.73
1120.01,1049.78
-1447.89,1207.11
3882.68,-867.083
-3091.87,-4370.41
3890.46,-6495.21
-4176.91,-5023.76
6117.02,-2233.98
-5122.17,-782.824
6105.81,120.973
-7559.67,336.249
5842.14,3986.33
-5837.19,6401.93
5710.47,7065.11
-5606.23,2688.56
3794.63,-208.252
-4004.66,-2960.69
4611.51,-3398.95
-795.711,-4557.86
1082.99,-5523.04
281.237,-4399.58
-1911.66,-1106.59
3902.98,3244.82
-4859.38,4674.94
4987.46,5001.84
-6868.41,3510.49
6237.15,3192.84
-6350.94,886.269
8677.66,-2703.83
-7253.3,-7821.26
7173.73,-8780.47
-6192.83,-7112.71
7821.59,-2008.39
-6121.07,982.555
5411.04,3411.55
-7460.18,5777.97
4868.49,8380.23
-5089.32,8637.12
4407.38,5052.04
-4388.32,-1018.13
4304.66,-6166.46
-3747.09,-8216.42
5104.55,-7476.74
-2616.43,-5536.72
3120.92,-2762.45
-3934.88,592.325
3860.35,4787.83
-4610.52,7228.91
4184.3,7036.76
-4736.27,3649.17
2696.43,275.277
-3015.34,-2719.52
3808.59,-4342.83
-2569.74,-5497.07
2379.91,-4042.47
-999.724,-1873.97
996.668,968.877
954.828,1608.56
-1708.85,1430.42
1345.12,1031.3
-3505.56,1633.58
4179.65,2901.01
-4615.1,1143.03
6465.84,-1108.67
-7443.32,-2999.79
6939.01,-1372.36
-6660.9,25.914
8957.14,1039.53
-9030.51,-1068.87
7251.76,-485.977
-8177.83,1459
7894.21,4737.73
-6650.91,4302.36
6376.62,1311.32
-6733.1,-2441.12
5856.01,-3386.83
-3778.04,-4074.47
6093.89,-5010.1
-4085.22,-6014.95
3455.83,-5258.36
-3980.19,-962.801
5081.39,3191.07
-4346.93,5176.85
3188.83,4798.27
-5118.01,3794.53
4449.83,3573.24
-4490.85,1839.47
5405.38,-1114.75
-4789.67,-4848.08
4353.73,-5030.19
-4118.48,-3363.48
4854.8,730.422
-3459.32,2199.81
3350.97,2205.82
-3439.29,1365.52
2408.34,832.883
-1201.74,419.488
1309.23,-1160.2
-398.82,-3273.25
-144.439,-3934.56
1254.31,-3017.57
-380.567,-1854.08
2748.5,-945.827
-3351.01,-96.6489
3012.91,1189.8
-4160.3,2793.1
5009.2,3050.57
-4924.94,930.403
4410.32,203.323
-6648.08,722.012
6471,3389.16
-4986.62,2084.45
5459.76,-381.033
-5020.59,-4264.9
4148.06,-4273.43
-2435.05,-2861.46
3705.66,-1172.78
-2800.61,-799.839
747.125,-389.53
-1116.4,2035.52
646.104,3627.78
631.098,3781.09
78.9978,479.453
-1270.24,-1749.92
1353.06,-3920.37
-719.614,-4102.41
2737.47,-4096.05
-3058.91,-3602.41
3696.5,-686.372
-4344.48,2484.97
5209.93,5244.98
-6491.35,5077.2
5486.81,4184.27
-6997.83,1907.84
7047.1,912.175
-6741.28,-1668.44
7162.44,-2455.29
-6410.65,-3410.69
6344.31,-2782.74
-5425.6,-1569.9
4859.68,624.03
-3941.07,1224.68
3134.88,2261.22
-3158.13,2229.5
1788.91,2046.24
-1028.33,944.23
761.089,-1527.93
-432.682,-2836.32
-110.24,-3380.42
-336.242,-909.742
1516.13,340.155
-1094.78,821.909
1083.17,87.5047
-2225.85,474.175
1240.02,2059.49
-2822.55,3481.65
3905.23,3320.65
-4394.6,-4.61176
3502.69,-1353.98
-4264.64,-1936.9
4924.81,-201.261
-3821.59,-598.187
3011.5,-717.357
-3884.1,-526.284
1939.3,1553.28
-1027.19,3613.38
726.397,3536.47
-1413.49,2165.55
-990.602,1397.19
1574.44,255.622
-1628.81,-2023.51
3804.53,-4511.62
-3699.88,-6413.9
3992.75,-4853.44
-3458.35,-2108
5424.39,333.189
-6660.38,1661.33
4844.31,4006.28
-6893.14,6150.39
6034.38,8206.76
-6437.31,5996.93
6009.96,2464.17
-7881.09,-1508.85
5824.51,-1822.34
-4318.04,-1916.24
5628.33,-2615.07
-4554.78,-4071.42
4152.83,-3323.42
-3767.38,-1204.1
5203.99,554.254
-3507.97,109.79
2219.43,-1668.17
-3138.39,-1515.5
2874.45,408.238
-3000.7,2400.07
4130.85,1977.51
-4196.73,477.018
3385.69,-355.006
-4052.42,-650.256
5432.13,-127.561
-5115.28,-870.564
3727.13,179.804
-5019.35,1846.66
3873.37,5147.76
-3123.24,5442.73
2156.55,4202.6
-1907.77,374.949
317.148,-1420.4
1238.01,-3093.56
-534.149,-5442.25
3121.23,-6470.61
-3676.82,-6586.25
3674.76,-2270.98
-2930.78,1337.2
4599.97,4163.71
-5828.51,3566
3454.02,3828.25
-4198.46,3177.6
3803.77,2479.54
-3218.64,-271.816
1953.57,-2535.88
-1754.9,-2566.98
1243.53,-1614.54
153.79,-94.8049
680.742,-329.288
-1051,-208.399
-543.169,1171.25
-460.918,3331.83
1579.95,3288.62
-1535.99,1329.13
505.492,-1316.95
-2447.82,-1102.15
3187.13,518.498
-1959.42,-153.537
3560.53,-2373.65
-3992.65,-4792.57
3575.51,-3212.27
-3607.82,-156.464
4146.51,2907.22
-4203.29,3096
2525.39,3089.94
-3751.11,2539.53
3335.78,2745.85
-2634.41,1791.07
2225.77,-468.539
-2000.52,-2761.71
1673.14,-4153.64
-619.895,-3947.63
1694.12,-2879.19
-1394.01,-707.348
453.319,2227.25
-1435.09,4932.86
1565.76,5018.44
-1792.68,2849.63
1079.74,52.3727
-3029.71,-833.775
3076.67,45.5475
-2270.45,-261.729
3529.75,-2265.49
-4191.76,-3892.52
3801.76,-2211.17
-3530.53,331.967
4969.09,2221.04
-4573.31,956.98
4171.67,-759.697
-6118.22,-1019.6
6753.42,19.7559
-5569.85,42.9163
6232.77,-591.82
-6030.53,-2285.12
5234.69,-1351.71
-5134.8,-54.6529
5918.09,1428.65
-4901.44,665.592
2568.35,1658.97
-3301.47,2672.79
2816.24,4300.92
-1019.15,2540.61
1037.96,-1335.25
-1633.37,-2996.42
94.4453,-2767.95
2118.44,-539.223
-1066.86,-893.949
1420.05,-1712.04
-1654.1,-1780.3
819.93,891.103
-250.509,2650.91
506.568,3000.27
304.097,351.543
-1956.53,-2353.73
3048.68,-3085.93
-2091.92,-3630.77
4771.04,-3843.24
-4074.34,-4325.11
3357.67,-2447.92
-3819.03,299.563
3744.24,4691.39
-3079.15,4879.88
1784.71,4973.27
-2459.56,3568.74
-12.4329,3505.03
582.554,2570.85
-953.428,-541.071
2079.09,-3271.8
-2730.23,-5386.4
4220.27,-3748.19
-3166.1,-2317.38
4957.07,-423.361
-5655.67,-388.074
5219.22,618.111
-4738.03,419.851
4272.59,1006.94
-3480,677.165
2905.14,154.42
-2627.19,-462.397
1746.88,-862.837
-1173,-1138.86
1617.98,-1353.67
-1847.84,-522.677
785.361,1494.15
-1015.99,3569.29
1509.38,3078.99
-1355.56,1089.17
366.347,-1440.77
-1614.28,-1172.71
2320.97,263.829
-1761.7,20.7415
2550.32,-1022.41
-2911.71,-2345.12
2947.66,-1589.13
-3140.54,-46.7934
4534.03,922.689
-3997.43,-18.8143
3014,-450.987
-4529.04,91.0253
3372.96,2940.98
-2549.1,3693.7
3112.49,2097.93
-2745.6,-1222.47
859.797,-2272.47
222.486,-2240.38
659.562,-1820.74
1002.67,-2889.77
-1673.92,-3456.33
1573.44,-1064.35
-2706.03,2344.85
3779.54,5574.93
-4881.68,5119.59
3936.58,3635.3
-4954.23,864.869
4957.1,-787.828
-4564.74,-2644.11
5030.94,-2838.46
-4499.67,-3270.63
3968.07,-2030.71
-2592.47,-925.154
3476.52,-431.06
-2366.73,-676.494
1267.95,330.959
-1898.97,1783.22
2410.05,1549.38
-1740.91,253.469
1773.32,-2334.84
-2632.74,-2179.24
3384.23,-555.039
-1927.55,547.104
3558.61,-621.79
-4766.46,-1865.9
4404.42,-597.081
-5987.65,2181.36
6304.52,5603.04
-6161.89,4978.13
5437.98,3963.91
-7598.95,1578.45
7861.16,484.636
-6065.5,-2219.2
6377.47,-4535.27
-4674.56,-7122.4
5076.18,-6664.12
-3261.18,-4833.74
4348.84,-1927.65
-2738.93,-33.2032
336.606,2660.52
-356.77,5108.99
-1353.72,5914.98
2291.22,4062.43
-3037.73,395.754
3565.99,-2787.07
-4447.55,-4772.71
6837.01,-3991.55
-5867.88,-4507.93
6626.9,-3225.04
-6522.53,-1350.89
5985.48,3387.72
-6287.38,5842.57
5926.13,7374.43
-6480.18,5248
4405.43,2395.87
-4426.99,-415.001
5182.78,-3121.63
-2225.04,-6389.41
3798.9,-8861.27
-3415.71,-7220.3
3839.35,-3274.92
-2934.09,1686.47
4792.05,3479.3
-4564.42,2598.04
3382.51,2397.13
-5607.96,3264.26
6289.1,4122.98
-6269.37,1526.51
6711.09,-2313.22
-7325.59,-5406.41
7639.42,-3711.31
-5720.34,-1962.56
8526.61,-517.592
-8202.02,-1460.71
6430.59,-810.846
-6838.06,1068.18
6238.1,3941.68
-5382.72,4216.21
4397.38,3715.47
-5482.47,2054.6
4353.68,1099.87
-2638.45,-1028.54
2087.41,-3361.01
-450.867,-5358.27
-542.471,-4389.91
1920.74,-2044.62
-514.969,-806.182
2445.34,-412.253
-3736.64,-1303.33
3604.23,102.201
-4950.73,2070.3
5869.35,3080.38
-6532.48,1804.54
5513.42,1415.52
-6626.37,582.53
5676.48,2732.34
-4600.99,1932.86
4469.41,159.461
-5401.21,-866.282
2849.6,286.294
-3202.17,2576.27
4307.03,3203.94
-3692.71,626.491
2962.45,-2179.94
-3202.95,-2958.87
4419.07,-3879.85
-1466.87,-5035.92
2836.99,-7247.1
-3123.94,-6998.65
2970.05,-2036.26
-3140.58,2872.74
4452.55,6571.17
-5331.78,6494.4
1644.13,6426.24
-3816.56,6473.82
3840.7,5241
-2625.94,681.425
1569.91,-3690.88
-2548.65,-5229.61
1757.17,-2630.56
1980.24,-1020.89
-995.181,-1355.47
2130.71,-2634.39
-4312.18,-1119.31
4333.62,2688.51
-4596.38,4357.04
5534.24,3550.25
-7525.4,-2.72357
6478.65,-684.832
-6290.6,-1433.6
8898.66,-1411.1
-7399.74,-4730.7
6341.59,-4980.83
-6635.86,-3942.27
6273.39,-16.3403
-4613.81,2838.12
3491.08,3923.86
-3922.97,4406.87
989.338,5219.86
-329.517,4215.37
-90.0081,929.1
554.382,-2930.74
-2498.79,-4684.37
2998.8,-2706.91
-1075.77,-1759.57
2923.17,-804.268
-4306.3,-385.588
1952.51,2528.97
-2484.13,5327
2751.26,6067.05
-2206.68,2001.32
880.417,-1557.23
-1164.95,-3341.1
900.643,-3276.02
1111.71,-2626.61
-196.068,-4055.45
575.86,-3954.63
-2021.26,-1487.09
1848.27,3255.9
-211.611,5409.99
215.475,4083.19
-1490.49,451.589
-768.865,-516.016
625.997,-10.2791
-463.509,444.067
2304.69,-522.419
-2972.52,-2338.55
3613.11,-2205.11
-4395.75,-456.496
5212.16,1621.72
-4611.64,1177.66
4401.21,932.056
-5623.9,-243.483
5471.91,868.828
-4605.57,898.489
5018.08,544.875
-4416.36,-1519.24
3081.38,-1813.22
-2094.78,-1718.92
3581.44,-1908.08
-1542.99,-2804.63
1532.05,-3411.56
-1587.86,-1234.68
99.4551,2030.5
704.931,4412.94
-596.097,3905.71
-1045.33,2806.07
440.776,1831.69
28.0742,1433.63
1827.51,-1325.54
-1825.54,-4258.65
1938.78,-5398.86
-2411.69,-4426.13
4004.27,-1264.81
-3374.94,1364.5
4175.82,2662.63
-5171.9,2970.97
3995.82,4017.61
-4451.68,2244.29
5365.13,170.124
-4979.63,-3657.19
3939.3,-4472.26
-2667.76,-3728.53
3948.37,-2039.64
-1056.64,-2211.18
-871.916,-1404.51
-153.274,1266.59
-1816.2,5605.49
3377.32,7142.45
-4663.96,4297.94
5309.8,791.884
-7174.28,-2613.78
7832.92,-2805.85
-6602.75,-4102.18
7957.43,-3961.83
-8552.12,-4295.72
8349.83,-810.099
-8175.73,2518.99
8202.92,5948.25
-8104.35,5449.08
5300.27,4455.18
-6752.92,2657.51
5559.58,987.969
-3804.13,-1819.79
3716.58,-4536.23
-2814.16,-5456.56
2744.42,-4295.01
-1536.96,-1949.76
2614.6,-818.415
-2352.4,-492.201
590.604,928.987
-1192.6,3700.25
1146.26,4735.01
-1649.47,3876.43
1047.4,1276.59
-2858.41,-643.226
2713.46,-1157.15
-1580.66,-1767.11
3096.94,-2480.21
-3523.3,-2934.03
2627.87,-554.272
-3187.65,2392.72
3209.93,4362.27
-2822.34,3377.24
1423.02,2424.08
-3359.68,1761.7
2131.1,2818.86
517.688,515.379
-518.444,-3574.83
1860.54,-7295.89
-2121.88,-7967.46
4509.1,-5091.26
-3557.77,-2061
4683.45,809.878
-6477.79,2306.87
5036.63,5680.43
-6052.25,6670.59
6287.36,6537.39
-6374.05,2360.17
5203.69,-770.087
-6675.87,-2659.64
6627.06,-2578.9
-5326.39,-1819.72
4782.39,-996.163
-4640.59,436.041
4152.49,2960.46
-3916.33,4026.39
3141.03,3341.85
-3453.95,725.094
2516.23,-1786.5
-3315.12,-2935.55
4815.5,-3537.04
-2294.33,-5015.05
4469.77,-6438.77
-4565.3,-5875.76
4491.27,-3039.91
-4030.88,1036.59
3922,3998.11
-5392.79,5103.32
3632.23,6868.1
-5651.21,7356.63
4715.87,7368.43
-4754.81,3104.19
3879.97,-1134.13
-4250.86,-4823.41
3520.89,-5065.81
-994.514,-3997.28
1969.43,-2328.03
-310.738,-1515.12
-1326.85,10.5502
2163.64,2191.56
-3338.48,3223.72
4042.44,2788.39
-4738.46,75.7724
4697.66,-1096.34
-5052.63,-2667.55
6399.21,-2596.92
-5146.76,-3740.79
5358.49,-3141.08
-5151.87,-2527.79
4888.99,588.204
-3903.36,2355.43
2590.28,3910.86
-3781.45,5079.08
1158.49,5802.39
-1591.09,5751.63
1449.98,2334.8
-336.061,-2005.83
1220.14,-6385.11
-1125.55,-7283.77
2396.51,-5899.89
-950.2,-3364.84
1817,-1285.61
-2570.87,936.457
2937.62,3564.82
-4207.35,5614.39
4724.76,6061
-5723.22,2984.7
4184.95,401.745
-5292.98,-2324.3
6238.94,-3186.09
-4187.74,-4597.2
5449.12,-4427.36
-4381.66,-3713.99
4558.71,-1413.21
-3541.63,175.452
3707.94,1104.83
-4431.1,1501.93
2499.83,3399.34
-2750.02,5565.33
2129.16,5228.67
-1746.62,2730.1
1691.66,-1317.41
-2269.18,-4201.47
2933.79,-4792.68
-1393.78,-4023.63
2653.46,-2904.16
-3130.28,-1177.96
3270.5,1186.55
-3687.91,3304.33
4232.18,3954.19
-4310.07,2274.77
3903.57,410.466
-4631.05,-1838.79
5518.5,-2805
-4720.58,-4028.99
5111.25,-3505.96
-4590.61,-2372.44
5221.35,71.9915
-3932.68,936.395
4025.83,1446.41
-4519.44,1132.16
2524.32,2239.3
-2532.55,3190.6
1568.83,3206.99
-897.676,1591.63
589.146,-431.51
-825.849,-1099.98
802.45,-1253.27
533.741,-1238.61
-356.732,-2202.04
461.418,-2373.27
-1083.19,-1125.43
1021.5,1569.22
-647.591,3092.31
1034.6,2548.01
-387.355,-498.023
-757.91,-2549.32
1834.9,-3768.43
-937.784,-4298.53
2985.21,-4335.29
-3006.42,-3527.52
3327.96,-1391.01
-3785.86,1702.85
4835.18,4217.08
-4993.87,3517.5
4058.97,3516.87
-5425.57,2271.09
4919.5,2533.07
-3907.97,103.373
4056.21,-1749.32
-2606.84,-3914.53
1864.8,-3638.95
192.391,-1855.39
575.053,-474.052
423.855,306.485
-1491.27,352.664
1456.33,2230.29
-1381.41,2029.89
2358.47,1690.39
-1728.2,-847.454
1149.33,-2407.02
612.207,-4269.97
729.665,-5112.29
1050.7,-5003.91
-2127.69,-2944.4
2854.56,1254.88
-2941.93,3851.42
3165.88,5501.89
-3772.38,3642.97
1868.12,3436.79
-3227.46,2902.22
1722.34,3243.7
265.821,99.1388
-654.145,-3350.57
1610.08,-5753.76
-2317.81,-5235.88
5119.59,-2471.75
-4613.33,-1576.92
5995,-983.873
-7761.92,-1468.57
6994.51,2073.51
-7807.55,4023.99
7951.62,5429.39
-6794.32,1822.11
5662.62,-1284.81
-6276.82,-3809.86
5271.84,-2848.61
-3464.58,-1220.42
3172.04,-472.156
-2998.12,366.636
1917.23,1590.6
-2413.34,4180.67
2147.33,4446.73
-2187.43,3388.39
1163.09,528.202
-1690.19,-2149.21
2490.72,-3730.76
-1674.77,-4205.39
2780.88,-3073.16
-2985.57,-1765.65
3301.07,637.212
-3593.23,2060
4160.66,2324.95
-5924.47,2554.87
4280.38,3997.02
-5062.96,4336.08
4808.76,3035.51
-4000.87,-968.82
4075.01,-4419.18
-4120.19,-6108.82
6299.68,-5330.31
-4270.42,-4682.77
4874.04,-3356.97
-5137.22,-1691.42
3926.93,2590.77
-4642.89,6322.7
3145.28,8635.02
-3406.54,7912.16
1223.58,4788.81
-1699.71,588.142
1104.91,-2457.53
563.128,-5787.33
392.382,-7333.24
268.928,-6065.61
49.1466,-3522.28
639.841,1490.6
-1511.83,4864.74
821.674,6779.04
-1741.77,6033.42
-322.313,4636.46
-269.677,1794.98
48.5712,-1550.78
347.062,-4457.23
31.6906,-6426.26
1014.27,-5792.87
98.8271,-4773.28
1517.08,-2039.8
-874.034,-243.787
98.7236,1538.61
-50.2171,3252.82
-2021.75,4581.94
1168.04,4642.7
-2569.68,4138.25
2977.84,2300.27
-4558.55,-47.1929
5884.57,-1478.26
-5496.48,-3330.12
5646.74,-2867.44
-5639.95,-2562.52
5561.29,186.719
-5660.04,1965.98
5294.6,4004.3
-4972.13,3139.64
3714.54,2974.26
-3115.57,600.501
2504.83,-1873.77
-582.853,-4659.73
523.089,-6624.3
1175.04,-5601.64
-419.73,-4457.92
2247.25,-1154.98
-2198.68,852.835
1490.3,3131.95
-2038.85,4336.91
-372.727,6355.88
-171.466,5616.01
-1480.72,4623.52
1457.37,2500.35
-3001.32,-440.92
4152.52,-1994.87
-3544.53,-4455.26
4967.56,-4682.53
-4373.19,-5355.2
5555.66,-3600.54
-4353.71,-2072.6
4504.64,460.838
-4512.98,1375.69
3323.4,3510.47
-3599.61,4093.42
2526.91,2824.38
-668.045,145.782
-688.38,-2504.82
883.833,-3068.01
-909.139,-2398.54
2067.09,-907.849
-1472.74,-961.999
444.375,570.26
-992.505,2274.2
108.848,5273.71
-36.5883,5233.33
-395.466,2882.03
962.855,-1006.47
-2484.77,-3696.01
3773.05,-4467.48
-2579.09,-4614.66
4500.92,-3304.06
-5195.07,-2922.03
4968.16,684.44
-4819.07,2781.7
5449.86,4011.65
-5666.88,2797.71
3409.94,2243.73
-3555.43,1388.85
3592.85,95.1264
-2256.94,-2619.84
2761.46,-4989.26
-1518.65,-5489.33
1933.87,-4008.75
396.807,-1620.34
861.13,-1022.26
-1162.37,-136.183
204.862,1693.19
-1315.12,4526.22
1083.16,6200.08
-1022.22,5443.5
80.6388,2896.94
-1712.76,571.689
2562.32,-1100.73
-1705.17,-2801.44
3449.7,-4741.84
-2926.7,-5621.48
3687.67,-3786.99
-3764.08,-923.891
5436.54,1529.98
-5063.8,1866.68
4198.76,2026.92
-5562.48,2028.23
4843.26,3120.31
-3381.86,584.143
3782.28,-2057.44
-3496.11,-5300.44
2586.76,-4682.19
-1694.15,-1631.18
1644.29,1175.14
-887.153,2618.26
-741.79,2878.32
-294.472,3798.26
-1223.37,4158.14
2601.73,3185.29
-2744.31,-865.276
1461.55,-3118.37
-2679.78,-3543.98
2488.54,-1343.55
-204.25,-202.299
520.007,-579.344
-835.511,-551.064
-318.495,955.962
475.593,2207.81
-497.359,1760.46
744.773,-442.933
-2355.48,-1890.78
2038.99,-758.926
-1356.61,-118.541
3116.23,192.923
-1768.96,-2533.62
785.108,-3572.13
-712.748,-2656.72
490.159,132.834
1353.59,1677.02
-2384.4,2380.57
1590.42,3121.18
-3963.92,4723.01
4305.9,5939.4
-4743.62,3561.81
5024.03,813.569
-6823.01,-2453.53
7086.04,-2261.13
-5568.92,-2892.18
6380.96,-2471.54
-5414.14,-3173.85
4973.34,-1896.23
-4252.17,-540.66
4192.5,1164.75
-3285.6,1292.23
2318.64,472.885
-1545.59,-689.533
1377.23,-2158.84
593.338,-3532.33
230.881,-4758.49
6.03485,-3569.79
-669.661,-1250.67
346.463,2868.6
-21.6468,4975.32
-1411.5,5847.27
20.9577,5910.5
-1759.06,5672.09
1858.79,3938.87
-2354.11,417.818
3058.95,-3662.02
-2972.12,-6761.91
3564.81,-5616.09
-2200.73,-4018.11
4375.92,-1539.02
-3519.43,-824.344
3275.31,141.961
-3435,1090.17
2607.34,2394.74
-2141.81,2431.22
589.022,2139.32
-373.282,608.293
-493.87,-335.764
1435.31,-854.17
-1467.86,-1950.21
3379.23,-2629.93
-3852.8,-2772.96
3995.16,-1615.69
-3256.24,-807.016
4005.53,856.656
-4892.79,1150.73
3522.38,3749.26
-3647.45,4154.27
4381.76,2975.84
-3581.9,-704.296
2323.48,-3459.98
-1813.37,-3449.78
1951.6,-1955.37
-273.834,-1084.6
338.601,-910.148
-916.975,817.041
-624.338,2918.7
489.878,5453.7
763.346,4135.14
-1014.97,363.905
1468.93,-4184.44
-2587.28,-5742.25
5195.3,-5663.34
-3380.13,-5238.12
5222.88,-4436.44
-5782.43,-2908.47
5770.72,1781.4
-6157.28,4783.12
7360.72,6389.86
-8908.08,4270.23
6874.81,3432.67
-7418.92,1492.29
7382.3,812.439
-7246.89,-1032.83
6661.84,-1765.35
-5246.41,-2374.13
5323.64,-2015.65
-2678.44,-2393.22
2678.11,-2431.19
-1276.99,-2598.16
139.166,-886.715
202.558,898.057
-43.396,1147.77
752,1705.42
-1334.79,290.872
1872.48,-164.93
-1195.07,-1137.6
2360.84,-2226.2
-1802.16,-4337.99
922.902,-2995.35
-1173.65,112.088
205.07,4213.35
308.827,6761.96
-1392.21,6034.46
546.915,4780.27
-2654.49,2276.33
2450.4,614.779
-1363.29,-2326.22
1005.5,-4835.14
570.002,-6724.78
167.674,-5542.33
1038.39,-3470.54
178.287,-1205.21
1919.6,-316
-4344.74,565.393
3879.21,2544.37
-6132.76,4445.5
6783.72,5290.22
-7146.62,2281.45
7001.61,-160.06
-7644.61,-3158.13
8891.89,-3254.67
-7790.21,-4331.82
7403.61,-3052.07
-8214.39,-500.002
7848.37,3435.96
-7491.34,5057.44
6767.37,6206.71
-6956.72,4384.35
4856.97,2206.32
-4559.74,-14.4609
4642.36,-3247.19
-2147.86,-6950.89
2859.39,-8071.99
-2114.11,-5970.89
2900.87,-1639.92
-813.904,1689.41
2104.7,1661.06
-2759.79,905.235
-27.1238,1831.17
-228.292,4575.15
570.414,5263.53
-679.372,2523.29
1042.84,-1696.35
-1945.24,-3573.38
2063.78,-2851.66
-363.194,-1613.93
2529.64,-1387.34
-2986.39,-2047
1954.69,-545.347
-2017.9,1919.34
2285.03,4082.73
-963.879,2954.99
-1050.62,1820.68
256.146,89.9706
-971.949,112.002
3318.97,-1730.31
-2892.56,-4513.67
4424.42,-5327.62
-6173.07,-3996.88
7125.08,495.47
-6494.63,2138.58
7530.91,2524
-9434.59,614.542
8745.63,1726.76
-8005.7,977.685
8706.34,431.757
-8047.4,-2527.95
6243.52,-3373.73
-5899.89,-2254.83
6138.27,128.529
-3942.57,957.264
2834.9,1703.72
-4058.55,3211.06
2910.51,4049.28
-3194.02,4144.9
2635.9,1994.42
-3421.87,80.4153
2349.35,-836.521
-1772.79,-732.605
4302.15,-2145.63
-3293.81,-4993.51
3534.39,-5924.13
-4134.37,-4278.38
5249.68,-719.119
-4123.56,999.202
4517.18,2248.47
-6374.42,2265.03
5039.88,3725.57
-4510.17,3864.31
4067.05,2216.16
-3380.78,-1880.42
2392.56,-3635.54
-2116.43,-3501.83
1957.21,-1152.31
-80.4256,514.206
-451.012,1059.01
410.092,1524.88
-3204.62,3293.51
3669.43,5090.22
-4517.24,4266.54
4820.26,1986.16
-5622.45,-2322.88
5803.46,-3474.82
-5599.37,-4317.94
7163.21,-3580.18
-5486.92,-3893.12
5622.77,-3047.38
-5502.68,-1864.91
5257.42,1247.79
-4891.11,3071.58
4241.31,3805.04
-5191.85,3386.78
3539.34,2169.94
-2334.8,413.981
2898.03,-2207.84
-3017.71,-3662.35
2331.27,-2396.83
-3053.05,491.238
4779.28,1631.18
-4211.59,1183.39
4075.83,136.079
-6535.03,1532.82
6330.11,4450.16
-6982.78,4751.19
6840.51,2991.08
-7576.78,-1425.33
7238.03,-2949.27
-6430.71,-3792.97
7891.73,-2116.51
-6983.46,-2650.52
6537.81,-2086.87
-5998.75,-2592.85
5182.55,-1004.21
-3885.27,973.37
3243.36,2328.67
-3352.14,3555.65
1448.8,3070.98
-341.693,924.87
-390.258,-1946.65
484.512,-3304.31
-480.359,-2695.02
313.326,361.35
363.836,1782.78
689.578,1171.39
-1624.44,-44.0748
505.794,407.173
-566.163,2085.47
151.036,3371.47
-58.6705,2516.12
-164.009,516.801
-481.326,-1531.3
-446.091,-1500.51
2033.07,-428.6
-1256.8,-1071.59
1598.08,-1609.19
-1666.5,-1952.26
1319.7,-1605.24
-214.063,-913.3
930.6,68.1312
-1036.42,-400.579
-244.572,860.283
595.433,1763.3
-520.619,1203.49
1449.17,-545.709
-2253.42,-1856.98
2015.43,-714.329
-2904.88,779.105
4460.21,1679.62
-4817.13,676.789
3094.93,1106.91
-4184.71,1912.36
3920.86,4151.17
-3204.93,2998.42
2791.98,394.22
-2168.89,-2989.59
1192.97,-4225.12
18.5738,-3825.39
944.821,-2932.91
949.538,-2615.78
-1389.13,-2285.87
1056.29,87.3416
-1551.43,2129.91
2736.24,3859.07
-3465.69,2502.86
633.956,2729.47
-772.385,2218.79
-439.266,2438.8
1836.45,528.8
-2419.16,-1858.86
3467.12,-3073.71
-4074.84,-3271.5
5454.32,-1580.02
-6548.76,-443.41
6765.27,1948.43
-8777.85,3232.2
8323.72,5438.06
-8041.09,3447.73
8152.07,1902.84
-7640.69,-2820.79
6464.12,-4864.46
-4763.73,-5838.16
4582.17,-5008.9
-2281.49,-3873.76
1333.74,-1012.77
-829.583,2598.7
-346.878,5428.34
1355.34,6065.99
-3377.18,3407.65
2246.22,2087.45
-4437.53,172.569
5427.39,-70.5051
-4223.32,-2056.11
4797.39,-3578.34
-4414.99,-4027.96
5138.97,-2430.07
-4597.51,-699.942
4609.12,1121.79
-4550.24,1796.7
2367.32,3613.94
-3675.04,5326.76
2457.19,6287.01
-1351.44,3682.6
1081.77,-888.128
-1478.22,-4788.63
1390.97,-6104.78
34.6511,-4941.89
1323.4,-4000.03
-827.235,-2347.38
748.592,-673.021
-1950.21,3383.81
2187.57,5407.57
-3518.79,5857.85
4071.33,3280.81
-6128.95,-544.953
6149.51,-2343.81
-6861.89,-3578.33
9043.35,-2721.81
-8979.61,-3169.55
9353.11,-1235.36
-10097,242.35
8827.65,4629.97
-9061.58,5515.11
7552.15,6357.11
-8365.63,4035.41
6005.46,2317.41
-4447.65,-631.619
3426.85,-3045.01
-547.95,-5996.06
-360.448,-6886.51
2142.14,-5249.1
-2941.77,-2295.99
5026,1522.97
-6814.19,3147.74
7078.42,5244.11
-9215.63,4725.03
8350.62,4835.58
-9381.7,2236.88
8307.58,1149.49
-9801.71,-1077.23
9380.84,-521.039
-8731.62,-972.718
8732.92,-846.241
-7519.4,-1490.97
5890.64,-473.405
-6369.7,944.3
5743.99,2060.01
-5652.24,1929.29
4323.59,839.645
-5129.68,713.915
4991.42,515.989
-3495.6,-1211.29
4306.1,-3629.86
-4923.02,-5172.65
4482.48,-3851.79
-4370.19,-730.482
4616.16,2406.14
-5108.33,3896.91
3674.95,5531.54
-6123.43,6184.84
4923.94,6430.67
-4081.79,2882.13
3010.05,-1219.68
-2584.75,-5195.57
2169.66,-5851.65
104.549,-5029.14
1293.24,-3545.49
-494.568,-1833.72
-2322.28,1866.99
2484.42,6155.77
-4467.98,8470.26
5018.69,7444.28
-6511.47,2656.91
5972.54,-664.983
-7015.52,-4099.91
8862.34,-5123.5
-7527.02,-6802.67
8599.01,-6639.32
-7586.72,-5299.23
8522.69,-1033.91
-7404.78,1554.45
7502.84,4118.78
-8027.74,3597.4
5137.82,3902.28
-5929.07,4139.19
4313.95,3726.86
-2965.79,1612.86
3299.23,-1397.05
-2954.86,-3753.53
2985.8,-4154.33
-1472.38,-3021.72
1412.77,-1887.25
-1472.31,311.847
-202.961,3296.84
-816.261,6659.14
1342.23,6870.3
-1831.78,4359.22
1258.43,155.861
-2794.07,-3166.71
3349.72,-4795.13
-721.597,-7201.16
2526.15,-7892.22
-1913.72,-6809.79
1389.01,-1814.08
-422.633,3177.36
522.67,5985.7
214.412,3914.89
-3501.9,2665.38
1679.67,3003.3
-3176.65,3708.48
5094.8,3057.26
-6711.19,-778.971
6940.7,-2720.67
-8259.59,-3329.92
10246.3,-1175.26
-8756.56,-1135.47
8381.56,-203.233
-8919.28,-875.497
8142.33,1513.63
-7858.66,1872.85
7942.04,1873.02
-6764.18,190.289
5218.24,-873.789
-3931.89,-2178.53
4679.12,-3036.27
-2495.04,-4530.53
1699.08,-4632.49
-1118.32,-1518.57
626.71,1781.84
251.714,4946.99
-1061.64,5138.66
-292.336,4405.05
-567.885,3339.21
-820.666,2832.72
1042.62,897.539
-295.413,-1570.18
1022.37,-4320.47
-952.775,-5495.25
1886.77,-3649.83
-1570.31,-1144.19
2453.95,1447.67
-2816.76,2005.29
1868.35,2583.89
-1995.83,2026.45
1773.66,1428.35
-1134.02,-737.755
699.615,-2339.7
261.621,-3873.11
-454.838,-4422.43
2104.55,-3508.07
-1927.86,-2094.71
2503.93,373.808
-3500.64,2852.62
3454.97,4768.13
-5164.51,4797.44
4887.97,4103.18
-6156.77,1912.91
6455.44,172.475
-6162.17,-2203.71
7279.78,-3409.71
-6952.56,-4326.48
6752.5,-2626.94
-5786.72,-1239.84
5678.42,1611.86
-4804.86,2007.21
3873.46,3046.34
-4161.49,2881.81
2789.34,2594.05
-1781.97,774.546
1355.46,-2251.15
-724.33,-3790.99
712.143,-4340.26
1246.16,-2983.52
558.845,-3182.62
1274.41,-3200.67
-1341.92,-3154.66
317.904,-252.228
-504.367,3538.67
-1302.52,6733.28
1243.61,7435.53
-2763.08,5592.25
1965.1,3219.2
-2793.84,416.974
3673.43,-1733.66
-2736.63,-4914.46
2994.26,-6132.88
-2293.31,-6030.77
2153.41,-2222.08
-292.538,698.309
844.207,2824.61
-192.744,2336.75
-1923.92,1852.1
1188.97,2274.76
-2400.44,1205.76
4077.22,-338.356
-4311.78,-3375.18
5654.72,-4579.74
-5781.06,-4235.18
7493.41,-1855.67
-6994.46,-952.55
6620.38,746.178
-7332.36,1573.45
5802.87,4144.47
-5383.69,5034.73
4991.75,4848.04
-5248.71,2309.17
3639.23,262.145
-3576.03,-1893.77
4416.6,-3173.99
-2699.14,-4306.82
2279.59,-3918.11
-1584.48,-946.935
1666.21,1387.79
-353.432,2486.61
250.17,1054.15
-2026.9,695.408
1987.26,862.148
-1604.71,557.761
2541.44,-542.984
-3042.74,-2231.58
3071.62,-2551.93
-2905.34,-1948.16
4036.02,-635.993
-4147.99,91.028
4162.74,1148.3
-5865.04,2369.26
4828.93,4334.36
-4825.35,3523.42
4574.97,2212.1
-4643.5,-662.871
3272.62,-1743.8
-2252.88,-2192.16
3262.13,-2533.85
-2156.47,-3846.38
1117.17,-3211
-660.802,-888.469
319.632,2115.74
436.157,3872.26
-1444.01,2963.39
987.601,2320.37
-3002.51,1205.13
3973.01,59.7926
-3209.3,-1990.84
3843.71,-3805.18
-3178.66,-4927.52
3288.74,-3070.79
-2695.01,-947.722
3687.21,1171.47
-3068.79,1337.94
1834.44,2002.71
-3092.07,3585.6
2242.46,4925.07
-2137.93,4156.16
2688.03,887.336
-3693.73,-2065.9
3151.33,-3188.29
-1915.31,-2040.94
3606.32,-1884.21
-3479.68,-2198.92
4431.06,-1955.62
-5577.07,-776.279
6135.86,1778.34
-6172.79,2550.59
6756.21,2493.24
-7433.32,49.2582
7899.1,-1537.3
-6583.34,-4254.28
7781.16,-4959.27
-6427.8,-5482.31
6161.43,-3115.84
-5617.47,-441.768
5293.73,3200.16
-4709.64,4580.46
2366.17,5864.62
-2829.25,6247.33
762.704,5503.24
213.443,2617.99
-374.928,-2368.59
802.807,-5532.35
-900.693,-6740.52
2751.73,-4515.75
-1367.42,-2509.66
2611.42,-798.853
-2569.83,-13.2816
2247.33,1647.54
-2014.2,2206.99
1256.17,2764.18
-1366.3,1987.68
-59.4501,851.772
426.226,-331.459
-188.896,-2084.62
2637.97,-3966.51
-1651.53,-5268.42
1716.07,-4046.06
-1163.01,-1914.09
424.528,2117.87
-754.597,3981.3
-386.722,5705.12
-923.877,6222.91
-358.352,5907.4
1981.78,2911.72
-2607.97,-2024.06
3806.9,-6515.55
-4718.69,-8371.87
5820.68,-5657.64
-4239.76,-3295.34
7009.4,-266.832
-7627.11,932.131
6541.73,3768.06
-6479.56,4851.85
5456.21,4590.38
-5308.62,1232.1
4577.03,-1543.84
-5376.83,-3079
5741.16,-2061.26
-3177.84,-1647.56
4008.7,-2726.06
-2933.68,-3268.16
1687.03,-1842.43
-1356.92,755.385
1948.71,2996.39
-2140.16,3924.29
344.745,3398.01
-990.238,3000.17
1475.41,1902.48
-1051.06,-681.865
1862.78,-3615.17
-1959.96,-4606.41
1641.93,-3338
-815.918,-1105.95
2591.5,-82.3438
-2355.05,41.1589
1482.08,1333.2
-2869.14,2979.71
2920.82,4514.36
-2113.75,2160.92
1498.26,-1444.02
-1194.51,-4599.75
492.127,-3763.57
644.375,-1665.03
555.356,-627.16
1511.93,-1421.41
-3027.35,-1955.59
2829.83,-388.466
-4036.45,2735.41
5196.97,5190.12
-6636.66,4159.37
5354.93,3201.32
-7008.37,1295.93
7925.14,461.004
-7721.12,-1472.88
8449.4,-2714.96
-8197.12,-3946.09
8049.47,-2717.99
-6866.13,-2624.87
7962.16,-1190.76
-7036.15,-1305.5
5240.05,998.724
-4312.1,2526.38
3379.18,3162.84
-2525.46,1504.72
1595.37,-898.095
-1704.16,-1776.86
1047.9,-1084.09
1216.16,-171.936
-1504.64,-1084.19
1554.97,-503.774
-2828.55,275.99
2357.52,2794.15
-2501.17,4101.33
2383.13,4010.61
-2317.36,1597.39
123.037,423.097
860.777,-861.641
37.7844,-2812.28
1775.48,-5181.92
-496.883,-6984.6
747.953,-5479.18
-658.122,-2264.28
2309.64,1633.4
-1961.78,2581.49
89.5502,3750.94
-549.409,3698.55
-1292.41,4997.18
1999.81,3534.47
-2253.37,189.349
3642.88,-3303.98
-5410.98,-5826.6
7795.33,-4579.96
-7475.22,-3044.82
8679.61,-96.9449
-9625.33,1779.34
9199.71,4647.28
-9634.35,4254.69
10008.5,4207.36
-10171.3,477.949
8157.49,-438.454
-7700.22,-1436.84
7225.35,-1581.63
-5011.1,-3142.49
4674.04,-3279.84
-4809.86,-1417.14
4596.59,981.168
-2246.28,2148.51
2028.37,73.1645
-2693.11,-1430.46
337.988,-885.959
-891.278,2249.56
2507.2,2631.34
-1949.31,577.043
2002.07,-2043.55
-2888.31,-3251.06
3532.65,-1808.1
-2236.48,-1530.36
3123.73,-1425.94
-4726.64,-918.487
2859.86,2298.59
-2426.85,5340.43
2764.82,6252.89
-2403.84,2872.63
-48.5397,755.997
-645.417,-741.034
-341.055,-748.366
2804.75,-1425.93
-2813.34,-3731.69
3896.48,-4124.26
-3943.74,-2994.61
6227.98,-1028.77
-6315.5,-346.658
5948.75,1160.03
-7928.23,1394.5
7717.39,3454.98
-7385.18,2683.15
7804.62,1617.2
-7269.22,-1113.31
6370.13,-2331.93
-5800.03,-2905.32
5754.83,-2408.67
-4237.94,-2739.71
3627.89,-1002.54
-3499.89,1457.42
2433.24,4453.68
-1892.65,6146.94
48.6661,4806.75
-2181.4,3480.62
404.331,2017.81
-553.493,1233.96
1684.94,-1208.69
-768.416,-3796.51
1521.71,-5816.05
-1258.81,-5671.52
2385.78,-4298.12
-2015.94,-2525.56
3177.75,-518.734
-4484.89,1205.8
4047.17,4064.76
-4660.28,4795.42
5510.35,3255.09
-5435.72,-1112.22
4139.61,-3471.45
-5210.11,-3234.2
5126.49,-153.618
-3780.68,1417.59
3257.9,2512.9
-4097.74,2649.42
2193.7,4433.78
-1592.39,4744.04
1105.29,2860.39
-1192.59,-179.382
-584.686,-2633.8
1088.22,-2849.86
509.792,-3505.35
1880.21,-3799.99
-1427.19,-4249.85
1228.27,-2439
-1250.15,32.545
1536.43,2344.39
-1203.23,2367.41
-87.4479,1935.92
-1100.94,2549.21
4.332,3308.22
1155.12,2377.22
-484.955,-1273.6
121.028,-4345.81
-714.607,-4910.92
779.574,-2038.91
1566.52,-88.368
-1253.5,732.119
1122.12,467.991
-3482.72,2357.3
2989.01,4934.68
-4821.73,6209.33
4829.9,5403.44
-6000.79,1498.96
6275.96,-1567.78
-6757.99,-4385.63
8146.62,-4108.03
-6626.99,-5382.81
7634.49,-4789.63
-7231.05,-4537.7
6716.51,-1286.28
-5582.55,1716.33
4646.28,4697.51
-4301.53,4900.17
1597.41,4293.13
-1217.71,2286.66
874.898,-1100.34
-553.686,-3027.28
741.884,-4469.67
-606.335,-2361.31
369.711,-103.24
761.54,1519.55
-468.103,1676.77
-1834.37,3230.28
871.039,4725.75
-2467.79,6199.06
3392.83,4439.58
-4100.99,-515.07
4923.73,-4386.61
-6006.2,-6696.37
8430.8,-5263.11
-6522.67,-4710.94
8598.47,-4554.17
-8643.26,-3787.39
7450.8,441.571
-8021.1,3931.38
9129.82,7145.32
-9108.33,4576.62
5732.22,3011.87
-6709.56,1807.96
5644.1,1663.36
-3592.11,-671.217
3388.53,-3331.21
-2240.63,-5151.21
1169.21,-3675.92
730.97,-538.211
-1090.64,1307.83
1796.66,2752.4
-4559.16,3026.78
3453.48,4802.6
-3845.41,4326.67
4740.52,2508.42
-4340.72,-2162.32
3883.92,-5362.08
-3346.42,-6780.84
4907.74,-5743.03
-2751.47,-5042.49
2073.3,-2242.83
-3454.36,2786.21
3052.15,6770.76
-2425.28,7783.71
1914.37,4658.28
-4771.25,1973.61
3015.45,555.19
-3645.13,437.028
6035.81,-1646.93
-5892,-4999.19
6031.16,-5193.09
-6331.89,-2974.46
8421.43,708.528
-8066.02,1402.54
7780.24,2254.99
-10394.9,1793.16
8455.19,4228.06
-7762.81,4385.72
8798.68,2420.06
-7918.84,-2801.21
6178.94,-4951.36
-5305.22,-4999.83
6042.46,-3553.18
-3134.86,-3309.53
2928.04,-2908.65
-3734,-146.129
3081.08,3898.09
-1113.92,5972.77
-423.052,4745.64
-988.37,2477.19
-952.486,906.9
510.03,1184.55
512.717,-101.461
1606.48,-2587.63
-1544.16,-4340.31
1967.84,-4524.02
-1490.6,-2545.89
2362.99,-181.286
-1880.51,775.58
630.913,2686.44
-2591.36,4408.35
2464.39,5860.72
-1204.7,3915.62
1438.53,-1227.47
-1800.69,-5436.75
1625.15,-6291.5
-1403.78,-4760.33
4627.69,-3559.97
-3348.54,-2842.23
3712.78,-2482.38
-4283.43,694.389
4669.92,4183.41
-5147.41,4897.96
5550.08,3725.06
-7257.65,128.041
7166.82,-968.237
-7049.9,-1650.17
8417.44,-675.987
-7840.7,-1226.68
7701.57,-490.48
-7686.3,-744.119
7327.92,853.258
-6701.05,2039.89
6047.55,2839.05
-5748.68,2563.2
3874.96,2639.43
-2979.36,575.549
2775.95,-1466.84
-1163.65,-4140.79
1402.17,-5543.15
609.323,-5121.08
-786.476,-3497.29
2700.91,-1477.19
-3047.59,-660.803
2665.07,1581.88
-3146.38,2697.81
2498.36,4726.47
-3227.56,4015.88
3427.38,2489.5
-3952.84,-532.104
2774.44,-2487.48
-1759.57,-2860.77
1535.27,-1865.61
-652.604,-697.682
-123.194,1081.67
-386.433,3164.87
-489.216,3623.44
796.098,3537.88
-1189.8,1323.68
-129.386,-322.255
-98.1245,-1005.15
396.561,-1766.91
1624.46,-3985
-480.354,-5616.86
1377.41,-6067.63
-1532.18,-3324.86
3405.54,-62.3477
-3636.88,1429.76
4024.34,2369.08
-6260.48,2589.91
5263.92,4571.51
-6005.48,5228.86
6345.93,4389.87
-7320.21,1188.89
6323.53,-578.798
-6949.52,-2055.53
7399.39,-1096.36
-5961.15,-1551.49
5649.82,-876.526
-5507.39,-427.588
3734.2,1974.48
-2688.03,2878.32
2201.93,2025.51
-2592.41,543.631
1493.8,-976.061
-1357.24,-1008.85
2931.4,-2850.08
-2046.65,-3998.17
1667.28,-4737.77
-1841.56,-2977.74
2710.56,-371.011
-3055.86,1788.21
2898.29,3228.53
-4708.28,3606.21
4186.18,4499.69
-4944.77,2516.29
5334.87,856.934
-5346.73,-2463.01
4243.87,-2918.99
-3753.54,-2275.16
3868.65,-675.7
-1322.11,-560.382
-777.356,627.247
235.666,2490.72
-1687.81,5007.32
2425.67,5668
-3909.04,2923.7
3438.28,791.099
-4561.94,-1853.96
6167.85,-2495.92
-4707.29,-4730.84
5802.69,-5304.01
-5499.09,-5428.24
6200.15,-2945.32
-5158.45,-903.992
5420.64,1382.59
-4909.09,2489.9
2397.14,3795.85
-3555.21,5484.16
2042.76,5774.09
-1409.41,2934.17
1187.29,-1122.58
-996.641,-4289.93
1439.36,-5218.18
-661.975,-3443.04
2206.67,-2570.59
-2640.97,-913.699
1250.07,1587.04
-2831.81,5604.82
2813.42,7941.46
-3239.12,6606.31
4133.16,2007
-5221.89,-3880.24
5335.75,-6802.54
-3802.9,-8922.58
6331.76,-7698.7
-5260.31,-6432.83
5532.37,-1855.8
-5241.22,3001.04
4214.53,7352.52
-3428.41,7942.75
1214.86,6058.38
-3229.16,3455.62
1442.4,1606.89
-715.299,-90.1666
779.802,-2585.03
-18.786,-3683.32
-610.571,-3373.18
919.013,-678.971
315.725,1263.27
-306.319,1901.32
-607.012,1414.16
-343.708,1628.01
678.239,1010.54
-1061.78,-168.899
1593.62,-1450.36
-2331.01,-2586.95
2877.18,-2593.28
-2124.23,-2651.8
3517.38,-2461.44
-3962.58,-1971.72
4151.11,-117.192
-4277.72,1085.06
3164.72,3179
-3028.92,2808.61
1878.1,2773.92
-3147.03,2561.52
1496.66,3260.44
-266.422,2241.74
-77.3146,-150.499
537.517,-2567.44
-1878.11,-3141.52
2292.56,-1080.71
-2025.1,371.23
3586.46,981.361
-4501.68,-449.528
4164.17,372.909
-4171.91,724.214
3274.17,1744.6
-2535.87,968.066
1585.33,132.444
-1549.85,-1526.59
1367.51,-1889.85
1070.3,-2409.18
-801.531,-3225.76
1556.7,-2817.44
-2801.57,-1447.46
2731.15,1516.02
-2747.34,2483.39
2564.65,3871.09
-3809.5,3411.33
1552.83,5043.47
-289.299,3585.37
-336.663,726.904
1529.09,-3656.03
-2649.33,-6308.85
4313.99,-5215.56
-5116.34,-2135.45
6852.03,1809.27
-7592.56,2561.5
6963.36,4478.65
-8138.87,3280.49
7647.81,3746.59
-7497.34,1176.18
6924.53,-508.651
-6634.9,-3429.69
6201.43,-4794.52
-4101.34,-4809.61
4139.51,-3678.87
-2277.74,-2049.96
949.862,1031.51
-835.562,4013.39
-1089.37,4829.55
696.412,5210.18
-1836.69,3156.79
292.872,1971.47
-439.731,524.517
954.787,-966.499
271.529,-3821.79
-786.507,-4956.98
1385.83,-4547.83
-1212.48,-1786.99
2262.84,985.032
-2609.18,2326.59
2366.04,4017.55
-5026.05,4062.85
4813.84,4489.43
-4854.68,1998.08
4432.53,-543.527
-4069.64,-3578.62
3942.04,-4131.17
-2593.8,-4044.9
3494.49,-2967.21
-2908.49,-1652.28
1551.39,619.531
-940.532,3040.27
92.7703,4499.23
-66.0633,4206.86
-1121.88,2577.82
-540.701,1936.65
-485.624,775.946
1489.38,-366.805
-901.052,-2691.29
522.017,-3505.81
-601.961,-2085.2
-19.5347,1001.36
960.48,2364.4
-1534.09,2217.73
1094.79,840.72
-2766.79,423.644
2949.9,1477.34
-2781.95,245.483
3946.5,-1636.02
-3282.06,-4984.75
2714.04,-5492.6
-3342.08,-2875.26
5322.83,217.968
-4371.9,1147.31
2697.03,2609.92
-4569.7,3859.48
2746.36,6026.37
-1989.61,5680.79
1536.9,2332.96
-1422.93,-1907.15
-544.626,-3318.35
1545.33,-2920.34
154.988,-2650.26
1101.56,-3017.69
-1288.85,-2816.5
511.456,446.634
-915.583,3083.32
1823.47,5615.79
-2476.92,4145.17
-366.33,2529.68
-272.972,1551.92
549.892,93.2238
1464.59,-2734.39
-882.277,-5908.56
1624.57,-6247.91
-1479.74,-5214.15
3059.38,-1941.34
-2182.51,-110.365
1136.46,2131.53
-1429.7,3668.44
-32.2586,5534.01
877.038,4820.06
-1905.56,2028.39
2328.02,-1544.7
-3799.52,-3641.16
4900.52,-3338.27
-4744.42,-2537.86
6696.57,-845.432
-7255.99,-237.937
7435.94,1975.58
-8157.71,2736.64
8055.2,4103.12
-8365.11,2084.4
6963.29,1508.59
-7200.09,-26.1889
6353.25,-92.763
-4872.75,-1273.78
6159.34,-3274.83
-4101.97,-5650.86
3851.13,-6011.13
-2947.06,-3797.21
3500.77,-1166.46
-1677.79,399.335
1232.1,596.883
-2700.38,2585.76
2157.54,4273.23
-2470.01,5281.4
2476.23,3956.49
-4115.96,928.576
3606.68,-802.915
-3731.53,-1726.82
5555.7,-2192.07
-4395.93,-3156.96
4047.14,-1936.79
-5192.54,116.161
5482.73,2868.77
-4854.31,2716.12
4656.44,2075.86
-5833.6,881.085
3461.48,2147.28
-1539.91,1675.76
2312.75,-1329.93
-1124.9,-5939.1
353.304,-7602.21
1529.31,-5925.65
-964.706,-2618.53
3476.82,-61.6683
-4672.63,907.104
3622.92,2813.66
-5383.7,4335.07
5849.12,6217.13
-6339.17,3980.21
5836.9,1751.3
-6941.06,-1232.17
6502.19,-2145.99
-4666.53,-3433.3
4851.03,-2961.68
-4704.25,-1926.03
4235.33,966.083
-3400.13,3355.76
2763.82,3818.64
-3099.17,3155.48
1791.01,1557.15
-1581.21,157.1
2443.02,-2122.76
-970.538,-4789.17
2209.02,-6711.8
-1580.86,-6142.54
2729.45,-4097.84
-2192.08,-900.368
3513.92,1638.09
-5029.56,3427.59
3764.36,5778.98
-5070.64,6589.8
5032.79,5623.92
-5808.43,1903.43
5038.17,-1058.44
-5871.72,-3023.06
6156.9,-2202.58
-4444.27,-2735.43
5930.27,-2911.68
-5052.8,-3715.21
4079.23,-1506.84
-3740.86,1559.91
2347.29,4467.58
-1250.4,4188.49
-563.912,2250.87
265.794,350.52
-915.273,-888.744
2643.08,-1602.27
-1529.51,-4394.71
2133.66,-5401.56
-3058.15,-4932.07
3343.5,-1300.77
-2055.56,1461.26
2713.63,3318.13
-3359.31,3252.12
801.058,4384.37
-2486.44,5661.88
1440.06,4845.27
-1402.26,2496.7
273.917,-1093.71
-775.121,-2291.98
1475.79,-2223.63
231.731,-2531.56
1245.61,-3619.15
-2308.11,-3858.53
2262.17,-2407.2
-2208.51,584.629
3135.45,2821.44
-4319.56,3516.63
4242.59,3211.82
-5667.68,1679.36
6356.85,-195.564
-5492.71,-3627.87
5989,-5092.79
-6756.23,-4488.29
6823.11,-522.469
-6208.85,1862.22
7156.25,3313.76
-7899.83,2418.41
4955.65,4011.58
-5161.01,5003.62
5195.76,4303.28
-5160.75,836.636
3610.81,-2583.2
-2832.66,-4104.77
3158.03,-3624
-1298.95,-2528.98
1921.06,-1677.52
-1548.32,-996.767
124.506,577.417
-93.1007,2534.19
85.1752,2845.36
576.236,1892.81
-999.141,-207.568
-585.418,-893.001
2025.55,-1945.04
-647.112,-3046.52
1038.86,-4377.11
-1373.44,-3621.99
1517.39,-30.729
-1618.85,3279.78
1981.33,4868.96
-3599.89,4487.83
1909.12,4546.53
-3217.01,3510.67
2553.99,3133.89
-1323.71,-411.559
898.215,-3161.99
-17.2139,-5261.6
-843.821,-4861.71
3140.64,-2616.07
-3284.17,-1000.16
4274.85,364.807
-6358.85,2192.2
6319.25,4157.73
-7608.79,4014.38
8804.42,2952.5
-9262.35,-2140.94
9294.22,-4051.91
-9901.39,-4922.18
10752.7,-2882.91
-8682.74,-2521.49
8385.84,-1020.32
-8930.95,438.933
7203.72,4531.08
-7162.36,6552.33
5512.51,7096.93
-5394.13,4112.63
3273.06,262.888
-1962.25,-2746.28
1491.39,-4464.17
650.292,-5077.1
597.945,-5406.81
-120.112,-3541.72
-659.293,-1130.01
1524.36,2714.11
-1021.41,4227.5
405.921,4459.16
-2185.61,3713.54
1286.91,2842.96
-522.321,405.775
244.362,-2519.91
655.979,-4908.15
-300.01,-5214.12
1579.87,-3012.24
178.23,-2196.84
738.547,-986.05
-833.644,45.1434
-942.264,2308.05
933.975,4419.92
-2199.41,5754.47
2328.8,4466.8
-4642.74,2896.26
4143.67,1397.13
-5310.18,246.762
7134.41,-934.242
-6928.16,-4526.75
8013.33,-4866.99
-8315.03,-4921.85
8873.83,-1681.61
-7172.44,-408.679
6984.62,1085.71
-7462.58,502.897
5918.82,2146.86
-5621.3,2797.2
5265.27,1887.74
-4189.19,-545.527
2718.92,-2739.21
-2214.27,-2718.85
1786.6,-1804.96
-715.235,-20.6198
571.565,906.241
-1632.73,2345.07
181.447,3951.14
-919.202,5314.69
738.626,4550.45
-1309.36,1780.28
1332.41,-1354.71
-2310.28,-2977.29
3446.96,-3770.91
-1712.77,-4384.95
3295.57,-4681.91
-3226.15,-4357.02
3506.24,-1207.31
-2542.24,1069.31
3859.69,1985.21
-3665.53,641.543
1508.03,1171.08
-1990.2,1984.31
1795.22,3026.27
-376.12,1297.14
-515.465,-734.035
1314.28,-1918.54
-2716.64,-1218.18
4740.32,469.559
-4844.23,261.538
5168.27,373.926
-6972.91,626.991
6521.61,3149.87
-6734.05,3624.56
7992.14,3091.24
-7981.6,-965.236
6363.16,-2430.12
-4992.53,-4194.84
7043.94,-4885.51
-4737.43,-6544.56
3763.41,-5462.24
-3379.96,-1581.35
2627.4,3040.02
-1018.88,5306.76
-56.4194,4253.29
-1226.24,3096.01
209.359,1409.54
437.55,451.941
392.377,-2614.31
130.245,-4841.98
292.419,-5569.74
-1463.01,-2716.08
3231.51,1211.3
-2559.13,3621.84
2665.79,4224.8
-4876.24,3774.43
3889.63,4331.34
-4255.7,2635.96
4336.48,1286.98
-5125.35,-1594.44
4408.94,-2107.36
-2754.68,-2603.28
3321.18,-2069.55
-2023.48,-2616.97
1420.74,-1988.98
-750.614,-583.072
81.3857,297.635
1769.14,367.638
-2437.85,-777.624
3073.2,-1117.45
-3791.85,-1311.19
4463.26,-310.546
-3974.52,-873.107
4913.81,-1562.64
-4969.88,-2476.17
5263.45,-995.221
-4834.04,503.395
4199.09,2757.25
-3927.33,2992.87
2851.84,3150.21
-4179.68,3026.99
2877.1,3743.71
-2474.46,3741.74
1925.36,2099.81
-565.512,-1169.01
64.5157,-3853.93
583.038,-4777.52
713.421,-4817.95
1202.08,-3679.9
-967.079,-2761.15
1375.13,-767.57
-804.995,700.327
524.912,2071.9
758.909,1186.26
-1593.75,290.235
1723.14,-1096.49
-1946,-1466.62
4198.66,-2619.18
-4438.27,-3583.48
4793.64,-1435.7
-6617.91,1300.23
6422.97,5792.75
-5839.14,5898
4681.98,5271.58
-6762.64,2807.6
5180.2,3145.76
-4382.72,1590.7
4809.25,-1494.24
-2586.2,-6008
1211.78,-7646.66
861.722,-6145.61
419.963,-3715.05
2755.96,-1454
-3638.65,-1067.62
2945.34,1203.51
-3714.21,2761.92
3073.6,5115.25
-2942.58,4042.95
1173.76,2818.69
-2089.15,975.641
1947.89,-185.217
-188.601,-2611.3
781.886,-4721.08
12.3945,-4713.75
-1202.15,-2870.18
2477.69,1089.15
-1986.41,2544.1
1610.4,3552.23
-3898.74,3883.81
2844.78,5165.4
-2615.72,4451.63
1918.31,1638.34
-1102.37,-2702.97
419.874,-5313.3
-266.916,-5031.32
705.543,-2584.22
1612.23,-1125.56
-1421.2,-779.987
942.628,269.126
-1950.97,1483.77
1529.57,3651.12
-1340.2,3169.58
958.074,1379.77
-2897.76,-475.313
2691.77,-768.551
-1775.8,-1151.8
2647.58,-2078.71
-1764.48,-2963.24
1294.76,-2574.13
-1561.39,-774.826
2012.08,945.449
-1457.66,1960.06
330.86,2253.88
-2341.14,3354.35
1502.87,5152.13
-1115.01,3664.46
1732.69,360.761
-2286.93,-3035.24
1269.21,-4160.97
-627.746,-2506.58
3324.14,-2274.59
-2175.55,-3214.82
2511.62,-3489.94
-4740.43,-208.021
5574.34,3786.53
-5425.63,5324.03
5736,3798.48
-7400.5,448.229
6668.41,-253.77
-6967.28,-1029.8
9554.3,-1250.62
-8404.29,-4630.97
7755.43,-4585.46
-7209.32,-3830.59
6742.56,719.693
-4963.49,3084.13
3987.94,4329.2
-5016.87,4593.25
2245.34,4459.86
-279.766,3063.05
423.138,-1051.43
211.762,-4624.45
-631.677,-6456.44
1670.58,-4585.31
326.856,-3767.57
1645.12,-2309.86
-1465.95,-1626.29
224.374,1129.73
327.453,4486.08
-1485.42,5885.92
1248.24,4943.49
-2391.63,1996.33
921.923,380.524
-562.88,-1382.24
1902.47,-1739.5
-655.646,-3682.59
764.592,-4179.45
476.946,-3965.92
-293.521,-2506.73
2621.55,-1070.79
-3527.74,398.335
3122.5,2866.05
-4738.09,4468.48
6274.5,4344.53
-6843.41,621.992
7735.16,-2329.92
-7646.1,-4969.75
7907.61,-3722.85
-6602.56,-2769.27
7175.01,-865.846
-6647.87,-682.646
5442.05,2000.49
-5814.2,4468.68
5300.75,6213.65
-4424.69,4798.19
3811.6,608.593
-3628.67,-3802.39
2430.39,-5336.14
-32.1425,-4706.46
867.298,-3752.47
656.809,-2172.99
-1623.18,150.627
868.714,3434.99
-1361.5,5467.23
1082.2,5634.56
-1303.62,2707.83
-133.777,100.87
-129.129,-2286.12
809.93,-3188.17
1316.63,-5519.2
-602.772,-6338.8
948.999,-4512.73
-1939.52,-858.239
3644.42,3399.32
-3525.07,4084.22
2810.98,3880.61
-5213.58,2739.29
4208.48,3395.4
-3560.23,1834.83
3861.5,-794.354
-3643.78,-3839.84
2584.16,-3863.66
-1349.23,-2299.89
1604.46,90.3749
678.209,392.359
-2333.23,631.703
1004.45,2406.34
-3199.54,4949.24
4015.69,6126.7
-4711.18,3195.94
3921.17,439.051
-4920.95,-2625.77
5643.66,-2854.98
-3235.49,-5021.97
4146.94,-5729.36
-3816.71,-6039.63
4474.85,-3923.11
-3022.27,-804.963
3452.62,1060.68
-3246.54,2784.52
1239.53,3903.55
-2457.27,5021.31
1971.58,4164.22
-1069.38,1191.2
1157.04,-2303.17
-2119.83,-3519.51
2525.83,-2059.39
-2293.62,-74.2076
4082.29,712.211
-5554.57,692.878
4645.31,2163.5
-5505.78,4620.62
5808.54,5552.92
-5712.52,2989.84
5780.16,-869.581
-6144.47,-5297.32
6476.24,-5626.83
-4018.77,-6505.7
6093.82,-5267.61
-4557.77,-4940.32
4470.43,-2547.68
-3352.69,132.827
2783.85,2574.1
-1788.71,3735.54
-256.916,3578.1
-587.748,4042.74
-2062.2,4486.45
2637.93,4022.59
-2384.56,602.561
3179.7,-2536.7
-3637.78,-4525.6
3706.17,-3271.87
-1058.14,-2610.22
1571.24,-1640.39
-2020.01,-1217.36
315.531,1943.43
190.214,4627.57
-705.26,5662.25
1159.52,3804.24
-2458.84,-6.77989
2877.59,-2581.51
-3097.05,-5172.44
5198.64,-5456.03
-3826.47,-6356.39
3725.13,-3600.91
-3918.71,-389.863
3514.51,3995.64
-2231.51,5440.39
476.868,4761.87
-1086.18,2842.97
-1388.14,1949.05
3310.04,138.283
-3806.55,-2769.03
4995.11,-4658.31
-5253.13,-5567.59
6804.05,-2838.1
-6755.03,-665.209
7823.07,2395.85
-9622.64,3912.65
7778.39,6347.1
-8300.96,5542.86
7493.71,4705.57
-7351.62,574.528
6516.68,-1949.92
-5819.66,-4013.55
6007.95,-4996.05
-3107.37,-5669.97
3632.1,-5869.02
-2102.34,-4539.05
1318.03,-417.655
-1394.15,4294.79
1849.82,5366.64
-1760.69,4503.86
-364.344,1554.42
-1154.88,804.833
1252.68,1195.85
-729.903,145.648
2260.11,-2379.78
-2701.93,-4298.39
2488.28,-3429.34
-2018.45,-716.556
2830.71,2281.74
-3035.16,2858.3
1994.03,3730.99
-3737.63,3359.18
2520.22,3651.06
-465.112,1522.47
90.9168,-1880.24
930.502,-5329.73
-1699.61,-5681.1
3729.03,-4715.97
-2819.03,-3622.72
5130.92,-2272.09
-6575.13,-1065.26
7280.67,2258.07
-8497.36,4445.93
9161.96,5486
-10265.9,2526.32
8261.02,2087.11
-9580.4,786.474
9231.87,1975.45
-7974.98,479.06
7655.81,-818.15
-7630.2,-2015.07
6974.3,-1556.91
-5162.16,-1392.33
4881.72,-947.956
-4449.37,-884.17
3320.58,-256.616
-3095.06,1602.98
3438.04,924.935
-1787.28,-813.86
1831.55,-2871.64
-2205.87,-3925.42
2379.51,-2379.57
-1460.08,-1043
2175.52,-340.782
-2499.54,345.023
1194.62,2056.04
-1487.8,4368.44
1569.02,5326.05
-2288.04,3394.44
1005.74,1303.53
-1501.77,-392.266
1680.9,-1831.17
716.733,-3217.24
-342.456,-3871.28
432.325,-3291.6
-603.121,-671.439
1356.37,1462.49
-1509.76,2231.07
1604.64,2276.99
-3729.25,2732.52
2625.64,4402.87
-3015.23,3678.19
5100.2,-199.086
-4369.06,-6112.08
4649.73,-8820.67
-4822.04,-7411.67
6545.93,-2669.91
-4776.42,83.2078
4507.88,1510.4
-6052.88,2565.63
4502.16,5472.15
-4356.15,6493.24
4393.75,5023.36
-4470.71,374.151
2465.46,-2988.77
-2484.55,-4532.08
4085.47,-4466.45
-1537.04,-3886.47
1417.12,-2579.99
-1756.76,643.839
1538.49,3612.82
-1424.89,5143.01
1411.15,3489.12
-3164.56,1873.6
1853.53,1392.13
-2203.81,1414.67
4120.23,-297.028
-3213.9,-4100.41
3240.23,-5705.09
-4021.92,-4750.67
5155.68,-840.467
-3089.51,763.167
3435.29,977.472
-4582.14,236.504
2725.32,2257.55
-2771.08,4000.57
2361.71,3869.26
-1837.39,1265.87
508.482,-1678.78
48.6877,-3196.73
515.853,-3528.64
1163.11,-2908.22
-1277.23,-2328.08
733.202,-391.408
-1922.61,2149.11
2089.05,4402.76
-2138.4,4368.58
1438.02,3379.01
-2805.02,1907.28
1611.31,1154.42
2.04339,-1808.4
1330.88,-5296.1
499.086,-8449.83
-1003.22,-7281.48
2198.01,-2499.61
-1292.84,1860.03
2771.14,3490.32
-4057.51,2684.14
2801.1,3179.97
-4062.18,3627.12
3471.46,5421.57
-3191.04,3108.1
2467.7,333.611
-2291.75,-3455.46
2081.57,-4524.2
-101.811,-3459.17
871.307,-2241.06
276.325,-431.93
-1882.3,989.274
1615.28,2827.26
-1834.34,2992.06
1770.19,3194.93
-2395.59,1369.64
2092.26,389.379
-992.471,-1974.56
1084.11,-4421.78
838.484,-6525.69
-1001.48,-6367.76
1895.03,-3049.95
-2376.5,1367.67
2876.07,4850.81
-3413.14,5307.92
1627.59,5516.77
-3618.71,3902.18
3030.82,3352.37
-2083.16,110.085
1625.56,-2891.94
-1219.32,-5200.3
377.031,-4324.32
1047.79,-1866.62
-810.435,55.1018
1566.69,2025.13
-3638.55,3156.86
3003.98,4872.09
-3841.01,4014.83
4671.82,1780.81
-5098.83,-2371.73
3479.17,-3559.39
-3503.44,-2883.33
6114.41,-2592.66
-4702.98,-3396.36
4138.61,-3079.74
-4395.47,-1162.34
4173.94,2415.04
-2841.4,3228.35
3111.41,1773.38
-4424.94,-149.204
2328.89,644.956
-1850.22,2096.12
3439.15,1229.38
-2870.93,-1223.9
2662.57,-3047.84
-4310.4,-1585.69
4516.72,1587.7
-1839.83,2426.75
1869.09,580.604
-3408.48,-901.176
2904.9,595.499
-3002.87,2098.46
4543.02,1964.33
-4546.38,-483.21
4241.33,-2549.94
-3695.22,-3857.09
6042.55,-3809.73
-2825.42,-5273.58
2668.85,-5258.77
-2301.09,-3211.14
1817.33,496.472
-727.264,2979.63
1428.99,3873.92
-1533.4,2750.14
-1610.25,3896.46
1895.87,4789.26
-2334.98,3192.16
4662.82,-1049.62
-5586.04,-6189.4
5480.9,-5455.7
-4855.51,-2836.21
8201.9,10.5223
-7136.28,-328.845
7045.79,-1294.91
-8151.5,-1240.81
7949.69,2256.89
-6512.08,2407.27
7258.74,1596.55
-6830.21,-1692.86
5719.38,-3388.78
-3833.15,-3711
5322.88,-3769.92
-2596.71,-4366.41
2297.54,-3383.28
-3427.6,-113.479
3450.1,3878.05
-2122.87,5964.27
642.088,4784.26
-1832.24,4011.69
487.291,3202.33
-598.103,1928.49
3274.12,-1908.19
-3386.49,-5969.39
3787.78,-7453.02
-3027.04,-5653.69
4987.14,-1846.45
-3158.05,-486.444
4179.1,319.148
-5605.43,838.244
4432.59,3102.63
-4140.34,3977.09
4283.86,3306.8
-3974.67,-708.104
2229.76,-1964.73
-2124.96,-1977.11
2461.41,-893.085
455.289,-1048.66
-1219.81,-2692.27
2096.17,-2737.74
-3463.69,-522.781
3981.91,2489.54
-4989.96,4155.9
4773.36,4769.92
-6626.54,2739.05
6831.71,1897.76
-6770.52,-857.037
7820.68,-2708.29
-7663.81,-4443.08
6424.1,-3245.59
-5927.73,-2002.19
5579.03,1207.34
-4028.19,1447.84
3281.29,1827.4
-3439.22,2229.42
1755.4,2236.85
-1044.77,1444.14
327.659,-1437.45
-830.384,-2837.16
636.643,-3173.3
-577.671,-372.759
2036.22,766.482
-605.539,474.386
-121.64,-947.333
-1839.66,-694.219
1816.22,1553.78
-3138.22,3024.6
3448.87,4374.72
-3621.1,2443.19
2271.09,1584.45
-2434.52,179.379
2397.33,-242.341
-1133.93,-2326.5
410.669,-3595.77
414.719,-3200.01
-1491.08,-1467.12
3831.54,449.121
-3403.88,752.752
3539.84,516.226
-5149.95,53.0702
5641.19,1360.81
-5873.07,258.306
6409.55,-267.696
-6968.86,-1051.69
6806.96,-206.336
-6177.19,34.7898
7716.21,-366.44
-7627.94,-1690.52
5771.91,-285.14
-6846.13,2116.33
5910.95,5301.23
-4609.62,4722.57
3326.35,2753.77
-3376.11,-220.388
1495.75,-378.121
203.846,-1274.01
1886.44,-4446.87
-157.161,-7507.32
-1611.66,-7468.15
1958.2,-2071.28
-1398.87,3002.83
3682.25,5492.58
-4880.54,3324.39
2366.9,2540.39
-3218.26,2044.71
3543.2,1814.11
-2922.63,-391.706
2544.8,-3325.19
-2323.28,-4145.54
2253.78,-3148.28
-666.235,-1252.6
2352.6,67.6293
-3033.94,715.075
1059.56,2543.26
-2378.39,4944.13
1993.72,5638.09
-2067.92,3938.27
1323.62,1076.07
-2431.87,-1204.66
3770.75,-2400.74
-2398.27,-4290.1
2821.3,-5503.53
-3010.29,-4824.57
3163.68,-1686.26
-2906.59,1857.68
3520.53,4161.81
-3902.59,3992.09
3081.62,2799.55
-4450.3,1254.2
4776.31,-548.358
-4776.32,-2649.89
4749.79,-3191.47
-4555.45,-3009.82
5358.12,-1427.1
-4121.74,-601.039
4160.18,736.216
-4608.95,1055.31
2642.87,3331.82
-3302.1,4522.57
1546.84,5261.89
-1847.28,4049.87
993.147,1777.49
-1009.62,-77.7677
516.798,-2170.86
1847.81,-4009.27
-1200.24,-6322.55
1522.95,-6195.98
-1600.17,-3906.25
2321.56,450.332
-1974.36,3320.35
1676.87,4581.48
-2672.18,4292.54
1453.63,3041.15
-1887.15,1459.98
1948.88,-990.629
-1622.36,-3520.23
2683.16,-4843.7
-3957.68,-3300.43
4654.19,-321.402
-4381.45,2682.82
5583.82,3221.76
-7011.51,2261.51
5739.53,2979.53
-7920.43,3662.95
7678.1,4827.14
-8450.33,2455.28
8017.01,256.866
-7976.72,-3131.06
7889.45,-2775.63
-6804.96,-3070.27
7679.61,-2339.03
-6397.66,-3189.05
5228.48,-3077.34
-4330.55,-1703.63
3286.21,827.748
-1856.64,2606.72
750.218,2883.87
-626.508,1720.85
-1384.8,574.989
1596.99,289.935
-2155,-566.093
2343.11,-119.528
-2302.05,-433.364
1820.41,603.226
-1657.89,648.099
1565.65,1359.63
-2012.64,1059.66
689.491,1832.26
-1191.92,2642.84
582.029,2445.98
895.063,609.67
-1733.61,-1781.49
2754.19,-2992.85
-3027.62,-3616.42
4150.67,-2389.61
-3288.91,-2397.24
2360.88,-556.774
-2354.83,1018.35
2028.63,3055.57
-1100.55,3010.65
749.593,1608.24
-14.3948,-1340.17
-1542.58,-2358
3023.61,-3155.13
-2600.98,-3472.41
4006.75,-2074.46
-5224.27,-1060.04
5517.3,3083.91
-6221.19,4815.64
6562.78,5362.42
-7629.9,3340.94
5066.49,2696.1
-5171.66,1348.97
5185.35,842.314
-4242.3,-1919.04
4429.59,-4005.68
-3195.7,-4708.66
3419.33,-4490.01
-882.059,-3208
882.844,-2034.3
-900.733,-513.691
396.773,1440.24
-1006.57,3584.06
337.212,3972.69
67.1895,3162.6
-954.028,964.016
-116.024,-590.958
761.259,-1557.89
-904.893,-2133.09
1576.71,-2443.73
-1954.72,-1397.68
1049.12,1199.74
-1659.71,3935.59
1657.97,5461.28
-3050.96,4311.7
1846.99,2914.56
-3109.81,1265.19
2414.44,78.0637
-1545.27,-2221.19
2106.06,-3847.89
-1382.46,-5516.7
1372.37,-4731.26
-432.11,-2351.05
409.649,-142.494
1132,717.012
-3703.61,2223.78
2327.86,4055.49
-4362.4,5734.91
5108.09,5327.77
-5418.82,909.541
5466.82,-2623.83
-7153.13,-4571.32
7897.96,-2729.88
-6700.86,-2044.18
7267.62,-1049.3
-8495.37,-218.11
7142.69,3679.73
-7890.92,6147.37
7618.5,7332.55
-7711.14,4552.56
5393.14,552.786
-6299.5,-1872.78
6374.23,-2865.41
-3648.4,-5030.48
5626.77,-6701.76
-4487.01,-7309.79
4049.34,-4363.44
-3054.72,25.7168
4425.28,2662.31
-4631.66,3274.65
2127.46,3851.64
-3987.91,5520.98
3547.26,6532.64
-3318.39,4166.87
3003.45,-282.644
-3498.95,-4017.78
2816.15,-4409.02
-1022.15,-3703.93
2708.56,-2257.14
-1603,-2245.37
739.279,-647.072
-939.649,1754.53
-409.116,4599.73
1358.75,5289.3
-3461.3,3811.31
3597.13,1256.62
-4370.35,-1652.79
6217,-3610.03
-5312.54,-6339.49
6908.66,-6323.78
-7650.63,-4933.93
8098.38,-665.265
-6756.66,1492.89
7272.55,3164.14
-8158.05,2825.08
5931.46,4747.92
-5973.8,4438.13
5948.59,2393.19
-5659.5,-1440.52
4346.54,-4248.57
-3343.74,-4009.18
3998.58,-2003.07
-2461.47,-255.497
2297.04,719.897
-3449.22,2241.65
1723.68,3759.99
-2825.34,5633.49
3086.19,5069.62
-4283.23,2954.14
3385.31,566.117
-3939.7,-2310.94
5886.13,-4461.37
-4364.45,-7245.04
5748.8,-8396.75
-5296.53,-6880.46
6118.11,-2023.42
-5133.14,1079.31
4927.27,3966.04
-5821.31,4162.66
3558.36,5245.43
-3990.5,5021.67
3202.47,3320.82
-2816.03,364.014
1168.83,-2187.53
-726.486,-3186.35
86.5043,-1744.5
1150.52,58.7869
-1974.65,1459
1521.76,3936.58
-3107.07,4583.85
2519.28,4854.42
-2094.63,2058.91
2537.42,-1851.66
-1926.53,-5845.22
1283.19,-6264.41
808.266,-5880.23
855.147,-4505.25
420.853,-3465.77
-780.496,-1767.26
1004.97,2225.99
-1615.49,4465.78
2840.71,4964.19
-4254.69,2664.71
1830.06,1667.46
-2646.89,1228.75
2336.02,1902
-1439.71,672.977
1533.6,-664.827
-1107.72,-1637.29
146.161,-1291.28
2018.7,-704.987
-2128.38,-1002.1
2681.26,-1381.17
-4158.85,-115.686
3407.44,2838.93
-3581.08,3930.88
4348.9,4091.29
-4168.83,-188.384
3055.4,-2319.55
-2803.95,-3421.03
4070.78,-3745.76
-2268.65,-4651.98
2298.79,-4499.66
-2232.26,-2620.53
1660.21,866.632
-649.318,4258.84
-174.756,4762.97
-1112.26,4832.14
-683.642,3342.31
-281.798,2354.94
932.151,180.3
-683.959,-2924.4
1798.03,-4501.32
-3061.19,-3805.37
4086.43,-1708.82
-2945.61,141.104
2941.64,1420.09
-5100.9,2631
4312.81,4996.95
-4527.19,4880.03
4414.76,3596.49
-5701.88,159.006
4473.68,-1658.67
-3960.62,-2875.09
5084.23,-3368.04
-3188.3,-5018.4
3142.57,-4416.5
-3456.9,-1702.74
2837.39,1619.79
-1625.01,3633.35
166.937,3873.7
-1125.83,2873.79
-739.936,2526.38
1650.8,1704.65
-728.478,-1253.48
180.122,-3444.98
-477.089,-4762.19
798.837,-2831.68
216.868,-954.239
529.646,577.317
71.5991,1367.67
-2238.84,3197.46
1524.59,4606.92
-2207.95,4807.66
2350.8,3056.55
-3594.05,-709.801
4186.44,-2084.9
-3549.83,-3934.7
5335.61,-3869.89
-3194.93,-5133.11
3556.79,-5181.97
-3435.7,-2899.48
3001.45,1195.06
-1789.18,3635.41
1658.83,4779.14
-1050.8,3166.27
-953.403,1334.64
1332.03,544.154
-1461.45,-985.67
3041.29,-2770.66
-3488.94,-3910.99
3780.41,-2246.42
-3575.02,196.442
4012.8,3353.05
-3098.88,3023.38
2150.95,2784.73
-3437.46,1087.2
2281.75,1416.27
-1583.85,1175.46
807.166,-100.941
637.506,-1908.96
-1235.84,-3354.22
2307.87,-3206.48
-1224.33,-3587.92
2679.39,-2705.91
-3380.55,-2510.12
2842.01,114.084
-3070.48,2081.74
2492.03,3719.4
-2049.2,3219.87
-356.16,2911.66
314.175,1987.79
-1376.2,1115.5
2257.83,-859.859
-2950.02,-3099.1
4015.48,-3262.39
-5288.2,-2220.44
6205.81,772.335
-6403.45,2229.6
6016.24,3620.66
-7791.06,2990.69
6955,3662.88
-6219.99,1093.89
6280.06,-723.331
-5584.46,-3697.64
4822.45,-4580.85
-4056.33,-3416.5
4539.45,-1917.65
-2511.76,-1442.44
1423.88,-51.903
-2026.31,2683.84
1229.47,4519.48
-1204.79,5332
794.123,2464.17
-2453.39,247.852
1001.75,-494.198
-1172.75,109.88
3342.99,-168.526
-3454.9,-2109.88
3506.22,-2784.75
-3943.89,-1970.23
4505.63,-244.714
-4060.21,384.564
4505.3,1169.23
-5951.31,443.274
4993.78,1940.9
-4728.07,2286.56
5852.17,371.962
-4294.47,-3415.06
3225.32,-4846.83
-3539.85,-3783.7
4014.75,-616.471
-1899.64,664.786
1802.14,299.592
-2642.03,679.437
756.165,3272.44
195.234,5209.43
-680.841,4382.79
958.248,809.8
-2470.54,-2149.52
1808.82,-1916.22
-1440.81,-1155.18
3978.4,-399.961
-3590.51,-1511.4
3567.22,-2292.94
-3909.33,-1720.68
4935.45,-38.7538
-3747.71,-318.008
3888.26,-312.711
-4784.09,-539.274
3403.41,1534.29
-2559.4,2655.86
3266.65,1391.29
-2602.15,-1094.32
2008.65,-2657.27
-2323.61,-2266.09
4100.51,-1525.9
-3715.38,-1070.1
2858.26,-788.724
-4331.75,1797.19
4864.28,3821.12
-5059.48,4332.34
5435.26,3182.32
-6180.03,-267.798
7097.75,-2536.81
-7290.68,-5031.13
9195.02,-5360.34
-8451.39,-5383.13
8088.02,-1534.72
-8261.07,1815.38
8132.46,5543.4
-7654.84,5665.77
5710.73,4954.98
-6455.16,2614.32
4728.32,1264.43
-2469.08,-1657.76
2025.48,-4479.97
-673.215,-6560.88
1023.32,-6051.97
1164.06,-3205.76
-685.284,-1418.77
2413.89,823.6
-3662.96,1703.56
2363.38,3853.72
-2530.17,4069.18
1789.9,4390.12
-2792.83,2668.76
1840.86,1270.78
-1804.68,92.3672
1680.22,-1259.55
-1189.96,-1579.57
216.961,-1477.15
7.00784,-23.478
-158.832,1211.04
299.271,1433
260.533,184.681
-219.313,-887.055
-6.54843,-2018.15
-1133.16,-1426.31
2543.82,-1071.59
-2509.08,-1964.09
3843.17,-3040.83
-3729.54,-3164.7
4199.16,-1483.4
-4597.69,702.53
5225.62,2242.9
-5773.75,1235.95
4668.81,1896.22
-6351.2,2290.03
5777.78,4678.95
-5307.35,4252.11
5410.5,2070.2
-5344.1,-1615.14
4138.48,-3406.21
-2885.24,-3413.98
3844.02,-2604.75
-1932.2,-2321.61
1769.7,-1672.21
-1581.9,61.3141
538.548,2426.16
213.528,3925.32
-359.75,3050.61
-653.114,1508.83
700.982,-615.672
-48.0343,-1955.3
1590.98,-4007.36
-1614.87,-4189.24
2355.21,-3531.23
-2766.97,-1213.73
3983.78,1182.88
-4932.61,2703.63
4559.97,4437.25
-6668.22,4936.49
7194.01,4635.02
-7290.26,343.578
7534.17,-2637.94
-7202.64,-6228.74
6984.52,-5231.03
-5708.54,-3485.52
6498,-863.352
-5056.55,-110.384
2523.32,2216.96
-2521.22,4469.64
-104.539,6904.97
747.577,6427.73
-2088.56,2390.76
1412.19,-781.761
-2799.21,-3905.53
4601.24,-3788.11
-3110.49,-4959.71
4433.9,-5132.09
-3397.9,-5128.69
3703.99,-2658.43
-3432.75,-16.6541
3057.36,3530.79
-3037.79,4939.42
549.431,5291.07
-1136.75,5269.71
-550.103,3409.31
1277.64,1171.77
-971.141,-2058.14
510.476,-3840.37
-97.5531,-4081.71
273.193,-1956.61
629.562,-516.085
-330.495,793.074
-234.194,2119.23
-841.966,3701.92
1514.92,3614.58
-2216.88,1675.29
2235.44,-646.841
-3607.35,-2763.92
4933.32,-3343.81
-3074.14,-4760.78
5323.17,-5278.88
-5084.25,-5048.54
5223.8,-2112.7
-5135.14,1394.3
4603.78,4338.68
-4811.2,4591.24
3006.97,5481.24
-4886.13,5312.26
3391.54,5625.75
-2414.19,3207.18
2459.33,-1646.14
-3043.52,-5155.8
1666.18,-5096.81
-1125.9,-1630.8
2696.18,838.325
-1838.28,1258.07
1262.41,206.25
-2913.75,1199.64
2753.73,2150.21
-3099.11,1930.12
3526.38,243.594
-3927.34,-3437.46
4864.26,-5015.74
-4620.65,-5226.12
6030.62,-3230.79
-5284.61,-1674.33
4906.56,456.853
-5797.02,1737.66
4724.01,3919.06
-4851.33,4521.18
3526.44,5214.21
-4126.41,4118.54
1688.19,3140.91
-62.0188,214.133
-687.266,-2586.47
1727.87,-4705.97
-2750.14,-3599.94
3936.2,-54.8661
-3897.66,1459.66
5410.57,2228.28
-5881.19,-226.064
5409.76,-76.8799
-5193.37,-889.786
5229.49,460.851
-3897.15,-1224.7
3472.4,-2240.68
-2822.01,-2986.22
2053.33,-1978.43
-72.8865,350.888
158.297,621.85
1009.42,816.289
-2532.99,-2.7196
1328.14,1598.13
-950.304,1834.96
922.674,2301.44
-757.115,949.151
-1043.26,1014.63
2258.33,775.321
-2344.26,-550.739
3925.02,-2032.49
-4732.04,-3684.62
5697.76,-2839.24
-5737.22,-1644.43
6976.76,511.53
-6906.71,285.858
6222.29,1998.22
-7385.37,2249.1
7057.4,3121.08
-5749.2,1179.12
5650.99,-1335.46
-5379.69,-3632.29
5469.04,-4341
-2965.55,-4303.91
3845.39,-3865.96
-3398.91,-2677.51
2421.57,307.505
-2700.93,4545.34
1867.55,7001.39
-2136.34,6736.76
855.165,4651.07
-2638.97,2263.55
2507.3,22.5218
-1638.73,-2451.78
2294.47,-4568.34
-2465.78,-5045.84
2747.8,-3281.34
-1524.86,-832.251
2384.45,1186.99
-3245.04,2085.75
2533.36,2877.08
-4331.71,3760.69
3856.13,3277.4
-3066.36,-156.806
3375.3,-3265.01
-3205.41,-5810.27
3328.78,-5188.12
-2280.26,-3125.85
3594.56,-1541.55
-3425.47,-803.051
1034.27,2137.72
-2152.58,5641.19
460.313,9103.38
-411.163,8104.75
-657.638,3359.23
275.557,-1403.21
-2335.46,-4498.04
3165.37,-4063.02
-1718.43,-3410.31
2477.9,-2887.12
-2078.21,-2531.96
2819.15,-692.943
-2244.63,301.677
2974.84,1810.84
-3517.2,1681.87
1352.46,1853.57
-1763.29,2108.72
1326.53,1270.34
-152.367,-192.522
683.545,-1753.26
-857.519,-1736.67
1212.22,-1413.97
-245.375,-1272.11
957.124,-2138.26
-2651.2,-1004.47
1575.65,2452.75
-2564.8,6624.81
3745.59,7393.27
-4576.88,4138.43
4712.01,-786.549
-6335.14,-4422.12
7395.81,-4707.4
-5908.03,-5530.38
7327.95,-4314.37
-7133.96,-3743.07
6621.5,23.9949
-6409.29,3053.09
6821.25,5249.07
-6421.25,3532.34
4240.31,1772.32
-4912.99,-22.4141
3820.02,-444.009
-1991.31,-1587.47
1927.26,-3258.47
-603.8,-3375.46
211.621,-2643.28
1461.1,-791.3
-390.004,-265.272
248.636,0.359192
-2491.58,1667
993.076,5013.96
-2033.81,6907.39
2372.13,6294.8
-2389.99,2157.74
1200.07,-1313.12
-716.928,-3792.3
1244.67,-4562.82
930.132,-5548.42
-883.387,-5419.84
1171.19,-3219.63
-1895.41,1068
2929.27,5007.26
-2882.87,5546.62
2497.51,3978.27
-4409.62,591.132
4014.77,-906.272
-3229.18,-3445.49
3364.08,-3629.28
-2094.83,-4240.1
1878.39,-2643.2
280.962,-1233.3
-736.648,331.566
1939.11,1287.76
-4818.52,2911.1
3964.09,5619.02
-6073.07,6095.72
6651.78,5403.9
-7326.3,1040.5
6850.54,-818.083
-7844.29,-2610.96
8441.65,-1542.36
-6630.96,-3127.62
6666.02,-4028.49
-6250.39,-4169.37
5063.51,-604.873
-3890.48,2906.51
4348.57,3636.66
-3325.29,1586.74
1245.29,-1544.6
-1884.32,-2101.44
2276.15,-1846.03
-856.047,-1371.61
1298.27,-1791.97
-2283.99,-989.935
2076.36,713.01
-2700.55,3144.23
3422.46,3781.38
-4675.75,2861.66
3003.99,3090.8
-5193.89,3276.68
5897.63,3065.5
-5406.43,148.543
5087.92,-2067.94
-5315.51,-4047.19
5727.78,-2799.25
-3212.87,-3184.23
4125.51,-3443.48
-4140.56,-3461.86
2634.46,-565.2
-1796.71,2972.46
597.794,5011.56
377.609,4282.95
-2679.88,2546.34
2325.32,1007.89
-3762.64,-108.867
5499.52,-710.535
-4973.26,-3806.64
5838.96,-4982.74
-7080.17,-3724.95
6842.66,841.927
-6381.22,3780.85
6294.03,5655.92
-7881.59,4043.58
5681.73,4091.67
-6612.93,3350.08
6495.55,1887.77
-6152.79,-1018.94
5624.5,-4285.16
-5103.24,-5466.78
5024.45,-4089.47
-3746.33,-2332.88
5105.18,-757.404
-4858.17,-156.34
3325.63,904.127
-4164.64,2502.51
3676.36,3949.48
-4346.94,3185.23
3571.72,1832.78
-4817.09,390.176
5265.56,-748.409
-4455.64,-1793
4322.41,-2564.93
-4483.88,-2249.44
3390.19,501.485
-3287.38,2107.54
3603.16,3254.38
-4190.21,2878.11
2039.59,3368.61
-2557.91,3266.43
2622.73,1922.44
-1577.63,-1829.26
186.249,-4200.86
-144.93,-3875.77
167.295,-2095.11
2136.67,-126.986
-2174.7,-450.08
1771.18,-125.704
-4105.42,1943.81
3307.61,4398.7
-2720.73,4099.32
3673.87,1136.27
-4980.22,-2819.34
3207.03,-2503.59
-2764.78,-1200.86
4498.48,-344.925
-3594.43,-1805.87
2756.37,-2893.12
-3100.34,-1432.96
3277.58,1930.31
-2817.19,3602.35
2305.39,3076.87
-3795.1,2105.99
2232.93,1420.98
-1970.34,1183.34
2535.67,548.72
-2826.29,-259.528
3204.52,-1242.41
-3725.47,-1963.5
4865.91,-1868.8
-4447.58,-2091.1
5148.79,-1704
-5872.38,-45.4817
6151.67,2139.87
-6375.02,2239.65
7241.08,1340.37
-7840.37,-842.207
7537.41,-1280.49
-7135.09,-1852.85
8354.27,-851.041
-7801.35,-1947.81
6628.14,-889.007
-6721.75,635.436
6410.17,2937.76
-5068.67,2494.82
3668.13,2280.52
-3727.69,1452.34
1968.09,1114.43
-1376.8,851.077
2107.35,-1511.51
-139.884,-4163.43
478.744,-6275.2
253.83,-4519.91
738.069,-2079.46
-68.211,462.543
901.772,844.579
-2651.1,1885.43
1552.44,3687.87
-2044.11,5203.44
2831.22,5226.04
-3487.21,1178.07
3269.05,-1970.85
-3929.77,-4170.94
4053.27,-3399.51
-2281.55,-2730.92
3543.84,-1680.75
-2944.24,-1291.44
2147.67,376.952
-1630.18,1892.02
709.253,2938.33
-129.368,2491.14
-1811.66,1204.81
1637.64,785.778
-1234.85,-407.049
2791.98,-2083.79
-2688.96,-3699.58
2544.21,-3054.22
-2868.8,-1691.85
3668.69,521.455
-2252.6,208.328
2059.56,111.815
-3615.63,1113.27
3355.19,2902.19
-3102.77,3450.08
2731.67,1463.63
-2770.35,-1306.55
1952.33,-2393.14
-1906.75,-1524.16
3394.59,-333.352
-2248.66,-625.499
1486.67,-952.011
-2696.47,-145.631
3204.76,1227.02
-3226.28,1886.53
3686.17,1921.57
-5606.57,1940.06
4378.35,2401.64
-4016.97,1942.65
5505.97,-918.335
-4984.39,-5011.03
5176.61,-5537.03
-5800.03,-3634.9
6721.66,83.0541
-5576.55,979.004
5516.37,1150.49
-7020.71,754.375
5970.89,2823.56
-4206.71,3057.5
4864.37,830.082
-4352.61,-3237.79
2962.36,-5225.4
-2550.03,-4110.44
3333.61,-1296.99
-806.213,194.342
-54.2561,1644.51
-475.467,3070.73
-1562.06,5021.67
1834.97,5917.81
-2610.14,3629.34
1732.15,1363.39
-2964.5,-909.517
3057.48,-784.914
-647.447,-2620.62
1801.42,-4301.4
-1449.85,-5619.86
1884.34,-4526.31
-391.202,-2561.54
1110.47,-668.51
10.2718,561.783
-1539.17,1142.83
1797.88,2569.66
-2128.39,2191.24
2712.56,1061.91
-2405.61,-1644.19
1346.39,-2021.47
-1352.15,-1224.65
1522.99,211.723
735.635,138.345
-1339.35,-381.007
452.6,284.9
-2225.96,3424.18
2252.5,5925.75
-3176.05,5200.23
3390.97,2620.89
-4493.71,-1324.35
4522.74,-2075.19
-3547.95,-3389.71
5518.53,-4107.18
-4241.35,-5846.63
4757.11,-6267.55
-4014.59,-4666.25
4265.78,-508.94
-3431.85,3042.11
2584.31,5153.39
-4090.59,5796.85
2393.09,4845.3
-2592.45,2677.07
2325.08,-151.977
-2827.86,-2002.56
2552.81,-2283.78
-3033.76,-1534.56
4432.02,-926.354
-4539.03,-668.174
4548.79,-329.143
-5657.02,1643.78
5752.18,3833.23
-6874.01,3643.91
6933.03,2383.7
-7806.93,-984.06
7369.98,-2205.85
-7078.21,-3197.29
8378.44,-2204.43
-7817.14,-2657.3
6546.59,-720.969
-7110.93,795.621
6388.17,2999.13
-6163.83,3631.51
4620.49,3476.98
-5462.06,3178.52
3059.02,3059.71
-2104.99,1084.67
1808.06,-2089.81
-1069.52,-4995.27
875.253,-5643.38
-829.25,-2709.75
1390.02,200.302
338.519,1243.54
-1004.85,695.613
-1229.13,1480.83
-24.3891,3530.2
-220.689,5497.8
221.839,4051.6
-368.95,449.55
-565.813,-2594.19
-207.69,-3475.73
1478.75,-2008
-133.671,-1982.65
402.271,-1724.9
-379.916,-904.418
-839.688,1032.81
1610.27,2832.54
-1503.09,3403.81
1576.13,1770.23
-3764.02,594.288
4027.78,554.371
-4055.16,-521.521
6222.03,-2238.11
-6490.48,-3894.96
7137.75,-3158.6
-7230.4,-1841.17
8816.72,438.807
-8559.4,326.815
7260.13,1908.29
-9401.04,3469.32
8311.23,6639.96
-7338.93,5175.27
7451.61,1502.3
-6658.14,-4049.47
5804,-6412.88
-3724.01,-6945.7
5312.8,-5950.06
-3160.67,-4676.68
1536.21,-1981.56
-1637.32,3081.66
642.183,7532.67
562.134,8471.29
-1526.66,5129.5
-841.398,2139.07
-829.514,-528.507
863.299,-1422.35
1203.32,-3824.64
-105.65,-5913.76
491.605,-5578.4
89.4627,-2897.77
1008.36,1084.63
-1216.28,3392.19
-122.785,4405.59
-2004.49,4535.33
765.9,5020.96
-499.746,2973.58
1523.76,-230.825
-563.598,-4678.27
-401.243,-7054.74
1656.01,-6404.44
-1530.6,-4193.18
3853.74,-1775.6
-4950.03,1078.35
4679.2,4334.89
-5554.92,6510.36
5545.61,6712.24
-6806.44,2841.92
6488.71,-642.595
-7770.97,-3851.21
7678.29,-3000.09
-5913.67,-3003.18
7447.32,-2056.77
-6503.87,-2479.27
6178.52,-1106.74
-6047.49,744.515
5120.7,3074.08
-4491,3883.97
2588.37,3260.99
-3597.88,3013.38
1713.74,3440.44
-744.703,2213.51
1929.27,-1284.35
-366.013,-5404.66
-190.916,-7487.48
-10.1923,-5298.11
2231.47,-2500.33
-682.774,-628.049
684.968,-167.397
-1848.04,1813.21
1472.97,4161.65
-2092.91,5433.35
2309.05,3964.88
-3332.36,258.72
2779.15,-2218.38
-3264.18,-3466.76
4841.05,-2211.85
-3191.34,-2466.47
3500.17,-1570.2
-3856.25,-794.795
2720.26,1594.86
-1872.98,3353.35
976.267,3920.69
-1144.96,2897.08
-407.089,1945.09
2395.65,-382.181
-1860.72,-3870.24
3427.54,-6302.76
-3824.5,-6753.72
5170.27,-3746.72
-4675.95,-895.864
7025.68,1055.01
-7267.27,1193.14
6532.86,2772.65
-7430.95,3431.7
6822.52,4895.72
-7569.83,3213.55
7090.43,1169.25
-7003.86,-1666.45
6438.5,-2062.34
-4025.08,-2531.7
5415.99,-2918.81
-4152.33,-3945.62
2577.97,-2427.46
-2762.78,525.209
2049.99,3554.26
-338.905,4719.1
-513.086,2920.08
-640.49,1838.79
105.753,672.572
505.745,-844.866
1146.81,-5004.04
-484.576,-7370.69
699.273,-6859.93
-233.881,-3195.23
1310.79,1944.28
-544.079,4076.84
-617.053,4682.75
-1416.09,3936.46
45.7854,4280.2
243.644,2870.13
-633.187,883.86
1131.19,-2073.92
-2458.16,-3675.99
4133.87,-3754.86
-3164.53,-3981.12
5700.29,-3057.38
-7436.46,-1624.98
7172.76,2479.04
-8336.47,5570.18
8041.35,6847.84
-8977.8,4188.45
7256.16,2698.86
-7695.88,-68.4498
8570.65,-1361.1
-6835.22,-4896.96
6645.22,-6522.62
-6228.7,-6277.48
5470.71,-2420.39
-3925.94,1530.03
3894.12,4063.21
-3955.33,4850.56
1782.58,4061.99
-2427.08,3570.35
1370.1,1360.04
-677.969,-1556.3
874.001,-4392.29
-1187.2,-5052.06
2110.26,-3435.7
-1194.05,-824.514
1778.56,1039.17
-3157.22,2644.79
1591.22,4610.78
-2979.48,5640.3
3237.59,4962.62
-3280.63,1479.24
2589.48,-1681.93
-2998.55,-3633.71
3446.08,-3650.46
-1175.26,-4881.09
2087.15,-4743.86
-1433.7,-3864.3
1241.59,-752.04
-42.3721,2592.03
-28.3408,3707.72
502.924,2688.53
-3538.38,2050.38
2854.83,2590.59
-4605.3,3562.77
6244.65,2971.08
-6337.61,-354.031
6548.35,-2311.6
-7564.88,-3387.82
8307.63,-1348.55
-7038.75,-1054.99
6930.56,-335.885
-8018.87,-221.916
6730.89,3083.68
-6135.06,3692.72
5913.06,3641.7
-5430.86,568.442
3547.2,-2270.82
-2363.2,-3650.32
2832.94,-5102.81
-852.985,-5007.92
1463.41,-4896.12
-1067.2,-2445.47
1334.47,242.185
-1329.33,2977.13
1487.07,3633.53
-3249.46,4078.03
1315.85,4776.87
-3429.06,5228.8
4574.8,4100.08
-4999.42,200.055
5615.34,-3143.31
-6611.09,-4714.65
7521.88,-2815.32
-5785.64,-2301.97
6399.53,-1259.04
-5827.37,-1812.76
4987.19,425.053
-4650.89,2297.18
4385.69,3835.32
-3137.61,2089.33
1423.22,-38.3642
-399.853,-2713.74
510.424,-4246.33
1875.81,-4086.25
-1449.84,-4375.01
2596.27,-2010.12
-3741.04,69.016
3656.27,3611.17
-4058,5141.33
3674.01,5223.41
-4111.11,3565.11
2444.59,2756.44
-1971.8,247.67
3071.51,-2776.86
-2122.25,-5597.33
2131.15,-7019.48
-598.655,-4813.03
861.236,-782.855
408.634,2062.25
-634.902,3561.71
-753.969,4295.97
-605.954,4084.24
177.524,3565.38
-180.405,1009.34
558.151,-1791.41
78.6948,-4671.26
-855.818,-5267.23
3202.02,-4548.9
-2605.28,-2764.78
3720.13,-1655.7
-4627.85,740.577
4633.01,3741.71
-6967.77,5284.1
7565.06,6191.46
-8604.25,2870.06
7575.57,725.818
-8373.47,-1787.19
9073.88,-1861.63
-7613.15,-3991.96
7509.09,-3453.87
-6632.55,-3469.22
5779.44,-747.209
-4377.9,1669.79
3188.44,3294.05
-2730.83,3707.2
742.624,2913.59
-684.764,2165.49
476.555,-650.994
533.611,-2566.61
46.1596,-4788.49
-523.155,-3742.59
587.663,-1661.64
120.135,1024.08
1621.29,1328.61
-3245.71,1105.65
2960.45,2144.25
-4646.31,3461.67
4951.07,4334.84
-5103.11,1322.34
3917.08,-219.946
-5164.13,-1742
5633.33,-589.545
-3557.89,-1103.66
3733.91,-1764.1
-2717.67,-3334.6
1737.86,-2839.28
-404.156,-1768.89
-214.595,-62.9468
1332.11,1410.71
-3217.52,2003.39
3210.94,3744.61
-4369.77,3065.29
6017.82,1142.06
-6120.42,-2139.96
5310.5,-3211.85
-5636.51,-3112.31
6899.28,-801.835
-6048.73,-660.013
5535.08,286.936
-6673.96,1905.78
6177.23,4257.83
-5401.81,4304.29
4704.06,2410.13
-5231.19,-566.464
3853.55,-1523.28
-3432.22,-1852.01
4615.59,-2142.17
-2882.38,-2828.34
2758.77,-3250.43
-2904.37,-1877.43
3415.12,412.577
-2796.93,1331.8
3631.4,362.907
-4787.02,-47.8561
3666.01,751.136
-4370.04,2683.49
5587.7,2838.11
-5568.53,186.419
5815.19,-1941.7
-6991.73,-2925.29
7694.64,-845.737
-6108.37,-759.924
6524.16,-478.116
-7042.26,-1162.96
4893.94,1913.63
-5230.57,4466.37
5153.69,5751.06
-3055.11,2370.7
1211.22,-1553.19
-794.191,-3883.23
-515.998,-3410.32
3049.54,-2221.15
-2360.83,-3207.93
2826.05,-2453.42
-3900.29,-1407.56
4905.52,2077.12
-4047.61,3021.83
4705.71,1982.88
-6327.38,-215.028
4876.38,-384.316
-4088.95,-894.5
5119.23,-852.876
-3997.25,-1812.27
3265.16,-1706.04
-2470.87,-354.082
2543.4,611.603
-1623.99,539.794
734.66,694.07
-2566.46,2081.5
2532.95,3784.83
-1996.6,3970.09
2648.47,1016.52
-3667.8,-1014.92
2374.57,-1628.9
-2285.19,-986.386
4356.44,-809.664
-3605.45,-3011.05
4335.55,-3955.27
-5269.54,-2634.71
5771.57,879.595
-4979.07,1775.14
5412.32,1470.97
-6008.96,-951.212
5160.14,-1170.41
-4606.23,-419.539
5389.72,111.168
-4276.19,-810.015
3187.01,-1604.57
-3342.75,-1565.31
3153.09,397.401
-2663.32,1848.08
2368.78,2790.47
-2469.26,3008.85
-153.517,3441.77
119.898,3257.46
-212.797,1756.14
40.0234,-263.271
83.4579,-2470.12
109.819,-2558.86
936.92,-2977.18
1013.44,-3494.2
-155.479,-4349.38
-252.035,-3429.89
-278.97,47.7383
-311.959,3928.63
597.537,5530.08
-485.323,3810.72
-21.0352,1041.26
-818.762,-1857.14
1634.63,-2692.27
-173.339,-3960.92
98.6826,-4490.79
1071.12,-3819.38
-2033.7,-1214.87
3296.93,2143.82
-3130.68,4369.61
3218.02,4831.38
-5154.35,3979.37
4065.7,3424.84
-5440.37,1774.13
6568.54,75.6675
-7386.11,-1967.78
7722.72,-1846.73
-6549.85,-2628.69
8068.01,-2083.59
-6804.5,-3679.68
6354.26,-3073.34
-6232.24,-1536.07
5754.97,1292.81
-4057.91,1944.52
3609.2,1617.6
-2862.46,-258.5
1487.08,-662.206
-324.02,-943.869
390.944,-1866.14
531.742,-1621.09
-2160.65,-1511.49
2191.06,1376.26
-1818.65,3253.95
2318,3666.17
-3219.93,2509.53
826.889,2982.66
-2067.87,2998.85
1698.42,2842.89
-516.733,110.549
-169.5,-2832.39
1229.71,-4093.41
-849.38,-4335.66
2719.9,-3400.53
-1907.46,-3663.24
1944.37,-3005.86
-3177.54,-620.705
2940.89,3217.06
-1705.6,3911.19
1963,3232.13
-2046.73,-141.235
-349.322,-1266.15
905.488,-1293.39
-739.802,-1349.88
3024.36,-2327.31
-4374.95,-2574.13
4363.73,571.566
-5075.54,3701.75
5905.9,5768.62
-6223.84,3310.9
5231.95,1594.01
-6898.28,-666.096
6601.91,618.769
-4983.19,191.904
4838.42,-805.669
-3415.4,-3140.23
2474.72,-3551.97
-1049.69,-2553.14
1683.39,-1512.41
-11.0616,-488.231
-1069.84,-539.568
926.901,673.787
-781.517,696.037
1560.11,782.121
-1208.52,-735.969
-69.3642,-363.58
688.064,-250.376
-461.609,-67.6031
2416.98,-1673.88
-3224.07,-2850.15
3705.58,-1273.87
-5110.98,1220.89
5969.76,4154.76
-6778.5,4082.68
6247.96,3614.55
-7474.37,1436.38
7546.8,1262.83
-6143.9,-1347.41
6747.73,-2925.23
-6031.95,-5134.15
5581.28,-4725.65
-3953.65,-3246.13
4869.64,-1414.07
-3158.23,-74.9547
1623.92,1764.7
-1754.68,3584.93
1399.7,3514.51
-789.035,1910.87
365.716,-1643.49
-1268.46,-2390.95
538.739,-836.448
298.666,914.053
1864.31,146.153
-2084.73,-1776.42
2136.31,-2679.96
-2978.36,-857.443
3641.59,1748.29
-3817.36,2722.22
3864.64,2406.19
-5380.83,594.564
4801.15,1330.55
-3943.18,555.483
4838.96,-493.779
-3417.62,-3337.13
2684.57,-4393.08
-3186.17,-3678.43
3012.2,-339.502
-523.236,1150.22
-425.673,1544.66
644.734,1994.9
-2462.42,2441.71
3537.34,2630.6
-3900.92,12.1877
5149.71,-2847.11
-6145.41,-4805.04
6433.74,-3035.38
-5107.25,-1269.46
6881.32,419.998
-6700.4,-312.257
5233.47,1328.46
-6079.62,2536.7
5432.19,4596.97
-5076.02,4392.04
3653.47,2676.09
-3671.35,325.346
3358.6,-1307.62
-1655.01,-2980.04
2154.53,-4541.63
-1300.91,-4341.68
789.089,-2920.13
50.9003,-334.425
1459.39,609.661
-743.726,618.958
-237.519,816.933
-1190.49,2013.33
2065.32,2246.08
-1913.7,664.734
2106.39,-2227.35
-2630.67,-3440.65
3579.28,-2210.46
-3228.3,-547.01
4726.21,513.734
-5378.09,231.414
4396.85,1352.18
-4934.35,1883.76
4430.24,3740.93
-4249.62,3345.48
3158.04,3019.15
-3666.48,988.274
2598.99,-30.7369
-1407,-1496.18
1724.43,-3373.84
-40.7672,-4446.92
142.096,-4434.17
467.091,-2233.63
-3.79187,-996.81
1024.4,485.84
-1880.02,658.714
1223.85,1549.32
-1217.28,2428.38
1580.73,1798.25
-1268.99,-76.0749
301.266,-1581.91
465.442,-2583.08
57.0151,-2744.61
517.686,-1817.43
-318.092,-382.67
540.867,1502.29
-1728.58,3617.55
-290.389,5904.99
236.348,5973.7
-860.738,4260.59
826.623,568.018
-1362.92,-2075.32
1938.17,-3830.88
-382.978,-5065.05
1960.24,-5575.26
-2514.81,-5193.25
4408.48,-2723.03
-4318.02,217.65
5064.58,2754.7
-5190.3,2856.55
4502.02,3302.4
-6363.93,2340.73
5622.26,1700.13
-4936.19,-56.8965
5830.32,-2348.04
-5395.83,-4052.63
4830.95,-2650.93
-4273.78,-1009.56
4565.92,1638.49
-4145.25,1518.81
2493.28,1848.23
-2722.7,3126.09
725.565,4595.16
-221.445,4607.51
-91.9383,2002.55
179.938,-2101.86
-939.624,-5031.62
2175.66,-4906.12
-1362.26,-4164.87
2668.63,-1909.52
-3140.67,-478.515
2694.34,1563.31
-2745.46,2675.02
1473.57,3771.98
-2021.05,3706.2
1238.5,2770.25
-1466.88,634.644
1839.2,-2631.03
-1604.53,-4656.46
2245.87,-5273.22
-2326.43,-2991.86
2752.46,14.0725
-3634.36,3185.38
4189.59,4411.69
-6773.4,5094.16
4585.42,6418.59
-6080.2,5782.76
6268.16,4294.45
-7216.99,-797.193
7722.71,-4419.67
-8082.65,-6857.07
9175.87,-5607
-6947.84,-4904.83
7923.08,-3304.08
-7122.79,-2467.53
6195.21,490.628
-5945.35,2884.37
4607.31,4824.54
-4206.13,4673.86
1440.56,3617.39
-1706.1,1616
660.467,820.589
1118.9,-1373.77
-1215.68,-3659.7
2449.89,-3600.55
-4011.73,-2441.52
4167.37,1654.76
-4009.57,3312.01
3862.81,4553.69
-5071.29,3562.39
4054.06,3558.51
-3720.8,1768.3
4734.08,-1262.81
-3477.56,-5824.87
2488.42,-7473.88
-1295.86,-5782.81
2173.64,-2886.1
750.722,-424.59
-397.662,249.675
-566.88,1798.95
-329.378,3151.93
-514.066,4655.85
1308.93,3044.66
-1768.59,-107.344
911.815,-1995.83
-1915.73,-1059.05
4090,-456.321
-3394.48,-688.487
4327.98,-1509.39
-6412.01,-1532.84
6347.78,1806.22
-6184.3,3271.89
6902.44,4027.8
-8860.69,2348.77
7380.3,2305.01
-7356.29,1321.97
7777.96,-156.374
-6509,-3753.08
5959.01,-4594.34
-5539.8,-4782.39
5544.66,-2388.05
-2891.02,-1174.2
2122.33,-981.034
-2345.92,208.558
-72.2556,2901.33
-557.003,5712.59
547.39,4980.97
-915.395,2455.07
-944.693,-1125.46
797.041,-2164.97
-411.833,-2446.16
2042.11,-2805.94
-1179.25,-3788.39
251.305,-3196.44
-547.562,-53.1283
535.493,3218.53
-428.172,5221.32
-854.843,5214.04
-888.6,4568.83
-1017.73,3816.84
1106.97,1728.65
-280.466,-1119.41
784.305,-4695.94
105.987,-6727.71
456.345,-5252.16
1781.17,-4269.92
-542.922,-2502.44
2021.37,-1769.25
-3865.13,752.063
3810,4024.17
-4735.18,6149.42
5407.67,5705.66
-6760.36,2048.89
6436.13,-132.761
-7855.76,-1964.77
8439.49,-185.694
-7124.96,-1889.75
7682.28,-1777.57
-7280.03,-2575.11
6632.49,-1049.55
-5303.29,990.634
4803.33,2357.57
-4647.16,2408.14
2683.9,1720.86
-1409.18,267.271
1970.42,-2154.41
-119.174,-4397.71
218.163,-5534.71
-34.6207,-3444.05
608.561,-1635.88
-63.8246,123.603
973.649,880.992
-1868.72,1687.68
506.875,3986.48
-1134.65,6025.31
1598.91,4560.28
-1707.11,137.373
1152.9,-3745.21
-1578.57,-5263.6
2756.68,-2923.3
-664.621,-1768.63
1704.57,-957.586
-1611.11,-1055.57
27.2033,404.282
304.777,3094.79
-748.952,4291.4
1054.31,3719.43
-2115.57,1780.91
1704.22,-145.786
-1987.19,-1913.05
3607.58,-2891.76
-2687.44,-4566.93
3144.53,-4147.34
-2712.75,-2838.41
3307.8,-426.102
-2248.85,890.532
882.034,2536.09
-1030.48,2933.39
-44.8782,3274.02
312.765,2384.42
-909.796,456.477
932.253,-1043.91
-1939.01,-1918.15
3283.72,-1674.88
-2434.17,-2605.98
2973.78,-2034.12
-3489.65,-1086.25
3121.11,1597.09
-3489,3272.23
3381.47,3816.24
-3497.75,2063.34
1536.11,900.438
-1237.4,412.459
2052.08,-987.254
332.47,-4342.54
581.544,-7181.4
308.565,-7461.05
280.561,-5158.82
1492.88,-1094.72
-730.508,1722.54
-4.0441,3885.9
-1897.81,5853.32
641.173,7854.25
-1807.2,7374.87
1593.44,4443.83
-1733.29,-142.705
1184.77,-3963.57
-131.97,-6030
2486.61,-6684.62
-160.952,-6321.32
705.586,-4625.43
-717.233,-1006.93
717.29,3535.38
197.107,5254.37
-242.635,4363.19
-1550.21,3000.78
27.2824,1995.02
-111.497,1186.97
1182.28,-1469.36
-998.739,-4039.86
1830.2,-5758.51
-1751.41,-4454.22
3841.42,-2005.21
-3042.35,-324.543
3671.48,387.668
-5909.08,1576.89
5305.02,3921.85
-6193.03,4141.18
6995.29,3892.78
-7332.09,449.123
5847.1,-807.734
-5847.17,-2106.13
6405.63,-1586.81
-4651.5,-3163.86
3450.86,-2737.6
-2964.56,-960.065
1947.82,2220.99
-396.256,3744.21
430.67,1896.87
-694.728,174.275
-1055.04,-1734.48
1692.6,-961.689
-270.705,-1906.89
836.981,-2429.94
-196.971,-3263.16
-516.797,-1678.3
1796.36,381.692
-2130.84,1979.62
3214.88,2316.06
-5410.89,1846.33
5102.49,2916.04
-6317.38,2659.85
7791.05,1982.09
-7667.55,-1068.57
6597.73,-1610.31
-7006.97,-1808.21
7452.42,323.232
-6325.56,-49.9105
5629.39,86.0966
-6321.73,421.42
4416.28,2968.95
-2948.2,3354.52
2193.96,1723.28
-1049.36,-1711.04
-297.77,-4511.46
1731.2,-4892.44
-1112.8,-4906.04
3964.21,-4251.39
-4626.38,-3636.69
3548.68,-26.1372
-4612.02,3906.39
4415.35,7455.42
-5232.59,6781.89
4017.39,5067.58
-6448.54,2615.06
4463.44,2116.4
-3431.5,312.887
3468.28,-2365.32
-2746.95,-5016.37
3130.28,-5543.46
-1953.21,-3626.23
3346.7,-1586.46
-2171.95,-136.832
1334.1,415.881
-2813.1,1860.03
2922.89,3055.87
-3164.15,3224.43
3089.21,2262.76
-3871.51,921.405
3525.91,-69.9026
-4111.34,-1131.74
5586.87,-1716.17
-5293.3,-3237.65
5924.51,-2669.26
-6115.53,-941.934
5932.74,2114.15
-5528.56,2969.11
5304.03,2896.99
-5594.42,665.042
3866.28,624.979
-3255.64,655.024
3398.88,506.288
-1841.8,-1773.61
803.298,-3166.36
-112.394,-3119.07
-620.075,-1432.24
2105.72,981.304
-2383.43,1424.21
1781.17,2622.18
-3461.98,2476.7
3545.14,2797.83
-3534.21,1040.63
3910.72,-1112.95
-3460.21,-3602.95
3732.04,-4450.41
-2417.64,-4514.61
3574.13,-3611.81
-2487.11,-2513.93
1477.77,-159.787
-1813.35,3316.4
1329.89,5634.71
-1375.34,5636.88
1133.42,3273.79
-2606.25,657.227
2413.86,-990.932
-1602.14,-2071.23
2285.44,-3110.46
-2539.74,-2832.16
3125.76,-1410.24
-3212.15,853.922
4783.25,2016.6
-4435.12,1036.52
4649.75,263.945
-6346.07,-294.864
5940.51,948.637
-5606.6,421.909
6913.27,-818.196
-6004.1,-3345.45
5163.75,-2669.46
-4540.36,-1321.3
5497.19,646.927
-3455.26,-1174.94
2004.71,-2255.36
-2448.93,-1208.58
426.132,2508.63
420.164,6215.49
-1026.01,5941.87
1570.82,2587.79
-3889.99,-1108.33
4937.9,-2738.7
-3923.54,-4506.08
5567.72,-4403.27
-5369.67,-4863.63
5319.33,-2604.64
-4969.35,-187.549
5810.35,2526.25
-5310.65,3313.82
3427.03,4222.54
-4538.24,4234.52
3765.69,3492.67
-3373.24,200.118
3939.37,-3713.7
-3329.03,-5379.41
3472.34,-4983.95
-1578.37,-2623.3
3277.94,-1262.18
-3341.65,-1024.68
2233.42,783.691
-4164.2,4317.53
4670.98,6544.2
-4803.8,5860.94
4900.69,2487.88
-6265.06,-1897.25
6109.29,-3279.32
-5253,-4480.05
6841.41,-4188.58
-6236.12,-3947.19
5274.38,-876.572
-4863.73,2055.37
4825.12,4930.15
-4065.98,3802.55
2468.17,2358.77
-3473.07,592.207
1518.05,96.2656
268.891,-343.461
-206.863,-2809.01
1348.34,-4127.6
-2304.35,-3537.08
2708.57,-459.889
-1800.65,1092.73
2525.11,1612.24
-3074.74,-238.358
1842.98,-88.1812
-2125.94,1061.48
1959.58,2292.99
-1660.12,2006.02
139.317,1132.89
162.208,-107.483
-669.161,-666.891
1729.17,-810.414
-1352.73,-1434.42
1249.77,-627.998
-2371.13,19.0187
2033.4,1807.58
-2214.56,2484.53
1851.55,2456.05
-1594.47,1311.31
1476.36,226.424
-334.449,-2172.62
624.969,-3834.46
868.828,-5622.01
-1339.74,-5392.83
3427.7,-3189.07
-3535.91,-678.301
4874.65,2062.39
-6235.87,4019.02
4898.13,6122.32
-6461.78,5835.96
6293.71,4866.98
-7470.91,1308.44
7621.66,-818.817
-8352.84,-2470.04
8285.51,-1403.55
-6207.67,-2560.79
6622.23,-3026.74
-5250.43,-4044.49
3941.86,-1914.45
-3731.5,1632.17
3587.94,3899.64
-2152.02,3031.2
469.61,340.372
-1017.91,-1356.23
877.205,-1648.25
736.841,-1456.88
122.865,-3284.22
157.732,-3300.06
-1649.98,-2108.48
993.591,1627.07
260.159,4301.65
-932.969,4529.49
-280.22,4119.51
-2319.59,3984.33
1110.75,3994.98
-214.519,1484.61
1026.86,-2439.38
-1905.24,-5568.42
1353.46,-4301.77
-434.745,-1514.88
1759.33,340.841
-1174.59,267.496
-419.331,209.961
-174.484,1174.26
-163.342,2615.4
1132.72,2308.32
-2597.97,631.271
1946.55,-807.546
-2919.62,-1398.04
4014.18,-1393.21
-3073.84,-2019.89
3647.04,-1871.2
-4288.74,-1449.89
4149.58,699.18
-3664.1,1059.41
3919.26,1157.78
-4963.69,594.009
3134.86,2490.15
-2791.26,3701
2996.72,3135.74
-2375.52,329.059
1733.4,-2881.36
-1403.12,-3632.82
1914.68,-2922.53
-940.893,-1250.22
1810.1,-736.071
-2727.03,659.328
2741.68,1923.55
-3295.64,3030.72
4413.72,2678.65
-4587.93,611.734
4498.65,-1057.48
-6257.34,-1902.96
8034.24,-1542.86
-7299.54,-2603.16
8610.52,-2667.06
-8593.61,-2830.64
8487.85,330.988
-8176.65,1705.25
8291.54,2923.24
-8675.32,1647.18
6390.8,1875.76
-6437.98,2029.74
6324.61,2407.53
-4278.65,-388.811
3653.62,-2945.19
-3242.24,-4475.33
2827.63,-4184.62
-718.388,-2148.46
223.088,-701.554
329.357,1123.8
-1630.09,2961.7
1232.89,4668.84
-1642.67,4123.71
1668.71,2297.75
-1791.26,-1531.42
1156.6,-3182.49
-1541.13,-3043.46
2643.2,-2227.26
-566.005,-2168.42
864.469,-2500.15
-749.887,-1804.38
977.912,316.829
-1362.66,2734.56
1187.94,3200.73
-1978.26,2987.52
1110.34,1775.33
-2058.9,1375.54
2912.01,782.029
-3198.12,-349.204
5087.02,-2031.13
-5987.17,-3563.61
6180.27,-2964.69
-5698.02,-1816.53
7621.44,-163.144
-8394.82,163.107
8142.56,2252.72
-8578.54,2481.14
8840.07,2600.53
-8335.74,-187.444
8168.19,-2030.87
-9200.59,-2581
8621.75,77.3474
-7064.59,840.379
7410.86,399.16
-7430.5,-530.942
5630.33,468.468
-5427.44,1827.45
5012.13,3167.58
-4038.01,1529.87
2018.98,-283.189
-1809.43,-1596.19
1289.73,-1072.94
1072.94,-1610.2
-693.385,-3075
1388.43,-3124.43
-2677.33,-2634.6
2698.78,485.631
-2033.7,1858.45
2364.34,2714.77
-5006.59,2964.11
4477.8,3918.34
-3641.88,2599.75
4282.52,-582.365
-3581.35,-4852.63
3064.68,-6216.71
-2186.78,-4510.97
3652.97,-2278.64
-1724.35,-787.218
1310.25,575.995
-2797.61,2926.91
2410.87,5848.86
-3329.4,6804.28
3583.59,4788.51
-5060.26,1703.84
3072.56,-409.469
-3392.45,-436.683
5321.14,-1013.46
-3906.21,-3798.67
5474.32,-5545.66
-5835.86,-5740.49
5900.01,-2045.63
-3995.14,5.83066
4443.65,1537.8
-4341.19,62.4901
2406.26,971.191
-1700.6,1916.82
1390.3,1888.9
394.317,-30.7108
-1696.68,-2816.31
2437.4,-3794.93
-3595.2,-2579.17
5611.48,84.5196
-6148.73,1287.56
5833.56,3695.64
-7673.73,4022.72
7237.86,5061.32
-7227.47,3189.93
6367.88,1409.84
-6658.12,-1141.44
5930.63,-1686.07
-4104.36,-3325.13
5448.87,-4449.1
-3955.65,-5677.19
3909.98,-4572.33
-3192.75,-949.961
2572.51,2240.14
-973.836,3468.12
143.667,2272.86
-1517.22,1599.29
1311.61,1069.89
-640.518,717.522
1614.66,-1349.86
-2455.52,-2703.66
2283.17,-2527.56
-2700.29,-749.902
3976.68,1591.82
-4507.72,2745.64
4967.04,2841.43
-6463.34,2652.27
5506.21,2992.03
-5926.58,1075.21
6849.43,-201.181
-6954.62,-3218.55
5991.4,-2708.38
-5160.05,-1741.06
6323.02,-536.361
-3996.14,-2266.62
3544.54,-3678.52
-2385.24,-4236.29
1832.87,-1989.41
-290.842,279.062
-576.147,1250.49
790.632,2605.78
-3044.1,2957.96
3214.94,3931.25
-3068.69,2919.56
3696.66,1080.85
-3808.26,-2120.64
3395.97,-3037.08
-2659.15,-3628.53
3673.27,-2465.63
-2508.69,-1714.74
1723.7,507.903
-1806.19,3524.84
1284.5,4991.01
-590.421,4240.56
-27.508,1274.39
-1082.56,-912.389
818.012,-2136.74
-41.0088,-1715.83
1870.13,-3000.69
-1680.47,-3659.07
2212.03,-3101.76
-2495.01,-1248.94
4276.14,647.512
-4811.77,1140.51
5061.56,1383.49
-6890.27,1168.53
7585.05,1375.98
-6757.08,-766.88
7670.33,-2039.86
-7983.77,-3836.52
6908.02,-1208.58
-7238.17,1467.27
7022.19,3946.78
-5579.62,2679.97
3350.69,2346.08
-4578.39,2658.57
3131.27,4135.69
-2355.15,3770.94
1883.68,-250.146
-1098.28,-4308.43
116.333,-6425.04
1466.3,-4471.6
210.548,-2628.58
1366.05,-1662.69
-1286.37,-1807.36
71.1212,-528.388
-18.8037,878.609
-140.252,2961.21
895.344,3482.42
-3030.5,2760.71
2442.78,2160.67
-3083.21,1001.16
4370.13,-1256.9
-3843.63,-3807.01
4477.29,-3749.18
-4945.64,-2498.84
4888.4,1481.19
-4158.58,2531.05
3332.19,3649.25
-5088.14,3682.3
2787.03,5388.25
-1608.89,5164.5
1087.55,2300.32
3.99072,-2667.49
-790.605,-6898.36
2075.22,-7547.21
-1224.08,-6565.12
4263.49,-4139.17
-4374.83,-2227.21
4415.35,1189.79
-4806.48,3349.78
3796.39,5675.84
-3471.94,4501.77
2285.09,2628.07
-3811.06,438.654
3388.4,-770.48
-2004.72,-1987.3
2657.31,-3616.05
-1756.35,-4062.46
1276.1,-2225.28
-1077.68,955.452
1594.25,2954.14
-1819.89,4083.09
-209.469,3824.12
-850.36,3820.16
1582.75,2706.43
-999.401,-962.697
2207.66,-4432.75
-2682.98,-6175.04
2928.29,-5083.12
-2083.43,-2095.45
4103.29,-500.337
-4171.93,342.776
3501.26,2346.21
-5276.28,4427.37
5229.87,5952.82
-5072.39,3527.48
4311.34,-161.232
-5886.77,-3197.54
5642.74,-2444.75
-3550.22,-2452.7
4808.71,-2085.31
-3909.17,-3296.92
3351.21,-2784.62
-2347.55,-1229.51
1477.4,1153.05
-310.606,2604.56
-948.667,2591.35
-739.982,3752.03
-618.735,3931.41
1361.89,3021.99
-1392.53,135.138
1236.24,-2069.67
-1628.5,-3506.86
1974.18,-2687.72
417.558,-2763.84
-473.199,-2652.89
839.521,-1965.97
-1886.47,817.374
1836.23,4366.19
-2532.82,4875.69
3132.21,3583
-3645.38,13.7538
2249.93,-1774.68
-2000.27,-2420.4
3561.26,-2000.35
-3065.29,-2937.31
2641.82,-2315.14
-1728.9,-1618.09
527.65,1297.33
355.042,3718.91
-1870.35,4373.14
1588.35,4311.4
-3989.67,3015.85
4874.8,757.738
-4619.61,-2532.81
6029.09,-4583.99
-5526.31,-6305.25
6317.95,-4652.52
-5234.92,-3527.03
6344.02,-821.494
-6615.62,248.808
5469.42,3338.41
-5067.23,5283.17
3086.64,6269.75
-3303.69,4830.83
2692.29,1543.37
-3941.53,-852.115
3752.28,-3086.57
-1623.11,-3600.79
2625.53,-4173.5
-2109.17,-3614.15
2047.73,-1238.37
-2382.94,1422.11
2779.29,3404.03
-2953.85,3257.78
2743.42,2145.44
-3950.33,989.565
4009.23,774.475
-3209,-1790.49
4768.87,-4554.43
-4322.72,-6068.35
3201.49,-4436.27
-1497.75,-944.08
3205.9,1688.57
-2278,1175.16
467.119,1650.41
-2046.6,3009.57
620.033,5304.91
155.95,4990.69
-701.33,1725.83
1432.09,-1936.19
-2698.67,-3814.31
4346.98,-3444.53
-2319.04,-3866.99
3951.32,-3810.21
-5649.01,-3056.44
4827.11,1199.11
-4650.85,4940.26
5342.18,6603.71
-5460.23,4113.66
2953.34,2239.37
-3702.94,303.667
3695.98,-861.974
-1327.38,-4390.41
1613.44,-7068.81
-506.992,-6876.02
1321.83,-4705.83
748.731,-950.707
749.804,228.581
-1087.09,983.803
-302.625,1429.63
-1037.88,4028.96
1182.43,4931.24
-1737.47,4280.31
1922.42,1977.91
-3439.39,-645.59
4323.19,-1607.56
-4430.39,-2472.13
6289.12,-2037.86
-7500.96,-1715.29
7028.04,1209.64
-7155.31,3198
7192.99,4554.48
-7328.93,2881.66
6280.76,1697.25
-6401.71,-700.182
6395.04,-2069.93
-4016.88,-5325.77
3810.14,-6507.98
-2831.63,-6065.26
2897.33,-3037.08
-830.526,80.3895
545.951,1441.87
74.1613,2287.75
-2951.97,2951.07
2061.75,4748.61
-3785.48,5165.5
4965.64,3141.26
-5792.61,-880.609
5244.78,-2515.54
-6071.6,-2570.48
6725.43,-303.488
-5477.86,-153.906
5021.46,-168.39
-5905.11,-320.18
4746.36,2568.07
-4261.52,3742.57
4453.68,3322.85
-4073.65,112.515
2782.27,-2767.11
-1964.54,-4158.99
2915.4,-5010.05
-455.856,-4538.37
1247.51,-4521.69
-1136.42,-2398.94
1007.67,736.612
-932.003,3548.63
1414.5,4172.98
-2358.21,3485.25
865.807,3318.33
-2801.29,3609.71
3358.69,3170.77
-2735.1,218.262
3319.76,-3147.57
-3545.32,-5142.03
3875.56,-3163.59
-2202.9,-1216.42
3112.88,68.8369
-2713.78,-195.862
1493.78,655.951
-1288.69,1539.39
1136.09,2565.47
-365.591,1988.56
90.0394,-329.802
366.423,-2645.77
-1191.04,-3584.78
2741.22,-2933.27
-2560.4,-2094.71
3832.15,-745.921
-5239.33,980.809
5081.42,2892.47
-4705.52,2678.14
4933.58,1974.76
-6129.53,77.5898
4903.13,408.961
-4518.83,212.786
4666.81,312.122
-3945.18,-1949.5
4271.99,-2809.81
-3602.88,-2704.82
3841.33,-1548.5
-2850.22,-160.496
2704.02,94.2697
-3625.13,1442.5
1260.6,3154.64
-1871.74,5280.99
2950.54,4739.74
-2614.47,1149.6
2482.67,-2690.97
-2137.1,-5692.56
3576.46,-6222.69
-2276.92,-6417.7
4034.99,-5183.07
-4347.37,-2147.52
3778.9,2883.7
-3622.96,6939.07
3149.77,8347.25
-3267.1,5559.69
739.319,2591.69
-1704.42,-150.612
1211.09,-1260.32
1253.92,-3367.25
-1599.31,-4460.67
2697.95,-4277.45
-3059.74,-1774.73
5400.7,574.759
-5331.39,555.627
5471.32,1633.76
-8111.96,1455.96
8052.99,3494.75
-8042.44,2342.59
9201.03,91.4726
-8701.74,-3905.05
7896.67,-4305.38
-7367.95,-3476.87
7716.85,-792.769
-5790.07,-669.055
4314.06,-131.154
-5291.51,2012.56
3401.59,5270.82
-2213.14,6502.27
1360.58,4416.3
-2399.63,490.997
584.3,-2285.62
-246.175,-2414.39
817.392,-2709.42
-98.2336,-1732.66
160.016,-1547.45
-334.47,-396.987
920.765,439.037
-1245.8,769.521
2049.54,383.467
-3525.98,173.576
2298.05,1162.77
-2945.94,1592.72
3695.13,1627.04
-3580.79,-721.502
3469.83,-1567.19
-3505.49,-2015.83
3705.55,-888.604
-2326.09,-1195.92
1777.46,-1512.39
-1086.7,-1854.55
-895.159,933.171
1507.68,3820.69
-2225.16,4897.76
3339.13,3889.93
-5581.51,1022.8
5988.75,-751.15
-7065.04,-1627.97
8365.5,-911.392
-8036.19,-2073.92
8450.57,-1177.75
-9415.57,-898.818
9316.43,2018.01
-8737.91,2160.3
8936.65,2031.84
-8590.21,-230.68
6650.96,-927.12
-5022.42,-2197.01
6058.27,-3061.38
-4282.73,-4879.87
3600.56,-4969.23
-2060.79,-2540.81
1825.65,53.5114
-163.115,1763.95
-781.29,2323.57
-617.611,3664.6
-1358,4901.5
1216.23,5774.64
-1065.79,3269.78
77.934,780.09
-1371.82,-1087
912.554,-1125.82
1232.38,-1574.52
-101.951,-3193.02
1242.59,-4868.5
-2356.8,-3516.46
2792.44,17.6579
-2356.01,2186.23
3022.08,3033.46
-4169.32,1261.23
2037.6,1964.41
-2018.08,1919.93
2883.86,1137.33
-1092.15,-2608.15
-670.233,-4822.94
1241.2,-4958.62
-1605.79,-2189.16
3666.52,357.067
-4501.35,1148.2
4345.77,3151.96
-7151.56,4167.77
7746.51,5587.6
-8356.61,3230.06
7585.54,1180.92
-8632.46,-1821.44
7671.74,-1465.22
-6348.71,-2079.15
7877.14,-2304.02
-7123.48,-3363.2
5572.07,-1885.59
-5253.57,1134.44
4411.07,3821.75
-3430.85,3522.03
2703.27,1410.94
-2706.53,-922.221
2346.26,-2352.39
-946.092,-2267.9
1171.43,-2830.25
-1279.38,-2572.17
1036.76,-1222.14
-1000.5,796.245
1206.34,2888.73
-866.456,3896.5
132.832,3431.34
-1334.05,2518.38
148.424,1564.68
216.297,-682.698
615.401,-2649.83
96.1174,-3974.57
452.286,-3496.4
-100.966,-1120.17
807.676,306.164
340.68,205.102
-1291.09,-96.2311
407.891,851.424
-1639.33,3439.76
1686.52,4968.09
-1897.01,3784.46
2196.44,335.644
-3532.15,-2708.05
4086.94,-3933.28
-2495.32,-4129.68
3792.61,-3576.51
-3508.66,-3528.88
3908.24,-1471.63
-4381.85,201.992
5508.83,2149.61
-5724.87,2758.54
3167.75,4274.84
-4574.93,5198.93
4514.74,4274.13
-4110.48,683.558
3535.82,-2736.89
-3804.58,-3909.1
3857.08,-2674.04
-2236.11,-1387.34
3260.34,-1319.88
-3479.57,-2158.83
2428.52,-310.411
-2542.55,2407.2
3106.64,3634.67
-1828.62,2084.98
1219.45,-1020.53
-2609.11,-2897.31
3379.69,-3030.12
-680.852,-3397.6
1671.48,-3862.55
-1977.95,-2914.58
1663.4,161.694
-1990.35,4048.71
1937.47,5922.61
-2493.87,5105.3
1267.75,3790.73
-2624.48,2429.4
2853.64,1142.07
-1324.06,-1897.43
1464.73,-4450.54
-791.062,-6018.04
276.758,-4092.89
1706.19,-1270.3
-1436.4,1637.66
1885.27,2610.22
-3349.22,2792.6
3512.53,3087.36
-4457.37,1252.7
5318.08,-417.902
-5220.67,-3512.87
4842.75,-3500.77
-4651.31,-3494.62
5987.78,-1600.1
-4490.93,-1499.02
4718.14,-1415.52
-4811.3,-351.379
3693.71,1790.94
-3567.11,3647.3
1956.81,4211.56
-2472.78,3550.03
1424.28,2209.09
-2164.19,1599.53
2817.69,151.59
-1904.82,-1759.53
3108,-4196.27
-3421.98,-5550.84
3445.8,-3530.18
-3472.53,-269.806
4760.18,2262.1
-5203.27,3599.08
4439.22,3872.19
-5583.38,3121.77
6103.71,2106.33
-6208.45,-1501.95
6911.06,-3938.98
-6713.07,-5847.28
7144.35,-4578.1
-4816.68,-3369.1
6015.36,-1648.54
-5431.17,-632.799
3658.4,2643.45
-4137.41,4799.05
2670.15,6552.67
-1638.47,4969.68
-1354.85,2633.24
1363.99,989.845
-2457.99,-79.4097
4737.36,-1448.63
-4215.04,-4827.22
5323.43,-5683.34
-5883.51,-5187.13
6773.57,-916.691
-5418.51,1007.34
6350.84,2199.88
-6984.12,853.627
5520.07,1402.86
-5391.32,1624.27
5627.54,973.733
-4136.25,-1553.11
3679.21,-4114.78
-2635.38,-4563.55
3233.41,-3454.67
-1654.16,-1481.1
2147.03,52.0775
-2761.58,1718.35
1589.57,3769.55
-3120.47,6031.61
2603.1,6818.18
-3775.63,5685.04
2733.86,3325.06
-3899.75,572.844
5300.79,-2677.07
-4278.89,-5887.43
5909.84,-7396.77
-5941.04,-6853.51
6399.58,-2555.26
-5149.03,231.509
5901.76,2447.78
-6404.47,2142.18
4770.12,3108.63
-4926.53,2858.97
4831.84,1617.76
-4088.58,-1726.63
2808.06,-3914.08
-2550.8,-4213.25
2688.69,-2476.52
-815.328,-54.0074
327.501,1028.49
-709.596,2599.31
-1298.73,4144.45
158.215,5409.41
-408.687,4629.81
-146.412,2454.05
-522.358,-438.798
-96.7095,-1741.98
1818.47,-3348.78
-177.83,-4949.44
1835.31,-6411.42
-1807.15,-5954.84
2562.25,-2312.23
-1592.14,931.498
2140.54,3373.72
-2841.69,3637.86
726.228,4973.96
-1993.45,5108.18
1296.14,4671.34
303.108,748.713
-858.068,-3395.96
2127.42,-6117.97
-2414.35,-6092.76
5166.76,-3862.33
-5195.71,-2119.3
6331.67,431.43
-8354.8,2790.15
7666.67,6575.18
-7948.56,6714.47
8041.86,5452.6
-8595.8,182.557
7265.5,-2623.67
-7069.58,-4849.97
7639.21,-4294.22
-5194.56,-4606.32
4749.64,-3343.06
-3653.23,-1270.92
2585.98,2014.73
-1248.07,3879.72
381.059,2772.5
-603.081,1607.74
-1246.49,-356.721
1938.74,-912.297
-1095.5,-2172.7
1320.22,-2414.12
143.962,-3630.33
-1072.89,-1832.44
2038.7,-244.824
-1698.23,1015.75
2909.18,1407.98
-4726.61,1405.98
4077.3,3383.92
-5307.62,3682.1
5877.23,4009.19
-5927.84,872.595
4709.3,-425.38
-4811.17,-1758.87
5678.92,-698.683
-3663.52,-2290.81
3978.04,-4035.37
-3094.77,-3741.91
1996.83,-2296.66
-246.37,325.148
638.924,1544.28
-846.246,2022.05
-665.197,1833.99
681.922,2040.64
309.721,423.729
485.526,-2123.62
10.856,-4473.34
-751.547,-4053.16
1106.73,-1438.73
-884.365,1007.07
1798.26,2223.66
-3232.43,3206.94
1324.39,4801.53
-2571.24,6011.82
2837.72,5483.43
-3275.92,1142.51
1875.15,-2213.58
-2300.09,-4264.03
2803.07,-3431.74
-573.358,-3381.15
1350.63,-3465.53
-1086.68,-2770.94
444.057,-1056.35
473.436,865.818
-557.729,1530.4
692.668,1469
-2700.42,1120.39
1770.17,2301.7
-1779.88,2020.47
3857.85,-643.401
-3964.96,-3536.69
2950.17,-3654.8
-3356.39,-1221.7
3734.69,2124.23
-2894.89,2682.29
2250.83,2325.63
-4478.7,2440.14
3183.15,4870.8
-2880.65,5476.49
2583.61,3347.96
-1892.21,-1851.46
45.8122,-4476.51
1094.95,-5317.4
112.806,-4327.83
2186.68,-2374.3
-2831.21,-1889.42
2745.45,173.642
-2508.7,1240.36
2265.12,2632.56
-1147.12,883.055
-490.097,980.823
-127.019,432.434
-1240.06,1311.38
3485.09,-287.785
-3986.97,-2686.95
5019.31,-2592.54
-6634.38,-2278.25
7752.31,2051.12
-7628.09,2377.79
7327.89,2533.34
-9100.7,1121.52
7378.49,3297.97
-7035.09,3567.17
7312.71,2643.64
-5486.4,-1150.67
4107.07,-4668.54
-3298.04,-5847.84
3781.02,-5072.01
-800.305,-3355.67
258.872,-1887.2
5.61151,438.713
-684.885,3227.92
322.788,5290.7
-274.039,4203.54
-261.79,2439.76
-877.816,-202.445
248.363,-1216.8
1504.44,-2617.84
-333.468,-3952.75
1449.22,-4715.09
-1466.48,-3682.13
2331.92,-531.363
-1744.93,1703.85
1772.73,3547.48
-3331.32,3592.91
2695.9,4357.2
-2961.31,3250.16
2969.14,1269.52
-1863.17,-1830.74
994.8,-3569.24
-890.969,-3381.51
1328.9,-2160.22
501,-1128.03
-481.351,-775.582
310.635,545.453
-982.647,2195.82
334.216,3900.08
-137.285,2902.94
-601.53,718.735
319.976,-2008.99
-918.897,-2517.49
2012.17,-2301.26
-1066.48,-2368.07
1880.11,-2101.6
-2247.58,-2513.86
2281.15,-967.4
-2587.04,849
2546.58,3018.14
-4020.58,4038.54
2831.61,4805.6
-4228.18,4339.69
3358.19,2818.92
-3226.05,220.661
2978.79,-2060.96
-2458.36,-3578.27
3030.6,-4122.93
-1404.08,-4454.41
1557.42,-3171.82
-538.722,-2490.93
-450.516,874.735
1090.9,3213.2
-1678.96,3946.06
1677.43,3754.96
-3061.88,1583.03
3330.78,360.263
-4395.42,-1150.44
6020.09,-1869.78
-5987.48,-2868.43
5335.44,-977.304
-5477.13,397.388
5705.97,3120.05
-5426.61,3113.27
3968.19,2865.72
-4445.42,2682.77
2431.16,2497.2
-957.039,702.594
1632.71,-2343.48
-1276.25,-5482.14
978.84,-5631.72
154.195,-3132.46
1318.17,-2227.06
511.877,-1251.1
-263.586,-2195.42
-1785.13,-79.3632
2152.96,2955.41
-2970.84,5018.27
3188.13,4436.87
-5324.72,2447.12
5133.22,1032.55
-6086.4,-412.352
7585.81,-241.209
-7432.01,-2357.03
7096.74,-1658.62
-7669.06,-1548.26
6998.42,1510.95
-5901.27,2228.73
5204.07,2823.94
-5231.51,2239.98
3096.79,2097.72
-1994.1,962.851
2516.47,-2243.98
-839.766,-5597.93
-134.624,-6998.27
802.547,-3829.05
-439.227,-399.009
1390.71,2615.79
-778.768,2052.8
-1136.19,2144.44
378.924,2632.43
-1724.22,3715.4
2297.49,3341.58
-2420.92,49.8025
1475.24,-2094.72
-2505.91,-2950.73
3483.65,-1163.94
-1494.21,-1022.84
2198.86,-943.568
-3422.44,-909.166
1978.76,1474.71
-1502.08,3135.22
1149.9,3210.61
-819.008,1890.29
-1702.4,878.643
2134.63,1229.7
-1655.79,-204.214
3937.44,-3448.62
-4073.66,-6171.26
4264.19,-5988.88
-4084.36,-3190.48
6112.11,350.165
-5450.95,1212.88
4621.79,2520.73
-7264.42,3761.11
6453.2,6305.1
-5767.92,4939.06
5809.39,1618.49
-6330.35,-2749.96
5012.19,-3761.21
-3804.04,-3324.43
5708.42,-2746.22
-3705.93,-3405.88
2335.71,-2610.06
-3106.12,1199.91
1988.86,5910.98
-1303.92,7416.98
1380.63,4339.66
-2731.27,379.416
927.753,-1836.63
-652.476,-1773.86
2924.52,-2855.73
-1889.18,-4878.27
3109.28,-6757.81
-3514.57,-5239.65
4948.04,-1319.91
-4260.65,2020.18
5295.21,3428.58
-7079.35,2689.45
5701.5,3394.73
-6731.46,2696.15
7917.2,2109.56
-7202.61,-1008.61
6155.07,-2052.22
-6530.79,-2487.92
6635.82,-229.411
-4098.97,-628.554
3063.5,-494.01
-2648.53,207.342
926.906,2390.77
-117.321,4358.15
-409.438,3121.1
1051.62,565.895
-2821.05,-2173.68
3438.83,-2409.58
-1926.03,-3304.75
4187.94,-3587.41
-3788.41,-4959.63
3637.23,-3600.93
-2381.95,-2108.32
2533.81,440.121
-1993.96,2347.61
283.235,3589.57
-718.705,4677.67
128.03,4025.23
444.314,1349.32
-650.887,-2000.4
-13.0182,-2717.01
-503.216,-2113.03
1549.33,-343.779
1170.43,-1523.39
-1654.02,-1988.39
1207.65,-1090.64
-2995.9,2524.9
4337.14,5432.45
-5320.73,4322.03
5141.43,1788.21
-6346.48,-1452.52
6455.89,-1314.89
-5224.51,-2673.9
7484.15,-3412.12
-6843.7,-5806.41
6429.85,-5006.91
-5682.96,-3147.12
6000.19,771.013
-4003.31,2652.37
2538.43,3234.22
-3271.09,3744.82
1848.72,3304.56
-1335.19,2261.96
765.659,-343.973
335.949,-2899.11
-796.504,-3474.35
1308.25,-2252.15
687.712,-1693.57
-182.121,-532.172
-346.075,-199.806
-1656.63,2889.98
1910.07,5228.1
-2044.28,4924.58
2577.12,2650.15
-4291.75,-410.56
4392.36,-1988.94
-3868.02,-3100.85
6299.09,-4415.57
-5465.71,-6761.76
5955.77,-4662.74
-6292.03,-2156.28
6252.14,3136.32
-4268.91,4360.88
3451.19,3067.65
-3862.5,936.455
609.56,1235.38
994.884,1353.07
-688.035,112.433
2311.92,-2966.78
-3973.02,-4873.36
4781.93,-2385.37
-4078.93,-753.298
5958.23,1783.98
-5770.79,245.275
4119.1,1053.46
-5045.04,2182.84
4100.17,4282.57
-3481.23,3869.55
2650.88,2268.86
-1894.82,-835.966
687.323,-2840.6
1373.57,-3142.01
-185.24,-4860.03
1759.24,-4686.52
-2809.91,-3621.55
2599.78,332.992
-2173.26,3599.38
2344.04,4976.61
-2434.39,3760.65
642.483,2450.19
-140.811,-42.5922
1318.55,-2805.62
-38.0287,-5950.99
-923.959,-6577.63
1735.66,-3452.55
-1925.35,606.411
3396.8,3722.03
-3406.94,4280.17
1575.88,4954.02
-3690.57,4848.17
2677.48,5332.62
-2713.58,2456.68
1696.72,-521.349
-1992.26,-3227.75
1113.18,-3249.68
1009.48,-2225.53
402.639,-2435.22
583.49,-3088
-1797.51,-3052.15
1742.37,-460.69
-1237.66,723.322
1848.07,1690.07
-2304.67,717.019
134.239,1450.72
-405.257,2330.65
286.376,2064.88
1263.6,-641.138
-2890.29,-2840.78
3226.64,-2580.17
-4342.3,-475.125
5138.45,2396.07
-6129.77,2991.89
5489.32,3705.03
-7345.28,3037.53
7033.8,3647.16
-6248.99,1345.09
6595.61,-1044.5
-6506.94,-4406.99
6189.64,-5045.28
-5113.88,-4758.68
6991.6,-3557.96
-4766.91,-2933.91
3290.66,-676.434
-3139.2,2621.71
2056.24,5418
-1696.22,5408.13
729.482,2687.52
-1551.23,368.481
1.80801,-78.3445
1050.07,80.6406
365.434,-1275.62
79.7207,-3035.52
-347.048,-4100.2
524.021,-2146.69
271.29,46.1304
571.786,2109.51
-447.333,2322.09
-1027.91,1841.21
593.909,2066.53
-1151.59,1540.12
2266.43,-180.621
-1546.65,-2681.17
1749.73,-3863.66
-1594.72,-4067.16
3105.56,-2587.52
-1492.76,-2241.97
1709.53,-1795.8
-2542.75,168.255
1723.94,3363.15
-1153.51,4971.71
126.983,4901.78
274.748,1895.4
-1685.86,-281.345
1972.79,-1532.03
-1852.66,-2333.56
3865.87,-2680.8
-3858.27,-3516.78
4336.29,-2401.15
-4135.18,-947.536
5050.86,1510.87
-4812.49,1850.24
3865.37,3143.34
-5391.11,2732.99
4933.88,2941.12
-3707.73,697.499
4056.68,-2818.35
-2013.53,-5690.54
1793.28,-6273.14
-323.859,-4620.73
1541.49,-2705.89
-837.835,-621.351
375.846,961.66
-1366.39,4131.95
1970.66,5481.83
-2552.68,5472.65
1793.46,3516.48
-3376.97,600.457
3396.23,-1354.44
-2714.31,-3423.51
4657.17,-4561.43
-4114.3,-4684.32
3730.44,-905.694
-4350.15,2248.6
4291.7,5205.11
-3996.15,4103.48
2718.03,2194.02
-3183.65,564.46
2252.16,-110.015
639.849,-2039.62
-42.53,-5789.35
1392.73,-8773.01
-1723.11,-7949
2401.38,-2825.44
-1689.82,2130.45
3612.04,5095.11
-5505.89,5109.92
2577.93,5865.17
-4171.64,5821.4
3305.05,5552.4
-3361.89,1882.2
2518.85,-1472.27
-3558.39,-3175.94
3304.46,-2365.29
-1031.34,-1689.02
2421.89,-2899.23
-1992.85,-3410.57
666.161,-1743.84
-626.364,1068.89
677.94,3281.56
-599.068,3555.03
-981.194,1828.8
-1004.43,1700.81
1966.29,1130.9
-1370.26,-916.055
2501.42,-3776.96
-3132.39,-5222.45
3200.68,-4181.13
-3388.85,-1267.5
4567.45,1605.35
-5412.65,3242.15
4111.58,5014.29
-5488.68,4984.73
6583.42,4143.63
-7059.1,-125.921
6198.85,-2603.09
-6762.11,-3747.64
6092.93,-1843.15
-3989.16,-973.4
4666.99,-481.193
-4172.29,-763.381
2423.07,1299.42
-1878.05,3183.22
813.581,3710.16
113.061,1668.76
-1214.28,-1618.42
1192.33,-2611.91
-1161.38,-2444.23
2847.01,-851.018
-1949.95,-1826.71
1968.47,-1870.21
-1880,-2218.99
769.478,168.616
869.08,1659.39
-1455.45,2730.47
1621.55,2509.69
-4387.14,2359.13
4707.06,2876.53
-5016.63,709.154
6724.76,-1198.36
-6492.28,-4535.83
6246.48,-3559.11
-6072.63,-2204.28
7026.9,404.924
-5713.83,-239.43
4207.94,508.876
-3448.46,712.747
1886.46,2626.53
-359.276,3417.76
-593.759,1426.65
225.146,-36.2823
-1933.37,-1780.78
3300.39,-1377.48
-1518.34,-2747.6
2812.31,-3010.99
-2298.26,-3562.04
1933.71,-1768.89
-732.948,-828.808
210.153,958.404
-576.19,2393.31
-1790.65,4070.91
2363.9,6273.26
-2651.36,4247.02
3085.81,1095.46
-3431.06,-3262.81
2725.21,-4512.2
-2048.32,-4448.29
3110.34,-2579.5
-796.498,-2520.75
40.4256,-1156.78
-20.89,1156.15
-1654.11,4293.4
2379.77,6061.29
-3625.94,3683.17
3733.71,680.092
-5210,-2406.11
5679.96,-2551.59
-4312.12,-3378.35
5607.32,-3222.76
-4607.58,-4597.01
4156.22,-3009.51
-3725.04,-795.086
3377.55,2539.2
-3173.26,4920.6
1239.01,5471.08
-1869.57,4839.23
669.617,2633.51
-309.106,68.1628
436.122,-2885.96
-442.442,-3596.85
12.2478,-3082.96
924.054,-1502
-238.05,-315.441
123.07,364.548
-1547.74,2627.23
497.93,4627.62
-123.354,4611.37
-264.498,2363.36
-409.544,-1626.5
-3.3287,-4011.03
933.831,-4673.48
-80.9928,-3971.5
1702.93,-3596.42
-2040.51,-1967.37
1330.41,695.291
-2289.41,3589.94
2365.59,5658.18
-3628.32,5041.75
2367.49,4433.88
-4529.1,2512.92
4031.11,1517.21
-3609.79,-850.317
3803.55,-3412.84
-2883.49,-5337
3276.77,-4515.32
-2214.68,-2819.78
2503.79,-593.399
-1646.47,889.989
-156.384,2302.97
-1151.97,4112.42
146.225,5284.25
-112.985,4694.32
-440.25,1802.4
-748.471,-568.701
-156.194,-1953.53
484.162,-1993.2
1416.25,-3453.56
-911.91,-4002.79
1115.19,-3095.4
-1144.05,-943.417
2193.39,1543.27
-2609.52,2294.31
1344.63,3115.73
-4175.07,3936.78
2873.65,5702.96
-1355.21,3432.44
2262.78,-834.076
-2073.23,-5372.32
644.843,-5824.8
-97.6973,-3494.01
927.557,-1154.96
1536,-747.363
-3473.56,-316.471
1737.4,3455.64
-2638.65,7403.9
3314.25,8353.89
-3728.56,3173.61
2439.71,-2177.56
-3636.22,-5870.43
4551.96,-5532.92
-1525.35,-4623.1
2695.59,-3851.66
-2935.55,-2557.9
1896.17,667.651
-1805.05,3986.49
1616.39,5352.35
-1802.64,5009.5
321.335,2898.46
-1087.9,968.051
1041.68,-891.403
-424.314,-3087.74
1253.77,-4633.15
-1328.34,-4205.16
2026.58,-1887.8
-1839.79,1345.19
2833.38,2938.61
-3831.9,3165.14
1980.13,3789.84
-3610.79,3974.44
3998,3305.07
-3429.2,-45.43
4368.23,-3992.18
-3828.1,-6953.06
4497.54,-6149.08
-3633.46,-4355.64
4965.08,-1678.11
-4039.83,-461.021
2831.87,1922.57
-3794.04,4845.81
1982.72,7516.18
-1156.26,6816.71
511.198,2636.36
-849.771,-2887.28
-199.912,-5509.47
1578.62,-5059.58
-296.327,-3988.05
2070.05,-2415.53
-2015.71,-1580.99
1729.72,924.046
-1525.42,2657.82
950.202,4834.1
-1341.4,4416.52
-263.423,3251
313.807,900.088
-186.074,-2119.35
1406.92,-4046.45
-1734.22,-4502.64
3236.93,-2995.29
-2369.8,-2276.47
3649.92,-1200.38
-4078.34,-615.286
2978.9,2154.49
-3365.49,4128.13
2456.64,5775.82
-1951.15,3879.37
326.686,960.861
385.179,-2125.35
-1461.85,-3100.04
3068.42,-3159.52
-2797.92,-2941.42
3340.86,-1541.71
-4561.72,-457.839
5150.58,2398.75
-4463.23,2052.85
5039.16,1646.06
-5428.95,-939.423
3904.81,-658.164
-3575.76,-705.744
4026.07,-1238.76
-3280.7,-1864.45
2676.13,-1762.76
-1715.6,17.0934
737.976,1964.61
554.983,2576.38
-728.467,787.67
-928.15,147.165
-788.283,1001.45
391.506,3068.67
736.629,3108.72
-857.526,1322.97
1078.19,-1391.59
-2809.31,-2225.77
3677.49,-1662.68
-2542.09,-1476.39
3067.41,-2126.21
-3644.84,-2389.46
3141.97,558.322
-3706.8,2308.29
4586.53,3730.87
-4780.73,1908.03
3081.97,300.863
-3364.45,-1023.2
4074.74,-1558.44
-3086.57,-2487.36
3189.58,-3453.86
-2600.4,-2800.31
2241.97,-1274.63
-1053.73,265.251
1139.78,1227.24
-822.934,1169.82
-1005.51,2594.57
-476.13,4120.98
-90.3088,4785.32
186.511,3626.66
-1477.4,1207.16
500.87,72.4637
-1044.03,35.0786
2419.68,-111.955
-1478.37,-2643.33
1682.59,-3984.54
-2014.59,-4098.89
1956.33,-1486.3
-1089.76,1141.51
1157.43,2014.71
-1348.6,1926.19
-332.297,1418.54
1170.3,260.915
-73.0325,-1655.23
892.023,-4102.27
-922.466,-5355.93
488.397,-3240.6
251.411,-1002.78
434.166,1462.74
-187.763,2504.09
-2285.16,4492
1313.43,6529.33
-2365.21,6822.17
2733.36,3938.25
-3904.98,-567.22
3348.96,-3100.02
-4373.3,-3511.51
6771.74,-1787.46
-5183.32,-2915.99
5295.47,-2426.36
-5313.46,-2141.49
5070.49,268.381
-3465.74,1253.12
3346.35,1254.43
-3125.74,-169.023
1775.56,-772.359
-1445.83,-218.621
2496.19,-1035.32
-843.522,-2451.39
866.41,-3761.4
-938.609,-2284.56
1239.77,-450.57
-784.631,1945.57
1313.26,2481.58
-3600.3,2959.23
2798.54,4442.55
-3734.17,5067.65
3704.73,4738.66
-4620.73,1564.96
5591.53,-1740.08
-6595.72,-3970.9
7256.63,-3977.56
-5770.47,-3861.39
7872.74,-3239.61
-8034.33,-3181.87
7732.47,-627.697
-7438.67,1254.1
7632.11,3021.34
-7110.01,1704.51
5260.92,1182.32
-4979.61,-439.969
4344.05,-74.4955
-1924.49,-2573.18
2081.76,-4424.02
7.02222,-5103.09
-2044.86,-3412.72
2980.7,1307.43
-3783.83,4382.43
3924.1,6723.92
-6466.35,5816.25
5454.15,6148.55
-6099.34,3835.09
6793.87,1242.93
-6091.26,-4041.29
5786.14,-6872.81
-4891.2,-7274.01
5747.25,-5123.53
-2380.16,-3046.48
2387.12,-713.623
-3053.75,2526.08
2249.34,4840.61
-3032.4,6292.12
2741.22,4209.49
-3168.59,400.36
2874.43,-2803.13
-3005.51,-3836.71
4886.62,-4139.79
-4049.91,-4164.63
5702.5,-3855.69
-6779.83,-2221.25
7455.51,1094.57
-7173.21,2907.7
8014.05,4794.39
-9966.85,3441.2
7998.69,3855.54
-8330.18,2869.6
7899.55,1609.05
-7041.19,-1780.57
6850.5,-2781.51
-6252.66,-3402.17
6477.07,-1965.68
-3537.75,-2344.94
3845.35,-3527.68
-3403.55,-3025.96
1109.01,-76.1553
676.408,3315.18
-223.587,3746.71
705.807,1731.64
-2160.04,-885.821
1612.31,-751.262
-1432.2,-483.489
3278.83,-880.431
-3372.68,-2215.6
3157.78,-2137
-3817.67,-288.554
3934.33,2819.39
-3481.83,3814.58
3280.22,3294.18
-5407.24,2161.38
3444.75,2503.85
-2297.43,1701.18
3203.32,-680.627
-3020.85,-3869.85
2778.38,-4663.42
-2782.39,-3491.87
4871.62,-2333
-3606.04,-2001.76
3102.21,-1929.19
-4336.58,471.6
4352.85,3467.49
-4554.08,4388.47
5090.94,2735.24
-6079.49,-350.625
5624.81,-1895.58
-6446.06,-2152.48
8190.32,-897.028
-7696.09,-1733.23
7181.27,-672.273
-8623.22,970.064
7871.4,4345.33
-6626.21,4689.78
6752.74,2896.84
-7497.23,-403.421
5876.33,-1204.38
-5098.35,-1572.97
5743.7,-1643.81
-3621.2,-3690.64
3459.21,-4505.33
-2564.19,-2986.46
2471.3,-173.062
-1201.38,2285.23
1510.2,1889.67
-1973.33,769.902
-222.855,956.418
480.34,1925.12
-232.308,2384.39
919.226,1300.33
-1430.29,-1103.38
1136.82,-2016.37
-940.664,-1857.96
2086.63,-1515.38
-944.486,-1625.52
1111.09,-1473.65
-2179.2,69.8475
1754.21,2716.24
-2588.2,4164.15
2688.01,4159.87
-4891.66,3379.39
3853.08,2240.03
-3920.21,1224.56
4913.71,-1130.19
-5209.4,-4109.93
6670.94,-5792.2
-6390.77,-6565.12
7736.32,-4481.31
-7431.68,-2427.08
7947,1039.53
-8876.39,2954.48
7713.67,5409.9
-7647.79,4155.91
6564.23,3194.03
-6641.51,342.307
4475.63,-527.863
-4306.52,-612.313
3607.88,-11.6607
-1768.66,-824.795
259.782,-929.023
98.9184,803.538
-1370.63,2634.94
2371.89,3699.5
-2754.64,1210.2
2786.94,-770.206
-4683.45,-2217.08
4996.18,-892.634
-2906.69,-1128.6
3536.03,-1861.57
-3567.8,-2942.65
3105.21,-1883.51
-2681.36,-346.905
3638.09,485.73
-3071.81,596.086
1609.07,610.716
-3051.76,2376.68
2539.62,3985.53
-1387.81,2684.35
2518.47,-1029.42
-3480.83,-3586.83
2523.15,-2927.97
-1975.21,-606.606
4428.37,270.17
-4016.06,-1672.67
2789.91,-1492.54
-3848.35,1004.73
4637.68,4117.79
-4448.25,4789.77
4138.96,2422.89
-4782.62,-1068.15
4230.15,-2266.62
-3526.98,-2903.53
5412.28,-2671.03
-3925.64,-3471.81
4014.23,-3472.15
-3344.81,-2740.66
3387.2,-384.993
-2650.69,1619.13
1729.03,3720.92
-2702.85,4430.29
1298.77,4685.41
-232.548,2915.14
-597.396,-478.894
1570.93,-3236.95
-2208.06,-4012.95
2591.17,-2676.7
-1937.31,-1562.62
3307.54,-509.416
-4059.32,-226.502
3692.72,1822.83
-3930.24,3181.04
3416.66,4252.77
-3574.99,2132.39
2497,-72.4086
-2110.8,-2827.85
2101.16,-3802.6
-84.7208,-4051.01
1088.7,-4173.18
-386.441,-2668.9
-325.826,-1019.91
-359.525,2108.26
876.022,3468.28
-1082.25,3909.65
-425.482,3447.95
-1454.14,3922.04
2973.62,2033.89
-2990.04,-1531.25
4357.55,-5200.46
-5165.23,-6959.6
6216.12,-3804.02
-5925.05,-535.96
7899.65,2365.42
-8803.72,2669.23
7017.18,4312.8
-7725.84,4466.71
7217,4848.12
-6376.48,1408.05
5093.66,-959.59
-5710.7,-3358.09
5092.63,-2972.23
-2221.99,-2449.29
2631.56,-3069.96
-1488.81,-2808.57
614.897,-1194.21
-267.485,1428.07
967.275,1306.09
-141.702,530.108
-555.426,-1858.84
-1353,-544.337
1735.84,1716.39
-1656.59,2658.24
2568.09,1597.14
-4244.58,-474.276
4065.76,-339.187
-4906.27,633.952
5920.15,1867.67
-5831.41,361.274
4964.29,260.967
-6594.66,70.0281
6548.83,1694.19
-5163.21,1125.35
5077.79,-10.9132
-4597.93,-2017.99
3408.46,-2273.72
-2116.87,-2138.03
2362.52,-1679.74
-951.532,-2216.15
-172.249,-1646.43
543.642,673.083
-1650.71,2687.93
2574.93,3718
-3206.41,2125.4
2322.26,805.878
-3444.76,-450.546
4753.76,-519.474
-4168.28,-1770.92
3686.59,-1646.76
-3457.72,-1624.73
3444.11,-85.0189
-3068.93,999.623
2246.25,2117.18
-2952.81,3368.17
638.656,5008.98
-1125.49,5162.86
500.598,3022.41
39.5962,-582.561
632.071,-4828.5
245.99,-6910.78
743.638,-7187.18
691.962,-5239.17
-365.096,-2907.7
-278.296,225.781
646.441,3277.03
-1593.37,5713.29
971.415,6383.49
-2276.67,5315.73
370.675,3712.67
-1893.98,606.26
2754.86,-2307.88
-2404.88,-4876.37
2742.03,-4867.6
-2073.03,-2735.2
2849.98,105.853
-1729.07,796.63
569.171,1454.49
-1057.45,1249.37
-1056.55,3144.83
276.91,5534.85
-1306.86,5236.87
2015.51,2546.2
-2526.32,-1848.39
2227.11,-4680.23
-1911.59,-5473.65
3977.12,-4149.08
-2545.67,-4393.58
2301.39,-2501.31
-2564.4,-566.306
1248.09,3760.81
-597.099,6195.17
-1380.98,6224.08
1892.21,4258.83
-4703.36,1504.85
4838.27,-647.661
-4113.58,-3572.53
5609.53,-4720.05
-6117.59,-5521.39
6289.45,-2023.2
-5721.51,358.555
6548.88,3113.82
-6863.36,3058.73
3994.87,4396.43
-4639.63,4893.16
3528.51,4470.67
-1595.93,463.615
355.957,-3978.15
441.132,-5793.31
-735.851,-5688.26
3069.31,-3172.65
-2068.93,-2125.68
1672.67,-126.133
-2611.37,1590.2
1531.66,5171.1
-1210.54,5747.36
146.961,4871.48
-734.38,1635.5
-1400.09,-570.228
2570.69,-2122.9
-1718.88,-4512.88
3606.65,-4893.22
-3803.69,-5228.76
3988.99,-1498.74
-3694.43,1536.03
4204.87,3767.74
-4766.56,3381.47
2447.64,3998.31
-3793.39,4788.85
2266.79,5078.38
-1309.71,2638.09
1338.09,-2156.38
-119.14,-6343.17
-269.481,-7744.23
1984.83,-5552.61
-368.929,-3081.06
1204.54,-1002.11
-1447.52,513.431
9.72397,3283.99
-772.507,5555.77
1067.51,6291.61
-1682.37,4019.02
-376.196,1213.04
-205.167,-1217.45
232.446,-2601.83
989.958,-3262.33
-834.616,-3223.32
489.411,-679.958
-1439.89,2331.79
1098.42,4986.77
-1787.33,5025.67
998.54,3084.22
-2452.39,1344.51
2643.99,-787.083
-1620.97,-3369.05
2582.77,-5390.23
-1725.73,-7345.71
1818.31,-6239.88
-323.985,-3625.94
1022.22,-217.318
99.0578,1715.93
-1905.28,4159.89
934.646,5387.31
-3246.52,6279.69
3049.28,5262.84
-4462.27,2161.9
3642.79,1006.7
-5510.72,-355.064
6437.54,801.855
-5127.08,-1249.25
5424.52,-2765.15
-5347.94,-3760.1
4356.51,-1316.73
-3939.89,1392.41
4073.07,3039.27
-3372.22,2110.22
1336.41,575.73
-1190.33,187.187
1716.46,-1240.96
-0.503048,-2879.72
1295.27,-5772.3
-1882.17,-6095.58
2294.43,-4035.66
-2774.07,503.771
4714.47,3183.48
-5776.22,4124.25
4648.53,4973.86
-7392.2,5475.17
7339.92,5780.28
-8000.8,2513.32
7945.89,-293.014
-8813.52,-4282.52
8616.64,-2997.22
-6909.67,-2590.09
7251.79,-639.271
-6001.15,-956.714
4717.61,-72.6525
-3834.16,693.874
2251.26,1559.49
-568.506,1878.98
-965.661,756.35
1313.32,-80.8229
-1038.82,-2658.98
2886.78,-3676.63
-2456.51,-5239.49
2338.07,-3186.88
-1171,-1393.04
856.353,1228.64
704.466,1574.04
-3163.83,2777.74
1937.51,5148.79
-3857.16,6692.52
4768.17,6283.76
-5812.55,1646.58
6614.89,-2333.12
-7780.13,-5661.69
8657.12,-4190.25
-5902.67,-4486.07
6726.18,-3089.06
-6638.77,-2697.96
5187.08,955.117
-4772.59,4581.9
3828.61,6357.08
-2818.32,4994.86
337.923,1785.88
-527.53,-935.346
217.828,-2931.02
1541.58,-4190.56
-773.744,-6150.99
1682.02,-4774.94
-905.43,-3514.45
926.432,55.2331
774.19,2075.45
-2116.48,3090.92
1087.14,3973.46
-3723.45,5192.68
4041.32,4881.49
-4224.38,1795.2
5012.26,-1279.65
-6440.56,-4148.32
7009.88,-2786.17
-5568.6,-3027.74
7536.58,-2545.5
-7227.73,-3269.84
5890.69,-791.288
-5525.59,2663.05
4671.5,5848.28
-3799.95,5187.63
2192.75,2714.86
-3203.68,340.374
2207.27,-1070.8
134.618,-2186.34
843.791,-4376.81
-15.032,-5402.93
-594.719,-4419.51
491.153,-440.273
1091.09,2010.87
-635.559,2949.34
-816.115,2771.65
-1044.93,3585.4
888.766,3950.97
-627.212,1562.15
644.46,-1337.3
-1256.31,-3998.46
977.594,-3547.91
97.5182,-1892.09
1801.51,-981.157
-1678.88,-1057.44
69.0147,525.744
-1244.93,3296.92
591.27,4948.05
526.125,4104.39
-1491.24,1168.5
239.132,-1035.69
-623.008,-1835.19
2927.39,-2989.49
-1573.15,-4801.52
2681.99,-6652.99
-3466.23,-4716.56
3616.78,333.836
-2922.28,3736.25
4173.91,5015.21
-5467.6,3073.6
3861.2,2318.09
-4240.78,1441.84
5017.27,832.003
-4143.32,-1898.64
3235.3,-3147.94
-3050.28,-3075.33
3593.18,-816.324
-1731.77,712.961
1521.91,1003.75
-1010.25,1421.89
-745.078,1894.06
-32.0729,2897.02
242.809,2390.3
625.271,283.932
-399.54,-2802.97
40.8483,-3226.04
1257.21,-3155.32
200.806,-2844.19
1606.3,-3751.25
-2001.12,-3985.33
2871.73,-2353.06
-3360.75,753.644
4087.74,3883.48
-5096.58,4566.48
4816.83,4261.59
-7170.83,2855
6673.4,2505.2
-6540.95,412.217
6998.75,-584.626
-6738.66,-2834.9
6365.02,-2915.15
-5203.02,-2886.14
5164.84,-1080.8
-4767.83,-6.50546
3638.28,1899.6
-3387.86,3210.05
2218.98,3423.83
-1969.09,2153.91
1331.89,-351.858
-1405.61,-1651.67
554.138,-2752.68
267.176,-2345.37
1307.43,-2990.85
-1709.48,-2532.18
1920.72,-1338.99
-2010.05,571.406
2280.94,2465.22
-3370.62,2698.76
3165.62,2427.03
-4177.15,1288.56
3928.95,1044.8
-3435.09,-777.431
3620.73,-1219.44
-2806.84,-2540.52
2117.18,-1829.82
-1996.07,-523.699
2064.84,1081.37
-1150.94,2172.7
-752.544,2697.37
312.633,3773
-1287.53,3935.8
1125.38,2943.76
-654.998,-860.364
1840.26,-4144.58
-1944.24,-6133.88
3653.19,-5937.62
-2211.08,-4235.51
3244.93,-2688.73
-3530.16,-324.997
3401.89,2219.59
-3928.71,4021.91
4776.37,4592.91
-5707.06,3060.54
3906.41,2272.12
-4995.72,1099
5167.64,395.04
-3689.04,-3078.05
5367.59,-5033.92
-4635.16,-5829.07
4320.35,-3006.18
-2900.89,536.914
2958.97,2291.48
-3876.06,3053.49
1545.97,3975.21
-2613.05,5911.39
3054.83,5539.58
-2341.61,2456.5
2358,-2806.43
-3103.07,-6708.49
3985.45,-7354.33
-2339.76,-6556.6
5017.98,-4667.54
-5126.67,-2026.35
4841.48,2248.31
-5391.73,5272.67
5257.13,6742.71
-5601.13,4056.03
3331.03,2032
-4271.62,88.0163
3259.66,391.943
-1125.29,-1189.97
1608.97,-3509.23
-388.81,-5175.97
-505.477,-3930.62
1701.53,-633.023
-1828.04,1980.34
1924.38,4270.06
-4386.76,4045.7
3099.64,5333.5
-3539.82,4122.3
4848.8,1216.73
-4797.75,-2986.84
4307.84,-5566.39
-3550.11,-6164.57
4686.96,-5179.04
-3026.95,-3833.7
3758.98,-1898.32
-4380.29,1279.72
3562.01,5056.8
-3879.49,6849.52
3286.48,5646.5
-4864.26,2113.42
3371.11,200.1
-4689.52,-465.451
5651.58,-402.544
-4926.21,-871.414
4552.48,-1635.71
-4810.28,-1927.8
5471.69,-683.982
-5849.6,403.632
5956.67,1386.39
-6964.76,1746.97
6460.34,1969.12
-7231.38,1088.25
7459.33,329.623
-7452.47,-1617.07
7081.02,-1424.67
-7088.28,-1957.76
7479.68,-1477.78
-5872.2,-2510.35
5146.66,-2125.5
-4790,-1610.94
3643.37,1626.62
-3184.16,3555.69
1271.65,4412.02
-814.346,3576.39
-1113.88,1771.41
1751.04,753.134
-2744.85,-616.133
3588.1,-626.229
-4640.81,-1129.45
3787.08,396.205
-4284.49,987.145
4293.16,2783.03
-3659.08,1862.32
3562.82,753.346
-2887.59,-1280.77
1912.47,-2418.47
-1052.35,-3334.87
1529.53,-4231.91
-429.254,-3689.94
1083.08,-3008.89
-622.904,-148.233
1517.38,1263.08
-1241.41,2024.58
458.248,1518.67
-3222.5,2406.2
2782.53,3936.23
-3638.29,4135.51
4717.95,3031.64
-4847.79,-362.996
5326.85,-2265.5
-6152.74,-3476.9
7399.01,-2453.82
-6730.24,-2534.05
7096.94,-1604.68
-7511.34,30.9592
6944.27,3202.33
-6147.71,4252.07
6871.25,3227.56
-6350.34,-1263.06
5070.76,-4026.37
-3979.65,-5292.65
4953.97,-4430.73
-2573.65,-4090.43
2505.65,-2382.03
-1452.73,-357.107
447.49,2292.85
582.171,4227.11
-1316.01,3689.55
781.351,3189.52
-3278.49,2431.64
3090.8,2735.04
-3546.69,1757.07
4623.94,7.49609
-3938.5,-3029.63
3903.64,-3724.94
-2540.26,-4049.28
4263.16,-3377.67
-3021.88,-3366.2
2069.5,-1958.73
-2292.72,895.814
1908.34,3803.7
-1158.48,4576.45
978.328,3041.77
-1768.05,667.397
1748.98,-1975.73
-998.012,-3140.92
2650.53,-5473.03
-2482.59,-5359.64
3445.26,-3437.37
-4001.62,-139.439
5778.74,3097.17
-6622.06,4289.56
6378.16,4652.01
-8223.01,3337.22
8043.12,3101.09
-8138.16,137.834
8433.22,-1170.94
-8453.76,-3570.83
8381.73,-2466.33
-6997.83,-1922
7979.61,-1189.57
-5565.18,-2206.14
3685.48,-1249.55
-3741.64,788.618
2487.29,3484.65
-1660.71,4531.08
645.993,2263.23
37.5275,-205.576
-712.354,-2341.31
2030.23,-2922.55
-611.623,-4311.42
1586.71,-4870.29
-1145.87,-5090.26
1091.78,-2417.97
-750.849,922.102
1167.98,4311.99
-1093.7,5817.12
-1255.47,5399
-98.3752,4868.82
-907.127,2954.27
900.406,263.358
-701.018,-2539.54
716.905,-3317.9
-348.377,-3182.58
1576.23,-2110.16
491.765,-2513.69
-387.108,-2996.15
-194.377,-1326.14
-673.216,1697.08
1183,4126.04
-1418.75,3881.77
1854.73,1095.86
-2923.71,-1570.03
3159.68,-2450.59
-2639.06,-2641.56
4162.91,-2542.87
-4478.94,-2646.39
4651.1,-1527.22
-5262.01,643.971
5317.06,3687.82
-5255.45,4546.78
4492.1,4702.23
-5389.37,2097.77
4488.32,797.658
-3820.26,-1784.86
3256.65,-2679.13
-2217.91,-2748.35
1927.45,-1790.38
-643.885,-743.296
1651.78,-1024.01
-1119.52,-860.285
392.286,-926.677
-1104.31,1576.77
1376.99,2109.89
-1683.98,2008.91
2179.1,234.334
-3041.11,-1254.1
4306.27,-1555.1
-4243.23,-2157.54
6138.52,-2091.87
-6171.06,-3471.32
5933.26,-1659.83
-6548,160.863
6821.76,3523.83
-6428.51,4277.13
5645.65,4186.14
-6897.07,3048.38
4740.59,2923
-3167.05,845.978
2887.68,-1640.58
-2261.91,-3964.7
1386.04,-3818.8
-511.095,-1270.68
638.738,517.198
946.986,771.252
-1013.74,-819.369
15.2793,-722.97
-28.0663,-268.522
802.944,568.321
-263.076,-798.064
-62.7548,-1791.46
-454.187,-2097.22
481.815,-1342.79
1402.32,38.3164
-723.532,-800.349
821.595,-1028.39
-2040.43,-21.5636
800.2,2632.55
-390.384,3539.35
382.102,3266.74
-1203.04,2246.21
-356.138,1762.46
905.146,1919.68
-281.288,350.813
1277.76,-2538.67
-2241.26,-4363.52
2621.25,-3551.48
-2218.81,-1041.7
3956.7,612.084
-4559.82,1405.91
4085.9,2302.65
-6012.67,2743.91
7067.1,2206.38
-5989.75,-925.411
6553.48,-3722.84
-6667.84,-6259.4
6743.82,-3852.57
-5383.13,-2440.1
7000.62,-1148.31
-6495.85,-1229.04
4562.16,1227.67
-4886.35,4376.76
3845.65,6989.26
-3624.98,6332.22
1272.26,3257.01
-2822.6,1171.79
1828.75,-200.684
-270.859,-632.841
1518.81,-2959.5
-1012.49,-4727.38
1628.26,-4741.93
-1714.92,-3225.6
2578.73,-745.357
-1886.32,1121.98
2177.47,1526.09
-3073.58,1498.71
3379.34,1661.29
-3579.65,474.742
3851.45,-625.39
-3624.1,-2679.18
3382.66,-2746.81
-2874.32,-2086.65
3470.25,-322.546
-2382.7,594.062
369.703,2831.35
-1279.96,4584.51
-24.3175,5690.44
608.237,4218.81
-2549.48,1854.95
2564.48,228.625
-4265.55,-602.802
5808.88,-696.87
-4608.44,-3735.36
5862.49,-5558.51
-5703.35,-6464.67
5499.77,-2666.3
-4265.34,42.6785
5346.65,2112.4
-5499.02,1523.62
2294.48,2156.82
-3692.1,4166.54
2860.3,5690.85
-1476.74,3608.07
841.289,-1501.55
-1040.2,-4481.4
672.052,-5527.41
334.07,-3455.33
1703.15,-2573.12
-1593.62,-1772.82
647.968,384.283
-2042.15,3625.17
2038.38,6890.91
-3194.76,7348.99
2034.17,5258.64
-4081.06,2073.53
4267.66,-817.258
-3840.14,-4020.68
5521.37,-5572.95
-5001.97,-6181.12
4729.64,-3408.94
-3926.67,-537.814
3880.49,2313.19
-2808.44,2617.07
1476.9,2891.98
-2854.42,3059.08
1915.72,3516.45
-601.354,1090.19
14.6468,-2746.74
1262.52,-5919.21
-2411.68,-5931.51
3516.26,-1854.08
-2437.09,617.695
4509.83,1459.89
-6078.95,742.284
4732.34,1894.93
-5789.69,3692.68
5115.6,5693.49
-5342.82,4332.57
3841.02,2601.5
-4732.91,-273.095
4919.34,-1351.33
-2347.67,-3665.54
2785.39,-5400.03
-1721.49,-5318.62
570.003,-2925.45
-634.353,851.448
1383.62,3065.79
-793.651,3746.8
-338.466,2078.38
-1005.5,2633.92
2215.8,892.164
-1997.47,-1988.28
3452.28,-5810.35
-4936.48,-6900.93
5837.88,-3739.25
-5588.09,292.692
7588.43,4178.38
-8943.68,4267.84
7504.66,5430.27
-9501.94,4572.89
8887.54,4714.75
-8839.87,1416.33
7948.71,-581.874
-7510.72,-3250.62
6309.79,-2809.34
-3436.67,-2940.35
4102.94,-3292.43
-2149.94,-3792.38
1259.56,-3221.32
-516.586,-388.808
856.346,986.492
-332.748,2124.3
-800.715,1342.05
74.0862,1750.66
-323.896,1610.3
1296.97,860.422
-647.457,-1343.18
-680.48,-2097.91
1629.02,-1913.45
-2545.77,-580.169
3824.41,1139.23
-3691.47,831.882
2707.71,2402.94
-4025.8,3426.68
3442.76,4501.92
-2921.6,2806.61
2516.89,-122.59
-2465.48,-3299.31
2177.39,-3669.45
-363.474,-3942.73
2032.35,-3796.2
-774.793,-3917.87
-136.62,-3353.74
491.263,532.073
-1430.1,3327.26
2290.29,4701.73
-2662.57,3730.9
1435.85,1585.72
-1793.71,-423.506
2018.18,-1267.74
-1464.96,-2620.02
1184.56,-2573.43
-1421.77,-1323.88
1517.42,491.728
-504.379,1974.16
470.955,2257.42
-1244.34,2102
-80.9794,2592.49
-1091.2,2762.47
1353.75,1201.5
-505.118,-1212.21
191.905,-3449.88
29.6073,-3420.65
1198.8,-2157.37
-79.8711,-1912.35
1616.14,-2802.73
-2380.6,-2949.57
1828.12,-879.041
-1999.95,2490.86
3209.44,4013.3
-3792.4,3125.55
4107.33,740.569
-5971.56,-750.765
6778.11,-1084.38
-5675.83,-2102.6
7033.24,-2476.59
-7488.44,-3227.47
7340.08,-255.277
-7218.34,1709.25
7760.78,3923.58
-7657.06,3103.05
5704.5,3210.74
-6565.58,2674.7
5672.49,3007.22
-4149.37,656.051
3443.67,-2311.54
-2094.1,-4391.62
1345.58,-4716.63
1081.23,-3407.52
541.782,-3453.44
400.203,-3018.68
-577.818,-2464.38
916.803,-260.361
-391.071,1224.72
1000.93,1931.26
-1436.72,1178.53
682.008,820.685
-445.827,395.847
134.783,281.631
613.749,-66.1583
-1209.81,-307.531
508.665,1358.84
-596.025,2050.95
1020.11,2441.47
-596.328,1314.4
-196.131,51.9164
297.414,-466.337
117.269,-765.318
1900.83,-2537.44
-1196.32,-4336.99
2425.48,-5220.92
-1855.81,-4297.85
3538.4,-1701.09
-3539.49,-38.1209
5296.28,916.507
-5854.4,705.09
5542.38,1244.07
-5726.74,1720.47
5925.46,2542.12
-6447.36,1519.83
6147.55,1259.31
-6694.48,73.186
6692.88,365.933
-5179.22,-661.446
5480.58,-1211.16
-4359.71,-2509.98
3610.97,-1590.11
-3533.21,-303.846
2541.74,1496.47
-1650.8,2634.76
703.336,2174.15
-282.312,1430.01
50.5487,-63.582
1135.6,-1910.46
-542.859,-4717.73
1110.97,-5750.3
-1111.06,-5354.55
1277.83,-2059.58
51.4985,740.507
299.994,2556.68
-1108.62,3814.46
-892.318,4519.76
162.051,4596.87
-239.394,2460.42
-221.978,-339.227
-306.585,-2678.45
-326.144,-2097.76
1621.01,-1385.65
-551.625,-1015.81
1910.18,-1971.25
-3319.77,-1647.08
2667.96,1284.01
-4298.33,4373.85
5428.01,5757.73
-7237.93,4249.2
6048.49,2515.49
-7150.23,154.743
8430.8,-932.026
-6627.79,-4945.11
7736.3,-7319.36
-8015.56,-7807.16
7838.7,-3789.96
-6380.97,69.2852
7277.75,2896.33
-7226.51,3222.95
4767.73,4511.92
-5530.08,4886.2
5243.4,3712.55
-3903.75,-151.644
2111.84,-4002.54
-2532.01,-4373.45
1941.76,-1220.51
-447.49,1640.36
1438.99,2235.41
-1437.61,1441.13
-762.982,1278.15
41.5673,2899.71
13.8669,3128.27
238.1,1795.09
-778.713,-1227.84
-471.621,-2355.1
1422.23,-2279.85
514.844,-2438.11
1086.23,-3502.21
-902.228,-4566.4
69.8767,-2490.58
127.519,-26.4626
226.166,2486.58
1042.37,2040.71
-2642.23,1748.89
2243.9,1672.97
-3100.29,1938.78
3892.77,1563.77
-5112.14,-436.188
5598.1,-1182.71
-7078.33,-1314.46
8543.03,637.977
-8038.3,492.26
9004.52,518.576
-9738.55,-820.174
8621.86,277.521
-8509.27,514.345
8933.22,1196.8
-7662.95,-493.109
6340.47,-633.767
-5720.22,-857.557
5402.89,368.777
-3364.18,-1118.83
3094.9,-2831.04
-1926.87,-3614.05
689.748,-2478.6
846.826,501.262
-1933.95,2552.54
2674.58,3505.13
-4734.16,2819.43
4813.82,2567.2
-4869.72,609.894
6017,-711.801
-6157.8,-2913.67
5925.29,-2863.08
-5613.71,-2649.66
5513.03,-657.522
-4349.4,72.9034
3232.72,2316.8
-4861.72,4793.82
3937.32,6426.67
-3147.4,4488.03
2985.52,-741.525
-2781.18,-5171.77
1432.83,-6261.61
-631.049,-3801.39
3565.73,-2740.98
-2289.16,-2876.06
2480.16,-3346.47
-3700.99,-816.606
3965.29,3434.03
-4473.82,5475.84
5089.58,4994.9
-7733.32,2350.53
6460.29,1007.95
-6633.38,173.612
8581.17,-587.859
-7258.77,-3849.53
7181.32,-4137.99
-8430.2,-3178.88
7375.1,1847.85
-5413.04,3944.04
4797.33,4205.55
-4945.18,2623.64
2807.6,2486.54
-1167.49,1069.01
1195.08,-1614.66
489.69,-5134
-2270.73,-7079.82
4071.78,-4807.55
-3491.51,-2047.99
6260.79,850.474
-6076.55,768.196
5378.87,1930.89
-6687.83,2042.36
6307.9,2949.11
-6122.19,1773.65
5402.97,1043.82
-6160.65,66.4017
4508.98,1809.07
-1802.62,1036.68
2546.95,-1449.86
-1908.75,-3979.03
226.898,-3925.01
21.0378,-243.163
468.851,1992.89
668.274,2667.1
-1040.1,686.47
320.108,4.94926
-205.696,-12.2631
1271.88,-61.0902
-142.68,-2513.99
-165.152,-4181.54
694.492,-4292.13
-1028.99,-2728.43
3308.37,411.757
-3197.05,1793.11
2620.9,3044.48
-4059.15,3497.36
2948.57,4100.55
-3131.18,2961.92
2911,1232.57
-2725.05,-1217.85
2278.78,-1646.92
-1058.27,-2571.88
2288.55,-3258.68
-479.399,-4426.87
-1118.11,-3311.41
882.511,712.47
-1666.11,4701.58
3090.52,5983.25
-3975.23,3435.67
3625.94,615.013
-5103.88,-1458.17
6028.07,-1861.68
-5780.19,-3066.66
7030.72,-3780.82
-6404.26,-5007.56
6844.91,-3213.95
-5809.05,-1070.22
7007.01,1567.73
-6329.78,1582.08
4914.58,1666.11
-6456.78,1832.96
5180.4,3308.37
-4551.65,3358.66
4534.38,2120.99
-4817.85,483.758
4571.98,-918.84
-4051.42,-1349.44
4629.04,-2336.89
-4757.01,-2471.14
4938.62,-1227.35
-4432.23,-207.679
5260.63,1210.62
-5166.86,1159.84
5749.75,539.19
-6626.71,-464.79
6067.16,-203.965
-5156.98,-1564.08
6214.01,-2036.75
-4467.61,-3978.79
3332.75,-2703.25
-1929.69,-1127.58
800.818,1599.32
679.071,2449.93
-3631.6,3032.62
2860.48,4392.56
-4238.41,5055.1
5317.82,4649.37
-6219.88,382.204
7883.56,-2932.57
-9661.08,-6121.25
10660.7,-4812.53
-9390.86,-4105.05
10472.3,-1505.25
-10509.4,-91.4178
9532.02,2861.08
-9384.81,4313
8630.9,4557.75
-8511.01,2020.91
6262.5,269.109
-6556.96,-1448.24
6366.16,-1250.18
-4109.7,-2955.71
4252.7,-3910.46
-3812.86,-2845.06
3161.83,-1254.95
-1353.23,614.602
1825.31,586.627
-2064.85,133.099
-386.646,1452.71
-864.37,4857.78
1216.17,5592.81
-726.026,3330.24
-368.889,-82.99
-1001.17,-1850.04
785.656,-857.505
543.814,-786.119
1723.88,-2539.25
-2161.81,-4146
869.717,-3101.23
-642.616,884.814
909.172,4368.74
-206.696,3788.27
-249.299,1520.35
-1158.72,-531.897
48.7023,-708.989
2925.22,-1847.32
-1794.2,-4190.41
1805.31,-5610.45
-2487.76,-4151.98
3242.21,-453.64
-3538.36,3186.08
4253.8,5355.8
-6038.88,4557.58
5438.23,4364.21
-6565.77,2825.87
6625.82,907.629
-6518.67,-2039.27
6218.35,-2963.85
-6916.21,-3064.8
7041.25,-770.484
-4926.09,330.662
4448.63,1388.56
-5516.79,1508.78
4136.03,3136.04
-3640.6,2978.74
3050.11,771.118
-2752.17,-1948.72
2291.3,-3681.69
-2323.02,-2771.24
3533.06,-2408.48
-2223.75,-2071.56
2586.81,-2647.79
-3180.21,-1997.39
3436.59,-0.988155
-4279.36,2561.08
5140.56,3781
-7091.18,3231.28
5084.08,4264.76
-7004.43,4078.22
7474.13,3847.31
-7069.92,369.859
6833.69,-1953.46
-7609.26,-3379.61
7225.9,-2028.75
-4438.42,-2335.77
4431.93,-2310.61
-3926.58,-2932.25
2201.39,153.956
-1119.09,3357.63
444.844,4045.67
1176.37,2260.48
-2560.73,-1585.45
2835.61,-3431.96
-2470.29,-4123.43
4663.27,-3017.22
-5330.93,-2252.87
4558.84,1026.14
-5338.56,3026.22
4946.84,5766.11
-4252.36,5114.97
3240.31,3109.07
-4040.83,1359.37
2501.04,247.169
-1434.77,-1586.01
2239.82,-4085.88
-1637.88,-5307.21
1440.87,-3834.88
-1052.13,344.018
2660.37,2518.3
-1550.99,1981.62
794.052,-696.35
-2094.25,-1769.47
2384.12,-584.614
-3286.9,1074.17
4466.02,1637.87
-4928.3,701.309
5048.98,-454.074
-5701.92,-1291.94
6880.47,-421.747
-6105.61,-1351.22
6557.19,-1427.3
-7151.12,-1826.79
6524.2,-60.9775
-5877.45,1124.2
5964.78,2654.42
-6148.67,2194.07
4595.29,3058.99
-4423.29,2509.83
4331.21,628.84
-3170,-1986.78
2511.75,-4053.55
-1549.29,-3754.21
1941.96,-2242.95
-402.756,-960.095
367.221,-144.775
-1445.33,1576.12
556.916,3068.63
-801.201,4368.25
1343.8,2958.17
-1538.77,137.711
1651.41,-2549.23
-1958.24,-4170.88
4039.7,-4869.96
-2508.5,-5293.02
3730.23,-4717
-4504.38,-2098.71
3839.58,3411.71
-4098.43,6596.47
4140.47,7715.73
-4679.36,4296.39
2168.42,2053.11
-2542.85,484.777
1829,16.4498
-133.431,-1960.39
-787.95,-3460.78
1689.27,-3697.34
-1942,-2324.44
3359.2,854.171
-3026.63,1120.97
3753.9,1279.18
-5782.43,282.501
5353.77,465.773
-5270.23,-133.054
5832.76,-354.714
-4111.2,-2784.34
3877.67,-3595.4
-3101.13,-3695.61
4462.18,-3277.49
-3557.77,-2162.23
1595.01,191.137
-2404.4,4021.25
1017.66,7778.7
-1246.3,8181.18
482.288,6009.35
-2322.28,3225.77
349.652,457.46
530.046,-1152.5
907.138,-4426.63
-630.609,-6764.15
1787.86,-6272.04
-1720.66,-3313.84
3513.77,-67.7975
-2240.1,1653.61
2483.3,904.792
-4609.11,522.878
4095.54,2076.49
-4600.42,2106.65
5844.71,1358.87
-5722.86,-1813.16
4996.99,-2828.63
-5269.81,-2367.83
6041.13,-180.482
-4737.52,-19.6781
3443.82,827.473
-4062.29,1585.79
2122.6,4228.02
-2298.91,5940.97
1082.75,5334
-401.395,2297.52
-1262.98,-1286.1
1516.84,-3083.37
-1032.51,-4318.64
2196.85,-3766.9
-1841.41,-3632.43
2312.07,-2095.3
-1661.61,-1305.87
2103.31,533.61
-1553.83,1118.8
57.633,1803.06
-271.082,2181.14
-1283.26,2109.65
1566.8,1054.53
-1320.67,-1220.42
2314.78,-2147.17
-3046.92,-2486.63
2882.8,-184.429
-2147,777.518
1103.16,1936.04
-1911.93,2050.98
885.228,3149.87
-147.495,3361.63
-1128.65,3121.89
1715.38,1377.57
-2891.37,-1255.79
3324.18,-2601.41
-3852.2,-3881.37
5424.37,-2901.03
-4662.89,-2349.23
4875.52,47.9895
-5062.23,783.547
4641.03,2032.8
-3973.98,1017.54
2928.27,133.805
-3623.68,-145.523
2529.92,1232.41
-1485.17,1659.8
1095.1,156.061
140.458,-1943.19
-827.004,-3386.58
507.376,-1777.45
163.783,-333.638
573.324,1174.58
-1219.97,1177.5
-398.58,1974.67
555.3,2611.92
-1097.25,2953.03
1100.33,2376.09
-2500.08,1312.03
2866.87,-239.73
-3012.33,-2119.56
3902.31,-2680.85
-3411.52,-3785.12
3772.43,-1842.24
-4481.92,311.849
4639.1,2214.61
-3713.42,1841.81
3510.56,579.692
-4245.67,-732.178
3910.54,-407.292
-2474.39,-597.664
2928.18,-1697
-2764.08,-3118.61
2098.53,-2808.19
-1675.68,-117.368
1132.96,3042.66
-596.573,3965.13
-287.687,4208.33
-922.203,3206.52
-873.905,2212.21
1073.29,1677.09
-1102.41,-155.487
865.699,-1272.87
-1499.49,-1969.72
1970.97,-1405.22
-361.457,-2057.4
1606.44,-3109.85
-835.483,-4202.62
192.996,-2583.42
-271.375,-27.1903
-81.3652,2123.81
483.966,3227.56
-1926.88,2366.43
1059.98,2468.56
-823.453,1704.13
2248.16,-414.394
-1116.36,-4127.19
-85.2463,-5380.32
-29.7768,-4119.86
-182.605,-84.7172
1926.76,2666.08
-2754.74,4121.39
1544.76,5640.27
-4681.46,6951.43
4970.22,6901.32
-5428.83,2649.83
6172.85,-2881.32
-6704.64,-7584.84
7593.14,-7243.78
-5952.59,-5941.44
8614.53,-3314.7
-7227.5,-3225.72
5613.63,-512.678
-5500.88,2315.52
5128.99,5261.3
-4176.95,5018.7
2885.6,2750.76
-3700.66,-6.23889
2670.94,-1789.33
-1004.79,-2529.76
2179.01,-4221.4
-1175.7,-4108.42
699.879,-2322.9
-998.417,1777.86
1799,4091.64
-2089.8,4602.23
1529.62,3545.76
-4383.23,2978.59
3959.68,3809.22
-3795.76,2319.78
4777.04,-781.986
-4444.52,-5293.35
4805.2,-6395.04
-3954.47,-5557.59
5718.19,-2959.9
-3666.36,-2211.09
3200.95,-841.48
-3710.28,413.743
2345.4,3256.12
-926.928,4254.26
-404.173,3443.35
1042.68,965.254
-3331.4,-898.903
4610,-1710.62
-4060.25,-3093.22
6320.27,-3845.6
-6805.54,-4168.71
7271.79,-1076.17
-7317.75,1014.22
8247.23,3852.11
-9441.43,3783.7
7130.39,5327.98
-8442.85,5374.05
8336.75,4900.13
-7126.71,731.732
6722.36,-3694.94
-5416.75,-6912.83
5270.53,-6786.83
-3275.2,-4931.48
4197.59,-2767.64
-2791.54,-1053.88
2501.76,465.81
-2852.28,2905.48
3272.1,3795.91
-3137.73,2952.52
2749.3,153.316
-3779.63,-2084.1
3640.69,-2526.38
-3357.47,-1632.82
4905.84,-659.909
-4642.54,-467.778
4227.56,1344.36
-5098.91,2195.73
5085.22,3430.27
-5254.34,2281.69
4517.98,1486.41
-5371.73,637.539
4857.25,553.152
-2770.82,-959.658
3564.19,-3324.75
-2295.92,-5770.42
1828.19,-5190.82
-849.434,-2561.14
898.407,455.162
1260.16,1463.21
-2232.2,1284.66
1039.27,2111.44
-1442.1,2745.54
2853.99,2382.52
-2944.2,-656.791
2568.97,-2634.31
-3967.19,-2832.39
4281.94,-48.8652
-2579.19,1003.98
2961.48,1069.53
-2646.48,-41.7879
1619.1,338.895
-1602.45,1221.62
678.944,1835.01
-164.201,1662.26
-1341.57,914.003
276.747,1333.33
18.1101,1522.89
830.69,1074.29
687.788,-2488.96
-625.087,-4804.34
626.163,-5853.27
-430.617,-4303.11
2918.07,-2616.97
-2935.8,-1399.78
2751.64,1029.59
-4448.21,3574.93
4602.03,6099.75
-4704.16,4310.27
5148.05,1124.8
-6274.73,-2960.85
5351.99,-2922.65
-4372.65,-2170.55
6162.79,-1834.21
-5821.65,-1440.19
4787.39,-50.7887
-5118.67,2259.4
5317.13,4664.66
-4082,3692.26
2723.56,1734.1
-3637.46,-409.414
3000.15,-698.456
-947.463,-2038.37
2477.82,-4084.94
-1000.39,-5644.04
134.966,-4012.74
304.238,-398.774
1153.17,1711.22
510.629,1911.88
-2425.25,290.26
1055.36,1856.91
-37.0031,2454.43
1650.46,928.869
-1197.46,-2187.22
681.828,-4815.04
-609.509,-4017.9
1354.34,-1438.07
-6.25903,768.412
625.465,1401.52
-1894.45,2567
283.811,4232.35
-1133.96,5420.23
2090.12,3930.61
-2988.22,651.238
2386.34,-2017.79
-2973.02,-3467.78
6094.79,-4030.61
-4400.63,-5626.46
6011.51,-6890.55
-5634.79,-5963.84
6512.19,-1990.2
-6092.04,955.421
7048.36,3365.37
-8146.52,3571.61
5920.76,5203.53
-6898.84,5084.73
7212.26,4135.11
-5943.47,-412.494
4653.9,-3620.51
-4584.03,-4887.85
4316.89,-2624.71
-2269.16,-405.052
1962.85,575.376
-1181.29,1250.43
-172.767,2080.97
104.253,3436.75
354.805,2300.23
172.256,258.501
-336.611,-3552.58
-242.059,-4617.98
1105.36,-3868.89
454.038,-2381.26
1373.79,-1684.66
-1370.12,-1604.5
1444.48,-112.499
-2063.2,1383.44
2764.82,2449.79
-3080.61,1625.96
1580.07,2205.42
-2905.81,2508.04
2342.7,3431.03
-1179.51,2173.37
812.161,-505.401
217.138,-3157.85
-1478.48,-3281.49
2749.41,-2210.39
-2865.85,-750.406
3943.63,142.181
-5346.4,690.737
4481.56,3215.78
-5241.42,3848.09
6398.4,3839.69
-6245.53,-344.158
4874.5,-2897.76
-4768.05,-4762.85
5277.45,-3636.75
-3159.97,-3701.26
3328.85,-2959.71
-3241.06,-817.82
2005.45,1803.37
-1038.19,4318.73
-97.391,4087.57
-1148.09,3672.12
-737.688,2604
184.654,2014.56
14.2443,614.598
226.706,-1223.82
-75.7811,-2804.03
-892.328,-2286.04
2016.03,-1126.9
-1733.22,-469.949
2416.33,-6.62006
-4126.41,1126.39
3582.12,2682.59
-3825.14,3165.03
5411.95,1438.45
-5612.17,-2535.87
4383.21,-3332.66
-4385.61,-3000.28
5534.81,-747.211
-4020.59,-1549.57
3943.12,-1605.1
-4458.38,-692.507
4013.09,1482.56
-2493.04,2737.7
1893.78,2260.61
-3131.3,1502.95
1083.88,1433.21
-707.313,2317.76
1350.25,1132.01
-608.326,-517.418
971.663,-2441.08
-1754.06,-2554.41
2829.93,-1569.49
-2720.21,-986.988
3816.62,-779.357
-5415.54,420.123
4287.3,3335.78
-4161.33,4827.92
5096.72,4151.79
-5285.46,-441.066
5094.96,-3780.72
-5230.04,-5644.11
6254.57,-4391.9
-4629.19,-3699.9
5446.72,-2575.84
-4773.29,-1579.6
4597.9,470.247
-4539.83,2782.02
3377.2,4661.07
-3112.55,4497.23
771.479,3489.52
-1256.76,1580.2
1155.05,51.966
611.362,-2369.09
-23.2147,-4166.04
529.665,-3846.12
-900.095,-2493.94
1592.58,154.884
-1228.53,1243.04
1217.41,2290.1
-2619.1,3129.99
1984.11,4867.4
-1452.19,3524.72
1136.28,520.998
-698.295,-3421.63
51.172,-5932.78
1244.21,-5304.86
926.016,-4534.58
1472.19,-3531.93
-1793.58,-2154.12
888.803,779.366
-1370.3,4004.81
754.974,6097.97
-263.306,4413.27
-1245.76,2651.97
290.702,787.57
-1313.63,324.576
3331.46,-961.29
-3819.16,-3315.3
5476.51,-4820.12
-6362.78,-3976.06
7094.59,-150.337
-7167.28,2778.57
7765.35,4985.02
-9413.81,3136.33
8612.06,2897.39
-9911.75,1215.39
9807.03,920.362
-8618.45,-1368.55
8431.17,-3004.99
-7183.53,-5541.04
7575.83,-5372.08
-5386.98,-4833.11
5554.45,-2932.34
-4566.91,-146.427
1658.32,3930.35
-2164.15,7081.5
1351.01,7156.51
-1581.56,4873.66
1221.3,239.275
-2019.28,-2013.78
1691.48,-3196.63
-207.642,-3535.66
704.886,-3956.21
-1008.46,-3266.86
985.163,-5.03693
-2011.82,4631.5
2739.11,7220.76
-2694.81,5588.02
1075.19,2665.29
-3306.94,-1018.73
3388.45,-2143.08
-1868.06,-3532
2799.95,-4934.87
-581.081,-5720.59
462.22,-4760.68
2003.77,-3630.49
-1578.56,-1305.53
1947.68,199.761
-3930.34,2710.61
3390.09,5916.99
-5153.58,6333.3
5323.76,6291.44
-7043.96,3539.49
6493.73,1219.63
-6534.16,-1900.4
8192.18,-3807.88
-7852.3,-6120.29
7405.44,-4065.16
-7809.13,-494.037
8244.54,3388.76
-6367.23,3976.5
5391.67,2624.45
-6071.98,773.279
3969.85,1249.81
-2831.92,22.6187
4637.64,-3156.72
-3780.98,-6910.62
2928.55,-7287.51
-1819.63,-3413.66
2711.99,980.653
-714.697,2732.93
532.628,1372.63
-3116.08,1682.66
1470.36,3308.56
-787.422,4696.99
731.602,3853.86
-967.492,317.192
86.1369,-1691.14
-762.456,-2288.65
2044.35,-1480.46
-540.971,-1139.02
370.824,-1498.72
-798.936,-506.646
363.921,1541.67
604.557,2035.16
338.338,711.585
301.903,-1368.18
-2522.12,-2029.76
4258.69,-1730.25
-2669,-2101.1
4520.44,-4259.49
-4563.35,-4867.16
5591.45,-3057.17
-5925.39,-1.44171
7240.5,3468.67
-7877.78,3197.74
7416.37,3655.5
-9654.67,3322.63
8845.44,4842.98
-8104.25,3135.69
8468.78,1045.04
-8182.33,-3158.39
7214.43,-4554.15
-5311.76,-4394.81
6163.58,-2929.51
-4150.17,-2322.67
3031.89,-722.73
-2358.7,1387.74
1598.64,2862.99
-1148.47,3207.39
1597.09,702.558
-1466.15,-1497.37
225.641,-2899.56
918.574,-2782.35
562.878,-2987.48
-290.025,-2772.48
593.291,-2001.79
-454.316,-30.4489
1251.02,1739.88
-1374.98,2413.13
1072.68,2598.57
-1979.86,1445.45
1412.28,1503.27
-1695.08,1075.6
1673.52,355.958
-411.778,-682.153
-430.837,-838.227
467.972,-816.383
-496.804,441.396
1706.39,436.897
-2720.33,-90.9573
3127.79,166.018
-4378.32,797.042
5528.66,1524.51
-6156.65,353.271
7086.03,-1039.21
-7217.27,-3102.65
7683.72,-2865.74
-6842.42,-3632.3
8917.11,-2997.34
-8266.62,-3488.08
7391.94,-1413.82
-7415.55,850.362
6844.6,3925.69
-6604.84,4462.54
5579.42,3945.37
-6504.15,2801.19
4769.15,2453.04
-4034.17,1438.11
3286.07,-178.13
-2193.73,-2445.26
1429.02,-3147.42
-568.796,-2446.62
1964.97,-1604.04
-692.589,-763.347
-691.589,-7.21265
199.27,1508.76
-685.098,2695.32
1413.65,2258.25
-1903.97,399.759
2067.13,-752.493
-2144.81,-1979.15
3058.91,-2371.34
-1937.04,-3582.16
2694.33,-4522.21
-2743.28,-3193.42
2705.31,-166.714
-3540.4,3653.86
4309.78,5895.14
-5248.39,4786.24
4315.07,2802.82
-6285.74,1503.31
6748.59,533.635
-6600.16,-987.396
6896.83,-1911.65
-7956.69,-2580.13
8373.54,-639.246
-8392.38,287.028
9607.25,1476.37
-9584.99,223.008
8193.37,817.553
-8472.17,519.415
8191.29,678.622
-7277.13,-1311.45
7194.44,-2474.53
-7143.96,-2898.2
6087.23,-977.523
-3578.91,-184.844
3508.61,-426.876
-2583.55,-2133.19
750.813,-1662.58
-743.617,1147.49
-637.013,3857.38
1663.96,4885.69
-3412.17,3492.23
2491.66,2279.52
-3647,1167.26
4449.59,969.136
-4047.87,-1535.61
3831.41,-2127.82
-4309.8,-2981.92
3988.36,-1103.27
-2491.83,130.561
1815.91,1241.86
-928.633,1332.62
1.54984,1062.88
-773.682,1401.94
516.265,256.189
719.233,-1179.19
-534.218,-3762.77
815.062,-3892.53
-322.748,-3072.28
885.443,-774.084
1382.45,-710.342
-3364.08,67.2226
2741.98,1864.78
-4328.21,4122.97
4810.37,6111.26
-6118.34,4348.39
6252.48,2449.21
-7989.46,-209.14
7782.54,-903.927
-6438.06,-2917.34
7224.2,-3150.75
-6332.59,-4777.27
5618.92,-2204.21
-4715.2,-7.48875
5033.14,1861.32
-3204.02,1770.93
1341.88,179.903
-1391.72,160.187
627.35,576.538
889.829,54.3788
-1538.18,-1272.41
1760.11,-1320.81
-2627.69,-1216.55
3555.86,728.887
-2696.71,765.279
3112.14,-213.208
-3859.74,-441.172
3025.78,419.375
-2946.1,1195.56
3132.4,1898.96
-3383.55,866.532
2830.63,750.276
-2880.57,401.273
3463.31,-206.822
-2009.3,-1717
1534.14,-3056.77
-1710.31,-2771.94
2476.22,-1401.39
-2294.43,144.056
3343.76,487.338
-4140.67,1425.06
2794.09,2575.92
-2979.35,3051.21
4145.32,1818.85
-4245.21,-1625.03
4901.88,-3939.91
-5594.34,-4164.14
6792.2,-2159.84
-5797.11,-1161.54
6054.34,450.118
-6984.85,838.192
5920.95,3530.07
-5761.12,4650.37
5334.55,4244.8
-4797.37,1457.53
2713.22,-626.395
-2906.51,-2069.19
3369.73,-2015.55
-816.308,-3411.39
542.437,-3988.36
-511.808,-1803.78
-619.224,931.608
1074.02,4361.88
-895.78,3665.29
740.649,1311.05
-1956.4,-641.025
1057.22,-320.718
598.737,-1132.83
522.018,-2750.37
202.861,-4897.44
-1566.79,-4547.44
1229.69,-300.139
-686.945,3340.62
2001.09,5149.53
-3459.54,3730.21
1099.88,3216.38
-2097.88,3095.28
1171.58,2839.88
-660.046,598.774
292.395,-1669.49
-1072.44,-2788.76
1021.56,-2205.83
1354.72,-1365.56
-1247.83,-1832.41
987.247,-1443.53
-2534.3,217.868
2160.09,2521.84
-2561.26,3646.15
2680.35,2963.4
-4090.12,1090.87
3534.73,174.716
-3516.41,-970.658
5026.91,-3035.71
-4456.7,-5352.47
4940.88,-5481.1
-5256.53,-3732.63
5427.43,917.727
-5149.32,3901.44
3591.75,6354.94
-6060,7240.52
4107.8,7554.02
-4734.2,5568.75
4208.61,1884.23
-3774.23,-2979.6
3641.37,-6076.35
-2672.1,-7182.37
3886.24,-6267.12
-2107.77,-4096.04
3415.22,-2518.68
-3611.68,502.591
3696.51,3331.43
-4528.6,4911.19
4886.01,4587.71
-6115.39,1929.35
5281.71,-180.172
-5549.83,-1747.72
6427.73,-1721.67
-5357.77,-2755.99
5737.68,-1777.33
-5882.73,-1243.6
5120.6,1922.03
-4343.61,2920.8
3545.05,3470.43
-2711.22,2289.91
333.22,1465.56
12.8807,1273.45
-405.426,-3.26111
2311.94,-1996.4
-2730.09,-4577.48
3241.53,-4065.79
-3397.66,-2415.74
5089.95,218.504
-3455.47,-613.766
2760.83,-614.299
-4009.07,-184.199
2860.3,2369.98
-2135.82,3668.7
1790.7,2640.06
-1820.6,339.667
440.434,-1286.41
-25.1957,-1131.24
1020.15,-1559.65
164.129,-2208.04
-515.414,-2947.88
-576.635,-779.862
812.067,1491.63
-480.996,3280.15
1231.65,3112.19
-3638.73,2363.33
3117.58,2209.41
-3917.22,1785.43
5172.03,105.874
-5674.47,-2711.79
6369.94,-3593.87
-6764.01,-3348.09
7891.14,-888.106
-7640.9,-84.0766
7814.31,1220.53
-8860.13,1076.23
8144.09,2279.59
-7633.97,1727.42
7685.47,1164.22
-7241.95,-1430.04
6186.34,-2250.73
-4847.82,-3178.91
5319.72,-3207.82
-3311.21,-3435.73
2404.45,-1930.68
-2015.07,957.042
2051.77,2849.53
-1669.95,3787.66
429.728,2874.04
-1759,2939.67
-78.3509,3469.26
-125.036,3944.08
979.4,1552.16
-829.68,-1796.64
1888.38,-4876.16
-1788.17,-5690.01
3368.39,-4259.65
-2347.5,-2977.24
3122.67,-949.044
-3439.79,-164.568
3646.52,1570.66
-2690.13,2143.68
2017.84,2472.32
-2173.39,1407.46
1094.32,842.891
-814.652,-865.822
1030.1,-2271.67
824.827,-3357.53
-1304.25,-3014.02
2258.69,-362.936
-3068.19,1840.46
3973,2991.72
-4698.38,1834.2
4001.97,1450.25
-5037.36,1387.15
4986.11,2846.51
-3618.68,932.886
4270.72,-2032.17
-2974.39,-6123.39
2374.3,-6477.79
-1254.91,-4178.43
2510.8,-1001.06
-339.07,644.142
-487.766,924.012
-1238.68,3128.92
455.262,4388.85
-140.061,5319.19
547.016,2208.4
-1669.04,-818.787
775.811,-2277.79
-863.327,-2136.22
4067.02,-2522.12
-3696.39,-3953.63
4287.77,-3301.25
-6007.95,-814.889
7023.03,3133.68
-7364.68,4345.72
7370.86,4123.19
-9745.09,2347.09
8952.3,2056.47
-8445.64,642.27
9622.23,-1583.45
-8631.75,-5811.63
7636.23,-5494.46
-7584.76,-4112.5
8715.43,-431.271
-6514.65,571.891
4701.6,1837.78
-6013.77,3433.45
3370.45,6187.16
-2498.89,6420.14
964.016,3255.98
-486.652,-1258.53
-932.007,-4618.49
1950.59,-4158.97
-1292.87,-3844.11
3098.95,-2823.92
-3202.37,-2306.96
1268.97,639.57
-1841.51,3869.89
1738.19,6825.96
-2058.89,6115.19
-597.343,4359.87
-651.726,2024.16
-458.893,-178.118
2388.61,-3060.55
-1658.82,-6792.55
2990.57,-7404.85
-2782.26,-5894.38
2661.84,-807.705
-1268.97,1940.88
1093.69,3693.55
-1672.86,3019.08
-195.145,3103.25
496.522,3351.12
-1359.81,2456.95
2348.07,-180.465
-4144.22,-2878.03
5063.51,-3287.98
-5564.08,-2581.87
6561.29,974.854
-6157.55,1892.23
6852.41,2628.96
-8091.06,1709.55
6487.6,2095.97
-6834.71,2130.69
6225.62,2371.49
-5619.02,264.723
5493.64,-1152.38
-4851.1,-3073.65
5192.17,-3576.84
-2952.12,-4054.58
3072.3,-4475.77
-1985.48,-3440.54
1813.56,-1518.05
-1700.65,1021.38
1158.14,3656.62
-1981.11,5551.62
-134.653,5774.56
-172.321,4577.81
356.731,1154.59
1.34449,-2847.8
-22.533,-5094.04
326.863,-4974.67
920.962,-3638.4
326.508,-2220.9
-200.299,-562.302
-460.885,1913.63
-674.037,5094.99
1091.75,6335.99
-1042.09,4238.93
896.003,-137.12
-2646.31,-2988.47
2883.42,-3574.11
-1772.31,-3150.24
4263.2,-3257.3
-4335.31,-3224.14
4285.04,-1093.57
-5096.61,1858.92
6524.34,4167.14
-6840.84,2900.95
5859.27,1816.59
-7351.09,505.163
7238.14,946.646
-6154.86,-579.939
6988.01,-2115.47
-6452.8,-4229.26
5785.6,-3312.5
-4320.8,-1946.38
4977.84,-60.9447
-3573.92,-26.0692
2123.11,455.213
-3040.06,2380.46
1791.26,4178.63
-379.035,3976.22
136.908,945.118
-901.47,-1436.52
576.656,-2743.99
428.226,-2130.11
1488.44,-2952.7
-869.804,-3536.31
850.704,-2957.73
-1151.93,-553.929
2495.08,2132.61
-2849.32,3080.31
2872.44,3015.02
-4395.03,2167.14
4580.04,1279.46
-4196.71,-874.548
5496.98,-2385.51
-5131.27,-4328.42
4863.92,-3089.04
-3973.64,-1458.53
4783.63,344.817
-3933.62,695.521
2601.67,1960.78
-2988.71,2858.04
2859.9,3484.54
-1623.76,1675.05
1204.84,-1646.46
-2039.21,-2778.17
1008.88,-1969.22
76.827,348.173
813.274,678.213
-399.888,-127.122
-399.251,-173.084
183.168,335.321
1034.1,105.449
-239.282,-1349.14
173.074,-3097.22
-1923.91,-2376.28
2400.07,38.4244
-1032.33,1033.81
2243.85,329.024
-2042.14,-1388.74
701.598,-1033.7
-1078.17,644.396
1028.72,2273.68
-30.3506,1050.61
-1468.71,635.675
-398.622,1749.53
-354.347,4151.73
1704.71,4659.79
-1934.18,1455.11
1365.79,-1550.63
-2968.6,-3580.7
4405.91,-2853.92
-2051.79,-3515.65
2853.8,-3797.39
-2707.01,-3558.11
1693.52,-489.826
-547.286,1855.66
115.261,3008.25
172.518,2771.09
-2641.09,2291.99
2893.34,2037.95
-2968.09,857.48
4078.74,-1080.48
-4110.61,-4183.03
3370.31,-3220.95
-3360.06,-1728.49
3828.06,1750.43
-2735.26,2158.51
1678.85,2383.4
-2999.87,2923.58
833.106,4249.97
796.263,3576.14
-2008.67,840.695
2693.44,-2459.82
-3667.87,-4864.78
5396.61,-3781.59
-4841.93,-3599.44
6836.31,-2632.47
-6603.22,-2555.78
6110.86,-648.188
-6538.29,1474.62
6141.71,4197.22
-5934.84,3904.72
4712.14,3635.75
-6405.14,1969.25
5338.31,1508.1
-2792.35,-854.555
2716.17,-3884.68
-1777.34,-5353.8
1732.84,-4578.3
-1477.03,-1149.34
2479.08,1023.83
-1924.9,2329.42
797.276,2461.76
-1927.11,3607.57
1404.54,4458.57
-1275.56,3135.47
1613.44,87.9643
-2322.37,-3304.59
2970.86,-4951.56
-2314.22,-4666.78
4612.89,-2910.48
-5307.67,-1059.34
4834.72,2000.76
-5107.22,3907.97
4412.37,4596.34
-3967.98,2780.14
3457.55,790.519
-4099.82,-1220.97
3659.56,-1339.06
-2279.79,-3068.56
2829.32,-3878.17
-1789.9,-4621.91
1292.78,-2721.08
-566.295,1288.76
-536.364,4460.27
770.499,5990.05
-2855.41,4293.31
1825.9,2810.64
-2843.49,1050.43
3033.99,-77.7269
-2714.38,-1623.73
3298.85,-2876.86
-3430.1,-4084.65
3935.02,-3674.07
-1505.61,-3709.95
2573.13,-3150.79
-2702.51,-1283.75
1008.01,2713.76
-1557.62,5522.36
630.498,6054.58
-1231.28,4215.82
-76.7292,1643.25
-772.25,778.892
1332.13,-257.495
-107.587,-1965.37
568.836,-4901.65
-968.527,-5455.52
1106.35,-3453.79
-1266.07,798.024
2556.76,4448.54
-3191.99,5295.06
1306.52,5184.79
-2781.5,3148.26
3570.28,784.915
-3528.34,-2871.26
4390.07,-5592.8
-3792.76,-6356.22
4777.41,-4884.98
-2597.46,-3776.25
3735.56,-2297.84
-4316.47,-183.168
2788.1,3913.71
-3191.99,7160.97
2662.69,7406.28
-3552.93,4782.86
1943.53,1789.94
-2740.91,-933.334
3459.28,-2093.53
-2411.03,-3133.14
2621.97,-4043.6
-1566.98,-3572.83
850.764,-1076.83
-554.907,1602.28
1522.22,3143.29
-1467.71,2760.99
164.152,1550.45
-1998.07,1443.15
2045.17,972.742
-552.575,-1110.81
1434.28,-4371.44
-1044.61,-6279.37
2034.18,-5283.04
-1441.36,-2295.58
2205.34,126.419
-1635.07,816.24
1035.33,1935.24
-2242.34,2551.94
1202.51,4842.42
-702.408,4908.49
-783.653,3586.1
867.923,594.042
-2350.25,-1930.01
3935.52,-3083.43
-3606.74,-3164.23
5693.53,-2712.95
-6015.12,-2196.32
6256.48,515.559
-7198,1393.53
8020.49,3027.91
-7857.05,1536.62
6464.93,1906.96
-6330.67,754.673
6352.39,339.785
-4362.35,-2698.4
4035.94,-5208.33
-3044.68,-5714.45
2912.54,-3575.42
-1895.85,535.872
2003.01,2385.39
-1334.58,3374.48
-575.215,3118.87
-1171.21,3923.49
1340.72,3315.85
-1118.68,1722.1
2266.42,-2126.65
-3029.39,-5260.06
2983.68,-4295.98
-2553.48,-2340.57
4665.23,-211.049
-5006.04,372.799
4781.18,1461.56
-5588.43,2486.74
4550.7,4279.45
-3966.62,3151.45
2628.77,2062.18
-3686.36,-413.976
3376.79,-1443.68
-655.05,-3171.03
469.085,-4463.64
1276.45,-4465.17
-1467.06,-3197.3
1598.54,-546.967
-1931.95,1409.7
2848.17,3006.28
-5018.89,3117.34
4478.02,4746.37
-5080.71,3961.23
5639.23,1634.17
-5139.49,-2471.94
4765.08,-5325.24
-5094.89,-5439.64
5592.88,-2076.86
-4123.16,577.972
3144.22,2882.3
-3829.36,4124.19
2105.46,5751.97
-2654.38,5212.47
1424.7,3701.39
-1233.11,596.26
-11.6805,-2723.81
717.806,-4560.79
1213.58,-6594.5
701.226,-6683.51
560.608,-6474.68
199.67,-3438.7
-274.664,207.217
-601.657,4003.46
1189.24,5355.13
-3891.66,5860.6
2677.94,5912.63
-4752.92,5024.11
5292.6,3430.96
-5714.77,-1187.9
5984.35,-3972.86
-7455.04,-5006.34
7367.05,-1693.63
-5073.48,-123.83
5439.62,969.854
-5046.42,-136.712
3570.1,1023.55
-3792.14,1752.71
3272.4,2110.34
-1841.96,453.474
513.045,-2657.21
-122.905,-3200.49
132,-2689.53
1889.15,-1538.69
-572.269,-2336.91
559.934,-1961.22
-1695.23,-1152.29
809.818,2004.11
-433.906,4699.98
-361.033,5036.27
-1391.64,5113.02
-445.831,4500.24
703.12,2896.88
-472.372,-240.302
865.988,-3674.54
-1395.24,-5079.72
1947.36,-4080.67
105.055,-3279.55
1039.17,-2119.92
-1480.84,-571.624
-354.658,2525.31
262.118,5385.67
-210.878,5214.58
676.416,1542.24
-1654.4,-1956.78
690.531,-3408.84
-556.958,-2795.73
2318.51,-1870.59
-2439.47,-2210.77
2654.63,-1456.04
-4185.46,689.311
4708.04,3631.54
-3929.27,4189.18
3420.99,2723.13
-5402.22,510.337
3926.21,494.671
-4127.93,438.061
5301.57,-152.719
-4535.1,-2024.02
4272.04,-2459.06
-4124.13,-2001.51
4024.53,307.735
-3563.69,867.797
2303.45,1415.48
-3231.29,2368.25
2144.09,3087.42
-1861.94,3347.68
2467.42,1240.44
-1675.04,-2499.8
1996.65,-5801.16
-1999.43,-6474.39
3451.56,-5500.02
-2040.03,-3167.93
3510,-1367.61
-4198.98,1052.92
4227.65,4037.59
-6364.72,6289.45
6079.18,7542.48
-7121.93,4649.79
5857.33,2147.84
-6138.37,-1114.51
6045.65,-1809.08
-4616.92,-3317.83
5135.56,-2924.01
-3747.43,-3655.88
3634.77,-2793.34
-2173.35,-1268.14
1143.1,1111.13
-31.4012,2948.04
-1594.55,3298.73
1964,3170
-3434.97,731.808
5089.56,-1522.54
-4643.02,-4265.67
5381.16,-4894.57
-5618.77,-4078.93
6139.28,-1043.64
-5092.71,52.2218
4765.37,1500.67
-5850.48,2538.36
4877.05,4848.63
-5216.25,5259.92
4963.5,3353.76
-4590.99,-792.556
3522.09,-3924.74
-3718.77,-4410.41
4271.41,-2632.87
-2904.25,-483.292
3499.48,90.0696
-3674.66,465.213
2966.6,1317.79
-3304.6,1965.68
3721.06,2378.84
-4060.68,789.401
3165.65,-371.641
-3781.51,-815.5
4859.68,-1304.38
-3910.92,-2093.82
4894.35,-2625.46
-4833.44,-2812.43
5020.95,-1098.73
-4499.56,15.6396
4039.56,1416.03
-4726.91,2325.59
3135.42,4212.69
-2885.95,4166.71
2342.51,3467.77
-1810.26,296.218
666.584,-1798.7
261.289,-3451.81
-797.822,-3692.79
3606.44,-3326.19
-4196.28,-3040.28
4320.12,39.4204
-4931.13,2175.26
5041.12,4777.19
-5360.12,3663.23
4896.08,2208.11
-7147.33,653.72
6228.54,1016.13
-4411.21,-675.085
5194.38,-3008.27
-3801.3,-6103.85
3321.63,-5988.02
-2023.7,-3282.61
2964.27,-897.869
-1634.01,877.406
288.803,1566.59
-2125.25,3610.92
1623,5763.84
-2029.3,5870.9
2412.84,2789.35
-3353.84,-373.861
1720.71,-2217.88
-2119.56,-1702.65
4130.5,-938.828
-3471.18,-2189.36
3884.37,-1889.48
-4604.22,-1036.89
5076.88,1379.89
-4437.42,1993.09
4162.73,1408.22
-5058.02,-236.537
3399.48,470.014
-2293.65,402.641
3939.41,-1219.19
-2646.01,-3568.63
1668.87,-4420.7
-1681.47,-2823.33
1225.86,430.331
323.999,1917.43
-1315.09,2290.69
-282.83,3423.09
-1970.74,5463.32
2261.53,6467.22
-2475.91,3230.39
2138.66,-1082.97
-2932.9,-4829.53
2449.07,-4914.16
-919.253,-3513.82
2394.64,-1491.94
-2422.85,-1058.85
1207.52,783.923
-827.725,2350.1
224.171,2881.38
391.658,2317.13
-1111.16,57.1665
600.207,-1227.79
-1182.89,-2068.21
2733.81,-2486
-1447.73,-3705.27
1092.24,-2802.56
-491.71,-1166.61
214.317,1837.02
505.902,3135.62
-1927.14,3567.6
397.048,4148.92
-2711.6,4782.93
3246.85,4916.68
-3397.54,2039.02
3612.4,-1136.36
-4283.08,-3749.68
4373.91,-3385.33
-3069.12,-3822.38
5201.12,-3498.86
-4506.11,-3786.85
3546.04,-1787.87
-2745.59,1215.27
2021.97,3894.73
-1665.26,3952.02
485.211,2134.57
-1749.37,823.282
1000.13,95.5056
478.739,-736.355
337.265,-2778.77
-330.13,-3694.74
244.499,-3584.98
-386.903,-1216.77
1943.83,516.208
-2749.94,2308.7
2187.5,3229.72
-4397.7,4711.32
4131.43,5883.76
-5913.84,4134.02
6216.85,1744.74
-6651.03,-2072.25
6882.15,-3597.07
-5856.71,-5350.09
7809.48,-4728.44
-7621.43,-4402.83
6682.47,-1072.17
-6645.22,1894.12
6033.32,4894
-5839.77,5365.5
4157.04,4274.24
-4351.53,2270.06
2449.99,594.79
-1679.1,-1852.78
2389.58,-4856.99
-1262.48,-6297.27
1248.33,-5399.63
-886.598,-1630.29
1904.8,1853.83
-1306.41,3655.09
316.592,2996.69
-2553.24,3175.18
1656.43,3907.39
-1839.2,3462.76
2808.31,739.549
-3839.41,-2096.51
4077.84,-3158.05
-4138.33,-3502.21
5670.73,-1791.68
-4509.2,-1694.94
3907.44,-171.243
-4895.07,1746.07
4115.82,4546.05
-3374.22,4241
3050.26,2145.53
-2431.95,-1615.06
682.134,-2852.73
640.182,-3122.4
793.639,-3636.32
1246.81,-3963.16
-2530.37,-4008.42
2619.24,-214.392
-2923.81,3621.83
3832.87,5592.55
-4207.16,3998.89
2322.94,2641.16
-4040.88,1376.29
4400.75,974.75
-3381.49,-1141.55
3255.44,-2986.78
-2701.93,-3846.89
1488.06,-2031.65
-164.393,424.16
800.573,1642.87
-502.714,962.182
-594.966,330.693
158.136,897.626
172.274,271.231
747.064,-476.459
-442.384,-2608.75
-435.29,-2916.57
772.826,-1947.19
516.592,-407.04
1351.35,-889.683
-2778.92,-658.761
2999.15,760.37
-4453.24,2343.61
5272.84,3698.38
-6237.23,2477.91
5236.09,2526.81
-7290.03,2466.65
7689.95,3060.78
-7041.44,1010.49
7606.72,-1691.08
-6558.12,-5716.72
6550.52,-5617.55
-4797.17,-5341.98
5509.7,-2710.55
-3639.33,-1308.07
2566.82,22.8032
-2477.63,2457.96
1433.4,4105.37
-741.569,4490.35
1277.16,1483.25
-2261.13,-932.106
1094.39,-2546.24
-127.075,-1975.04
1800.59,-2562.54
-1255.94,-2648.8
1454.77,-1114.75
-3107.98,1671.82
2889.8,5937.36
-3505.31,6364.5
3616.01,4409.24
-4860.62,861.257
4054.84,-1036.4
-3468.44,-2490.02
4925.81,-3598.24
-3014.96,-5582.91
1901.55,-5482.88
-1868.86,-3052.29
2657.19,989.466
-917.805,2998.2
-487.006,3462.14
-192.997,2863.5
-1680.17,2573.56
1739.05,1635.58
-1817.25,-931.95
1457.67,-1863.14
-2879.14,-1974.54
3815.86,-112.27
-2722.27,-38.6927
2647.8,10.8993
-3415.47,-186.885
2214.98,1028.04
-1404.18,1460.1
1239.89,1250.16
-1640.72,396.309
-229.856,399.563
17.4108,2022.78
-655.77,2311.92
1354.85,1121.16
-603.795,-1661.47
127.212,-3212.08
-616.288,-2834.12
972.808,-607.084
480.906,-378.611
-943.553,-631.269
688.931,-632.974
-1634.79,858.771
2087.01,3122.23
-2133.91,2835.2
2987.93,687.947
-3803.54,-2221.76
3885.76,-3123.42
-2847.43,-3657.42
3533.9,-1750.98
-3326.48,-149.94
2114.44,2643.51
-2564.05,4298.76
2281.63,4587.77
-2035.26,3489.61
456.529,1751.37
-886.448,841.033
223.284,197.423
678.185,-1509.88
245.154,-4169.6
260.683,-4680.78
-116.035,-3851.87
565.525,-465.694
1218.66,1389.31
-1391.83,816.014
834.612,-127.456
-2533.43,196.068
2905.3,1459.27
-2043.69,1151.37
2349.89,-144.312
-2804.79,-2162.8
3546.55,-2687.66
-3920.62,-2458.14
5544.71,-1508.61
-5370.58,-813.875
4067.53,1596.18
-4174.54,3410.3
3612.11,4667.35
-3562.23,3589.9
2335.54,2513.42
-3518.48,1522.27
2143.77,1599.37
-806.672,234.725
2313.74,-2700.01
-1533.33,-5715.24
898.405,-5462.22
-71.4987,-1990.62
1942.77,-797.529
130.244,-745.067
-286.176,-2324.27
-2532.36,-414.018
3037.8,3316.07
-2402.35,4742.43
3337.46,2751.07
-5180.1,-740.702
5188.17,-2127.07
-5317.31,-2203.31
7146.2,-1047.02
-6763.12,-1803.77
6461.27,-638.055
-7774.59,549.007
7001.94,4014.01
-5712.47,4336.97
5114.68,3559.69
-5423,1030.34
3212.88,110.67
-1728.95,-1208.23
2433,-3014.19
-1265.93,-4743.49
823.245,-5176.32
1387.75,-3157.76
-988.991,-1302.15
2255.03,451.685
-2640.95,413.2
2010.66,1577.21
-3198.01,2374.72
4025.93,2277.03
-3352.49,621.026
3244.59,-1049.15
-3374.78,-2183.02
3268.39,-1650.49
-2315.26,-985.628
3043.37,-470.7
-2623.48,-855.546
2805.3,46.1512
-3468.97,2306.65
3274.55,3699.35
-3044.95,3154.8
3797.4,706.515
-4067.09,-2479.76
4113.4,-3568.55
-2492.54,-3122.4
4499,-2922.66
-4573.64,-2714.45
5215.72,-1571.26
-5758.81,90.2906
6061.88,2754.43
-5538.25,2875.79
6725.17,1942.31
-7536.36,-73.3809
6842.66,-1102.58
-6028.54,-2203.33
7315.45,-2792.83
-6460.09,-4041.68
5748.1,-1781.05
-5569.56,681.172
6193.65,3581.05
-4310.03,2575.37
2670.31,581.949
-2978.27,-481.434
1205.12,718.243
-566.656,1866.82
526.933,1399.49
1104.4,-787.56
-2210.55,-3157.83
3654.64,-2955.49
-2189.46,-3420.63
3286.96,-2540.74
-3774.97,-2203.42
3593.46,-605.337
-3054.88,545.208
3287.86,2096.19
-2154.26,1642.82
1299.06,1458.38
-471.824,244.17
256.809,-1310.66
1092.85,-3252.24
-927.195,-4592.66
2263.36,-3031.68
-1931.87,-1165.49
1859.94,2872.78
-1198.22,4387.68
-302.235,5197.09
-1012.37,4386.58
-84.5668,4032.67
399.085,2466.57
-1272.56,363.303
2630.54,-1726.6
-2952.68,-4401.06
5163.97,-5570.25
-3952.01,-7010.99
6459.71,-6111.83
-6285.92,-4400.87
6686.92,-184.015
-6809.3,2901.45
5842.31,5148.87
-6245.76,4778.65
4103.97,4680.49
-5054.71,3196.43
4914.11,1724.59
-3923.66,-1731.62
3537.7,-4702.49
-3874.57,-5123.97
2753.97,-2348.62
-2275.09,1809.32
3082.33,3569.16
-3416.11,3946.73
1166.83,3600.93
-3032.02,4185.82
3024.52,3283.08
-2610.13,-441.787
2992.01,-4516.46
-3978.58,-6881.87
4802.93,-5099.76
-3425.46,-2556.66
5883.77,-1451.38
-5977.48,-1604.64
4765.58,112.495
-5672.97,2281.94
5068.16,5203.36
-4743.34,4883.95
2493.52,4072.94
-4298.57,2752.83
3052.34,2562.92
-997.145,211.844
1694.76,-3032.91
-359.779,-6160.53
-749.439,-5654.69
2549.75,-2767.84
-2154.91,-633.081
3566.67,1695.1
-5122.19,2029.7
4191.2,4531.95
-4289.11,5076.6
5226.59,3430.31
-4730.15,-1324.2
3348.55,-4137.77
-3464.97,-4941.76
4122.32,-2805.64
-963.173,-2238.55
1044.94,-1740.21
-938.65,-106.517
-897.4,2551.92
1840.26,5068.08
-1623.28,3455.62
738.684,1114.09
-2220.23,-941.695
1147.25,177.147
-328.874,545.148
1515.34,-32.3762
-328.028,-3033.74
-352.896,-4516.93
1529.14,-3815.14
-1799.89,-1560.3
3333.38,896.294
-5184.68,1956.44
4009.83,4057.98
-4909.93,4000.85
5532.05,3600.58
-5688.63,872.283
5180.55,-1246.51
-5882.21,-2689.85
5926.11,-2475.57
-4328.7,-3664.39
4843.11,-3591.49
-4223.85,-2672.43
3175.91,1106.05
-2472.22,4287.11
1312.65,5253.51
-1431.72,3780.63
436.252,324.031
-715.185,-1715.55
1142.54,-2345.35
458.014,-2552.02
-124.789,-3064.95
-607.894,-1407.36
129.046,104.937
-1018.59,3116.75
1315.6,5212.06
-3030.95,6094.58
2510.75,5492.38
-4124.01,2868.42
5003.87,-495.671
-5034.17,-5364.47
6124.71,-7707.65
-5679.72,-7349.7
6937.16,-3956.12
-4455.21,-2860.48
6086.61,-1147.14
-6419.28,-852.727
4531.41,1839.44
-4434.37,4618.19
3202.07,6154.71
-3331.88,4496.67
784.343,2497.23
-560.145,888.694
-582.441,231.865
1621.33,-57.1168
-1798.07,-1463.7
2797.25,-2001.66
-4768.55,-1688.1
5807.21,13.7731
-4482.82,406.003
4861.01,680.677
-5530.18,-553.347
4592.98,860.737
-4357.53,497.741
4502.3,64.6506
-3154.72,-2357.19
2280.28,-3164.44
-1316.73,-2240.01
885.913,-369.477
265.547,654.799
-84.0718,-286.8
-1375.4,870.45
-297.008,1647.41
190.028,4531.19
602.855,4074.69
-1373.98,1719.44
1292.75,-1013.33
-3616.06,-1714.47
4978.61,-1107.55
-4128.86,-1964.33
5050.26,-1774.37
-6730.22,-1607.34
6113.4,2203.54
-6893.84,4253.44
7264.05,5143.59
-7794.43,2457.62
5041.4,891.471
-5010.53,-152.64
5720.78,-1086.53
-4083.02,-3921.75
4006.28,-5799.92
-3282.45,-5760.07
3068.97,-3635.63
-937.027,-828.742
1324.85,828.737
-1524.59,1544.47
-461.493,3080.99
390.485,4340.85
-208.525,2919.77
348.275,793.346
-932.695,-1712.28
-144.463,-1549.93
947.653,-522.382
588.863,-137.994
291.517,-1034.83
-1441.95,-650.452
176.455,2406.07
-1271.77,5925.84
1344.19,7076.58
-1342.38,3832.03
625.453,280.308
-1373.17,-2914.81
2419.88,-3862.02
-109.204,-5001.96
178.077,-5693.92
1248.35,-5713.82
-1391.94,-3868.73
3230.86,-1025.94
-1928.93,438.463
2428.35,1592.62
-4285.64,2066.9
3490.42,2963.93
-4709.57,2474.9
5560.85,1051.16
-5631.35,-1209.58
5064.59,-1135.61
-5476.26,-101.456
6189.06,1862.39
-5755.84,945.026
4431.02,169.327
-5803.82,1090.1
4761.74,3554.13
-3975.62,4281.13
3676.17,3861.53
-3470.51,-68.2949
2246.82,-2828.52
-1482,-4079.76
2960.72,-5478.26
-543.618,-5847.49
1452.53,-5887.59
-1343.97,-3269.29
1420.9,292.818
-1326.33,3505.41
1503.85,4439.55
-3330.09,4577.69
1742.92,4148.81
-3050.61,4048.87
3952.97,2485.37
-4742.17,-1438.32
5435.15,-3463.33
-5776.13,-4873
6671.17,-3249.17
-4428.27,-2430.33
5293.63,-1291.48
-5398.37,-672.794
4211.95,1977.75
-3752.54,3281.16
3140.06,4001.45
-2838.61,2336.57
417.3,1437.37
1197.2,-64.4351
-1339.63,-1934.69
4242.64,-4197.9
-3462.49,-7164.71
4069.36,-5691.41
-5259.22,-2029.31
5611.32,3813.97
-5816.18,6347.58
5585.3,6950.28
-7029.96,4559.57
5347.27,3836.55
-3995.17,472.265
3949.29,-2707.93
-2738.71,-6761.48
2474.39,-8845.33
-1057.45,-6038.44
1270.25,-1904.01
714.611,2355.93
-774.669,4640.77
-617.956,5348.59
-1342.1,4629.9
562.005,3834.91
-900.409,900.164
167.215,-942.533
208.582,-3059.82
-749.419,-3331.6
2879.72,-2581.27
-2210.74,-3306.57
3745.44,-3324.18
-4148.98,-2053.71
4311.01,166.155
-4731.58,2047.58
5597.37,3342.64
-7144.63,2299.03
6676.24,2219.01
-6845.75,887.346
7882.19,46.5901
-7296.42,-2342.46
6090.08,-2239.25
-6064.92,-1068.74
5129.47,1931.77
-4280.37,2766.24
3937.11,3289.29
-3865.15,2346.12
1615.5,2293.15
-679.038,1725.32
1158.13,-1294.24
-494.852,-4032.93
333.752,-6449.33
141.568,-4572.07
2213.38,-3176.67
442.858,-2440.6
215.236,-2553.3
-1691.97,-1281.77
933.018,2246.58
-2037.01,5306.52
2428.66,6198.17
-3395.19,3860.62
1684.65,2900.12
-2616.42,1331.7
2909.54,886.446
-1051.92,-2243.48
473.115,-5040.06
-118.859,-5062.39
-582.068,-2580.6
3179.84,611.395
-3170.88,2331.85
2499.43,2985.32
-4921.81,3560.31
4956.36,4261.08
-4423.03,952.767
6193.89,-2833.07
-5716.93,-7288.61
6433.59,-7869.74
-5181.37,-6107.82
7608.28,-3883.57
-5590.89,-3135.43
4597.31,-223.543
-6253.96,4150.19
5244.6,9301.39
-5270.74,10716
3427.78,7941.05
-4780.87,2839.57
2467.14,-402.291
-1603.27,-2609.29
4302.41,-4939.55
-3178.11,-6721.98
3361.25,-6398.38
-2787.3,-3116.77
3404.12,555.438
-1295.01,2200.58
1810.4,1801.99
-4066.97,1614.58
3197.33,2420.67
-3085.5,2380.21
4392.14,-537.559
-4201.02,-4788.89
4895.57,-6121.16
-4531.88,-5467.66
6146.55,-2036.41
-4267.15,-294.913
2765.67,1329.53
-4538.78,3466.79
2864.32,6808.87
-2829.72,7319.03
2258.92,6044.56
-1567.87,1159.05
97.9555,-3244.62
1022.84,-5482.26
-957.212,-6321
2917.83,-4925.16
-2621.24,-3443.25
2929.45,587.367
-2991.43,3542.23
3191.51,5641.89
-3406.73,4543.71
1756.58,2757.34
-2859.14,59.3971
2957.12,-1858.05
-2416.19,-3149.03
2365.27,-3729.92
-582.771,-3276.38
1079.95,-2482.68
-266.773,-1251.27
387.087,-371.574
-365.018,717.369
-335.138,1906.96
-1502.98,3584.69
973.775,4424.7
-1281.17,3858.79
1332.62,1625.06
-2312.72,-823.203
3206.39,-2783.67
-2451.76,-3786.29
3819.06,-4618.28
-3912.37,-4335.55
4280.93,-1320.15
-5079.93,1761.02
4389.91,5916.86
-5028.95,6778.26
4094.31,6255.83
-4753.35,2806.49
4085.98,-658.862
-3240.85,-4176.91
3550.44,-5984.26
-1607.32,-7157.85
2384.02,-6424.67
-726.791,-3829.08
737.589,-611.272
219.135,3009.04
-991.324,4812.45
-517.719,6112.33
-692.942,5271.22
-931.401,4022.88
419.054,1857.47
-1198.79,-66.9872
1021.33,-1240.8
-1182.97,-1461.65
2255.24,-1702.56
-2272.69,-2201.47
2692.27,-1271.91
-3453.66,-198.493
3701.68,1487.47
-3071.92,867.074
3391.39,-51.1458
-4394.88,-1242.43
3863,-1238.6
-2340.66,-1620.46
2938.76,-2345.08
-1796.67,-3833.24
1209.17,-2976.08
-1501.62,-306.372
1021.89,2827.24
54.125,3951.32
-1559.75,3473.84
-727.244,4108.2
-932.516,4700.07
954.836,4836.59
24.0808,1401.54
-685.949,-2288.27
-172.115,-4617.35
238.256,-3358.3
1640.81,-1703.53
-1485.54,-1104.22
2415.68,-651.308
-3719.32,209.505
3983.1,1942.08
-4595.02,2403.54
4807.45,2591.19
-6257.18,690.591
5590.61,-161.236
-5462.89,-1385.86
6920.27,-2512.66
-5629.42,-4338.68
5504.58,-3835.73
-5606.86,-2403.14
5007.4,1113.72
-4265.49,2472.28
3338.72,3296.73
-4664.07,4029.43
2291.88,5393.45
-1854.15,5370.98
1760.19,2368.76
-1114.68,-2715.85
-379.499,-5663.87
587.945,-4747.3
107.046,-2473.13
1657.85,148.68
-1885.33,859.467
1357.65,1634.47
-1329.7,1824.75
1223.84,1864.7
-1108.67,835.02
505.499,-346.646
-842.093,-1773.03
1143.91,-2298.41
1471.73,-3803.09
-311.162,-4849.07
1084.66,-3552.3
-1944.47,-802.48
1970.3,3074.47
-1001.37,3740.73
-70.8519,3501.88
-2054.99,3412.57
-283.868,5932.21
676.359,6835.47
-938.514,4273.86
1434.31,-1356.68
-2320.63,-6017.21
3559.61,-7065.57
-2456.5,-6246.43
5248.34,-3605.6
-4687.47,-2853.71
4269.46,-250.261
-5015,1901.94
4313.44,4790.2
-4154.64,5305.52
2993.44,4188.75
-4039.02,1664.49
2350.68,-130.408
-1022.15,-2543.99
1484.13,-4675.59
-437.849,-5321.61
-191.998,-3812.59
512.458,215.619
524.955,2108.92
-599.656,2945.07
75.1099,1798.54
-2193.7,2226.96
2048.86,2846.92
-2159.3,2209.14
2422.66,248.411
-3654.87,-1764.56
3998.79,-2006.13
-4283.88,-1662.59
6331.73,-361.953
-6077.64,-1219.82
5595.83,-68.5213
-5899.47,69.9964
4983.2,2067.25
-4036.67,2086.05
3362.19,1370.67
-3337.27,507.787
2879.05,-395.063
-792.053,-2105.46
2609.57,-4846.9
-1949.41,-6245.54
1351.94,-4971.83
-979.627,-331.466
905.648,3610.11
-651.158,5907.98
-474.904,5933.7
-1452.86,5401.25
998.757,4748.81
-304.657,921.339
857.018,-3340.5
-821.409,-6780.8
708.097,-6987.21
-97.387,-3681.28
1549.98,74.504
-887.845,2829.67
483.674,3458.28
-2500.08,4663.01
1570.29,4808.93
-1429.11,2428.68
2161.83,-1609.03
-2281.99,-5725.01
1764.36,-6226.28
-1661.55,-4111.03
3567.85,-727.507
-2551.98,-243.087
1939.77,439.342
-2044.39,1088.7
873.22,2887.17
-379.475,3359.94
-429.071,2010.28
-18.6124,494.103
-2486.37,-261.178
3496.22,24.0972
-2947.42,108.908
3229.89,292.966
-3539.58,-441.691
3109.27,512.571
-2573.06,-374.501
3226.88,-770.898
-2911.79,-1917.24
978.973,-118.258
-1129.31,2621.72
1027.84,3793.46
347.559,2041.56
-233.107,-1920.82
443.277,-4205.45
466.868,-5612.7
1574.47,-4141.49
-804.86,-3817.32
85.8622,-1919.45
-205.915,1232.43
-1495.25,5308.49
2135.88,7769.27
-2916.81,6987.11
2969.49,4071.3
-5201.85,-33.7746
5870.76,-2936.77
-4903.39,-6158.84
6224.46,-6510.75
-5644.9,-5756.12
6273.59,-1596.92
-5408.13,2090.79
5685.09,4533.77
-4943.63,2953
3394.74,1962.83
-4010.45,698.116
2684.76,643.319
-1404.29,22.9224
1408.57,-1757.13
-512.147,-3046.88
-256.503,-3224.14
1627.05,-1053.27
-961.304,239.199
566.646,1448.1
-1672.88,1791.73
771.118,2861.96
-1733.89,3060.35
2323.32,2091.21
-2053.51,331.28
680.126,-1096.04
-874.042,-1467.1
1832.91,-2066.66
-553.633,-3496.91
287.656,-3619.28
-633.653,-1622.6
268.699,1876.95
207.724,4014.06
-329.791,3527.75
221.065,544.38
-1911.86,-712.967
1495.9,-213.286
-968.601,-388.995
2099.48,-554.794
-2489.21,-2040.64
954.332,-953.327
-264.656,325.469
1139.23,1765.02
913.004,91.1675
-2614.12,-1122.69
2221.12,-667.614
-4016.01,1545.59
4382.08,3679.87
-4912.23,2615.82
5544.81,1993.92
-7693.2,469.808
8086.94,1313.19
-6637.29,-628.382
6104.79,-1637.46
-6291.38,-3974.91
5089.61,-2649.94
-4069.41,-490.058
4199.66,1529.32
-2714.82,1865.88
1306.35,884.643
-728.825,-45.8176
-233.49,-1323.77
1255.13,-2254.12
-1121.29,-3227.93
959.479,-1658.5
-2128.46,266.683
3045.16,2892.04
-1648.24,2327.52
943.165,403.741
-2103.88,-62.8253
-236.105,2234.56
-224.834,4267.46
623.776,3844.22
-1209.08,1699.07
125.826,-555.567
-532.332,-200.925
1307.55,-164.388
18.9678,-1346.44
751.167,-3967.27
-2435.29,-4486.81
2436.04,-2184.6
-2021.41,1037.14
4328.17,2216.21
-5229.35,1340.53
4063.33,1307.23
-6411.45,1498.86
8024.32,1569.96
-7717.14,-988.731
7831.46,-3097.34
-8777.19,-3535.61
8814.08,-210.828
-7820.05,912.202
8551.37,1564.94
-8833.12,-432.763
6382.4,1041.25
-7249.91,3391.25
6442.69,5897.96
-5809.91,4806.22
3296.15,2641.81
-3554.72,-55.5344
2896.96,-1723.28
-894.114,-2537.19
1019.64,-4290.34
-733.695,-3762.17
-444.143,-2019.37
1091.53,470.384
-196.293,1273.81
860.016,794.364
-1416.56,73.3259
26.0129,850.288
108.998,835.952
821.715,-618.327
-1007.3,-2588.29
-32.1852,-3185.3
-357.101,-74.6555
883.188,3124.38
-224.975,3740.72
635.776,1808.78
-3207.55,563.128
2076.08,947.513
-2958.25,2868.52
2997.04,3902.23
-3456.51,2345.72
3055.83,832.552
-4350.89,-743.59
5625.84,-1018.04
-4382,-2911.59
5138.46,-4371.21
-5147.46,-4914.26
5140.09,-3007.11
-4707.69,-870.299
5881.24,1180.11
-5882.87,1713.11
4075.29,2505.15
-4485.45,3245.91
3687.95,3348.78
-3132.45,470.712
2742.9,-1775.98
-3362.31,-2777.44
2850.04,-1575.56
-1310.96,-81.1915
617.929,1299.41
-550.21,1534.75
-1365.83,2283.74
905.349,3839.92
-1467.13,3588.03
1726.29,2550.22
-2442.21,-477.632
2090.32,-2091
-1861.53,-3314.83
3003.39,-3828.66
-878.327,-4685.46
379.793,-3497.73
-572.337,-1325.28
962.6,1703.31
-474.285,3494.59
-56.1215,2151.98
-645.685,1792.82
-526.549,1323.72
-54.9295,1644.92
1488.52,64.8448
-2093.5,-1681.11
2724.75,-3032.64
-3330.22,-2395.17
5147.43,-1030.47
-5665.99,503.303
6115.84,2523.35
-8865.18,3209.24
8137.06,5808.66
-9504.87,5460.23
9971.85,3791.73
-9454.66,-974.214
9189.09,-3485.18
-8816.75,-6158.18
8821.22,-4614.36
-6590.7,-4402.9
6219.24,-2857.16
-5806.29,-706.773
4777.54,2699.98
-3845.24,5396.84
2945.66,4591.6
-2782.79,1855.15
1028.22,-1453.66
-1287.54,-2952.77
994.867,-3216.6
-0.12648,-1501.04
298.108,-447.615
-1152.25,1387.36
1765.81,2347.78
-2866.58,2583.97
2437.59,2983.36
-3745.69,2430.4
2144.3,2844.74
-3788.51,3090.95
4174.17,2044.53
-3509.12,-889.791
3358.82,-2639.92
-3502.56,-3979.33
4229.86,-2809.12
-1777.15,-3767.64
1899.17,-4145.35
-1611.3,-3636.21
-456.747,-61.3486
2227.95,3905
-2797.19,4953.35
2555.84,3910.48
-4820.02,2172.83
4482.36,1516.48
-6056.25,481.744
6793.32,936.423
-7336.98,-743.125
7262.65,-658.121
-8428.33,-55.7686
8260.38,2098.69
-7528.13,1965.04
6557.84,2026.01
-7183.15,643.393
5568.94,690.338
-4420.39,-269.942
5469.97,-2156.02
-4156.31,-4978.07
3714.7,-5756.75
-2491.6,-4168.11
2630.22,-1754.69
-1715.39,123.183
1113.71,1386.62
-2847.84,4296.32
1102.72,6197.34
-918.012,6548.12
858.327,3969.49
-1844.88,-531.735
995.413,-3104.74
-1923.62,-3040.81
3340.43,-2132
-1529.99,-2241.75
2314.97,-2468.52
-2913.64,-1498.86
2081.1,2165.1
-1563.4,4097.75
1860.62,3875.7
-2275.99,1186.94
-1101.19,340.114
1708.67,743.484
-999.017,908.489
3304.83,-2033.68
-3294.03,-5322.53
4507.62,-6210.63
-4906.82,-5185.29
6654.35,-1189.53
-6874.25,881.923
7392.15,3059.09
-8978.57,3663.17
8244.14,5176.75
-8125.99,3778.96
8810.94,1611.94
-9080.13,-2364.84
7927.54,-3859.88
-7070.37,-3890.7
7856.49,-2219.1
-6458.71,-1035.07
5186.81,1644.37
-4947.42,3472.47
3825.89,5394.81
-4075.08,4736.92
3206.92,1974.33
-2915.72,-977.966
1547.11,-2840.29
-330.394,-3397.07
1516.14,-3924.95
-614.513,-3455.69
786.886,-3187.99
-399.53,-1364.67
1746.49,-461.867
-1094.27,86.5045
1329.98,-59.0331
-2902.57,299.187
2533.26,2202
-3479.87,2827.9
4152.72,1981.02
-3317.85,-542.389
3008.45,-1404.14
-3416.32,-1727.25
3522.46,549.129
-1701.74,-76.191
479.393,-474.183
-1049.75,215.467
-686.157,2898.43
1301.51,5871.88
-2018,5665.68
2596.4,2944.1
-4020.98,-1417.13
4142.51,-3572.67
-2501.81,-6371.09
5233.5,-6944.69
-3509.78,-7874.69
4182.45,-5948.11
-3750.83,-2117.24
4245.47,1734.22
-3613.59,4489.39
1790.98,5657.32
-3084.68,5779.65
2027.79,5291.07
-1224.61,2000.03
661.78,-1907.94
-648.792,-4416.65
-161.935,-4191.38
698.588,-1656.9
1646.43,-202.047
-1282.46,330.224
754.229,780.101
-2438.78,3472.9
1842.37,5038.52
-1940.88,4590.94
1156.16,1868.5
-2464.85,-1330.24
2873.36,-2387.61
-1705.01,-3813.29
3757.42,-4137.44
-3100.9,-5655.23
3037.76,-4410.15
-2892.21,-2179.17
2494.14,1230.81
-1930.47,3956.74
21.2938,5501.17
-1342.16,6397.8
-796.337,5522.07
567.064,3353.79
-1127.59,-499.698
1006.01,-3886.4
-1997.23,-4450.99
2345.97,-2488.8
-813.586,-1388.84
1317.87,-517.77
-1958.25,-107.605
316.599,2196.57
-843.193,4271.4
682.521,4504.93
-370.502,1760.68
-870.798,-1587.38
1755.81,-4210.51
-2322.81,-4104.93
4157.64,-3287.75
-3210.09,-3328.78
3691.75,-1445.85
-5544.96,590.031
5383.8,4325.62
-4755.89,5463.39
5038.53,4218.8
-6777.55,1576.64
5024.37,1059.31
-4505.66,-274.923
5130.56,-825.75
-4068.04,-3191.03
3367.55,-3384.02
-2013.81,-1546.17
1792.6,407.744
-298.324,1563.06
-475.451,1625.28
-1640.6,2464.7
82.2705,3595.29
1344.79,3292.62
-572.024,-60.5621
666.741,-2891.77
-1101.63,-5065.82
1716.23,-4392.01
887.936,-4179.94
121.842,-4756.82
-96.1541,-3372.55
-1313.58,711.312
1225.95,5778.1
-242.665,6679.97
-743.556,5035.2
-1156.54,1925.49
-1251.82,837.741
1367.3,807.441
-36.4623,-322.654
1371.89,-3283.12
-2585.2,-4686.99
2816.57,-2395.99
-3490.11,1022.72
4471.08,3877.62
-5758.28,4108.87
4081.09,4407.59
-6656.08,4151.6
6629.77,3932.31
-5746.54,775.544
6239.13,-3895.44
-6097.24,-7993.58
6381.06,-7724.47
-5326.18,-6135.49
7577.08,-3453.02
-6308.34,-1979.15
5365.4,647.462
-6752.99,4092.81
5333.8,7593.83
-5414.7,7455.79
3646.02,4901.64
-4745.2,864.603
3742.69,-1490.98
-3215.65,-2219.01
4450.37,-2916.92
-3099.28,-3678.93
2945.2,-3099.32
-3337.77,-937.527
3857.71,1881.54
-3637.8,4195.1
3082.88,4590.17
-4365.25,3902.28
3264.51,3013.68
-3221.06,667.138
4485.37,-2200.33
-3778.71,-5875.38
4161.24,-6069.25
-2679.34,-5094.2
3514.3,-2692.11
-1169.38,-1663.41
596.235,-155.612
-453.394,1051.29
-584.252,3005.38
1676.65,4051.79
-3652.24,3204.13
3895.38,1899.32
-5588.68,284.395
6226.69,-78.2444
-5926.63,-1674.2
7874.44,-2095.89
-8097.64,-3137.68
8073.5,-1413.07
-6862.1,-1245.7
7403.76,87.4417
-6811.39,-323.83
4631.73,1764.22
-4374.02,3323.89
4717.37,3538.16
-3130.96,598.565
2696.63,-3595.02
-2052.71,-5002.69
2012.84,-4505.88
-556.872,-2130.9
1928.85,-1495.18
-1594.87,-405.895
111.209,1387.29
-1126.05,4550.6
2036.39,6112.63
-3484.36,5110.18
3186.3,2312.74
-5069.89,-881.438
5742.65,-2184.85
-4874.61,-3718.74
7015.7,-4721.08
-7177.57,-4754.16
6666.48,-1447.19
-6669.14,1264.84
6718.98,4053.32
-6498.39,3294.71
4473.27,3513.62
-6012.15,2829.88
5283.64,2935.98
-3584.9,-10.4698
3085.51,-4446.22
-1612.34,-7542.43
1201.23,-7130.62
642.324,-3970.43
190.744,-1147.23
872.625,1704.69
-2323.35,2444.58
385.531,4968.09
-1067.81,6292.73
349.656,6137.64
-308.266,3112.71
-1926.36,305.379
1064.96,-1060.27
-659.581,-1942.21
2619.98,-2794.84
-2444.5,-3801.83
2371.28,-1945.19
-3304.1,658.223
4033.84,3659.06
-3465.45,2864.89
2260.64,1420.95
-3040.7,-0.943726
2390.05,-76.8696
-533.816,-1242.97
695.268,-2982.97
754.985,-4933.08
-1893.13,-4751.33
2254.7,-1671.62
-1464.87,1075.92
2936.42,2424.19
-4200.89,1950.9
2770.93,3005.67
-3712.08,3091.6
3449.04,3587.48
-3052.24,1065.6
1644.36,-587.024
-2439.75,-965.14
3018.29,-399.391
-935.896,-773.206
1068.96,-2546.22
-794.039,-2600.35
-643.782,-724.727
976.135,1785.83
-729.362,2840.47
1308.82,2048.34
-2524.72,427.45
2408.68,-73.33
-2011.8,-406.486
2915.8,-1700.01
-1330.36,-4356.45
1091.1,-5110.23
-994.196,-4152.54
1748.54,-431.372
22.7617,1459.92
-440.683,2551.85
110.58,2460.35
-2221.32,2805.98
3691.24,2551.58
-3781.66,261.247
4504.94,-1543.69
-5660.04,-2836.81
6204.98,-781.84
-6325.49,317.984
7269.23,1638.24
-6939.67,790.741
5694.11,1648.57
-5396,1497.6
4904.67,2275.25
-4043.47,595.242
3137.59,-1214.66
-2507.64,-2765.44
1400.44,-2524.5
1601.7,-2277.91
-755.698,-3105.04
1983.9,-3229.73
-2953.07,-2798.76
2971.76,263.725
-2993.77,1458
3816.9,2389.27
-4800.63,1579.7
3263.22,2333.28
-3663.64,3164.38
3241.07,3144.69
-3071.49,721.622
2857.2,-1970.7
-3311.13,-2932.34
2569.47,-1689.42
-789.74,115.165
1486.4,301.606
-2135.37,60.6395
1130.26,527.556
-2183.47,1923.04
3605.63,1956.52
-3965.8,982.449
4408.08,-1292.95
-5299.33,-2419.07
6617.89,-2459.18
-5836.1,-3354.67
7282.16,-3235.37
-7683.97,-2853.47
7777.05,202.716
-8354.26,2298
9150.28,4585
-9711.59,3133.65
7126.88,3921.45
-8042,3325.38
7769.49,2971.5
-5665.8,-417.188
4958.33,-4082.01
-3753.61,-5816.16
2932.25,-4258.17
-972.154,-1655.9
1013.42,375.66
-114.184,1207.18
-1533.98,1773.93
1355.69,3801.99
-1709.58,3390.41
2441.25,2184.76
-2576.05,-1554.9
1777.76,-3994.76
-1376.73,-4668.22
3214.14,-3938.91
-438.982,-4326.48
991.927,-3677.8
-1286.58,-1135.41
1099.5,1747.8
-1036.64,4557.35
791.341,4295.75
-2479.7,4218.45
628.794,4377.61
-1434.61,4247.57
3059.24,2129.28
-2963.27,-2316.27
3535.28,-5663.71
-3986.11,-6118.04
4916.26,-3260.06
-3875.43,-799.188
5247.08,1398.22
-6267.03,1560.96
4641.67,3520.61
-4136.12,3865.73
5290.32,1570.34
-4563.73,-2695.97
3547.74,-5460.06
-3731.2,-5579.03
5161.18,-3408.77
-3510.31,-1702.86
3300.76,-204.377
-4188.59,2280.62
3050.72,5259.19
-3537.69,6620.39
3369.6,4775.94
-4092.63,877.342
2802.02,-1567.96
-2665.24,-3406.24
4297.86,-3721.36
-1879.43,-4840.3
2470.93,-5194.8
-2554.77,-3370.63
2462.21,583.15
-2258.78,4360.2
2002.22,5639.16
-3767.43,5707.76
1758.16,5288.53
-2630.29,4171.13
3503.22,877.755
-2264.15,-3944.86
3139.65,-7852.88
-3589.93,-8374.75
5338.73,-5099.47
-3414.47,-2504.01
4998.75,-369.21
-5157.97,593.324
3783.2,3518.55
-4022.11,5243.09
2682.8,6245.56
-3079.07,4193.62
632.28,1826.42
17.734,-1196.11
-258.586,-2535.16
2768.06,-3717.05
-2918.22,-4229.74
3916.36,-2667.11
-4693.72,-1602.25
4861.28,1717.05
-5093.88,2468.61
4935.11,4028.19
-5880.48,3428.51
5337.97,2988.26
-4162.82,-266.965
4195.63,-3839.96
-4100.67,-6252.94
3994.36,-5898.68
-1953.72,-3218.52
2779.98,-1143.62
-1576.69,739.336
499.551,2115.59
-1604.37,4060.65
1031.67,5099.77
-2412.5,4527.38
1853.72,2870.35
-3675.64,1695.95
3614.79,513.632
-4036.21,-264.055
5279.34,-1171.52
-4645.33,-3340
5114.84,-3919.96
-4952.83,-3649.28
5349.95,-1143.18
-4231.06,-548.601
4122.92,991.117
-4800.74,1077.23
3227.27,2734.4
-2246.25,2525.21
2525.26,538.623
-1742.55,-2177.42
987.769,-4603.78
510.996,-4047.71
-91.9769,-3327.61
734.364,-1187.15
-726.432,553.575
-394.753,3594.97
-577.851,5967.54
-498.451,7069.98
731.573,5559.73
-2281.81,2329.13
2048.36,-814.074
-3194.58,-2810.27
5183.64,-3771.45
-4120.98,-4939.34
5248.02,-4590.05
-4506.15,-3810.16
5184.09,-548.087
-5147.99,1473.28
5868.25,2493.34
-6434.85,1697.9
5222.87,1599.03
-5488.67,804.676
6321.84,42.6551
-5624.74,-1877.76
5389.38,-2935.73
-4672.02,-3186.46
3828.69,-1185.07
-2353.24,400.094
1851.4,1876.86
-904.885,1396.07
-840.28,2517.49
378.596,3215.59
-1245.84,2752.63
2809.36,1368.65
-4508.5,-1339.84
4683.05,-1970.76
-4725.6,-2176.5
6713.74,-852.954
-5952.32,-2542.1
5393.55,-1485.86
-5209.1,-1033.7
4316.33,1438.32
-3382.71,2233.67
3381.86,1255.6
-2975.89,167.197
963.915,-338.185
-302.014,-42.7814
2057.37,-1576.02
-1228.88,-3238.97
313.829,-4226.9
-182.522,-1737.45
1485.25,353.173
-178.008,1055.55
1250.33,-61.4417
-4004.83,142.203
3413.41,3008.64
-3960.75,4551.25
4591.07,4220.25
-5101.02,1356.53
4017.88,-86.6372
-4899.57,-636.349
6214.06,80.3036
-3966.87,-2207.83
4604.06,-4880.98
-5049.48,-5669.76
4410.55,-2014.11
-3097.5,1558.28
3429.86,3682.65
-2114.01,2277.79
-37.2983,508.202
270.901,-116.087
678.034,-1200.72
1154.96,-3047.57
-2005.91,-4463.14
2125.22,-3374.52
-2571.01,-716.742
3968.46,2264.84
-3405.67,2672.56
3353.66,2920.8
-5335.25,2615.3
4797.31,3075.97
-5091.68,2103.45
4689.15,405.996
-4431.06,-1730.77
4055.37,-2047.01
-2618.85,-2342.73
4795.5,-2355.55
-3880.77,-3343.79
3124.04,-3092.3
-2765.2,-1482.97
3548.87,141.431
-2248.19,539.414
2583.31,306.142
-4085.64,1441.24
3508.84,2712.98
-2786.9,2681.11
3390.31,145.532
-4402.81,-2245.35
4497.46,-2016.15
-5188.17,-64.3954
6380.52,2287.97
-5973.14,1546.98
5749.1,308.144
-6924.32,-795.035
7118.26,339.82
-6539.48,300.358
7581.06,-92.4925
-7164.62,-2213.12
6261.89,-2679.98
-5268.12,-2851
5398.66,-868.963
-3839.48,-640.427
2668.27,468.542
-2406.39,1493.77
981.116,2360.96
-884.018,2899.61
186.059,1895.76
93.3867,691.006
-853.701,-1086.14
1877.31,-1683.13
-725.335,-3643
1363.64,-3726.77
-1372.82,-3334.43
1457.59,-1075.3
-718.965,1399.89
124.764,2814.53
-15.0314,3762.14
-1256.29,3429.51
228.041,3519.2
-747.049,2418.32
1070.69,44.0837
-431.786,-2961.64
-174.314,-3664.32
101.97,-2598.22
460.494,-402.482
2415.08,-425.362
-2502.34,-1858.41
2284.23,-2013.22
-3550.89,25.1582
4880.06,2096.31
-4921.03,1679.8
5465.42,250.462
-7249.75,-995.646
6836.84,667.909
-6204.46,900.552
8603.57,131.478
-8822.52,-2781.47
7565.86,-2613.8
-8132.42,-914.277
8369.12,2514.86
-6377.94,2123.35
4942.4,1695.72
-6399.7,1542.22
4560.24,3545.13
-3330.84,3877.38
3438.99,959.973
-2406.24,-3461.11
1254.08,-5806.99
-463.414,-4591.8
1895.41,-2746.91
56.7023,-1285.71
-467.737,-1618.18
-957.143,692.114
337.903,3337.22
468.246,4240.63
-434.69,3626.58
-865.351,1093.95
-298.061,-416.215
358.356,-1206.29
210.932,-1862.24
532.845,-2576.88
-836.874,-1820.84
-94.9467,766.563
-925.062,4029.82
2423.36,4330.09
-3003.34,2010.04
2607.12,-272.417
-5515.5,-654.372
6724.58,278.418
-4711.22,-1254.08
5240.5,-3783.84
-6401.1,-5120.39
6810.52,-2343.94
-6886.07,969.838
8289.91,3261.03
-8363.11,1586.3
7121.92,1276.52
-8005.12,311.095
7465.9,1416.23
-5935.12,527.984
5910.77,-1277.96
-5481.91,-3119.61
4957.38,-3259.57
-2908.5,-2431.92
3563.66,-858.091
-3355.05,144.553
2008.93,1995.99
-1831.84,3909.61
1421.98,3470.27
-908.793,2433.05
779.007,147.585
-2183.93,-275.418
2223.33,268.871
-1356.34,-396.507
3014.53,-2551.76
-3029.66,-3981.32
3469.86,-3207.6
-2153.63,-1645.64
4111.9,-241.811
-4391.79,-723.218
3700.28,-26.7224
-4414.95,584.562
3866.36,2952.75
-2502.01,2564.61
3012.31,613.064
-1987.89,-2239.06
504.213,-3235.88
250.281,-2804.51
626.538,-2054.4
1289.53,-1791.05
-3223.39,-626.641
3173.17,2581.43
-4197.03,5684.01
4545.44,7013.34
-5879.41,3858.78
5577.8,633.763
-6385.75,-2599.31
6963.38,-3634.42
-5510.94,-4702.33
6758.7,-4231.15
-5866.81,-4433.69
5869.18,-2444.06
-5109.15,-486.565
5874.13,1579.8
-5143.15,1861
4093.23,1477.47
-4528.41,1447.82
3132.09,1711.59
-3220.91,1441.61
3867.82,197.128
-3615.64,-1127.6
3079.67,-1282.1
-2793.68,-177.201
4041.28,202.735
-4098.17,-476.188
4191.91,-910.768
-5823.1,238.935
5409.16,2977.43
-6027.77,4775.4
6120.21,4747.02
-6107.83,1219.75
5889.43,-1535.33
-5027.46,-5126.8
6256.37,-6048.65
-4592.12,-6554.4
5563.95,-5460.44
-4482.94,-3967.31
4060.26,-254.942
-2683.35,2649.59
1111.72,5241.41
-1293.84,6389.38
-1124.23,5692.06
1197.16,3810.58
-3111.02,795.337
3835.28,-1610.37
-4679.13,-2733.96
5540.09,-2170.69
-4461.49,-2265.51
5623.45,-1452.08
-5698.62,-2261.59
5677.1,13.3682
-6400.25,1648.49
5960.75,3468.43
-5568.03,2998.74
4457.92,1731.77
-3810.19,-987.634
3334.25,-2292.98
-2107.92,-3182.13
2410.39,-3885.6
-1951.49,-2611.74
1335.64,-1404.18
-1036.11,938.103
2204.22,1772.37
-2308.07,1730.23
2533.13,1063.72
-4082.37,1028.84
4713.41,233.419
-4423.08,-1160.06
4932,-2198.38
-5681.07,-2642.06
6513.35,450.715
-6276.61,1601.21
7205.59,2594.24
-7409.42,1043.26
4419.01,2195.84
-4851.64,3006.28
4562.16,3986.14
-3313.56,1967.53
2239.24,-708.666
-1562.53,-2618.92
1164.99,-3652.27
1577.97,-3919.67
-937.504,-5306.47
2414.51,-5306.58
-3331.73,-3067.52
3472.75,1573.23
-3415.52,4183
4302.45,4820.8
-5334.82,2532.76
2639.92,1749.52
-3091.51,1533.31
4441.64,402.877
-3011.41,-3235.22
2715.88,-5496.67
-2748.4,-4945.52
3333.66,-1637.39
-1836.36,1226.4
1549.75,2615.73
-2450.79,3595.03
103.166,4807.54
-541.801,5632.72
865.277,3930.48
-541.233,142.553
605.741,-4010.09
-1577.17,-5232.77
3256.25,-4908.86
-824.244,-4388.27
2701.22,-4286.87
-3618.41,-2584.58
3575.24,1279.67
-4151.82,5071.01
4663.8,6419.22
-6262.01,4328.24
5474.4,2148.06
-6819.35,-170.331
7378.07,-446.266
-7207.72,-2044.46
7100.85,-2024.67
-7059.53,-2235.9
6933.15,-1002.02
-5463.65,-729.062
5237.6,745.096
-5373.6,1179.09
3352.24,2744.2
-3470.72,3123.83
2856.08,1556.25
-2439.93,-680.404
1403.81,-2272.33
-195.805,-2377.46
235.893,-2123.6
1192.89,-2167.99
-237.145,-3824.97
-985.502,-2601.04
92.7583,175.179
-933.211,4814.83
1073.64,7273.23
-2603.43,6437.23
1453.57,4288.25
-3692.39,1765.54
3642.27,123.882
-2451.72,-2751.66
2669.55,-4408.71
-2277.3,-5914.08
2038.14,-2990.71
-1493.53,-471.094
1378.78,2554.46
-602.435,3836.43
-1912.7,3589.86
1702.48,3658.36
-3686.35,2760.17
4639.33,858.484
-4411.5,-3326.35
4946.3,-5175.57
-5187.77,-6119.79
6093.72,-3092.7
-4711.33,-1122
4888.24,681.775
-5783.38,2223.62
4653.5,3736.69
-4995.44,4668.89
3941.15,4825.72
-5077.33,3250.91
3766,1644.65
-3625.97,-290.558
3644.4,-2336.12
-2275.27,-3831.81
2764.69,-3718.76
-2871.69,-2360.88
3297.15,17.8144
-3206.09,1365.78
3083.42,2052.48
-4267.63,2680.24
1940.48,4098.86
-2178.99,4947.41
2541.61,3033.42
-2804.43,-1110
3685.74,-5530.29
-3823.81,-7153.18
5328.29,-6024.99
-3659.3,-4548.72
4575.76,-2052.75
-5282.48,88.4359
4091.68,3870.44
-4701.14,6482.81
4304.73,7126.33
-4686.54,4405.52
3411.1,1308.42
-3964.01,-2249.35
3865.48,-3292.54
-1701.85,-4854.66
2062.59,-5069.15
-853.264,-2935.26
-799.185,843.448
878.398,5534.05
-921.103,7049.87
342.71,5712.5
-2192.85,2739.22
1434.44,711.994
-401.996,-2291.24
2397.21,-5201.29
-320.081,-9094.03
581.929,-9261.92
537.107,-5917.29
-188.045,-623.313
2229.07,3732.21
-3303.9,5445.77
1196,7215.31
-3708.26,7597.66
2917.3,7065.14
-2289.76,2236.47
1714.49,-2775.43
-2689.5,-6148.24
1758.58,-4374.19
1179.71,-2687.35
-194.196,-1777.95
1569.64,-1683.03
-3817.28,-303.585
3349.49,3731.14
-4490.81,5782.73
5512.42,5250.1
-7091.29,749.506
5364.9,-1218.3
-6378.43,-1944.79
7416.07,-820.715
-4880.64,-3138.32
5586.28,-5225.22
-5862.97,-6142.73
4648.34,-2698.07
-2891.82,1567.18
1843.25,4557.61
-2811.99,5697.74
-409.235,6371.64
-1210.66,7110.33
447.927,5225.96
1302.48,586.39
-2141.06,-4810.17
1936.27,-7112.59
-2380.56,-5976.73
3898.77,-2718.3
-2042,-1271.99
1462.94,960.024
-2714.42,3128.75
1595.7,6257.34
-1676.29,6961.12
-2.52997,4719.89
-1105.15,781.003
-735.685,-1769.72
816.811,-2675.36
1595.96,-4161.85
474.733,-4919.28
-369.513,-5795.93
-459.375,-2620.26
1157.83,353.261
-696.354,2387.41
1606.56,2505.3
-4855.73,2869.34
3866.25,5056.58
-4492.2,5333.37
5598.43,2967.5
-7263.34,-1776.42
7636.57,-4013.76
-8739.86,-4128.31
9790.71,-893.438
-8326.58,97.4797
8218.35,1059.86
-9645.31,1148.1
8143.9,3353.19
-7217.52,3178.18
7273.49,2295.27
-6745.32,-1225.62
5370.11,-3185.21
-4458.38,-4091.91
6515.24,-4750.42
-4039.41,-5677.85
3498.06,-5207.6
-2640.36,-1638.5
2166.32,2474.89
-1841.3,5334.4
1201.94,5632.52
-3437.24,5413.77
1107.58,5362.39
-1016.35,4174.9
2319.24,917.808
-1927.74,-4102.77
2326.72,-7056.42
-2232.28,-6461.92
2793.5,-3077.82
-231.861,-533.192
726.869,814.04
-1678.94,1901.92
-159.386,4692.33
-84.4731,6165.57
-5.73628,4635.88
257.027,436.857
-2448.4,-3298.94
3176.45,-4788.61
-2741.6,-3788.52
5226.74,-3023.16
-5042.36,-3348.57
5852.09,-1932.82
-6812.99,-561.925
6760.57,2528.57
-7138.97,3770.97
6631.96,4332.05
-8318.68,2870.45
7276.94,2381.37
-6246.77,-611.081
6421.72,-2127.76
-5996.6,-4120.84
5039.72,-3241.24
-3920.59,-1027.02
3340.97,807.821
-1468.52,1115.08
608.715,937.772
-1175.62,1821.91
362.076,2552.15
-297.161,2931.53
333.385,343.124
-843.926,-1324.13
389.506,-2604.22
229.293,-1842.86
2348.1,-1461.66
-1687.75,-2442.21
2131.65,-2717.66
-3851.33,-914.757
4025.73,1991.05
-4079.42,3153.79
4514.15,4007.52
-6521.92,3145.81
5394.09,3622.88
-4773.77,1914.42
6408.85,-1776
-5788.46,-6231.46
4065.26,-6237.92
-4094.22,-2937.88
4393.38,2395.45
-2596.49,3730.16
1223.94,3517.72
-2928.85,3489.41
487.886,4148.86
741.174,3731.08
-26.265,-689.782
1011.26,-6445.75
-1473.96,-9855.6
2589.8,-7942.09
-324.37,-4871.15
2466.06,-1221.78
-2910.99,838.935
896.443,3994.99
-1572.33,6776.13
381.134,7832.71
-553.646,6274.31
-848.52,2532.63
-320.135,-449.415
244.37,-2544.29
368.127,-3248.25
4.19867,-3297.39
718.356,-1943.92
-481.068,-85.1042
-348.16,2702.8
925.457,3976.29
-1123.9,3093.8
818.759,837.849
-1729.45,-1494.15
1796.6,-2097.35
-1382.86,-2875.87
3123.61,-3560.98
-2961.63,-3777.26
3534.39,-3067.21
-3611.27,-952.986
4548.67,1151.92
-4029.01,875.101
4082.49,708.082
-5540.93,657.423
3505.45,2807.14
-3575.35,4098.93
3599.7,3905.14
-4311.37,1620.26
3005.79,648.539
-2987.13,-209.44
3877.36,-633.534
-2432,-2284.57
1157.93,-3406.16
-1591.04,-1654.01
1301.7,732.667
-158.743,2448.21
1149.17,1530.43
-2074.77,381.913
1502.2,-319.296
-924.178,-1189.83
2373.46,-2681.99
-2040.14,-4436.4
2377.18,-4661.25
-2809.21,-2064.89
3596.54,1852.27
-3763.71,4066.63
3326.12,4972.87
-5304.17,4284.49
3790.9,4348.03
-3469.58,2319.21
3649.99,37.8355
-2433.52,-3672.9
1015.54,-4591.46
380.281,-4275.16
617.286,-2594.94
1118.17,-1687.73
-2003.24,-619.065
2401.93,2108.48
-3415.58,3417.19
3553.72,4645.95
-4374.36,2402.25
4110.8,646.859
-4998.66,-1680.96
5839.69,-2448.4
-4379.26,-3459.52
5137.76,-3724.91
-4271.79,-3367.72
3407.04,-1397.9
-2103.19,548.728
2082.01,2086.23
-2526.29,2942.25
1154.16,3567.56
-2445.4,4421.81
2270.7,3693.07
-2910.18,1560.89
3138.62,-1426.64
-4246.28,-2392.97
4523.88,-2043.44
-3677.62,-1214.85
5658.07,-1915.68
-5812.08,-3216.99
6039.63,-2228.45
-6321.52,-1428.99
7588.48,1163.51
-8352.38,1280.55
7819.19,1932.82
-8571.73,1439.17
8309.55,1625.24
-6715.01,-659.459
6829.1,-2248.15
-5322.75,-4322.56
3929.78,-3313.18
-3465.04,-1008.76
2959.96,1780.69
-1318.15,2912.46
-943.284,3785.64
-99.0317,5305.72
-1622.2,6342.45
2371.15,5200.06
-2895.48,-194.608
3277.25,-4240.66
-3898.73,-7045.6
5171.71,-5316.85
-2616.15,-3985.58
3466.46,-2401.63
-3686.48,-689.437
2508.3,1906.18
-2448.92,3909.58
2191.31,4461.17
-2229.08,3103.91
544.857,840.865
-486.148,-1008.15
751.047,-2884.62
1679.17,-5429.21
-548.576,-6999.36
66.9133,-4749.22
-97.1115,-384.181
27.8147,4644.5
1521.43,5516.62
-3021.66,4429.3
300.604,3946.19
-2467.75,5210.89
3097.05,5218.2
-3389.16,1740.31
3843.07,-3041.66
-5107.38,-6016.66
6045.65,-4427.56
-4408.02,-3361.51
6755.15,-1520.33
-7167.76,-1622.95
5977.69,-29.8819
-6465.58,2173.7
6447.98,3574.54
-5335.16,2323.08
4294.26,561.773
-5691.97,-969.594
5264.97,-576.468
-3884.9,-1392.83
4448.98,-2863.66
-3585.02,-3878.75
2205.26,-1964.79
-1979.62,1383.43
2575.38,3893.15
-2712.85,3674.05
621.992,2404.79
-1624.59,2321.49
1357.65,1894.06
-440.178,765.233
724.291,-1504.32
-1274.64,-3039.39
1529.28,-3298.55
-1266.22,-1865.47
2812.23,-1053.55
-1822.81,-1163.24
1892.68,-220.629
-2875.6,847.145
2397.08,2890.78
-1910.81,2555.83
808.268,1908.12
-376.272,-398.756
-752.623,-645.996
2857.86,-1367.17
-2165.23,-2523.31
3589.93,-3636.8
-4511.98,-4039.62
5855.39,-1724.39
-7231.56,541.005
8544.83,3800.56
-9415.27,4222.53
8548.27,5173.86
-10181.5,3765.3
9948.16,3119.87
-10004,-178.528
9748.39,-2472.39
-8478.15,-4862.73
8102.96,-4336.13
-5571.38,-4168.41
5658.14,-2065.06
-4658.95,-1120.3
3062.77,1288.81
-2847.36,3616.85
1108.26,4388.61
-534.175,4184.19
-574.269,1506.23
-269.342,230.052
-21.3201,-1878.69
1208.3,-2813.83
-350.071,-4716.79
355.694,-4213.36
-376.494,-1990.37
-361.645,1502.76
782.957,4909.33
-1219.22,4527.11
250.11,3758.09
-2383.64,2577.54
2142.22,1672.28
-1084.46,-919.241
1401.78,-3548.19
-1491.36,-4934.06
712.466,-3694.59
1251.18,-1405.87
-454.185,314.213
1403.6,482.878
-3873.4,1761
3788.96,3630.22
-4971.68,4406.87
5720.19,2811.85
-6660.79,-207.8
6475.65,-1526.6
-7608.8,-2285.9
10029.9,-1251.3
-8968.57,-2956.39
9432.26,-3071.12
-10223.9,-2974.68
9716.88,1270.05
-9015.8,3373.53
8608.95,4614.28
-9231.92,3452.58
6256.13,3425.92
-6623.81,3212.2
6612.45,1721.2
-4811.47,-2152.09
4082.52,-5241.39
-3904.02,-5646.91
3496.55,-3090.15
-1518.22,-355.736
2217.63,-17.3748
-2351.68,139.765
945.774,1171.41
-918.012,2469.17
1102.12,2688.29
-548.196,644.352
-455.533,-1915.76
-610.936,-2352.36
751.515,-1248.21
1042.85,-223.78
-541.166,-107.528
-806.81,665.256
-523.808,2661.29
498.339,3943.38
-448.621,3288.99
717.288,964.184
-3075.98,-65.5485
3024.18,225.295
-2544.13,613.726
4810.61,-1874.49
-5599.82,-4200.93
5780.81,-3809.97
-6219.48,-1945.05
8080.05,1067.67
-7373.73,539.194
7932,-160.385
-9940.12,-985.78
10300.5,922.42
-9383.17,497.563
9814.19,319.95
-9528.07,-1897.05
8481.31,-1523.8
-8287.83,-320.335
8383.79,1544.58
-6543.83,1155.08
4496.82,1248.75
-5461.84,2033.24
3847.97,4306.43
-4021.7,5068.58
3438.71,3492.29
-2323.17,-24.6812
901.577,-3219.64
890.642,-4544.92
318.29,-5413.62
506.119,-4965.06
393.609,-4566.32
16.5732,-2233.33
-436.726,514.328
870.87,3371.97
-52.7938,4163.59
-605.929,2659.69
-58.2283,616.984
-1338.65,-395.168
1363.22,-1099.67
140.962,-2437.41
127.504,-2134.31
-569.073,-1571.31
-113.527,2003.97
1385.54,3720.33
-2191.74,3230.31
2394.84,1805.46
-4466.43,653.944
4838.17,794.073
-4834.67,353.568
5937.84,-337.158
-6550.76,-2433.43
6590.32,-1669.38
-7235.76,-1319.25
8922.77,235.357
-8156.14,-351.844
7158.56,-172.166
-7140.46,-403.342
6802.6,301.077
-5243.11,-867.111
5005.62,-1863.48
-5530.57,-1974.36
4202.13,245.763
-2036.49,1132.63
2410.99,190.254
-2319.09,-1279.31
941.564,-1143.21
-1433.04,1355.37
2700.68,1575.4
-1540.53,582.069
-335.19,-566.728
-1475.41,936.684
1662.75,3471.46
-1289.77,3924.86
1853.81,1763.29
-3050.27,-741.052
1924.62,-943.933
-2112.41,-377.012
4432.05,-367.659
-2889.74,-3660.17
2621.33,-5082.11
-3240.52,-3552.87
3558.75,-321.432
-715.642,1149.45
1257.43,73.1705
-2288.77,-1589.48
1022.03,-150.903
821.542,1054.17
205.251,329.645
701.722,-1690.25
-2531.53,-2274.83
2365.81,100.944
-3093.18,3111.4
4853.97,4094.35
-5885.86,3044.99
4485.96,2876.1
-6203.56,2621.47
7214.02,2851.9
-6697.36,-186.805
7020.29,-2930.11
-7069.26,-5359.39
7564.27,-4231.9
-4804.74,-3872.85
6260.12,-3085.51
-5320.62,-3467.52
4750.67,-1824.5
-4316.39,581.937
3627.11,2750.09
-2822.32,3577.22
1255.89,2827.84
-2474.69,2619.18
2110.06,1917.42
-1753.37,942.366
1950.23,-1399.98
-2598.49,-2222.7
2602.65,-1794.49
-2967.8,-313.552
3720.27,1418.43
-4504.2,1861.42
3702.9,2904.65
-5174.19,3382.57
4897.09,3503.97
-4033.95,77.5752
5139.49,-3598.96
-4429.07,-7422.8
4295.09,-7180.66
-3106.38,-4757.45
4091.24,-1679.04
-2673.51,6.20581
1326.9,1643.98
-1603,3726.92
359.564,5668.35
359.091,5197.23
-1312.11,2138.96
465.969,-821.684
-2368.46,-2163.98
2901.78,-1016.6
-1834.52,-235.512
3055.37,-85.0515
-3381.44,-440.711
3567.62,187.834
-2943.2,-268.648
3623.46,-442.361
-4296.8,-864.015
3044.83,457.526
-3006.97,1933.07
3290.95,2474.23
-1598.86,246.822
1824.82,-2475.24
-2237.85,-3500.86
1847.08,-2344.15
-1389.11,-503.869
2027.51,-56.2574
-2351.73,257.752
1306.1,1221.69
-1976.25,3362.45
3056.14,3851.5
-3853.36,2327.63
3938.91,-1232.41
-5780.49,-3138.59
6855.75,-3099.11
-5394.67,-3914.33
7632.22,-3175.58
-8234.39,-2750.8
7557.83,688.671
-8161.76,3065.24
7390.98,5649.9
-7688.35,4357.93
5260.19,4464.48
-6407.72,3661.87
5420.09,3457.04
-3766.58,318.419
3196.95,-4242.32
-1660.22,-7054.26
329.262,-6888.88
2699.29,-4407.65
-1441.7,-1907.98
2339.36,202.753
-3930.85,1237.61
3274.82,4244.16
-3811.5,4739.54
4384.41,3438.84
-5162.45,589.716
3911.71,-836.693
-4159.84,-1556.26
4913.04,-1118.96
-3296.31,-2586.93
3407.96,-2841.78
-3970.34,-1171.82
3072.9,2120.52
-2190.05,4954.46
1760.07,4418.58
-2869.07,2414.7
2158.93,725.346
-2842.46,-256.796
4791.92,-1937.51
-3379.65,-4068.4
3794.03,-5821.35
-3639.97,-5524.82
5121.64,-2935.68
-4684.43,-551.269
6603.17,1204.08
-7455.45,1630.81
6831.27,2956.16
-8267.63,3669.55
7710.09,4569.87
-7989.89,2263.92
7575.94,551.439
-7647.8,-1798.33
7884.76,-2027.04
-6343.27,-2360.15
6152.97,-1544.02
-5899.15,-1494.75
5029.6,504.925
-4182.39,1393.62
3339.38,2130.95
-2388.71,2230.5
1325.16,1105.21
-960.787,139.113
498.944,-1828.08
1685.06,-4489.01
-575.964,-6619.73
1236.59,-5833.49
-1375.4,-2840.27
1900.49,2032
-934.881,3631.48
-21.8196,4003.51
-2274.04,4412.37
775.359,5001.94
-1014.47,5317.65
1345.5,2567.49
-1522.93,-1767.69
841.771,-4486.56
-1480.92,-4077.72
3359.86,-2884.98
-948.494,-2225.78
1363.22,-2047.79
-2374.95,-880.1
2226.88,1982.01
-3509.93,4188.27
3924.72,4869.71
-5299.9,2691.86
3747.06,1263.03
-3256.42,-255.772
4458.6,-2287.83
-3543.54,-4834.39
4324.38,-5924.16
-4474.19,-5230.76
4171.01,-1743.66
-2706.09,1195.96
2120.24,4056.01
-3128.44,4886.59
1508.53,5758.17
-2246.88,5449.39
948.339,2721.92
-827.749,-489.33
604.78,-3648.37
-615.448,-4689.74
1381.15,-3783.16
-71.0246,-1869.33
-699.134,281.712
-812.436,3645.83
-267.081,5708.16
-853.101,6212.66
908.676,4508.12
-2507.78,1156.7
2176.64,-1379.95
-3061.16,-2902.58
4057.24,-4272.74
-2357.72,-6290.09
4280.24,-7362.23
-3837.51,-6217.38
3794.37,-1358.26
-3668.5,3019.77
3690.55,6141.85
-5075.99,5184.74
2308.57,4602.45
-3301.17,4114.63
2199.69,4038.17
-1452.95,1934.77
1595.32,-1905.46
-774.108,-5294.02
-256.442,-6031.35
1533.04,-3580.54
-807.357,-346.474
1581.46,2754.22
-2592.25,4025.51
1703.33,4880.35
-2154.01,3906.12
2400.82,1798.44
-1956.4,-1922.03
1783.41,-4368.96
-1055.34,-5316.53
2414.1,-5002.94
-44.1327,-4812.05
948.091,-3488.43
-765.041,-776.254
568.275,2204.26
-335.966,4923.96
645.304,4163.73
-2664.34,3157.67
497.98,3148.82
-1439.77,3585.32
3050.47,2004.76
-2871.18,-1313.47
4081.4,-4611.68
-4720.72,-5638.35
6090.62,-3713.48
-5233.76,-2090.38
7312.53,-805.272
-8244.55,-904.505
7257.8,2085.06
-7699.81,4094.89
8586.43,4531.74
-7335.92,711.437
6043.22,-2405.63
-7328.1,-4197.82
8090.17,-2541.62
-5224.75,-2474.31
5541.15,-2789.11
-4962.36,-2459.61
3575.03,461.151
-2182.9,3012.6
1560.31,3937.3
-770.891,2522.35
-830.586,436.692
588.519,-106.036
-1537.28,413.715
4047.34,-27.6217
-3996.93,-1872.11
4057.29,-2384.71
-4958.75,-1935.91
6104.86,772.642
-5543.35,1285.34
5023.66,2278.79
-6227.79,1907.77
5467.08,2605.59
-4494.49,1427.46
5276.96,-1308.31
-4331.29,-4770.44
5419.75,-6512.54
-4728.22,-5916.57
5336.61,-3847.34
-3929.9,-1126.62
3487.87,1396.72
-4007.77,3465.99
3654.52,5225.02
-4481.86,5480.97
4258.02,4113.17
-5759.27,1369.84
5236.61,-675.795
-5305.74,-2727.98
6458.91,-3393.53
-5441.28,-3634.17
5893.55,-2063.71
-4899.23,-735.613
4315.66,1363.16
-3413.4,1262.31
2963.13,1239.43
-3823.07,803.383
2242.52,2314.79
-1172.9,2427.1
1601.89,128.961
404.434,-3407.17
-950.876,-6348.18
2272.8,-5882.52
-1554.46,-3956.52
3986.06,-1625.25
-4663.38,-255.603
3773.41,2695.5
-5573.6,6063.56
4248.55,9037.86
-4798.5,8273.75
4374.91,4804.74
-5419.61,-813.044
4962.72,-4276.87
-3188.07,-6902.59
5053.66,-7428.45
-2884.39,-7673.26
2822.37,-4839.18
-2453.46,-121.829
2230.55,4492.48
-1095.2,6470.07
-208.477,5194.08
-1109.89,3426.78
428.403,725.324
-982.495,-763.424
1915.2,-3306.52
-1391.96,-4824.79
2747.24,-5451.08
-2254.04,-3921.41
3735.74,-914.896
-4330.85,1813.14
5032.05,3924.21
-7611.09,4685.97
6897.51,5226.28
-7099.92,2789.91
7587.33,1215.59
-7837.26,-2357.49
7250.96,-2699.23
-6308.8,-3099.14
6552.07,-2485.03
-4394.12,-3321.01
3376.11,-1768.93
-2816.91,611.191
1159.7,4451.27
295.388,5296.17
-935.556,2098.25
987.449,-667.665
-3776.09,-2830.4
4126.68,-632.238
-2980.25,-14.1557
3864.71,-325.988
-3322.67,-2873.24
2761.41,-2786.82
-2712.32,-1405.45
2257,1708.3
-1095.61,2722.55
-520.267,2044.9
-80.9728,1810.62
-1381.43,1136.72
2708.03,1127.34
-1992.82,-799.389
628.171,-1129.89
-1474.81,-1212.93
1619.98,-14.1548
-556.215,-204.433
-120.609,-156.629
-45.7644,697.359
-911.926,2262.4
1706.41,2744.52
-2910.64,1204.23
2725.46,-128.307
-4671.39,-833.633
5732.8,-344.786
-4003.34,-1983.07
6309.56,-3900.02
-5841.86,-6025.75
5506.92,-4968.75
-5512.42,-1911.04
6158.66,1981.88
-4812.89,2194.53
2831.32,3746.18
-3967.1,4938.34
2526.51,6707.32
-2524.87,6166.75
2037.99,1893.1
-3280.52,-1569.15
2379.54,-3857.69
-12.0024,-4020.33
2335.47,-4229.08
-788.706,-4589.8
1277.18,-4157.53
-1283.44,-1518.22
1774.43,776.848
-919.858,1425.13
2371.7,1339.31
-3823.51,286.546
4056.29,909.121
-3399.19,301.9
5445.29,-2517.27
-4169.62,-5364.59
3098.09,-5250.21
-3092.64,-1732.47
3585.67,4265.6
-2998.56,6166
1596.41,6574.51
-2833.28,5021.01
1167.3,3792.95
-128.049,1693.04
191.46,-1331.3
959.793,-4757.89
-1769.18,-6566.33
3547.89,-5493.47
-2296.03,-4363.81
3915.59,-1182.17
-4309.58,614.045
4143.18,2948.15
-4135.26,3192.9
3754.93,1867.07
-3785.77,-690.275
1907.32,-1137.21
-2094,-658.579
2356.7,306.491
-767.848,-755.469
26.0509,-1973.43
211.579,-1611.46
-1133.44,-197.782
1811.58,1936.75
-1232.96,1426.81
942.122,185.348
-2186.72,-524.884
1783.6,995.95
-609.922,789.788
858.486,519.875
-175.722,-1194.8
-962.075,-1918.84
2256.36,-1577.32
-1999.37,-1015.92
3559.58,-404.376
-4834.22,-125.065
4763.73,2028.49
-4834.29,2370.7
5442.6,2322.63
-4796.12,-289.226
4733.25,-1293.34
-4751.86,-2406.44
5741.26,-2042.5
-3163.54,-3096.83
2971.42,-3652.09
-1953.93,-3141.92
2119.09,-922.174
-1153.76,2039.14
393.563,3531.67
-750.856,4448.25
-1073.65,4099.82
689.659,3410.31
-1047.52,1831.75
761.208,267.485
-556.263,-1601.53
712.714,-2601.31
595.602,-4158.12
-264.584,-4145.95
1643.79,-3648.48
-1669.92,-2323.59
2324.58,215.97
-3782.31,2755.41
2525.29,4965.29
-3209.72,4543.05
3045.02,3044.94
-3123.99,-1011.06
3147.38,-3089.96
-2742.23,-4713.44
3198.43,-4374.05
-2184.96,-3878.38
1957.65,-2522.67
-1801.71,420.209
644.333,3654.34
-41.2056,6119.43
-1182.57,6340.85
-653.038,5323.29
-2488.35,3803.94
2697.16,1557.87
-2138.41,-1505.1
2908.26,-4349.07
-3257.83,-4821.96
4260.93,-3031.24
-2291.66,-2551.96
3940.47,-2606.62
-4061.6,-3469.62
2312.28,20.7081
-3637.64,4700.28
3704.17,7937.32
-3282.86,6277.85
1960.96,1931.09
-2968.01,-1896.81
2853.63,-3672.69
-757.705,-4084.12
1801.87,-5065.02
-2029.97,-4320.32
1525.4,-1894.04
-1543.36,2185.81
2534.58,5119.88
-3146.71,5409.54
2686.13,4243.47
-5613.88,2926.88
5740.76,1042.73
-5579.23,-1797.13
6550.28,-4177.34
-6312.95,-5889.17
6895.16,-3350.01
-5442.88,-1680.69
6554.27,434.23
-5891.1,-437.708
4088.12,702.962
-4161.33,1760.07
3360.55,3611.82
-2844.49,3510.67
1534.08,2198.3
-1182.53,572.978
-519.832,-1224.96
2343.64,-1414.94
-2172.15,-2751.12
4105.8,-3449.66
-4402.36,-3323.64
4554.72,-1256.27
-4551.13,814.453
4717.28,3024.43
-4967.47,2957.3
3594.33,3242.98
-4200.96,2685.1
4531.52,1818.39
-3202.98,-1821.88
2833.59,-4216.8
-2036.81,-5530.29
2113.79,-4212.08
-794.924,-1653.54
1009.66,261.357
-396.837,2299.12
-1085.19,3243.55
232.71,4887.79
-105.595,3849.87
-24.4978,1394.46
814.821,-2577.86
-2125.75,-4128.37
2507.24,-3595.68
-1669.72,-1993.84
4356.93,-1226.96
-5507.79,-1306.09
5816,526.575
-7578.37,3025.28
7830.95,5551.61
-7867.64,3586.17
7181.08,1737.04
-9109.3,-806.212
9015.36,-519.026
-7562.32,-1598.55
8271.61,-2292.73
-6747.26,-4657.02
5714.17,-4026.86
-4300.36,-2718.71
4696.74,-283.02
-2290.6,-44.5268
1203.55,-512.081
-389.529,76.3431
-1250.28,816.253
2102.44,2174.34
-2086.59,1607.18
1717.75,1257.11
-3170.63,542.371
3426.77,2134.94
-2490.56,1248.69
2984.21,-43.2773
-2807.9,-1672.39
2022.41,-1751.79
-1291.23,-753.525
1642.16,16.7365
-1298.7,808.672
568.049,1056.39
-185.333,1417.92
865.768,434.456
-173.121,-1167.58
632.404,-3069.32
-1182.33,-3240.21
1268.83,-1869.93
-1814.13,254.033
3838.11,761.329
-3470.24,-228.546
3318.3,-520.185
-4300.88,-35.71
5710.97,485.785
-4891.49,-1420.73
5984.34,-3822.03
-6764.47,-4913.28
6700.94,-1338.96
-5606.54,1526.26
6194.59,4041.87
-6255.3,3019.42
4195.41,3041.9
-4836.78,2847.59
3905.27,3050.68
-2639.56,1963.19
2138.09,-306.722
-1721.31,-2575.35
1279.64,-3243.03
1420.19,-3427.85
-243.619,-4340.35
1495.91,-3456.07
-2798.05,-1443.61
2887.11,2039.6
-1713.2,3175.36
2467.41,1984.59
-2772.76,-663.315
1417.44,-837.65
-580.054,-611.182
2151.81,-1219.6
-1071.6,-3671.74
367.845,-4372.73
-871.864,-1473.04
1448.25,1869.79
53.2803,4139.98
-742.725,3792.9
-2113.02,4014.11
192.221,4520.1
-1302.64,5182.19
1874.04,3186.2
-2716.77,-300.193
2950.02,-2885.31
-3774.52,-4007.5
6465.44,-4323.72
-4696.45,-6189.09
6598.7,-7013
-7637.34,-5754.31
7759.1,-816.303
-6851.16,2891.78
7450.9,5114.14
-8988.79,3613.16
6007.46,4329.54
-6294.44,3697.38
6512.48,2337.39
-5513.03,-1790.42
4658.27,-4551.52
-4783.4,-4388.7
4450.24,-1690.04
-2735.29,1151.13
1800.04,2929.67
-2322.21,4192.05
-312.043,5494.87
-76.1798,6336.55
-95.5108,4073.44
367.367,-109.699
-482.411,-4710.42
77.8503,-6592.47
1472.26,-6231.21
522.466,-4852.78
1241.71,-4105.61
-1053.09,-2288.59
692.562,540.079
-1251.68,3939.87
1333.06,5678.73
-2806.22,4570.98
1200.35,3699.93
-2784.88,1963.85
2291.32,1432.24
-1625.65,-445.43
1526.52,-1992.02
-443.396,-3665.43
110.861,-3592.03
1933.63,-3170.38
-2693.01,-1416.41
3489.3,745.733
-5091.59,2665.72
4929.36,4802.7
-5816.18,3853.93
6697.79,2371.6
-6904.99,-1579.52
6264.72,-2617.24
-6042.66,-3628.11
7124.93,-2823.03
-5118.75,-4042.53
3980.05,-2354.67
-3987.17,504.642
2860.94,4534.65
-1540.39,6631.92
235.875,4370.74
-549.82,1534.12
-464.996,-1797.23
1092.8,-2861.52
716.54,-4673
130.115,-4725.22
638.381,-4298.7
-1251.57,-1449.48
2044.92,1777.73
-2190.91,4032.12
2223.73,5353.95
-4885.96,4834.7
4301.92,4767.79
-5074.35,2322.83
5644.27,-615.926
-5506.43,-4543.85
5288.07,-4914.19
-4431.63,-4195.96
5554.87,-2026.88
-3465.16,-1695.73
3940.22,-2226.23
-4100.15,-1478.03
3679.69,474.671
-2736.72,1817.15
2368.03,2060.02
-3079.82,1266.01
2391.2,425.976
-2472.32,621.75
2268.76,947.51
-765.714,-101.321
384.93,-641.689
-351.351,-1491.73
241.519,-960.757
75.6946,-39.3058
308.035,440.509
42.1379,1323.12
-1095.4,1485.92
880.099,2373.38
401.751,1074.71
-134.346,-1175.33
1167.19,-4251.02
-886.277,-4640.98
1646.67,-3540.95
-501.331,-2427.24
2410.76,-896.401
-3201.28,-718.857
2512.14,2096.55
-2502.3,3798.01
2038.2,4983.17
-1782.27,3233.7
372.323,1184.04
-233.129,-1105.03
-295.618,-2043.86
2555.55,-2798.31
-2386.6,-3884.47
3551.61,-2876.31
-5022.58,-999.974
5675.84,2154.18
-5418.18,3001.54
5624.39,3003.23
-6102.6,495.322
4389.67,921.833
-2987.7,-559.703
3823.82,-2241.53
-2045.32,-5498.63
2101.2,-6952.67
-1610.72,-4394.64
2338.78,-1123.7
-514.417,2008.84
-253.817,3024.05
-1536.58,4653.31
17.5884,5220.65
-928.32,6321.94
1233.11,3886.17
-1863.3,132.612
1354.89,-1935.7
-1760.69,-4069.66
4476.23,-4137
-3079.45,-5338.02
4579.26,-5138.32
-5432.99,-2299.41
4188.82,2743.83
-3331.61,5867.7
3302.69,6196.46
-3993.97,2579.85
2736.06,-50.4306
-2577.26,-1284.18
3496.83,-3060.28
-1158.38,-5583.6
1055.9,-6680.65
-1185.26,-5544.79
1832.18,-979.709
-84.6979,3024.69
-645.959,4934.15
-69.4061,6006.7
-2773,5548.95
1845.11,4753.1
-1963.05,2203.16
1710.34,-1125.75
-1842.24,-3470.54
2133.27,-3399.85
-1526.2,-3072.33
3841.28,-2743.05
-2407.76,-3656.92
1164.47,-2488.16
-1586.95,642.465
1126.51,4344.73
-828.152,5498.24
-574.721,4093.04
-600.023,1966.35
-421.916,285.184
1193.54,-884.683
144.357,-3450.05
60.3158,-4986.9
90.179,-5249.25
55.6913,-2914.44
1795.9,-1160.88
-1358.64,729.673
1951.99,1586.03
-4131.77,2739.72
4283.02,4099.34
-5657.4,3574.89
6037.25,2160.22
-7188.85,-647.71
7444.87,-827.061
-8054.3,-982.957
9166.15,214.489
-7891.65,-1351.95
6900.14,-944.255
-7984.9,-322.519
6791.42,3058.93
-5416.72,3948.3
4036.16,3709.04
-3645.6,1241.3
2117.14,-839.468
-966.142,-2146.12
1640.99,-4509.33
-145.165,-5481.15
756.824,-6368.01
-314.253,-3764.55
461.63,-938.837
112.786,2420.44
-12.7806,3976.45
-2316.63,4798.08
631.459,5532.88
-1248.8,4371.87
1721.78,2138.44
-2374.38,-2111.95
2828.31,-4182.24
-2661.39,-4755.94
2764.58,-2578.63
-1328.94,-823.783
1231.52,464.157
-1593.56,2270.02
72.7905,4190.43
409.788,4785.25
-886.602,3450.12
1070.44,342.585
-2186.68,-2806.02
3122.36,-4491.37
-2122.23,-4880
5289.61,-5577.93
-4767.28,-5481.22
5162.93,-2116.2
-6065.38,1606.13
5477.43,6017.64
-4993.34,6084.75
4631.14,4661.99
-6962.28,2247.37
5511.19,2258.16
-4034.61,762.929
4610.26,-2020.42
-3411.44,-6070.07
2706.08,-6646.81
-2696.21,-2813.37
3040.38,1753.26
-629.663,4362.59
54.4454,2931.36
-1644.63,1450.49
330.557,1339.91
-863.891,1775.88
2075,510.232
-2473.99,-1508.16
2085.66,-3521.8
-1207.39,-4054.81
3258.63,-3328.88
-3007.3,-2750.51
3549.74,-998.57
-4685.68,965.029
3726.56,3408.57
-4128.63,4122.84
3704.02,4266.5
-4624.33,2722.24
3395.7,2352.25
-3073.98,460.923
3499.54,-2013.37
-2382.9,-4775.66
659.009,-4702.02
342.11,-2388.72
170.289,1075.2
737.289,3064.66
-2509.23,3420.79
1264.46,4503.63
-3290.95,4389.86
3692.08,3345.88
-3718.46,-363.689
4320.69,-3785.18
-4324.49,-6108.62
4485.03,-4898.74
-3408.32,-3324.17
4695.97,-1444.42
-4342.81,-661.38
3213.06,990.521
-3178.34,3199.32
2760.35,4474.37
-3639.85,4078.59
1809.12,3044.24
-3092.71,1473.7
2196.34,700.75
-1888.26,166.717
2532.23,-1105.16
-2265.9,-1734.86
2286.64,-1745.58
-3520.17,-462.935
4094.6,540.162
-4841.76,1310.33
4998.45,1547.89
-6186.81,1513.59
6234.02,2116.38
-5963.11,432.35
7230.43,-2133.19
-6940.68,-6089.9
7242.11,-6000.89
-7326.2,-4416.87
8648.33,-732.831
-6980.32,683.687
5436.72,2925.4
-5760.28,3480.18
3029.96,5688.39
-3440.97,6980.94
1309.67,5871.49
-1548.74,3370.54
-102.088,223.295
1067.1,-2267.43
-657.635,-4247.34
2262.77,-4513.25
-3031.88,-3725.08
3096.35,-894.469
-2373.69,-71.7377
3199.58,1425.15
-3487.87,1137.7
1490.4,2006.12
-586.91,2516.17
832.916,410.344
72.6114,-3717.39
43.8138,-6768.66
457.583,-6253.1
43.5038,-3286.18
1676.98,498.501
-1257.35,1817.19
-216.615,3702.26
-1688.73,4821.92
-327.165,7189.66
230.715,7599.31
-2095.83,5436.98
1972.32,1784.78
-2880.16,-2254.77
5018.73,-5431.36
-4244.59,-7550.96
5507.62,-6290.99
-4867.84,-4331.93
5611.36,-226.548
-4682.53,1190.05
4750.68,2878.16
-5033.33,2685.08
2789.41,3848.97
-2148.84,3135.45
1375.88,953.748
-201.102,-2805.21
-724.488,-5316.9
2651.24,-5139.64
-1924.39,-4169.23
4506.63,-1711.46
-4401.26,-1499.97
4400.89,310.2
-5280.45,1886.15
4504.29,4725.72
-3965.98,4708.76
2918.34,4440.65
-2649.39,1738.2
570.709,462.02
698.122,-843.726
-726.855,-2319.33
3261.51,-3787.64
-3886.51,-4531.78
4178.23,-1228.56
-4996.99,1822.62
5826.56,4743.18
-5747.44,3147.87
5332.2,1626.69
-6234.5,-1029.11
6075.28,-996.633
-4041.97,-2556.44
5113.29,-5073.69
-3770.8,-6986.83
3742.88,-6720.19
-2135.21,-3538.77
2574.54,479.789
-2090.12,3956.53
546.087,5657.57
-3212.91,7077.05
1903.01,7062.05
-1953.29,4693.93
1811.66,817.453
-3170.36,-2158.09
2937.98,-2855.46
-2890.48,-2596.2
4507.73,-2374.82
-3931.88,-2788.84
3886.4,-1726.35
-3450.86,14.5492
4428.89,2014.32
-4731.35,1570
3666.48,1035.62
-4779.91,227.637
3765.49,445.962
-2500.47,-343.236
4155.5,-1796.81
-2971.26,-4017.14
2774.9,-4621.33
-2209.39,-3400.93
1855.12,-1047.43
-838.201,694.332
-341.005,2614.02
-198.475,4528.58
-1354.25,6595.97
1497.77,6658.96
-2331.31,3471.14
2108.25,-615.311
-3309.2,-3950.46
3242.54,-3721.48
-2137.63,-2760.37
3798.98,-1171.43
-3654.5,-799.269
3876.24,167.989
-3870.46,528.685
3366.97,1385.61
-3379.45,1440.71
2997.35,587.198
-2280.79,-1094.02
2060.36,-2394.05
-373.137,-3825.81
1811.31,-4742.02
-1253.08,-4086.35
1035.02,-2054.89
-1215.45,838.708
1347.5,3336.09
-2084.76,4980.65
180.972,5775.53
-1900.88,6744.34
2599.97,4815.33
-3015.42,844.199
2941.04,-3507.83
-3232.91,-6017.03
4371.98,-5058.94
-3371.78,-4008.85
5716.54,-2172.65
-5016.34,-1541.38
4410.58,522.889
-4419.15,2166.03
3820.66,4181.04
-3059.63,2508.94
1923.11,770.978
-1777.28,-1471.72
814.646,-2060.15
2129.05,-2356.18
-1584.53,-3757.8
3128.06,-4122.11
-3980.11,-3066.65
4530.6,419.858
-4297.99,2302.96
5219.75,3873.45
-5891.89,2351.83
4967.27,2571.29
-5592.2,2152.87
5710.3,1477
-5326.3,-269.961
5036.01,-1982.52
-3762.22,-3485.01
4454.18,-3299.67
-2128.12,-3089.48
2794.39,-2454.87
-3086.41,-666.518
1320.27,2241.34
-1058.41,4190.08
2667.03,2845.44
-2328.9,-57.7221
2918.63,-2966.1
-3265.45,-3512.02
5280.89,-4018.28
-2985.92,-5375.26
3638.82,-6235.05
-4642.47,-3889.12
5539.12,2177.34
-6110.57,7138.73
7083.02,9145.48
-8696.4,6348.31
6208.79,4082.66
-7512.44,677.285
8189.53,-652.375
-6638.57,-3478.71
6104,-4519.56
-5103.25,-4292.01
5260.21,-2301.76
-1969.71,-2127.66
2784.95,-2232.08
-1802.23,-2848.5
-311.517,-615.382
803.257,2864.74
-1445.09,3184.97
2798.11,2004.46
-4979.77,-216.951
4550.69,99.9479
-4388.61,678.675
6196.36,539.262
-5308.42,-3260.93
4837.68,-4767.37
-5517.2,-4081.81
5588.88,96.447
-4437.21,3329.09
4560.08,4191.42
-4825.95,3166.85
2149.36,2976.67
-2113.24,2195.24
3329.52,328.607
-3217.11,-1934.58
2668,-4120.01
-1970.05,-3641.15
2787.4,-2111.11
-829.816,-1626
2091.54,-1602.6
-3730.4,-252.253
3239.56,2291.79
-4102.96,4789.63
4689.88,4287.92
-4932.35,1321.15
5163.19,-1342.2
-5870.85,-3548.6
8257.45,-3542.58
-7277.24,-4160.11
7859.79,-4348.97
-8448.14,-2786.29
8375.2,1726.64
-8087.08,3665.36
8978.12,5577.12
-8823.42,3183.88
6764.79,1628.84
-6921.48,-91.5998
6094.25,-776.533
-4268.69,-2679.81
4098.16,-3401.94
-2501.77,-3531.17
2146.08,-1430.16
-767.353,1285.95
1307.8,864.811
-459.106,416.721
-1476.32,-607.44
564.198,993.772
-85.7395,2409.84
586.572,2510.57
15.8108,177.415
86.2519,-2519.08
117.976,-3622.61
605.228,-3480.09
943.174,-2717.08
-1191.4,-1878.53
873.189,711.773
-794.978,2233.06
-208.175,4135.24
1224.06,4070.45
-3195.49,3275.49
2875.47,1652.13
-3615.33,-212.994
5057.32,-2169.22
-5429.32,-4473.96
6490.54,-3994.44
-6801.87,-2430.7
7487.5,827.642
-6441.8,699.615
7506.75,678.391
-8344.78,-1306.65
7589.2,-326.074
-6789.22,374.02
7077.41,317.527
-6448.92,-885.177
5398.33,-1530.75
-4493.45,-1263.87
4593.91,180.145
-3391.53,645.563
2084.57,1496.34
-2949.23,2691.83
1620.49,3506.25
-1747.25,3520.8
2021.41,2018.94
-1997.76,11.2794
867.312,-875.288
-380.338,-1120.52
1870.36,-2823.23
-487.284,-4700.83
495.873,-5585.28
-55.2944,-3746.03
1531.94,-645.928
-549.645,999.657
1160.42,1193.94
-2662.88,802.873
1085.9,2060.97
-635.537,2856.83
1334,1754.63
-911.273,-567.5
230.077,-1860.69
-711.733,-1700.85
237.086,445.422
2734.55,-136.731
-2775.26,-1627.11
3254.17,-2337.16
-5191.64,150.375
6144.15,3644.13
-6803.35,4226.37
7383.07,3306.43
-8924.44,-118.135
8406.15,-235.219
-8023.92,-833.915
9443.42,-112.993
-8674.91,-3026.55
8789.2,-3844.37
-8242.66,-4682.57
7768.76,-2514.73
-5493.48,-161.488
5024.96,1568.05
-4954.63,2516.69
2884.78,2870.19
-1274.12,1676.28
1027.9,-830.753
108.089,-3344.54
-594.772,-4160.24
576.69,-1891.31
347.782,-491.287
820.051,406.856
-415.581,-449.764
-700.728,891.195
176.212,3164.27
-769.818,5275.2
953.571,4709.63
-2309.24,2153.88
2090.41,-613.338
-2587.93,-2445
4264.25,-1887.57
-3617.1,-2736.95
4414.63,-2090.09
-4943.72,-1795.5
4165.71,-44.6508
-2476.62,411.713
3229.1,208.461
-2767.32,-653.014
1805.98,-626.792
-859.256,-885.367
1208.05,-1734.73
118.654,-3548.95
-1481.87,-3466.46
2056.76,-455.05
-1494.81,2037.68
2841.99,3049.97
-2892.44,1132.98
1527.73,590.786
-3540.7,1269.79
3364.77,3112.11
-2287.41,2782.97
2875.48,515.907
-3068.55,-2207.78
2766.86,-2352.75
-1632.03,-1646.81
2836.76,-1725.85
-899.686,-3051.3
577.356,-3894.23
-479.898,-2156.36
1531.89,589.503
-585.71,2307.05
1426.31,1646.12
-3027.3,927.314
2414.14,702.672
-2148.55,940.544
4031.97,-450.066
-3919.8,-2190.57
4647.82,-2852.25
-5695.33,-1813.98
6248.94,1013.69
-6144.71,1638.43
6895.31,2175.61
-7906.64,957.025
7139.68,2172.68
-6678.11,1626.94
7088.22,734.2
-6093.94,-2588.41
4608.27,-3903.03
-3382.45,-4218.4
4160.57,-2614.59
-1317.56,-2030.77
565.187,-1648.03
-344.226,131.535
-1157.99,1887.58
1861.27,3364.23
-1914.59,1929.3
1851.89,799.924
-3641.37,167.56
4113.07,813.125
-2963.05,-427.354
3701.17,-2059.08
-3773.33,-3784.43
3608.73,-2977.43
-3258.86,-72.1394
4307.07,1954.82
-4084.42,2400.6
3010.8,2320.67
-4180.87,2191.19
4509.88,2021.89
-2905.06,-693.77
3652.9,-3073.15
-4433.34,-4159.2
3643.47,-2241.99
-2397.07,156.82
4773.26,132.469
-4239.04,-1832.34
4406.54,-2319.87
-5049.01,-136.894
5338.77,2139.57
-4448.08,2033.5
4571.79,4.62225
-5739.22,-1837.25
5521.26,-517.844
-4161.18,487.24
6930.95,267.474
-6239.65,-2980.97
5683.32,-4242.63
-5650.51,-3705.72
5586.12,-88.5603
-4414,2667.6
3501.01,4702.76
-4010.16,5364.23
2676.15,4869.53
-1459.74,2171.24
1074.07,-1235.42
-709.109,-4222.29
-331.859,-4614.64
1647.13,-3219.18
274.236,-2995.14
1284.89,-2240.79
-1003.45,-2360.05
346.113,462.146
122.224,2479.21
87.837,2498.59
221.955,295.266
-1860.77,-1228.37
1369.09,-615.576
-293.504,-181.22
1971.18,32.7336
-1892.17,-2103.12
386.69,-1125.3
-1306.28,540.804
548.604,3776.92
381.528,4674.48
-1571.02,3176.25
1333.19,2117.86
-3713.57,1399.45
4898.68,688.158
-3939.64,-2599.11
5614.8,-5742.51
-6644.56,-7355.52
6836.17,-3734.5
-5263.16,-257.555
6689.19,2128.26
-6195.02,911.163
5238.16,46.9118
-5196.27,-259.73
4938.74,770.576
-4597.29,718.537
4288.73,405.729
-4481.33,-304.61
3354.86,149.768
-1995.84,943.216
2287.33,1201.52
-1902.76,1132.13
260.25,1275.8
-1329.15,2206.69
914.328,2732.86
-1252.32,2473.2
822.37,1457.4
-1197.19,933.817
968.049,587.616
191.886,-1216.71
1117.54,-4571.74
-1237.12,-6340.73
1814.42,-6026.45
-1529.76,-3254.86
3783,-611.548
-2967.88,-59.0418
2165.89,988.645
-4364.62,2589.99
2996.14,5354.48
-3200.38,5432.38
2935.45,3134.53
-3181.29,-802.811
1920.1,-2099.04
-1751.84,-2392.24
2900.23,-1541.5
-1006.02,-2490.33
-258.327,-3043.83
15.43,-582.979
-1081.02,2924.42
1948.83,5929.69
-1528.86,4589.1
19.1475,2304.81
-1137.47,-337.29
908.289,-1178.58
711.944,-2768.18
524.891,-4522.49
720.75,-5511.19
-383.639,-4851.89
1820.17,-2132.58
-1553.76,367.848
1706.5,2941.11
-3512.81,4421.52
2113.58,6225.97
-2176.53,5004.1
2305.07,2409.16
-1934.21,-1338.8
750.133,-3591.05
-439.833,-3564.98
738.832,-2495.25
1704.37,-2650.12
-2549.05,-1760.6
2592.78,456.437
-3428.48,3450.67
4735.95,4876.18
-5980.28,2871.33
5936.29,258.173
-7586.5,-2606.13
8197.65,-2480.61
-6390.75,-3563.12
7530.92,-3172.26
-7314.71,-3736.28
7232.02,-1304.84
-7126.88,405.329
7141.78,2320.23
-6533.61,2681.82
4656.03,2812.78
-4613.74,2538.05
4306.05,1727.07
-3593.52,-145.365
2812.26,-2198.65
-2625.28,-2363.64
2289.49,-1174.63
-1763.5,569.948
3312.91,843.956
-3226.71,66.8637
2622.26,62.1356
-3970.45,1516.87
3747.43,2807.83
-3611.42,2379.21
3503.91,780.151
-4630.89,-939.433
4696.76,-507.249
-3586.97,-1155.8
4690.69,-1959.38
-3618.85,-4540.6
3402.36,-4811.74
-2918.41,-3675.83
2963.85,-667.109
-1410.35,1535.43
274.048,2863.42
-1414.07,4043.04
-394.967,4482.15
1177.72,3645.1
-1435.07,604.876
2055.78,-2539.53
-3787.29,-3506.31
4064.01,-1653.2
-3258.9,-358.418
4109.6,348.587
-5323.19,751.476
3839.21,3265.42
-4296.34,4876.08
4773.31,4746.67
-4675.45,974.193
3830.23,-2673.24
-3558.86,-5623.91
4308.26,-5341.77
-1888.39,-5136.33
2956.26,-4585.5
-2641.55,-2237.33
1844.48,577.366
-2139.41,4176.34
2446,5417.69
-3143.71,4634.71
2179.97,2377.86
-3907.2,1080.71
4880.72,-302.499
-4345.91,-2464.32
4727.35,-3551.44
-5701.86,-3095.3
6457.44,284.648
-6247.13,1897.27
7574.99,2900.58
-8009.2,1343.93
6284.74,1467.76
-6237.43,1050.62
5924.1,1227.51
-5173.55,-794.297
4932.46,-2312.67
-3775.05,-3409.7
3931.6,-3201.71
-1139.99,-3182.71
1836.5,-3314.62
-878.738,-3171.23
-574.159,-1268.52
774.065,2171.88
-1189.11,4125.56
1355.1,5288.8
-2894.31,4258.8
1402.24,3877.45
-1663.63,2467.04
2566.27,-425.84
-2181.33,-4085.93
2011.71,-5366.39
-1463.29,-4455.06
1412.06,-866.002
-441.22,2090.58
-209.332,3439.13
-714.576,4230.05
-943.277,4077.43
735.538,3277.34
-577.426,614.027
779.224,-2809.77
-324.167,-5943.81
-359.61,-5798.81
2144.7,-4926.89
-658.677,-2879.49
2032.12,-1861.65
-3059.54,-119.851
2843.4,3123.65
-4571.73,4954.85
5319.5,5139.83
-6419.09,2277.1
4859.53,982.834
-6070.36,38.8364
6421.46,1283.51
-5477.23,-282.879
5986.97,-1704.72
-6261.4,-2721.14
5030.27,-1065.94
-3524.2,1082.94
3230.06,2522.05
-2517.61,1631.41
788.763,1084.5
-930.033,907.206
970.091,120.03
674.728,-948.242
-278.855,-3597.3
1421.84,-5281.5
-310.425,-5675.31
1572.7,-4144.8
-48.4243,-2930.98
-620.21,492.318
-130.274,3408.81
-1442.19,6716.9
1740.47,7524.11
-3894.2,5874.49
4049.14,3421.44
-5829.59,100.577
6857.45,-2007.69
-5209.62,-5832.77
6524.73,-7262.6
-5442,-7937.81
6461.1,-3830.01
-5519.52,-263.918
5972.94,3417.9
-4710.77,3751.05
1746.81,4194.64
-2094.39,3966.4
404.202,3588.92
1863.25,941.661
-1518.52,-4358.85
3143.58,-7197.63
-3142.99,-8343.25
5325.14,-5205.41
-4049.21,-2114.81
4615.25,1173.47
-5653.03,3489.47
4326.19,6877.71
-5031.98,7594.55
3906.89,7434.88
-4139.99,3820.66
2716.09,-720.276
-1943.14,-4264.68
2937,-7194.34
-723.256,-7772.81
1708.95,-6133.33
-1559.49,-2200.88
2331.56,1808.05
-1738.48,4105.33
1314.88,3840.73
-3374.87,3957.44
1360.93,4536.05
-1659.66,3517.97
2772.14,496.345
-3402.43,-4161.48
4332.42,-6763.48
-4055.66,-6337.3
5831.23,-3879.28
-5014.16,-1431.62
5371.79,774.811
-6568.03,2134.82
5576.8,4429.47
-6373.45,5263.55
6817.74,4446.63
-7020.57,1033.9
5331.85,-869.061
-6297.55,-2356.2
6915.27,-1345.56
-5955.15,-1616.47
5509.98,-915.604
-4991.91,234.881
4238.96,2067.31
-2797.04,2138.02
2546.39,392.686
-2467.6,-1848.58
1346.01,-2395.52
-1452.13,-896.169
2168.72,-172.024
-455.016,-243.499
991.069,-1755.81
-782.009,-2700.59
1106.78,-2065.45
-315.929,-852.833
1135.31,-606.654
-1752.53,-24.0668
120.243,2272.11
-1041.27,4669.09
1318.38,6188.48
-200.448,3535.25
-757.611,248.05
-145.769,-2040.66
-814.982,-2104.67
2854.9,-1795.25
-2601.06,-2474.96
3408.51,-2661.73
-4214.1,-1021.56
5328,1597.61
-5740.41,2586.03
6746.26,2293.46
-7967.41,-624.81
8023.44,-1983.96
-8236.68,-2945.82
10524.1,-3068.16
-8741.25,-4538.18
8471.31,-3337.64
-8659.84,-2190.67
8482.94,1522.39
-7901.88,2995.11
7105.32,4099.32
-7985.72,3988.4
5835.95,4839.69
-5390.69,4198.08
4134.17,2328.72
-3906.66,-838.214
3281.22,-3248.44
-2149.83,-3718.75
2721.4,-3697.76
-329.976,-2745.48
-524.634,-1098.15
-303.421,1016.14
192.435,2871.04
-120.505,3473.83
-308.659,2003.43
458.011,395.434
-1057.96,-1062.19
940.462,-1596.9
218.683,-2901.94
298.814,-4261.32
715.655,-4866.14
-158.168,-3317.67
-174.54,296.734
1399.26,2721.43
-1020.79,3517.97
-591.029,2413.86
-1399.5,2582.99
1354.9,3024.83
-2112.83,2871.11
2833.75,1461.64
-4195.12,224.549
4509.38,-695.127
-5492.75,-989.408
6994.6,-417.28
-7731.46,-1103.6
9155.16,-736.346
-9945.65,-940.963
9747.03,499.282
-8703.09,-351.007
9268.16,-456.667
-9421.89,-2727.99
8765.92,-1664.06
-8059.5,-1212.31
8854.11,-343.189
-7926.94,-1048.66
5710.44,-146.292
-4983.47,1015.34
3261.68,3126.76
-3250.64,4231.83
1333.68,3685.68
-1774.63,3565.02
-559.098,2802.35
1991.27,739.916
-1893.91,-2002.6
2904.49,-4640.56
-3223.39,-5724.77
3643.34,-3591.34
-3616.73,-1562.88
4727.99,1402.74
-5022.68,1785.42
3627.96,3152.78
-4144.65,4084.59
3239.18,4096.1
-3437.68,1698.98
4530.29,-2201.62
-5464.86,-5056.18
5850.12,-5618.37
-4156.98,-3494.49
5099.77,-1467.38
-5187.47,376.163
4211.48,3163.84
-5946.03,5223.62
5298.01,7092.88
-6482.31,5920.68
5874.57,4039.28
-7010.09,333.443
7073.11,-2031.41
-5842.56,-5306.43
6686.17,-6543.11
-4620.82,-6691.24
4453.54,-4593.8
-3466.41,-771.915
3473.48,2828.12
-2521.65,3692.12
518.788,4271.94
-1566.07,3799.86
285.163,3093.26
418.028,1482.8
-607.675,-1968.04
1843.31,-4665.18
-2438.87,-5571.54
4316.7,-3990.8
-3354.4,-2235.94
4179.4,-185.451
-4762.56,1302.49
4186.52,3874.14
-5158.93,4694.27
4745.79,5102.82
-4917.23,3210.58
3646.31,910.548
-3541.62,-1454.78
3192.44,-1867.83
-2199.61,-2896.16
2979.84,-2964.12
-2451.95,-2025.36
1671.22,-478.702
-1170,1892.64
1625.62,2125.79
-1726.3,1423.03
382.356,523.745
-1671.46,863.322
2660.36,356.208
-2853.68,-563.335
3494.3,-2329.85
-4318.25,-2899.81
4852.09,-1258.02
-4433.64,-1048.08
6118.78,-707.782
-7176.14,-1044.53
6055.65,677.157
-6548.59,2146.16
6151.36,4148.17
-6126.58,2968.5
4346.72,2648.48
-5242.1,1401.75
4265.11,1551.15
-2441.16,30.5338
1536.85,-2261.27
-185.752,-3807.62
-869.709,-3386.41
1963.86,-1472.21
-1532.07,-144.9
1915.05,1629.56
-3779.09,1766.65
3656.58,3338.29
-2708.44,1802.76
2703.09,-43.9052
-1992.28,-3113.17
608.749,-3266.08
1258.39,-3145.68
-1389.19,-2124.26
3030.6,-1182.01
-4276.96,-120.128
4189.34,3621.65
-5495.49,5098.4
5040.27,6789.74
-5066.06,3409.22
3422.23,1209.49
-4714.77,-959.598
4257.77,-618.092
-1577.3,-2055.4
1962.12,-3912.88
-594.132,-5078.93
-723.491,-4337.06
2340.74,-520.411
-2106.62,867.443
3171.21,1768.8
-4627.11,975.178
3272.82,2218.46
-3462.12,2707.14
4164.85,1575.44
-2764.83,-1850.89
2005.79,-4286.21
-3131.56,-3749.28
4137.88,-1263.16
-2485.95,543.182
2597.11,577.103
-2872.32,489.085
949.542,2757.28
-1613.65,4999.05
1682.38,5317.67
-2193.13,3048.51
1039.03,-33.0028
-1735.02,-1706.87
2291.77,-1908.14
-620.336,-2488.18
2112.06,-3748.02
-1903.17,-4526.06
2058.29,-3795.01
-1220.53,-1192.32
2016.71,655.794
-2715.73,2166.39
2362.67,3529.22
-4003.18,3532
4924.89,2391.64
-4347.45,-779.072
4922,-3838.12
-5125.72,-5126.58
4825.81,-2572.16
-3850.22,-760.685
4908.28,958.061
-5105.35,1171.75
3568.75,3082.33
-3452.88,4299.1
3052.92,4708.18
-2167.81,1952.94
1034.39,-1829.27
-1049.22,-3975.23
718.907,-3841.26
1625.87,-2292.49
-925.268,-1741.04
1613.7,-497.061
-2373.36,512.534
2280.05,1781.41
-1229.91,1350.17
1272.7,593.255
-1827.27,-993.984
500.121,-162.806
588.169,407.167
294.27,-766.792
943.499,-2711.54
-1113.98,-3772.2
1222.65,-1936.93
-857.511,101.857
1528.68,2070.32
-1965.03,1791.83
-386.841,3104.87
5.6642,3686.21
-874.649,4665.31
1235.15,3669.29
-2661.43,948.66
3022.35,-1161.34
-4601.83,-2861.98
6273.41,-3070.43
-5224.42,-4223.68
6755.74,-3874.02
-7236.83,-3197.9
7102.29,201.18
-7139.38,1923.84
7149.17,3258.57
-7966.36,2093.41
6591.89,1482.87
-6242.1,802.786
6059.37,285.466
-4975.36,-2243.55
4933.3,-3690.59
-4751.41,-3911.49
3684.23,-1672.18
-2962.05,1677.26
2747.01,4081.43
-3636.82,5448.82
1458.21,5814.86
-2504.79,5265.79
1752.59,3428.37
-1669.27,116.069
1482.82,-3415.31
-1232.51,-4972.97
2231.65,-5109.21
-912.267,-4412.3
2932.36,-3591.79
-3042.45,-2215.74
2268.35,839.067
-3258.54,4148.18
3817.69,5397.25
-4272.21,3726.05
2381.29,1913.79
-3447.43,200.881
3620.88,0.213181
-2574.22,-2035.14
2542.68,-3112.3
-2051.28,-3875.98
1223.06,-1795.99
439.508,301.969
-1227.74,2193.51
1676.68,3043.4
-3767.33,3003.36
2974.75,3802.23
-4197.98,2669.26
5999.96,825.333
-6550.83,-2744.88
6060.17,-3461.29
-5978.16,-3259.92
6337.54,-659.738
-4945.21,-768.62
4172.68,63.8244
-4316.07,615.086
3738.53,1910.33
-2634.55,2362.3
2081.3,654.974
-2314.93,-934.288
1225.73,-1717.43
-1143.92,-1130.39
2753.38,-1687.06
-1611.15,-1512.56
1786.49,-1983.5
-2432.27,-580.719
2799.53,1449
-3727.88,2291.59
4378.69,2691.72
-6605.08,2363.81
5371.11,4119.16
-6359.01,4794.95
7127.38,3780.92
-6411.06,-1058.4
6046.93,-4346.43
-6943.49,-5688.74
7177.02,-2975.32
-4779.54,-1392.37
5053.22,-782.996
-4260.24,-1569.63
3065.46,-183.743
-2540.19,1444.83
1682.81,2687.61
-1214.16,2327.06
-898.637,798.811
1396.76,-562.175
-2113.58,-1448.66
3980.04,-1543.24
-4009.85,-1959.19
3890.14,-675.359
-4990.04,48.4006
4858.67,2066.55
-5072.16,2179.97
4174.77,3049.25
-5475.09,3724.17
3739.35,5175.92
-2710.67,3149.46
2588.51,-478.517
-2077.39,-5086.33
937.686,-6420.16
937.368,-4553.64
220.07,-2910.98
1884.32,-1553.1
-2306.23,-1518.73
1073.39,1053.9
-1165.18,3105.29
700.748,5100.32
-645.855,3765.73
-827.706,2128.22
628.401,-244.333
-1749.48,-1311.56
3408,-1479.6
-3587.06,-2481.9
4568.97,-1818.34
-6366.04,-446.048
6771.18,2630.03
-6951.2,3221.93
7206.47,3454.42
-8506.55,1608.69
6679.05,1940.31
-6267.08,961.768
7190.03,-888.665
-6211.58,-4436.28
5427.67,-5404.85
-3662.09,-4988.18
3691.28,-2193.85
-1724.73,-786.603
1281.02,116.733
-2430.17,2304.8
214.552,4191.86
-220.443,6208.46
-138.607,4677.6
-232.747,1816.14
-729.157,-1481.72
122.822,-2760.1
1230.65,-3539.69
35.3527,-3713.35
704.986,-3878.24
-1369.17,-2306.87
1511.52,1953.43
-2221.96,4561.2
2572.95,5791.76
-3486.33,4053.87
490.397,3035.91
-563.984,1675.49
594.234,203.372
1304.27,-3341.27
-1687.77,-5700.47
2854.34,-5968.15
-3221.11,-3738.07
5642.61,-883.563
-6331.44,432.201
7093.69,2047.17
-8743.23,2429.84
8357.79,4250.62
-8630.79,2681.27
9627.35,1105.61
-9772.21,-3063.94
8731.17,-3748.9
-7920.48,-3380.27
8524.38,-940.17
-7132.92,-0.11377
5647.3,1810.02
-6421.81,3824.41
4463.51,6110
-3831.85,6163.63
2852.08,3035.83
-2542.23,-884.625
1600.61,-3841.79
-887.044,-4568.38
2583.01,-5066.74
-1458.58,-4553.08
1877.78,-3596.08
-1711.38,-1220.74
2488.06,1336.66
-2682.73,3133.19
3237.96,2873.16
-4789.48,1760.09
3171.65,1955.02
-4375.88,1642.03
5055.97,1367.24
-4502.19,-1010.2
4206.95,-1641.95
-5480.27,-1074.73
5825.33,872.31
-3983.24,479.143
3471.64,-800.272
-4418.8,-1555.13
2614.87,1224.42
-1982.44,3674.54
1394.63,4079.75
6.63379,1335.88
-1616.24,-1858.34
1875.87,-3386.92
-1694.04,-3254.12
4617.79,-3450.7
-4619.54,-4200.16
4962.15,-2950.7
-6219.15,-937.993
7420.96,3075.91
-7251.87,3889.02
6408.25,4539.27
-8583.08,3782.59
7436.07,3982.27
-6715.76,1498.68
7081.3,-1502.7
-5995.65,-5116.45
5607.03,-5240.5
-3734.58,-4056.01
4891.39,-2240.41
-3103.18,-1260.74
1594.46,127.494
-2530.25,3378.8
1443.5,6382.91
-303.642,6310.52
663.004,2249.52
-1320.37,-1867.46
112.325,-4211.23
821.092,-3799.39
1279,-3819.89
455.27,-4483.59
581.263,-4491.97
-1024.61,-1932.73
1967.45,1954.53
-1090.87,3819.86
1061.72,3363.39
-2089.75,1212.95
402.705,892.437
-823.284,1304.2
1459.05,1812.23
-519.021,451.377
-1070.78,-435.641
1467.68,-990.435
-1801.31,-392.006
3628.38,-732.174
-3734.4,-1828.33
4321.56,-1566.85
-6125.93,-557.881
7167.87,1565.36
-7031.42,935.131
7586.32,59.5992
-7907.08,-1992.78
7554.7,-1075.16
-6680.15,-1539.59
8212.49,-1612.4
-7753.34,-3268.18
6450.68,-2553.37
-5819.55,-523.085
4778.48,2930.72
-3730.36,4248.53
3434.03,3309.89
-4141.73,1872.17
2348.76,859.669
-1225.74,252.951
1532.76,-1214.66
-1079.2,-2419.27
1253.22,-3007.96
-1250.3,-1661.02
3011.02,-608.592
-3232.08,1175.22
2193.61,2453.09
-3564.52,3707.41
3607.72,4608.48
-3735.47,1936.36
4950.3,-1352.93
-4410.34,-4774.69
4486.13,-5342.42
-3657.68,-4962.57
5428.3,-3246.11
-4395.93,-3139.94
3347.89,-574.03
-3057.52,2454.09
1252.05,6420.63
-677.764,7949.38
-2006.34,6114.05
1657.56,2530.1
-3935.69,-493.5
4609.95,-2293.37
-3482.07,-4462.91
5346.08,-4709.19
-5278.08,-5477.12
5812.54,-3039.32
-5485.03,-1279.86
6316.72,1474.46
-6116.23,1823.89
4534.42,3084.45
-4622.42,3439.76
3332.39,3170.9
-2709.02,1049.11
2833.83,-2517.69
-2614.83,-3867.47
1932.51,-3626.99
-241.623,-1721.56
2245.36,-923.877
-2433.98,-741.804
1374.48,584.349
-2562.62,3392.94
3372.37,4711.84
-3342.2,3644.47
3267.9,1149.61
-4260.29,-1531.01
4891.55,-1846.38
-3915.17,-3011.94
5854.12,-3905.48
-5030.65,-4575.77
4077.48,-2134.54
-4240.47,1460.26
5534.74,4422.9
-5124.1,3941.86
3443.85,2828.51
-4951.78,1909.37
4490.52,1610.8
-2744.01,-302.62
3085.6,-3499.48
-2137.68,-6311.69
2277.7,-5686.75
-76.7638,-4125.02
1558.93,-2449.17
-53.5487,-1424.04
-1693.81,623.791
236.408,4257.47
-905.154,6513.06
2221.29,5894.96
-2430.59,1333.22
1106.14,-1599
-2235.3,-2364.63
2542.28,-741.675
-1077.9,-1057.5
1221.21,-1867.54
-2073.98,-965.274
1383.75,1457.08
-216.299,3912.47
889.172,3223.63
-1514.2,693.596
-196.292,-1695.59
-475.447,-2057.84
2764.67,-2787.26
-1251.66,-3882.43
2983.52,-5069.63
-3085.67,-4664.91
4033.45,-2155.42
-4320.5,218.626
5296.86,2061.79
-7771.42,3626.45
6398.75,5933.89
-7385.16,6733.2
7930.07,5898.04
-8526.48,1065.38
7494.96,-1760.57
-8162.68,-4207.96
9110.98,-3686.12
-6726.22,-4268.92
7160.18,-3561.15
-7201.31,-1651.86
6511.05,2482.89
-5760.87,4510.33
5079.05,4328.27
-5307.45,2276.98
3438.33,-67.1128
-2790.77,-1224.01
3076.84,-2056.93
-1504.83,-3586.69
2567.94,-5102.6
-2331.77,-4883.22
2459.12,-2567.81
-2118.57,972.204
2544.47,3472.52
-4048.5,5308.94
2128.31,6055.37
-3392.06,5514.5
3349.91,3804.11
-3439.14,-168.544
3248.58,-3297.96
-3069.23,-5152.4
4224.92,-4667.82
-2383.29,-5006.75
2963.98,-3433.04
-2230.01,-1454.4
872.016,2353.07
43.6205,4756
-1346.97,5349.32
1424.35,3977.38
-3724.75,1312.27
4609.35,-598.517
-4644.12,-2773.91
6772.83,-4403.95
-5650.87,-6601.5
5899.19,-4479.97
-6369.75,-1820.3
6893.07,2878.49
-5250.36,3640.35
5095.95,3048.84
-5599.18,1353.71
3899.58,1500.71
-3013.82,1587.18
3004.13,-93.3864
-2503.14,-2305.04
1922.84,-3485.48
-1039.99,-1660.15
1548.69,232.382
-487.535,2068.32
697.728,1893.18
-2157.98,1068.65
1834.92,605.577
-3312.76,1520.59
4068.18,1960.01
-4414.46,1205.29
4844.51,31.9798
-4391.28,-2875.7
6139.17,-4878.54
-4461.51,-7366.31
4474.23,-5887.47
-3357.05,-4073.81
3429.03,57.2019
-2155.48,2023.69
1390.64,3248.41
-2297.96,4240.71
62.7264,5483.79
-10.0646,6109.9
-1431.69,3126.16
1088.57,748.756
-1418.7,-2884.17
1182.36,-3036.27
-201.987,-2435.74
1235.51,-1218.94
-632.304,-427.616
-889.327,237.77
1580.86,1493.54
-2732.45,2026.07
2664.56,2767.67
-3222.89,1985.02
3250.63,692.22
-4007.91,-1452.99
5519.42,-3456.54
-4156.71,-6069.04
4565.97,-6171.43
-4366.64,-3861.62
4259.98,229.429
-3402.01,2410.96
3784.51,3308.9
-5330.62,2866.73
3510.52,3662.75
-3868.07,4491.82
4085.04,3041.44
-4172.17,-569.439
3158.64,-2872.26
-3381.59,-2962.18
3323.01,-934.238
-1288.05,347.534
1763.73,651.828
-2054.01,-67.3373
902.528,561.924
-924.254,1567.35
1503.52,1530.86
-1207.18,280.325
892.32,-1707.46
-1443.4,-1390.87
2844.84,-1883.07
-1256.22,-2420.73
2929.15,-4095.95
-3650.47,-4184.73
3929.98,-1445.53
-3861.99,1110.21
5151.61,3136.17
-6437.36,2667.63
4955.32,4039.79
-5956.69,4099.54
6141.99,3976.5
-5819.87,780.34
5217.47,-1880.47
-4869.86,-3880.52
3884.64,-2887.75
-1217.5,-2119.96
1782.97,-1760.86
-497.114,-1716.4
-1338.88,-220.429
947.58,2856.95
-813.102,3724.14
1654.02,2873.75
-2351.07,-710.429
1696.21,-2252.73
-1286.42,-2808.04
2390.54,-1946.69
-699.396,-3362.42
-214.208,-2968.13
924.308,-1700.77
-1801.01,723.558
2217.71,4354.84
-3383.33,5045.68
2244.41,5845.87
-4298.23,4308.84
3914.68,2594.18
-3106.97,-1058.2
3163.19,-3754.69
-2610.85,-5425.73
2129.21,-3655.95
-735.836,-2105.55
1212.45,-944.888
1035.42,-944.222
-2714.36,-849.777
1665.95,2920.51
-2366.41,5076.44
2475.67,4944.54
-2295.31,926.929
1317.97,-2639.97
-1934.72,-4113.99
2302.42,-1789.26
76.217,-1051.45
342.518,-1575.81
-466.459,-2043.14
-278.485,-1685.42
753.072,1380.32
-949.901,3180.11
1195.59,4414.73
-2547.02,3422.91
1719.4,1570.28
-782.367,-871.553
1299.82,-2973.57
-593.659,-4157.51
475.521,-2908.36
490.834,-1018.86
220.201,-373.136
1413.42,-517.971
-2969.48,136.865
2489.29,2144.96
-2684.68,4344.44
3193.97,3991.1
-3148.66,286.395
3912.29,-3390.89
-4838.51,-5130.62
6393.99,-3569.2
-5101.82,-2370.2
6176.9,-1033.12
-6166.54,-876.13
5829.37,637.924
-5981.51,1826.75
6404.97,3459.16
-6158.44,2768.82
4436.68,1968.54
-4470.74,400.95
4194.13,-597.317
-2266.16,-3210.45
2731.59,-4116.45
-2396.31,-2887.33
1234.21,-199.957
544.621,2035.92
-619.878,1884.27
-324.615,1602.4
-1508.88,1868.9
1147.43,3824.74
-432.041,2826.76
755.99,144.833
-98.8897,-4556.74
-648.665,-6288.58
2455.99,-5747.92
-1340.2,-4160.02
3857.72,-2353.3
-4769.48,-924.2
4206.88,1983.06
-4044.07,3106.8
4035.65,4902.03
-4340.15,2821.07
1919.91,2863.1
-2343.7,2112.22
1690.94,1641.99
621.574,-1271.99
-748.983,-4474.81
1859.12,-4510.15
-2125.11,-3398.23
3600.77,188.244
-3546.45,1031.85
3834.83,2085.92
-5205.75,1564.64
5089.29,2750.14
-4459.95,2653.41
4712.74,725.475
-3653.66,-2353.8
3325.89,-4990.76
-3197.86,-5137.79
3771.91,-3250.09
-1165.95,-1602.33
1455.06,38.1915
-2927.5,2151.46
1762.17,5050.61
-2455.46,6196.14
2102.07,4656.27
-2962.17,1530.02
1826.68,-980.931
-2320.88,-1413.6
3491.23,-1999.32
-2535.53,-3104.25
3124.61,-4149.09
-3627.23,-3522.68
3110.12,-110.317
-3236.14,2869.47
4441.73,4292.95
-6012.44,2953.91
4604.45,1604.66
-5628.12,592.222
6699.71,-688.721
-6278.25,-3043.76
6577.64,-4183.66
-7084.55,-3902.14
7324.92,-1142.99
-5669.68,-3.79694
4997.46,1761.34
-5726.67,2137.52
3915.61,4494.33
-4414.45,4913.77
3013.25,4695.38
-2647.17,2104.84
1009.69,-739.494
364.029,-2635.12
-602.299,-3858
2685.91,-3614.11
-3363.27,-3291.08
3431.31,-308.363
-4010.61,1456.43
3930.26,3983.82
-3423.76,3640.07
2286.89,2815.94
-3070.42,1454.7
2210.58,511.717
-1080.98,-1910.34
1442.79,-4543.49
-884.065,-5395.2
843.281,-4006.93
0.609356,-189.705
1077.03,1450.79
-836.566,2273.13
15.0991,1360.99
-2281,2223.39
2424.35,3298.18
-3701.35,3454.71
4616.05,2081.57
-6432.42,28.2567
6065.95,-256.348
-6795.6,-687.419
8515.18,-106.83
-8351.74,-1998.1
8256.3,-1777.15
-8627.77,-1860.89
8567.13,415.444
-7011.51,-42.6347
6840.15,-284.047
-6172.36,-1942.51
4370.2,-757.935
-3030.76,296.387
3054.6,137.168
-1630.3,-739.696
318.701,-1906.2
41.1748,-684.466
-1018.84,1266.71
1905.96,3101.17
-2040.92,1959.27
780.898,1940.52
-1855.61,1584.29
954.961,2767.84
-334.508,2493.59
779.833,220.33
381.544,-2805.57
-1490.78,-4502.6
2249.39,-3307.1
-1047.73,-1943.67
2291.75,-1084.87
-2456.4,-1022.32
1670.94,1019.79
-2924.28,3021.26
3097.71,4815.86
-2218.51,3068.95
600.918,265.559
-427.49,-2246.26
-418.442,-2549.9
1826.74,-2495.74
-1335,-2497.45
2677.42,-2368.89
-4020.59,-1488.6
4790.24,919.121
-5299.66,2515.64
5741.5,3524.24
-7920.22,2971.33
6975.18,3376.26
-7910.45,1911.22
7956.09,1568.46
-7962.41,-838.404
7947.98,-2047.2
-7567.13,-2906.18
8437.55,-2914.32
-6731.76,-4009.19
6275.45,-2761.75
-6566.52,-729.241
4857.48,3410.69
-4309.3,5622.46
3774.66,4983.87
-4493.97,2896.41
2144.52,1104.14
-1347.53,-334.694
2159.09,-2298.35
-1348.76,-4793.85
1321.86,-5975.08
-172.562,-4446.75
603.738,-2011.45
804.875,926.782
-743.388,2589.06
-1029.79,3999.2
-673.396,5458.38
-845.586,5934.75
1789.87,3251.83
-1484.56,-707.855
118.118,-3153.78
-706.223,-3160.47
1712.32,-1200.27
-233.428,-1341.43
123.285,-1727.98
-573.759,-1198.2
-171.073,1752.6
1184.03,3600.58
-668.863,2617.98
1242.03,-884.661
-2847.12,-3625
2979.54,-3466.62
-2251.28,-2987.59
4727.08,-1631.74
-5262.77,-1263.97
4759,283
-5181.3,2175.06
4955.74,4056.71
-4852.81,3156.67
3400.77,2601.83
-4891.96,2031.81
3704.05,2618.07
-2944.07,1485.89
2676.87,-212.641
-1449.05,-3017.32
529.806,-3830.82
933.869,-3226.68
549.042,-2890.3
609.933,-2387.75
-1124.03,-2703.92
407.33,550.887
-408.969,2697.1
441.457,4017.33
283.589,2699.89
-2125.2,1242.54
2630.28,-673.965
