0,0
8358.3,-8308
-3593.54,-7340.15
7655.07,-2229.21
-5774.36,-3679.09
6658.18,2104.97
-6017.39,884.392
7058.19,113.778
-5936.9,-3105.17
5568.31,1242.51
-5732.78,3668.61
4380.2,6910.6
-3515.08,2534.39
3062.93,127.58
-4185.84,-665.673
3521.22,832.394
-3246.46,750.146
5008.99,-2577.83
-3509.87,-5751.24
4266.61,-5352.89
-3248.71,-3167.95
5354.03,-2704.44
-4693.06,-2727.8
5410.91,-1075.3
-7493.91,1589.51
7053.66,4721.99
-6788.33,2915.1
7429.29,1539.97
-7228.81,-585.685
6873.73,-1302.95
-6285.15,-2396.75
6762.66,-2854.2
-4731.79,-3903.71
4660.53,-2120.59
-6383.5,1654.62
6125.62,6869.44
-5844.1,7253.75
5392.14,4752.9
-5703.62,1498.32
4347.22,-112.56
-4091.33,-1114.33
5691.71,-2741.97
-4322.7,-5358.39
5581.98,-5933.84
-4539.89,-4930.14
4877.99,-1655.77
-4808.74,930.819
6097.79,3135.4
-5985.4,1916.49
4482.7,1164.34
-3799.04,212.127
2675.64,46.9822
-1620.29,-408.788
2145.18,-1391.09
-1971.43,-2101.74
1769.28,-1402.34
-1194.44,337.887
1655.21,1785.54
-1562.19,2597.94
1398.45,2116.78
-2896.56,2448.69
2926.14,2127.71
-2297.3,1413.4
3521.57,-742.813
-3542.94,-2963.34
5468.07,-3679.1
-4781.97,-5015.27
6656.58,-4032.22
-5967.16,-3453.53
6365.21,-1339.09
-6367.1,221.334
6542.85,3069.51
-6344.84,3388.55
5783.59,3648.67
-7177.51,3426.51
5284.58,3362.39
-3980.9,1529.4
4810.4,-769.551
-3914.98,-3421.76
4204.79,-4205.95
-3818.55,-3049.72
5083.64,-1251.92
-4735.49,-241.473
4243.71,580.01
-5594.75,2619.76
4545.95,5175.58
-5481.04,5847.54
5862.41,4517.55
-5534.44,79.1614
4254.18,-3294.66
-4483.4,-5259.3
6199.6,-4459.21
-4682.79,-4913.47
4752.95,-3131.84
-5347.69,-834.834
4991.36,1999.02
-4129.5,3318.28
3385.45,3438.01
-4415.53,2823.4
2221.46,2180.68
-2761.22,1397.93
4170.44,-1314.76
-3384,-3498.81
4752.65,-4721.21
-5462.09,-3769.77
6134.23,-599.36
-6120.87,1618.18
7102.78,2831.97
-9436.69,2774.25
6706.48,5752.55
-7613.14,7135.54
8439.11,6528.85
-8803.69,1463.81
7522.24,-1310.46
-7503.13,-4676.98
7746.07,-4355.29
-4823.14,-5263.2
6124.97,-5891.29
-4266.16,-5750.14
3432.49,-3041.59
-3399.68,569.486
3114.25,2813.63
-2327.18,3661.76
1406.42,1910.88
-3891.36,1901.28
3325.15,2176.98
-2770.57,2407.36
3816.07,-17.7835
-4583.72,-2754
4824.73,-2462.07
-5278.29,-1622.39
6369.84,1220.65
-6199.78,2119.95
6113.99,2717.16
-7425.91,1754.1
7328.64,2014.71
-6985.34,886.204
7093.98,130.661
-5906.36,-2385.96
4770.24,-3275.51
-3687.37,-3350.05
4953.44,-3161.93
-3385.94,-2822.78
2726.29,-1478.06
-3844.79,1350.39
4193.54,3482.64
-3988.37,3788.86
2716.14,2577.78
-5215.09,2866.84
4921.27,2730.27
-5316.18,2754.86
5883.55,595.509
-6230.65,-2982.92
7063.69,-3736.78
-7343.92,-4505.19
8077.17,-2280.6
-7001.9,-1785.22
7471.2,-652.972
-8328.51,-452.168
6744.49,2003.13
-5854.58,3035.38
6207.51,2861.89
-6245.86,342.921
4822.15,-1774.1
-3829.5,-2009.16
3936.5,-2517.59
-3165.32,-1996.7
4208.21,-2107.45
-4944.98,-383.479
4795.98,2082.33
-4984.43,3909.95
5721.6,3867.13
-5713.34,1932.02
5624.3,-53.2995
-7169.37,-771.061
8472.49,-67.5898
-6796.72,-1805.98
7453.22,-2824.72
-7835.64,-3406.05
8424.79,-952.956
-7286.53,960.457
7213.53,2295.73
-7002.54,1960.94
4888.29,2224.85
-5333.41,3015.59
5576.35,3017.29
-3943.83,-6.05363
4687.17,-4138.18
-4215.82,-5810.91
3341.63,-4691.59
-1756.57,-2468.65
4389.3,-2452.43
-4132.57,-3049.71
3710.04,-1854.22
-5061.21,3180.56
5382.44,7241.26
-4991.14,6187.05
4816.72,1619.12
-6457.11,-2377.28
6963.21,-2418.24
-6596.95,-824.181
8637.01,-778.731
-7756.59,-3271.17
7469.75,-3836.53
-8444.23,-786.628
8921.33,3756.9
-7136.04,4474.02
7264.4,1538.47
-7494.32,-1049.24
5741.7,-431.147
-5259.74,865.028
6840.43,-665.784
-7166.73,-3338.56
6884.92,-3087.53
-5240.49,-325.341
6310.06,1168.82
-5597.87,-597.851
5644.67,-2340.27
-6612.19,-855.053
5991.9,2340.67
-5947.16,3362.81
7093.22,688.886
-7162.88,-1496.66
6411.19,-1044.53
-6122.68,1767.47
6960.76,875.533
-5926.97,-2614.37
4857.28,-4151.41
-5900.33,-1486.49
5539.17,3282.52
-5145.18,6140.31
4986.63,4046.26
-4950.99,-939.864
4104.73,-2862.57
-5407.14,-978.27
5245.47,1924.08
-3802.88,824.439
4497.61,-3678.15
-5150.59,-5438.1
6427.8,-2395.12
-5977.59,2173.29
7013.95,2656.88
-7492.52,-75.5803
5146.77,-2004.55
-6770.13,1928.9
7120.99,5165.37
-7089.68,3059.12
6700.97,-2064.64
-6562.9,-2286.52
4883.16,359.45
-4154.95,1972.68
5352.33,-2072.04
-5611.38,-5351.32
4769.66,-1583.36
-4462.13,3909.06
4388.9,5902.28
-2656.65,1532.58
2660.35,-4322.86
-5204.77,-4260.68
4491.89,1715.94
-3982.86,4419.89
5352.12,2208.38
-5038.83,-4082.26
5498.42,-6874.69
-7054.12,243.782
7767.19,5608.3
-6863.83,4770.62
6725.7,-2270.64
-7449.15,-5731.4
5960.7,-1737
-5841.84,6264.38
7946.16,3931.01
-6830.92,-2902.47
5505.31,-6365.25
-6290.55,-2071.12
6162.45,4729.49
-4818.34,3576.22
5556.64,-1747.12
-6307.58,-3771.21
4737.33,1036.79
-5067.48,5626.29
4726.05,2414.98
-5274.02,-2479.95
5352.33,-2784.06
-6064.86,427.972
7468.64,821.003
-5013.22,-1384.15
5926.1,-4398.44
-5687.93,-1347.1
6430.86,1769.85
-5232.27,877.606
5880.17,-1541.65
-6074.92,-1383.12
4516.07,2548.44
-6240.7,4949.82
5981.51,1771.27
-6050.26,-2562.97
6236.06,-5442.49
-4905.82,-4178.85
4543.14,480.399
-3503.78,3038.71
6082.66,579.125
-5852.59,-2177.34
6018.2,-1564.71
-7063.08,3740.14
5599.71,8984.53
-5947.43,6969.11
5593.24,-1629.87
-6035.87,-7425.01
5460.9,-5619.31
-4318.59,-1447.41
5837.39,-512.174
-3861.43,-2434.74
4780.82,-2084.97
-4808.73,1791.83
4353.89,4945.29
-3255.03,4355.76
1507.77,4039.06
-2034.33,2691.58
-2038.04,3115.28
1968.72,-1566.78
-2631.56,-6674.32
3168.04,-7402.83
-2999.44,-2941.46
4063.08,982.769
-3306.05,2004.47
3995.28,971.89
-3500.21,-183.363
2334.88,2345.6
-3308.17,5006.87
2503.6,5451.14
-2489.93,1494.45
2454.79,-3687.21
-2854.07,-5807.85
1764.37,-4178.42
-80.1662,-1911.38
1517.43,-1107.74
-1800.1,190.992
2420.87,1185.4
-3288.33,3445.07
2643.82,4657.1
-3581.41,3953.06
3852.97,2116.23
-4698.56,-285.014
4410.48,-1785.74
-4529.77,-3525.63
5798.87,-4726.64
-4923.55,-4490.08
4193.94,-1027.03
-3408.42,1578.15
3509.07,3222.84
-2539.15,2475.52
991.67,2183.69
-2643.77,3619.65
1212.63,4560.04
-463.685,1953
389.274,-2241.05
-445.987,-4916.38
1439.51,-5276.52
-1828.53,-2528.64
3114.53,-1128.44
-1906.4,-774.421
2985.77,-1918.67
-4612.38,-603.057
5138.03,2229.51
-5473.05,3656.12
6247.52,3418.67
-6280.66,172.929
3846.78,-338.816
-4976.66,419.92
5857.12,2349.72
-4891.56,773.966
4067.61,-208.293
-2815.34,-1538.52
1134.66,-715.661
-692.464,904.536
432.967,799.451
912.981,-239.429
-1815.35,-1871.75
1690.62,-526.053
-1182.85,103.705
2508.69,-317.082
-884.238,-3021.56
-229.233,-4371.63
867.223,-3699.47
-593.711,-1043.85
2120.28,745.651
-3425.01,1608.48
3295.28,3268.75
-5027.55,4547.38
4890.94,5248.37
-5785.32,3698.13
5950.73,1309.68
-6258.42,-1494.01
5722.37,-2242.21
-4154.7,-3544.03
6751.06,-5271.23
-5735.46,-6550.52
5541.28,-4533.71
-5492,108.213
5777.12,4015.09
-4523.29,4206.21
4508.05,1999.13
-6211.06,755.422
6236.09,1168.21
-5595.62,1143.47
6897.34,-1621.14
-6620.67,-5124.89
7286,-5807.84
-7859.52,-3199.28
8683.68,2050.9
-6892.07,3690.78
7156.24,2714.31
-8379.61,1129.39
7028.28,1805.91
-6523,1981.03
6950.67,1324.93
-6897.78,-1128.49
5302.18,-1876
-4498.01,-1056.3
5235.55,-503.311
-3573.92,-1226.61
3179.04,-2323.07
-3698.44,-1085.7
3569.3,792.532
-4113.32,1888.3
4308.21,1221.96
-4435.04,-132.235
3513.06,-61.9461
-4074.21,1138.52
5751.98,637.372
-5710.4,-2168.32
5482.82,-3984.59
-6619.33,-3145.76
6596.36,333.692
-5170.4,1913.37
5641.58,1450.21
-6337.38,264.791
4087.22,1667.46
-4010.19,3941.44
2839.48,4579.23
-3433.8,2640.8
2942.64,104.85
-3292.99,-881.252
2762.63,-345.625
-1647.66,49.0976
2456.68,-1800.07
-2488.26,-3451.11
1754.28,-3219.63
-2255.97,-683.794
3754.87,1513.34
-4818.85,2443.6
4744.15,2414.67
-6156.7,2009.75
7064.99,1098.02
-6983.27,-1428.39
7685.96,-3719.21
-7237.9,-5086.57
7160.18,-3477.6
-6852.54,-1081.5
7046.68,1230.44
-6292.84,1746.28
5456.4,2531.59
-6110.65,3653.82
4698.4,5161.87
-4856.84,4917.94
3000.04,2858.96
-3505.99,870.085
2473.33,-544.426
-1551.43,-930.149
3155.55,-2280.03
-2609.29,-3472.16
3903.48,-4663.83
-4204.78,-4251.61
4159.29,-2022.25
-3602.16,-148.089
4714.93,753.411
-5230.56,839.505
4430.66,2234.52
-5470.96,3240.89
5492.52,3279.61
-4147.29,-479.625
2926.98,-3532.92
-3604.87,-3773.82
3944.79,-800.504
-2395.92,1644.39
1921.02,1112.4
-1335.67,42.0849
-80.4077,409
-1407.95,3469.63
2232.48,4803.6
-1452.66,2623.99
1309.2,-1761.01
-2648.2,-3260.78
3080.3,-2122.31
-1542.89,-1471.44
3343.05,-2326.67
-4489.51,-3197.55
4659.29,-1262.01
-4024.28,1235.13
4268.73,2539.34
-4655.29,1894.92
3887.36,1693.79
-3517.78,1095.23
3049.8,104.86
-1897.92,-1965.6
2185.09,-3637.08
-2348.91,-2633.99
1900.2,-260.545
-1329.09,1599.63
2512.83,1130.56
-3371.84,612.764
2739.41,1347.52
-3281.78,2938.84
3742.52,2816.02
-4028.14,568.549
4388.05,-2232.36
-4422.96,-4117.57
5447.83,-3303.98
-4910.87,-1899.54
5686.43,-345.863
-6029.5,307.172
4133.76,1984.82
-4461.24,4039.3
3234.9,5470.59
-2656.77,4288.83
2285.08,1038.15
-1260.66,-2742.76
748.923,-5398.5
550.78,-6305.56
694.076,-6615.2
125.67,-5186.37
1004.06,-2815.61
-518.876,527.248
1390.29,2998.62
-1558.12,4427.35
297.75,4544.98
-2345.55,4542.89
1957.53,4071.28
-3101.79,2289
3957.13,97.809
-3488.7,-2244.99
4029.98,-2426.79
-3360.98,-2813.55
3647.67,-1618.7
-2572.32,-1384.86
1173.21,-141.341
-1104.38,1940.23
722.819,3859.87
76.6492,3832.12
-491.886,1479.33
728.949,-1428.64
-845.922,-4367.23
525.195,-4333.74
-370.367,-3888.9
1989.09,-2496.84
-1486.02,-1818.84
1791.46,-864.868
-1633.24,967.301
-239.171,3472.91
411.75,4602.98
-1934.96,3796.08
887.881,2420.84
-1569.89,681.367
1700.11,203.422
-1321.99,-839.279
1550.97,-1470.38
-807.17,-2579.76
-77.2802,-2808.96
369.95,-1592
78.2716,368.012
548.145,1126.21
68.6358,1323.41
-410.216,1152.25
-1088.83,680.205
2514.11,352.378
-1476.97,-2350.35
922.106,-3263.58
-513.155,-2835.17
866.579,-574.327
115.634,1234.43
-703.656,1948.04
1322.84,1589.8
-2479.66,1591.06
2412.02,2474.74
-2969.67,2556.09
3799.42,1629.53
-4230.63,-545.841
2950.76,-594.939
-3315.28,-731.771
4444.22,327.745
-2785.65,-883.084
2334.33,-2358.69
-1041.06,-3593.72
1587.26,-3402.84
-222.288,-3312.75
-181.927,-2826.7
-82.4438,-228.34
-506.446,1833.73
527.579,4197.78
-622.753,3931.48
363.094,3336.51
-251.146,875.831
-376.024,-1256.77
1960.23,-3498.18
-2173.08,-4664.19
2060.86,-3276.99
-3726.88,448.696
5252.62,4390.18
-5576.59,5122.33
6801.29,3799.04
-7681.81,833.515
5584.01,828.475
-6278.08,871.002
6022.32,1056.08
-5054.03,-1951.61
4246.4,-3261.42
-4137.1,-2395.42
3721.45,881.413
-2904.19,3149.72
3747.86,990.532
-3542.36,-3167.43
1820.38,-5502.89
-2013.78,-2829.89
2787.48,-35.6072
-2371.72,2094.1
2859.93,768.835
-4506.59,-615.608
3572.52,824.474
-3747.67,2287.25
5262.39,2461.02
-6146.22,21.5118
4556.31,-399.596
-5305.52,490.866
4996.21,2046.05
-4490.47,2052.79
3554.93,1801.65
-4347.52,1991.48
3875.24,2454.16
-2087.46,670.561
2167.28,-3507.59
-2150.62,-5414.08
2220.78,-4346.45
-2216.41,-1338.81
3293.11,401.27
-3185.65,738.039
2672.49,1216.73
-4747.98,3384.55
5213,4975.5
-5276.85,3514.17
5799.72,-418.893
-6924.08,-4062.95
8032.23,-5110.08
-7592.55,-4690.98
8854.66,-2888.06
-7500.28,-2190.84
6629.42,-186.958
-7191.95,2473.69
6235.79,5824.35
-5601.68,6177.92
4060.94,4725.16
-4140.01,1907.14
1983.4,449.812
-1738.56,82.3797
2397.82,-1729.54
-1040.71,-3817.3
694.024,-5211.87
-308.934,-2713.26
970.015,15.6522
-238.724,1467.42
1545.43,66.6733
-2626.41,-1382.18
1700.37,-381.046
-1548.11,1255.59
3035.56,1319.3
-4060.09,-764.604
4115.22,-1540.56
-5568.07,-263.272
5467.58,2290.61
-4237.97,2556.99
4683.68,510.031
-4627.04,-1882.72
3005.98,-1280.2
-3396.4,1148.27
3621.05,2676.59
-3158.72,1688.85
3422.26,-867.975
-4699.64,-1519.73
5031.31,207.474
-3445.48,1119.77
4589.11,-1317.23
-4855.2,-4661.44
4301.02,-5058.42
-5126.21,-908.912
6635.61,3377.3
-6104.04,3434.48
6856.08,814.563
-8311.85,-674.759
7079.1,1407.58
-6057.67,2537.96
6802.73,102.497
-5027.48,-4491.24
3854.89,-5854.04
-3669.33,-2549.34
4639.27,1603.81
-3641.33,2950.77
2097.08,2411.67
-3505.52,2903.54
2895.3,4445.95
-2184.18,4325.32
1993.43,1332.28
-2644.83,-1916.18
3257.76,-3388.65
-3834.81,-3340.27
4924.42,-3450.26
-3419.75,-3908.3
5439.64,-3852.33
-6359.31,-1864.55
6506.48,1532.43
-6050.63,3287.34
5952.01,2343.47
-7177.41,608.941
5362.43,840.455
-5169.64,2457.79
6206.84,2600.37
-4802.36,-703.037
4486.26,-5049.75
-3397.13,-6412.37
2591.47,-3124.5
-2581.62,1608.89
4047.99,3107.63
-4200.42,2025.63
2000.57,2880.4
-2895.22,5956.78
3406.84,6589
-2902.83,2396.73
3956.54,-4410.4
-4871.19,-8248.19
5354.05,-6823.94
-3819.51,-3255.93
6266.79,-1586.57
-6258.07,-1501.42
6970.36,-303.889
-7448.42,2378.7
7143.6,4712.59
-6989.47,4238.41
6036.36,2021.03
-5998.43,-659.341
5539.79,-2242.59
-4813.8,-2783.58
6001.91,-2688.12
-4356.67,-2556.36
4331.63,-2073.61
-4444.27,-648.061
5103.54,878.993
-5194.9,2299.35
4999.98,2938.56
-5722.63,3056.39
6251.24,2287.64
-6558.28,764.811
7202.89,-1358.27
-6896.67,-3757.25
8474.3,-4768.2
-8244.72,-4290.32
9238.97,-2229.21
-7693.05,-1148.26
7575.12,42.9672
-7719.45,1476.06
6441.19,3896.96
-6196.93,4952.7
5568.64,3856.12
-5133.52,994.831
4140.29,-1498.11
-3491.67,-2544.61
4793.35,-3575.52
-4439.86,-3943.57
4384.72,-3289.53
-4674.22,-441.923
5595.18,2062.7
-5859.32,3170.74
6248.02,2643.64
-7732.49,1957.44
7030.05,2443.25
-8043.29,1835.55
8545.67,-63.7519
-8659.72,-3153.13
8464.22,-3411.31
-8990.7,-1668.13
8857.43,1339.95
-6715.09,1112.3
6848.95,-1454.06
-6895.92,-3576.67
6065.4,-2773.34
-5700.03,287.162
5367.9,2354.41
-5069.27,2184.93
5554.29,-207.895
-6232.36,-1324.94
5554.79,203.334
-5039.69,2469.86
5630.12,2426.97
-6184.65,59.1164
5281.61,-1384.01
-6687.54,-18.6497
7145.52,3179.36
-7359.56,4515.95
6874.88,3590.2
-7737.67,1564.03
6779.46,404.572
-5827.08,-1133.66
6761.4,-3651.47
-4945.84,-6390.53
4572.92,-6433.72
-3621.67,-4230.41
3958.05,-1511.48
-2287.32,-701.687
355.575,857.851
-1313.28,4301.94
-539.27,7898.42
657.197,8234.72
-1790.29,3998.26
595.107,-267.805
-2268.12,-2255.25
2455.7,-1639.75
-1030.69,-2317.87
2346.2,-4321.04
-2823.65,-5007.12
1855.2,-1709.2
-2035.2,3367.93
2280.16,5578.06
-1538.64,3781.49
-179.636,671.541
-2209.24,757.914
1444.16,2541.6
-1501.5,2563.07
2839.07,-1025.86
-3666.94,-5032.59
4458.45,-5865.27
-4394.58,-3368.27
5451.45,-292.105
-5331.64,773.16
4405.06,1151.45
-6156.91,2234.57
5439.15,4387.27
-4664.49,4347.02
5135.34,2122.37
-5222.34,-1494.09
3861.01,-3077.52
-4134.07,-2609.33
4736.62,-1833.35
-3978.64,-1382.06
2944.84,-8.20538
-2352.14,2897.76
2561.12,4726.86
-2539.46,3829.38
2050.9,650.845
-3655.58,-1341.92
2382.8,-555.139
-2746.16,1190.23
4738.22,544.002
-3709.55,-2612.16
4581.29,-4730.35
-4464.14,-4231.44
4229.43,-1659.52
-2378.27,-714.059
2405.3,-1338.95
-3323.36,-1295.58
2119.22,1830.88
-1541.97,5428.83
1826.98,5994.88
-1320.95,2490.8
437.042,-2180.46
-997.806,-3831.21
451.259,-2418.61
810.051,-423.422
746.166,-890.285
-1225.24,-1325.89
607.824,549.596
-1316.56,3972.88
1724.66,5535.61
-2710.23,3804.82
2779.26,722.02
-3687.3,-1552.38
4776.75,-2801.78
-3037.5,-4623.57
3483.73,-5682.24
-2851.29,-5051.18
3425.16,-2568.16
-2185.26,-780.211
2613.08,12.6471
-1865.29,822.906
-559.19,3546.5
-401.563,6578.22
453.152,6161.77
-403.645,1961.61
-283.92,-2730.45
412.402,-3765.87
-418.798,-2180.22
812.236,83.3203
492.715,-79.5557
-1197.47,-1244.51
1386.25,-1051.51
-2350.41,1433.84
2484.41,4486.57
-2295.34,4726.67
2524.17,1840.16
-3400.69,-2566.64
3460.69,-4862.15
-2084.11,-5206.24
3896.55,-4611.93
-2686.03,-4251.32
2525.07,-2920.73
-2101.85,-440.456
931.206,2890.45
-893.137,5191.9
-296.645,5878.55
-596.837,5841.53
-1716.57,5427.58
1507.22,3574.12
-1362.63,-404.633
953.343,-3982.94
-1096.71,-5108.98
1400.16,-3275.81
394.745,-2026.4
800.755,-1873.51
-515.641,-2303.63
-601.731,-584.867
582.905,2420.61
-960.652,3703.32
528.273,3115.39
-1007.76,735.766
-802.116,325.563
1193.1,-60.134
-359.216,-702.816
1979.23,-3292.6
-2124.83,-5327.48
2196.63,-4129.18
-3084.8,-862.923
3516.68,3244.05
-3697.68,4403.82
3203.37,4675.02
-4352.66,3712.68
3194.37,3899.57
-2164.1,1950.35
2573.54,-1855.93
-1648.18,-5851.4
384.618,-7033.47
1427.96,-4386.64
-1539.55,-584.04
3279.79,2069.33
-3460.6,2647.9
2083.32,3919.9
-3207.95,4834.2
2624.6,5090.88
-2161.28,1894.07
1686.41,-1900.72
-1626.6,-4626.66
1027.39,-4287.46
1841.33,-3804.79
-410.186,-4123.09
1602.38,-4458.17
-2459.87,-2716.92
2624.52,1790.77
-3271.7,4483.98
3542.41,5732.47
-4111.68,3622.82
2460.71,2237.55
-1777.93,583.936
2587.69,-1483.24
-1264.58,-4340.46
1287.14,-6026.45
-1567.18,-4208.83
1175.68,-395.155
-680.071,4224.34
1148.86,5446.19
-2150.85,5700.03
1149.31,4790.61
-2718.56,3734.06
3267.37,1226.89
-2758.53,-3574.93
4126.41,-7586.54
-4316.4,-9026.05
6128.92,-6209.53
-4204.84,-3468.43
5317.76,-662.239
-5347.62,665.421
3406.7,3637.48
-4493.63,6333.9
3585.59,7345.1
-3545.93,5489.02
2326.96,1553.01
-3006.69,-1415
2495,-2937.87
-1474.44,-3641.44
2986.41,-4475.7
-2533.24,-4101.16
2507.29,-2367.06
-2651.02,1195.47
3542.52,3696
-4893.51,4673.33
3314.21,5218.32
-5309.84,4383.89
4860.1,3529.32
-4168.16,91.2813
4588.67,-3390.32
-3450.63,-6869.71
4699.28,-7874.18
-4232.8,-6693.52
4687.1,-3321.51
-3511.78,-516.629
2452.66,2975.53
-3659.44,6620.88
2737.49,8080.66
-3195.39,7631.38
1952.97,3983.96
-3717.5,301.866
3514,-2678.18
-3644.31,-4223.21
4854.18,-4108.57
-5133.06,-3036.56
6482.35,-965.144
-6133.7,567.251
5075.87,2544.68
-5959.37,2940.76
6607.76,3333.7
-7949.38,1360.65
6528.45,672.599
-5827.05,-1011.18
6788.53,-2559.56
-5597.45,-4754.7
4656.31,-4311.26
-3663.84,-3024.88
4209.99,-930.505
-3483.1,695.911
1646.33,2390.07
-2074.66,4588.02
917.77,5744.76
-2026.98,5587.06
1845.61,2943.96
-1602.11,-69.6339
1098.83,-3291.05
-2232.27,-3270.67
4508.87,-3477.14
-3333.11,-3201.15
5249.45,-3578.64
-6617.83,-2811.69
7023.2,1081.32
-7420.32,3753.21
7354.67,5811.03
-8692.14,3722.45
8415.11,2579.68
-9723.94,596.424
8484,1381.77
-6868.94,-857.835
8363.62,-3226.26
-6596.79,-7340.72
6460.72,-8395.57
-5414.68,-4966.09
6086.89,-1121.8
-3837.59,1379.54
3368.72,1898.93
-4379.45,2737.37
3474.15,3963.22
-3849.55,4870.35
3861.19,4006.83
-3777.66,1425.19
3535.47,-2122.98
-4600.25,-3575.53
5895.69,-2112.21
-4990.1,-1114.4
6242.23,-70.0123
-6252.76,-63.4423
5242.81,808.466
-5072.77,1476
5900.89,2067.42
-5582.4,-2.08197
5021.6,-1143.5
-3641.2,-3122.27
4532.39,-4064.94
-3081.53,-5133.59
3716.49,-4884.97
-2329.99,-3160.56
2065.1,-917.276
-2233.68,2516.04
2423.47,3963.35
-2759.06,4831.57
596.732,5410.14
-2075.57,5376.01
1521.19,4185.9
-1107.49,1201.8
1587.66,-2486.96
-1952.38,-5126.77
3335.75,-5337.29
-1920.42,-4832.44
3708.42,-3986.96
-3055.99,-3041.97
2172.17,21.9428
-2829.02,3266.51
1963.08,5761.07
-1584.87,6112.41
723.64,3959.76
-1266.77,-428.019
861.176,-2790.38
533.951,-4893.35
570.829,-6063.28
-189.68,-5016.26
-430.946,-2651.6
667.619,1835.08
251.228,3784.75
-819.718,5708.93
-190.895,5281.84
-2588.41,4944.45
1896.91,3889.28
-1790.04,557.022
2104.66,-2799.11
-1867.57,-6007
2875.04,-5114.37
-2019.15,-4373.5
3432.17,-1888.58
-1689.76,-1924.59
202.085,-359.743
-1404.96,2265.3
361.038,5007.86
125.593,6866.39
-742.45,3957.63
-166.352,1514.1
-1092.67,-1752.78
544.024,-1981.53
1970.33,-3569.41
-950.818,-4982.57
2172.63,-5244.75
-2242.45,-4051.72
2477.59,32.5109
-2280.39,2594.63
3425.49,4492.93
-4818.19,2970.3
2900.93,3585.08
-3357.74,3093.41
3658.35,2068.29
-2729.57,-518.027
2178.76,-2937.48
-1754.42,-4126.51
1486.95,-3408.6
1088.85,-1702.19
-1226.75,-455.646
1133.88,1028.48
-1875.42,2348.43
1341.35,3492.58
-1401.04,2823.11
891.719,2433.11
-429.457,-714.035
-648.356,-2093.68
2002.55,-3548.38
-72.5032,-4897.46
1123.74,-5342.29
-1248.49,-4390.18
1706.45,-931.425
-1576.07,1484.54
2431.8,3975.62
-3610.13,3654.21
1910.06,4749.42
-3062.17,4540.08
2461.18,3935.75
-1984.44,1100.95
1307.72,-2344.62
-502.078,-3518.45
-103.471,-3873.7
1486.22,-2421.69
-766.71,-623.568
587.85,523.339
-1268.71,1317.66
141.284,3092.82
495.346,2707.5
66.0227,1248.37
292.778,-1853.38
-1138.56,-3846.31
1875.31,-4545.81
-996.211,-4348.57
2642.34,-3301.54
-2857.85,-1758.08
2485.97,1470.68
-3020.31,3745.08
2573.75,6432.09
-3897.65,5564.75
2677.82,4450.79
-3383.46,1891.61
1951.5,301.208
-764.799,-1348.19
1462.89,-3122.98
-1168.77,-3672.55
1450.18,-3883.59
-790.475,-2030.07
1568.89,-428.531
-1259.14,1215.92
1237.92,1306.47
-2493.51,2094.45
2487.21,2388.03
-3194.64,1237.68
3785.59,-261.839
-3732.34,-2414.03
3644.08,-2029.4
-4365.52,-1854.12
5209.95,225.354
-4274.13,-129.324
4336.73,-467.918
-4432.76,-507.328
4076.46,518.922
-4253.71,1421.08
3825.2,2277.67
-3742.27,1688.95
2461.71,868.596
-3140.86,1018.9
3638.42,856.225
-2668.32,100.456
3035.27,-1055.3
-4269.1,-1758.66
4844.95,-1999.05
-4914.68,-1293.58
5998.06,-273.296
-6063.06,-112.646
5169.64,1640.87
-5257.39,1888.19
5763.77,1766.67
-5986.48,-514.717
6623.24,-1847.91
-6521.29,-3609.03
6249.43,-2350.69
-4605.51,-1925.43
5676.93,-1245.55
-5218.72,-1567.67
4083.02,-374.928
-3923.42,2412.83
3479.18,3805.11
-3923.51,4705.01
3922.98,3188.54
-6710.17,2482.33
6077.7,2673.85
-6666.37,2423.52
7504.64,682.333
-6885.25,-2427.08
7320.92,-3742.06
-7840.59,-5023.45
9066.51,-2644.85
-7953.67,-2560.1
8881.62,-1309.59
-9244.82,-1755.96
8642.08,505.777
-8114.71,1356.19
8497.89,1541.01
-7610.16,272.941
6173.04,-1400.14
-6339.07,-1709.5
5387.14,101.452
-4323.44,1240.34
3926.05,2255.16
-5088.45,2909.88
4375.38,3256.58
-4253.64,2759.6
4388.14,1336.07
-5408.86,460.026
4467.87,-151.894
-5389.88,160.188
6674.32,-226.901
-4640.58,-2605.8
4902.62,-3726.92
-4629.46,-4221.67
4308.23,-1372.06
-3725.63,-574.416
5362.35,-282.047
-4943.06,-1844.67
2375.78,-131.853
-2775.58,3271.88
2535.68,5790.51
-1120.35,4345.38
292.31,-609.841
-1337,-2738.6
537.587,-3404.96
471.66,-776.927
329.282,849.333
-826.747,855.431
-100.122,1181.35
-1444.67,2270.59
1668.63,3452.7
-959.258,3299.07
1189.85,990.727
-3069.93,-1796.24
2796.08,-2692.19
-2105.57,-3615.48
3791,-3579.84
-2803.32,-3763.29
2434.73,-2421.94
-1453.99,-467.369
1742.06,1161.44
-1858.15,1052.06
608.174,1732.25
-1705.69,2569.64
413.551,3960.55
597.835,3513.61
-431.612,854.561
153.963,-1112.46
133.119,-3770.16
-235.611,-3040.66
1978.75,-2867.7
-1609.6,-1779.33
2791.46,-1265.53
-3573.91,253.394
3944.79,2885.91
-4606.57,3941.07
5026.58,4248.07
-6088.98,1722.84
5115.93,1314.79
-5314.53,-1023.77
6138.77,-576.426
-4571.99,-2955.52
4748,-4037.7
-3384.05,-3960.87
2415.08,-2429.49
-1766.63,575.729
1708.23,1760.6
-722.714,2345.02
-1094.15,2321.47
668.715,2589.79
22.4195,676.52
1436.66,-1748.4
-461.022,-5653.2
-613.739,-6126.88
1671.83,-4190.84
-2080.78,-212.476
3811.8,2606.41
-4035.66,3275.78
2464.79,4888.61
-4756.64,5941.46
3979.81,6766.8
-4023.18,4078.98
4066.56,443.454
-4759.88,-5009
4526.35,-5392.78
-1353.56,-6058.22
2960,-5439.5
-481.24,-5612.65
-106.685,-4679.91
793.942,-561.316
-1830.94,2671.93
2362.19,6220
-2487.97,5551.44
284.052,5013.66
-1420.82,2919.86
1232.55,1653.19
-660.807,-1300.94
612.905,-3295.85
372.236,-4376.46
-675.617,-4190.33
2340.26,-1359.29
-1984.48,-227.473
2574.28,1771.5
-3041.62,1848.48
2382.23,2476.27
-2421.25,1617.07
2555.76,548.361
-1649.51,-1355.92
383.383,-2380.54
103.724,-2057.72
245.378,-1097.59
1539.01,-1184.53
-2207.02,-1072.81
2123.16,525.788
-1980.2,948.207
2072.97,2034.53
-2308.91,1339.34
1293.94,1384.94
-1484.62,425.852
771.29,967.274
312.967,-43.427
355.768,-1493.29
85.3997,-2239.78
-500.173,-2871.57
392.999,-910.655
648.662,-805.826
485.183,131.857
-1261.85,-172.737
-1506.81,2821.27
1812.48,5309.97
-3008.16,5764.61
3491.93,3371.95
-4548.98,-1035.32
4558.55,-2325.41
-5009.77,-3979.57
5970.13,-2189.44
-5464.39,-2570.29
5370.72,-1851.6
-6437.86,-402.253
5343.6,2608.97
-4763.26,4463.81
4755.81,4492.16
-5221.42,1649.73
2787.13,-917.633
-2562.29,-2146.14
2732.11,-3219.19
-1625.55,-3414.24
1742.69,-2829.32
-2605.49,-639.88
3249.01,1548.83
-3963.37,3133.81
3238.19,3677.36
-5456.04,4593.37
3231.81,5297.46
-4697.8,5320.1
5149.07,3504.68
-5167.9,-1018.8
4969.27,-3504.24
-5308.08,-5721.29
6094.92,-4247.14
-3894.99,-4639.19
4367.51,-3460.39
-3451.22,-3137.32
1013.54,981.866
-923.385,5816.07
-459.457,7863.47
659.479,6685.94
-2462.14,2149.02
1427.69,-158.907
-2339.72,-2240.33
2913.02,-1283.09
-1451.56,-3120.82
1097.51,-3128.5
-1159.31,-2702.53
353.709,277.287
568.556,3358.36
-1050.87,4158.88
1160.36,4212.43
-3597.92,1799.77
4017.73,-119.561
-2982.09,-3486.15
3286.04,-3913.81
-2542.07,-4769.11
2688.67,-3117.81
-1204.61,-2003.65
1816.27,-1068.84
-517.099,-126.041
-1673.73,1924.3
699.188,5257.19
-1520.25,6428.95
2103.88,5104.63
-2289.06,561.998
1040.09,-1636.39
-2036.54,-2461.97
3709.48,-1010.25
-1248.86,-2298.65
1220.8,-4374.71
-747.822,-4475.91
16.6641,-1388.68
104.474,3263.45
502.181,5143.12
-800.525,4905.41
-685.517,1990.07
-948.716,994.514
1568.01,-312.056
101.212,-2549.26
1249.9,-4855.9
-1759.83,-6267.91
2174.37,-4843.09
-1580.67,-1953.06
3008.62,1103.53
-3088.41,2099.3
2620.52,3490.85
-3645.7,3463.66
2895.36,3473.31
-2937.8,2102.57
2524.85,-280.589
-2385.7,-2311.44
1756.6,-2543.18
-458.964,-1865.61
1393.79,-535.953
-1328.31,-62.8074
-46.6516,1344.85
-219.02,3071.48
-129.866,3288.73
-523.541,3442.76
-442.77,2317.45
-411.479,1501.58
386.126,36.844
-630.446,-1274.3
1994.92,-4100.71
-1385.04,-5492.05
2054.3,-4890.02
-2643.68,-2781.9
3470.89,526.463
-2990.89,1167.89
3976.67,751.097
-5523.62,-196.249
3924.32,2127.8
-4505.54,3830.98
4370.71,3923.88
-3684.19,358.934
3448.51,-2626.74
-3801.96,-3717.44
3368.59,-1707.69
-1374.41,449.44
1492.73,976.038
-2231.85,744.231
1509.17,678.685
-3012.25,3337.05
3069.47,5213.55
-2516.69,4905.33
2068.01,1749.41
-2703.32,-2314.25
3180.78,-4526.27
-1944.89,-5744.52
3837.51,-5138.07
-2732.38,-4592.31
3472.5,-2682.37
-2401.92,-1547.54
2597.75,1107.28
-3403.22,2882.47
2348.81,4508.66
-1376.54,4392.95
306.341,1846
-321.491,-334.904
654.383,-2520.58
-988.13,-2348.08
950.096,-1007.19
-544.102,330.876
1796.78,127.405
-1975.5,311.714
1931.39,646.285
-3159.38,2189.72
3543.21,3424.17
-4487.06,2280.75
3887.05,877.968
-4277.96,-1535.67
5242.52,-1830.47
-4404.73,-3217.36
6111.67,-3874.7
-4869.18,-4843.84
5004.23,-4603.01
-4923.98,-3677.75
5013.92,-244.596
-4282.95,2459.99
3303.85,4600.29
-4660.21,6183.58
3732.02,5435.83
-2907.29,2117.59
3040.8,-2022.59
-3793.62,-4615.01
4191.02,-4364.02
-4096.46,-2114.04
5722.21,-355.517
-4818.13,215.324
4702.12,781.67
-4920.63,1389.68
4918.55,3289.38
-4809.8,2253.72
5735.22,162.385
-5763.62,-3260.51
3853.57,-2871.99
-3184.89,-1012.31
4419.78,1710.34
-2696.98,919.63
2992.91,-1528.52
-3348.48,-1921.81
2539,-1359.4
-2731.81,1625.23
2792.73,2553.31
-2357.2,1281.24
1863.26,235.867
-3257.43,356.061
4460.98,449.094
-3477.11,-309.089
4308.98,-2329.97
-5899.41,-4258.92
5173.13,-1747.22
-4947.94,350.179
5945.21,2790.33
-6126.5,2921.72
4230.44,3029.8
-4442.02,2451.83
3519.14,1547.62
-3052.84,-1011.49
2892.49,-2468.75
-2989.2,-3623.63
2456.46,-2604.99
-374.183,-812.516
1018.02,-1244.74
-659.142,-1022.14
-542.976,-243.499
-407.424,2015.24
1023.15,3102.55
-1297,3054.85
-115.018,1941.54
-2219.86,2656.88
2268.1,3440.93
-1715.34,1837.08
3583.98,-2007.07
-3198.51,-6454.74
3546.6,-6642.36
-3482.29,-4462.98
3868.52,62.9238
-2907.07,2071.14
2032.61,3517.44
-3789.64,4700.38
2038.61,6749.17
-1119.91,6114.62
1247.08,1944.11
-590.644,-4176.96
-690.449,-8259.67
1068.18,-7302.7
1463.76,-5625.38
1150.93,-3228.19
680.594,-2799.25
-976.282,-918.875
1158.55,1667.19
-2857.42,4941.51
3231.02,6089.5
-5019.15,4837.65
4683.36,2660.61
-5407.89,-9.09088
7036.34,-916.483
-6778.21,-3050.41
7576.8,-2523.84
-7509.33,-3511.85
7842.23,-1949.38
-6196.62,-1239.16
5394.31,1533.65
-5243.76,3441.75
3947.07,5569.67
-3372.35,4506.35
2769.36,462.634
-1768.22,-3623.02
1126.58,-6096.75
98.8409,-5008.77
1211.61,-3866.35
997.631,-2910.9
199.889,-3842.06
-1154.07,-1930.92
453.993,1714.74
-1571.89,6250.91
2035.86,7615.25
-3389.26,5051.19
2020.88,2502.15
-4652.64,865.013
4052.29,1696.92
-2048.1,-516.098
2919.63,-3041.83
-3486.82,-5470
3106.43,-4198.02
-2128.82,-1514.04
2986.53,995.649
-2569.53,1879.69
128.125,2338.29
-955.578,3407.15
762.689,2839.22
812.858,385.948
-140.462,-4001.95
-1075.76,-5186.3
1191.63,-4467.02
-728.265,-2048.45
3581.45,-946.596
-4562.77,-524.585
2424.66,2723.71
-4071.01,7061.13
4436.87,9178.16
-5281.54,6133.16
4124.55,1763.88
-6049.66,-2421.86
5506.97,-1891.21
-3655.64,-2744.92
6318.98,-4296.82
-5151.12,-6521.72
3887.45,-5330.33
-4117.53,-218.037
4100.83,4629.17
-2561.43,5739.25
1761.64,3455.51
-3696.66,1040.41
3179.48,115.465
-2345.19,-447.473
3314.78,-2668.18
-2831.22,-5123.53
3464.89,-5703.41
-4210.87,-3318.84
5545.66,1049.32
-3937.74,2983.48
3652.19,3362.15
-5645.13,3119.38
4467.5,3488.55
-4432.09,2447.67
5477.66,585.298
-5700.94,-2427.34
5054.41,-2792.26
-3350.2,-2730.94
4946.7,-2475.59
-3284.41,-3525.33
3476.56,-3422.44
-3283.34,-1120.35
2609.9,2193.34
-2756.49,4935.23
3041.95,5031.19
-3667.9,2880.78
2043.65,1254.51
-3039.72,1356
4526.12,61.1713
-2763.94,-3211.16
4770.67,-7466.98
-4186.47,-9643.02
5798.94,-6875.96
-5061.53,-2564
6117.93,2231.57
-6045.93,3804.14
4503.04,5440.53
-5600.12,5554.4
4305.48,5894.31
-4502.13,4076.88
4876.28,578.786
-4716.78,-4162.08
4245.5,-6614.27
-3242.32,-5551.92
4580.06,-3146.84
-3133.93,-464.865
2949.21,1809.33
-4147.29,3890.98
3518.17,4910.48
-4392.37,4446.8
4712.1,2167.75
-5505.38,-1613.11
7108.22,-4428.98
-6139.33,-6909.05
8139.1,-7460.59
-6801.61,-6978.43
7943.25,-3624.68
-7716.69,-529.321
7426.39,3998.75
-7674.82,5979.72
6147.51,8017.01
-9262.91,8132.87
7114.16,7804.81
-6686.38,3674.51
6397.78,-1145.56
-5642.18,-5914.77
6072.68,-7598.95
-4827.89,-6078.81
6570.8,-4054.83
-4456.82,-2850.07
5040.47,-1752.29
-5858.59,385.522
5218.77,4070.12
-5504.5,5566.56
5753.89,4777.3
-6909.82,1149.57
4021.35,-381.345
-5324.4,97.7589
7461.59,552.559
-5948.76,-2175.32
6258.3,-3759.85
-6137.88,-4488.33
5966,-2556.99
-4880.7,-518.791
5372.95,1024.11
-6046.38,1409.82
4272.49,3033.37
-5402.75,4730.11
5369.62,5265.65
-4921.05,2520.73
4936.58,-1326.61
-7009.9,-3548.65
6366.33,-2672.3
-4989.2,-815.398
6414.28,-161.353
-6949.34,-1060.73
5917.01,798.817
-6581.91,2431.03
6392.44,4249.89
-6610.08,2608.76
6199.57,175.831
-5641.74,-3638.79
5344.93,-4258.61
-3564.54,-4653.93
4930.97,-4035.2
-4081.59,-2860.72
2454.4,-696.226
-3340.29,3265.49
2380.47,6439.12
-2178.54,7271.49
1651.2,4944.45
-3923.59,2627.73
3429.61,270.454
-3267.83,-1989.41
4803.26,-4879.67
-4165.73,-6777.18
6210.82,-6039.26
-7047.82,-3095.61
9074.48,1558.62
-8079.22,2611.84
7542.49,3296.24
-9324.88,2121.97
7593.36,3971.55
-7506.17,2996.88
7653.91,2631
-6389.32,-1521.51
5395.17,-4008.91
-3532.81,-5545.54
4545.8,-5031.78
-1666.41,-4616.19
2074.4,-4024.48
-1608.65,-683.389
456.964,1776.37
-69.7893,5512.79
-100.556,5907.04
-612.873,4595.51
-199.222,1992.32
-1554.95,944.211
2294.4,-135.669
-2484.1,-1740.62
4519,-3512.13
-4591.56,-4800.46
5704.37,-3007.76
-4510.8,-2281.95
6695.1,-796.438
-6000.37,-1826.48
3860.1,43.8894
-4006.59,1491.9
3576.69,3689.45
-2899.85,2980.67
3196.13,1019.79
-2998.68,-1245.48
2454.11,-2928.14
-1642.42,-2425
2371.25,-2929.53
-1321.04,-2280.71
922.02,-1637.22
-1979.9,1511.42
3008.6,4093.47
-3561.96,5326.4
3365.43,4343.84
-5973.94,1528.75
6149.04,709.977
-5285.16,-2516.64
7128,-4508.2
-6188.73,-6508.08
6461.88,-4778.88
-5383.5,-2854.22
4964.73,995.932
-4456.27,2604.09
3139.11,4572.42
-5088.29,6255.44
3607.56,6560.23
-3408.58,5101.22
3381.19,-135.085
-2831.47,-5170.77
2123.78,-7545.54
-2317.17,-5917.99
4936.7,-3411.17
-2867.76,-2114.88
3714.81,-1572.14
-5163.16,77.9515
4997.84,3668.58
-6475.92,5367.14
7124.11,5429.18
-8332.62,1811.44
5723.46,651.153
-6332.28,263.153
6152.47,1732.69
-4485.43,192.272
4795.88,-1362.91
-4993.52,-3803.19
3548.5,-2487.59
-1734.98,-555.796
1791.12,898.362
-1611.27,1458.82
-420.664,1544.65
50.249,3030.71
342.186,1349.77
1141.13,-435.198
-36.7057,-4634.71
-550.155,-6123.84
876.065,-4582.01
-744.896,-1584.49
2602.53,430.443
-3943.1,2226.28
2654.9,5150.15
-4551.5,6777.84
4350.5,8160.78
-4950.36,4440.47
3633.12,865.455
-4893.25,-3087.41
4233.39,-3433.13
-2021.96,-3587.98
3717.19,-4107.65
-1391.15,-5085.49
774.003,-3975.44
-1266.16,-623.568
701.476,2991.44
1000.77,4426.74
-2145.35,2232.86
228.201,1878.37
-1340.55,2001.79
1726.35,2093.13
-461.538,-400.813
188.179,-3338.45
209.725,-5471.93
-713.408,-4031.26
1939.59,-870.903
-1153.07,1502.95
2496.85,1993.11
-3776.25,1123.85
2009.06,2579.62
-2512.2,2898.96
3280.11,3295.56
-3065.58,630.143
1713.31,-1251.94
-1442.78,-2287.58
2341.78,-1810.04
-152.697,-2522.24
-193.49,-2880.39
772.983,-1625.8
-1371.23,-108.137
1778.81,2292.95
-1656.48,2215.71
2401.72,1718.47
-2800.8,-233.855
1776.05,-522.502
-312.316,-1355.2
925.581,-2104.91
-244.116,-3159.25
-823.972,-2139.73
802.82,807.201
179.936,2249.76
1597.96,2105.41
-2505.56,10.6331
566.672,714.841
-1127.93,1632.78
1058.62,2476.12
-506.794,1032.17
36.6909,-639.481
-372.913,-1206.75
496.702,-1070.65
1287.66,-633.619
-246.465,-2745.73
517.356,-3966.22
-1278.4,-3684.16
569.592,-402.128
1208.99,2088.11
-620.795,2725.12
109.15,1826.14
-2505.43,1476.55
3415.22,1574
-2026.45,-1008.26
2890.21,-3408.07
-2717.6,-5670.25
2539.44,-3664.53
-1326.18,-973.965
1438.55,2163.93
-587.256,2759.85
-983.319,3467.19
-455.035,4821.86
-1230.42,5588.54
1760.92,5158.25
-1621.61,741.231
1742.64,-3167.82
-2564.65,-5921.74
3606.61,-4508.55
-918.833,-3905.33
1166.96,-2604.54
-326.018,-1704.97
-48.6735,-324.079
960.108,1422.4
-1460.98,1777
2231.04,1726.62
-3750.95,536.015
2780.78,739.94
-2760.74,-55.6089
3060.34,-159.817
-2170.47,-1527.67
1750.92,-1019.76
-1541.02,-758.534
1599.74,206.185
-382.522,350.518
-1833.62,562.295
1238.01,2133.84
-2617.38,4006.87
2547.83,5289.65
-2828.33,3065.42
3056.78,633.29
-3399.29,-3211.18
3401.35,-4136.73
-2309.37,-4552.09
2687.6,-3470.68
-1808.39,-2307.49
1164.05,-217.254
-1126.34,2346.47
1006.9,3755.48
-783.452,3595.18
-315.33,1368.93
125.442,-399.293
-459.274,-2441.11
-189.14,-2259.4
1264.8,-1896.65
-1523.19,-621.03
2243.33,609.73
-2980.31,1524.92
2790.71,2843.23
-3521.83,2520.76
4079.56,1693.32
-5723.28,403.684
4540.61,1076.3
-4672.03,884.998
5362.76,987.294
-4390.77,-1749.67
4097.4,-2413.48
-3098.94,-3306.98
2669.14,-2143.82
-1327.16,-899.162
857.001,-493.286
-1026.42,753.793
-394.231,2362.2
-204.49,4345.61
656.978,3571.46
-360.478,1955.37
134.786,-2282.98
-1285.46,-3585.61
2356.38,-3655.72
-1195.41,-3441.86
2487.27,-2339.79
-3246.07,-1556.02
3721.23,1619.45
-4780.35,3671.98
3954.33,5949.9
-4729.42,5014.35
2761.53,4316.13
-4220.67,2489.71
3355.07,1485.18
-2709.14,-239.8
2563.71,-2431.97
-1325.6,-3970.97
862.921,-4584.31
339.89,-3614.87
1618.02,-3249.93
-689.086,-2933.51
1070.8,-2426.72
-1681.19,45.3658
928.411,2565.57
-1173.19,3764.73
1623.31,3101.2
-3395.21,1665.65
3167.57,813.747
-3383.48,309.666
4030.67,60.2077
-3589.27,-1814.93
3581.38,-1884.68
-4694.2,-1258.85
4242.76,2080.58
-3739.64,4155.77
2818.45,5269.52
-3133.66,3845.72
1405.05,2404.33
-619.997,-515.178
2564.41,-4359.31
-886.62,-7408.29
1095.74,-8845.4
435.478,-6251.57
677.576,-2948.97
-7.70441,750.624
488.25,2960.28
-2020.63,5150.42
505.137,6655.15
-1889.06,6770.57
1716.88,4428.1
-2513.61,-359.738
2047.91,-3156.5
-2063.02,-5380.24
3331.12,-4099.26
-567.605,-3661.07
1014.66,-2863.95
-1088.45,-1166.95
796.295,1202.58
-741.985,3388.02
-209.048,4250.09
-187.313,4213.03
-1201.11,2570.95
136.41,1826.63
9.72412,-245.905
1023.68,-2320.22
-433.538,-4245.4
539.982,-4742.31
74.9518,-2910.67
600.789,-1141.33
698.411,396.48
-1016.99,892.499
-462.835,1986.24
343.222,3021.85
383.565,2072.04
-202.847,-273.219
-727.933,-1661.38
-114.139,-1255.39
-672.329,287.469
1666.57,1670.67
-1148.23,1314.37
681.045,530.115
-1951.29,965.416
1018.48,2429.88
-933.503,2564.74
1295.67,1128.91
-2046.57,-1315.6
166.558,-1277.98
420.2,-509.306
841.72,367.935
982.32,-1708.5
-1180.21,-4345.94
1130.17,-4480.72
-1467.45,-2762.34
1885.51,790.942
-802.3,1392.46
662.828,1720.45
-1606.19,1171.67
-298.61,2767.03
330.721,3566.41
-798.718,3165.16
594.849,1254.31
-2420.51,-852.742
2909.45,-590.238
-2404.93,-1275.17
3948.78,-826.318
-3358.02,-2390.93
1892.62,-884.582
-2716.99,890
2169.77,3064.56
-1086.3,3453.34
375.513,2105.21
-497.792,440.504
-564.912,-713.952
1838.11,-1442.49
-705.511,-4108.64
1361.57,-5393.43
-1393.33,-5390.61
1613.57,-1676.51
358.914,756.744
-110.261,2481.31
804.129,1957.86
-3433.47,1522.12
2149.51,3126.69
-2873.9,3733.48
4243.9,2494.32
-4376.15,-1135.05
4329.51,-2206.08
-5234.05,-2525.52
5771.96,86.2255
-4096.43,-218.71
3989.84,-309.892
-4818.83,-566.476
2732.61,2315.33
-1871.95,4767.16
1115.16,4768.77
-223.412,1918.86
-1002.24,-2187.73
727.307,-4120.54
147.791,-4883.86
2410.46,-4330
-1500.59,-4810.64
1439.97,-3153.14
-889.826,-1584.69
95.794,2126.51
942.868,3778.9
-2324.7,4224.76
841.205,4404.3
-2534.03,3255.96
3019.79,2202
-3217.47,-1238.2
3196.09,-2374.41
-3509.38,-3067.46
3214.14,-791.85
-1690.48,-76.4001
1618.81,917.267
-1459.05,392.237
-188.962,1256.23
331.204,3163.34
-1699.14,2863.96
2533.22,2267.03
-3339.23,-702.875
2271.77,-1536.62
-1864.84,-2228.29
3055.34,-1694.62
-659.268,-3722.68
781.033,-4598.35
-486.782,-4170.81
-555.836,-1180.25
1318.47,2700.55
-2226.25,4206.19
2350.42,4696.73
-3889.88,3094.27
3563.05,2263.24
-3130.61,-444.282
3560.24,-1972.14
-2713.66,-4807.73
2138.94,-4494.31
-1021.63,-2905.05
945.569,339.563
586.862,3000.96
-1728.43,4055.73
8.73651,5922.18
-1365.94,5262.88
1284.93,3697.71
-1155.36,-512.864
977.997,-3163.33
-769.264,-4917.65
1570.32,-4113.51
797.311,-3642.57
224.162,-4020.84
1857.25,-4085.82
-2981.78,-2470.64
3032.93,1828.5
-3096.34,3762.02
4348.96,3963.93
-4811.45,863.739
2566.26,-305.426
-2754.71,-174.563
3290.4,1124.07
-1140.01,-819.047
743.899,-2477.02
-334.403,-3379.77
-876.294,-992.676
2204.3,1960.69
-2411.32,3089.23
3049.8,3511.55
-5959.83,2437.11
4518.66,4039.14
-3914,2679.58
4956.84,1073.47
-4323.65,-3678.23
3772.48,-5549.23
-2689.01,-5752.29
4090.53,-4332.9
-1071.3,-3898.6
475.836,-2982.24
-198.51,-323.069
-607.167,2331.82
747.747,5321.99
-1481.43,4714
-114.271,4085.58
-1936.39,2469.01
1081.55,1687.43
-292.383,544.593
930.674,-2143.48
324.849,-4729.9
-1335.88,-4291.33
892.896,-1307.15
-441.976,1521.46
1205.54,3287.37
-2149.83,2374.3
1398.78,2134.63
-1680.58,1588.03
1661.27,559.147
-344.846,-2138.72
296.347,-4895.39
-213.078,-5678.02
1152.94,-4178.58
-112.522,-1555.74
1367.79,760.411
-1958.46,3356.73
-630.075,5073.34
-1248.65,6624.72
1451.03,5876.44
-2093.35,2649.4
1834.7,-899.31
-2984.21,-2637.32
4331.3,-3081.86
-2287.24,-4988
4172.67,-5659.84
-4820.63,-5220.59
4370.2,-676.037
-3587.68,3560.38
3777.63,6398.83
-4097.73,5107.54
1254.92,3749.32
-2812,2281.02
2120.79,1642.78
-431.027,-958.278
854.075,-4403.44
-528.677,-5519.24
251.446,-4897.52
702.854,-1338.56
1731.09,-309.573
-1650.22,12.9001
1203.89,-329.005
-3514.98,2151.49
3730.15,4523.18
-4452.98,4118.82
4919.05,2365.53
-6274.11,-1491.11
5993.07,-1598.08
-5880.64,-2242.32
8335.79,-1597.88
-7694.76,-3205.78
7000.1,-2179.83
-7965.91,-223.004
7086.46,3815.92
-6394,5551.9
4664.18,6077.52
-6107.09,4763.59
3086.49,4038.26
-1968.35,1420.06
3307.55,-3074.83
-1592.87,-8070.13
3244.55,-11099.9
-2636.82,-9091.66
4260.29,-4799.11
-2564,30.6449
3107.18,2259.28
-5458.77,5016.22
3641.48,7943.49
-6365.59,9858.31
6390.61,8713.62
-7313.59,2011.42
6746.12,-2857.49
-8566.43,-6775.76
9698.14,-4493.35
-8723.81,-2836.36
9684.62,88.0428
-9190.17,814.025
7647.75,2567.49
-7952.61,2943.16
7334.57,3896.16
-6673.4,1574.8
6064.37,-1621.09
-6268.14,-4177.97
6321.78,-5017.69
-3913.76,-5103.68
6161.03,-4485.03
-6464.24,-2924.93
6067.04,171.513
-6101.58,3180.94
5969.26,4832.72
-7541.71,4785.93
6111.66,4827.91
-8348.35,4347.14
8627.62,4038.87
-8938.22,360.47
9463.8,-1991.6
-9375.8,-4961.61
9352.39,-3834.6
-7592.68,-3522.5
10030.2,-2022.05
-8595.79,-2740.09
6699.95,-632.115
-6791.96,1560.23
6043.51,4789.29
-5214.56,4314.45
4351.93,1981.17
-5496.07,579.767
4263.69,-207.83
-3449.52,96.5597
5679.02,-2580.82
-3965.89,-6153.68
4422.55,-7328.82
-4735.53,-5141.53
5772.17,-10.1494
-3892.12,2458.41
4389.26,3009.35
-6250.55,1805.46
4774.41,3546.89
-5176.8,3725.29
5999.82,3274.62
-5876.55,307.871
4310.95,-2048.25
-4771.37,-2103.06
4787.1,-512.777
-2873.53,591.528
3746.52,155.449
-5115.93,-14.1132
4040.84,1248.14
-4567.11,2254.08
5533.24,2127.06
-5519.92,-491.718
5598.7,-2733.18
-5911.52,-3800.94
8055.45,-3521.81
-5700.1,-5162.65
6363,-5313.54
-6780.47,-4391.27
6788.46,-209.671
-6699.86,2954.64
7589.91,4954.68
-8463.89,4368.79
5180.89,5170.24
-6759.32,5163.56
5869.17,4995.07
-4961.32,1159.01
4756.99,-2642.23
-4635.89,-4741.53
3891.12,-3463.85
-2330.02,-982.56
4744.44,-686.524
-3903.55,-2506.73
2910.64,-2636.74
-3646.63,99.2784
4418.28,2528.17
-3205.68,3100.04
2886.62,999.097
-4974.73,-1092.08
5350.72,-1013.25
-4253.91,-1610.87
6373.28,-2014.39
-6074.52,-3580.51
5641.25,-2297.29
-5865.83,-758.963
5933.53,2090.53
-5109.24,2761.55
4729.9,2875.37
-5939.73,2313.73
4293.73,3363.51
-2898.9,2206.74
3356.47,-729.297
-3150.27,-3931
1919.82,-4313.42
-2031.62,-990.224
3609.97,1309.7
-2803.81,2046.74
3030.5,348.152
-4504.44,-325.585
3577.59,1324.98
-3455.86,1769.19
4477.27,787.771
-3731.51,-2690.51
3720.03,-4554.86
-3843.96,-4883.85
6007.49,-2676.13
-3577.82,-2818.83
3420.28,-1976.94
-4940.01,-151.498
2954.91,3750.96
-2879.32,7470.87
2560.53,7017.07
-3094.06,4509.11
633.866,2073.61
-1459.2,158.06
2648.91,-1553.79
-1739.1,-4141.4
2566.35,-6053.75
-2504.68,-5120.48
3787.73,-2314.04
-2735.98,813.21
3847.28,2462.77
-5503.97,2336.08
3828.64,3302.3
-4251.81,2849.03
4592.67,1651.21
-4026.07,-1184.15
3202.89,-2160.59
-2947.79,-3418.23
4222.05,-2685.55
-2593.23,-3144.34
2752.67,-3160.35
-2636.79,-1325.2
2051.78,1473.74
-1741.42,4369.2
1937.05,3746.98
-2711.08,2499.71
1800.03,682.89
-3771.57,814.63
5009.53,988.758
-3802.65,-986.65
5241.89,-3201.98
-5853.15,-5160.41
6634.95,-2658.89
-5750.28,-1036.63
6817.23,1155.95
-6306.17,530.462
4309.84,2159.99
-4622.45,2793.12
3803.33,4134.85
-2454.93,2754.24
2376.22,-941.842
-1495.13,-4037.59
-42.1577,-4806.55
2053.16,-3187.18
-611.871,-2465.46
1781.3,-1407.74
-2503.28,-767.329
2459.35,1634.42
-1342.25,2115.78
1323.97,2365.99
-1268.49,480.78
-576.425,-446.475
1236.25,-251.085
-975.216,-605.075
2038.19,-1135.15
-1567.1,-1773.08
1548.85,-503.557
-1615.93,-202.154
2535.26,980.699
-1482.84,-424.027
872.076,-966.289
-1079.44,-802.637
266.552,1279.61
1237.61,2393.87
-1623.23,940.719
2110.52,-212.252
-2731.66,-1879.48
3833.04,-1674.5
-1953.92,-3007.76
3428.92,-3628.48
-3172.74,-4082.49
2881.69,-2178.84
-1701.16,52.3619
1392,2552.31
-799.785,3248.97
-513.579,3534.45
-401.287,4090.22
-911.214,3411.81
1908.78,1650.05
-849.418,-2695.3
441.23,-4724.13
-579.305,-4529.59
1514.03,-1985.6
-66.8091,101.148
562.345,539.618
-905.846,196.691
-519.975,1568.12
1190.61,2764.56
-1089.08,1603.52
2376.1,-893.767
-3043.11,-3867.92
2754.85,-4132.66
-2480.29,-2847.23
4294.94,-924.701
-1924.82,-1499.25
874.682,-1279.61
-1765.67,356.374
671.668,4058.2
-1037.39,5607.06
883.515,4504.8
-2041.05,2446.6
-412.21,1128.88
-123.488,2154.61
1959.29,527.5
-630.07,-2666.5
1272.73,-6590.09
-1924.59,-6546.75
1874.55,-2555.21
1.56067,469.221
1664.43,2168.39
-2639.79,894.125
2166.61,835.219
-3111.01,1401.48
4260.96,1191.84
-2834.66,-1395.07
1926.49,-3398.11
-2592.8,-3397.94
2341.93,-707.961
-530.679,1841.91
1184.65,1912.22
-1980.77,1907.75
559.196,2358.25
-1766.05,3118.65
2291.39,3433.18
-3290.34,1585.12
3134.46,-561.914
-3995.25,-665.871
4695.41,-905.993
-2678.17,-2162.81
4920.18,-4268.72
-4966.35,-6573.39
5263.05,-4482.97
-4726.78,-2053.86
6497.26,792.789
-5932.69,1136.03
4313.49,2290.19
-5270.51,3378.67
5223.6,4367.24
-4836.56,2420.76
5216.32,-1243.27
-4603.47,-4367.35
3662.05,-4641.74
-2430.18,-2562.5
4732.4,-1005.77
-4212.74,-418.904
4212.07,329.028
-5780.6,2215.29
5763.86,4802.47
-5226.77,4488.05
4717.39,2780.13
-6774.9,428.657
6800.96,-177.647
-5602.57,-1622.29
7144.89,-3174.52
-6558.1,-4775.72
6252.58,-3059.39
-6436.16,-908.17
6637.58,2360.38
-5413.7,2274.05
4893.1,846.041
-5221.41,-127.125
3390.34,826.168
-2411.76,666.542
4051.74,-1566.37
-2835.75,-5468.52
2348.61,-7185.74
-3061.92,-3370.81
3995.86,1501.95
-3415.75,4959.37
3579.84,4253.13
-6600.18,3318.92
4646.49,4498.97
-6584.96,5577.15
6942.61,5598.94
-7130.22,1215.28
6542.25,-2467.73
-7957.9,-5032.54
8883.23,-3101.64
-6793.16,-2881.55
7963.46,-2242.55
-7670.04,-2636.32
6253.41,-856.366
-5231.7,1046.58
5009.39,2043.28
-4425.8,1472.82
3339.92,-2.34163
-4041.24,-137.691
4387.27,-295.287
-3662.23,-1145.63
4059.26,-1996.72
-5061.05,-1301.94
4416.83,1106.67
-5280.55,3765.99
5801.26,4874.3
-7342.63,3820.22
6286.12,3041.24
-7630.09,1756.74
8326.7,1185.92
-8260.35,-1753.16
8944.9,-3608.18
-7919.82,-5705.82
7728.07,-4239.34
-5648.55,-3167.24
6962.32,-1329.97
-5579.1,-1424.16
4034.68,48.9459
-4397.5,2182.88
3300.1,4011.48
-2843.13,4356.35
2242.41,1899.11
-3053.01,452.849
2980.48,-980.257
-3065.1,-566.152
4579.37,-1765.45
-3435.5,-3632.51
4120.22,-3934.41
-5117.07,-2618.34
6612.83,1058.09
-6081.5,2420
6702.82,2943.09
-8035.75,1257.78
6753.43,2152.98
-6344.54,1538.64
6708.58,1000.89
-5149.11,-1952.93
4278.55,-3499.49
-3137.99,-3317.9
2663.04,-1716.76
-480.025,-417.866
155.421,236.587
-756.163,1258.19
339.901,1846.81
326.461,2749.21
450.669,287.859
-755.121,-1438.62
1443.32,-3614.52
-1807.57,-3491.13
4057.66,-3095.63
-3798.6,-2752.16
5020.96,-1197.8
-5809.88,158.019
5609.08,3656.48
-5967.97,3989.54
6921.58,3584.78
-7687.19,251.053
6448.83,-413.785
-6414.09,-548.439
6104.46,516.214
-3621.34,-935.922
3727.35,-3093.65
-2910.15,-3689.41
2083.83,-2028.37
-1067.48,1358.62
1878.51,1987.6
-1417.24,896.669
487.204,-474.647
-2178.36,533.17
2620.72,2217.05
-1948.81,2618.83
2991.22,-254.137
-4566.34,-2485.15
4742.58,-2562.57
-4348.11,-2154.88
6935.32,-1401.3
-7119.1,-2411.66
7008.96,-1354.88
-7060.83,-441.214
7039.11,1895.63
-7086.75,2189.6
5783.06,3099.02
-7036.07,3217.74
4969.82,4684.21
-4698.67,3822.37
4514.76,1007.89
-3502.68,-2473.54
2769.21,-5055.24
-2339.33,-4540.1
3126.87,-3097.11
-1523.85,-2032.81
1301.12,-1570.07
-2045.08,290.764
1922.89,2789.38
-3108.26,5128.27
3907.76,4218.1
-4309.25,762.198
4352.23,-2749.51
-6145,-4113.59
7319.99,-2438.62
-6424.96,-1416
7576.83,-553.654
-8826.26,39.6042
7132.63,3502.16
-7546.74,5380.75
7945.92,6140.56
-9162.94,3050.08
7269.01,1138.32
-8335.77,186.785
7818.58,150.047
-5366.01,-2068.08
6231.75,-5053.02
-5458.75,-6646.78
5622.21,-5102.56
-4543.15,-1733.93
5303.81,561.989
-5074.37,1240.41
3573.99,2005.25
-5096.98,3383.5
5402.53,4590.25
-5439.12,3382.84
4552.1,948.771
-4884.71,-1829.48
4065.12,-2494.67
-2985.94,-2976.18
4492.55,-2525.27
-4005.6,-2133.51
2471.94,699.342
-2617.69,3875.1
1637.56,5617.75
-1475.13,4644.87
779.259,1635.32
-2809.86,651.147
1645.67,849.159
-592.953,929.129
1498.72,-1782.99
-1405.53,-4840.91
1581.18,-5403.69
-1366.85,-3532.38
2990.68,-607.372
-1375.18,-226.945
686.764,-377.707
-1808.69,-482.315
1175.01,1515.22
-720.941,2357.28
808.085,1754.27
-684.102,659.438
-1315.36,-52.1401
1588.01,525.576
-1590.89,643.291
3049.02,-547.564
-3622.97,-1713.27
3612.65,-748.167
-4957.98,1602.62
5211.71,3978.43
-4882.6,3201.72
4407.04,1416.27
-4717.42,-918.344
3698.34,-209.141
-2954.46,12.1055
4635.86,-909.075
-2832,-4681.84
2735.88,-6738.98
-2497.12,-5018.17
2164.88,-539.685
-143.203,3207.07
65.8497,3287.84
-1781.02,3227.32
-139.608,3114.97
-729.325,4480.27
1988.33,2944.79
-2162.37,-861.066
3347.25,-4938.09
-4721.35,-6196.56
5838.58,-3913.47
-4632.72,-1783.5
6242.21,40.1454
-7708.17,1071.73
6724.81,4023.09
-7930.74,5485.99
8152.68,5989.2
-8506.57,2211.32
7572.87,-1304.24
-6595.99,-4726.09
6795.77,-5324.72
-5018.83,-5251.35
5877.41,-4196.32
-4610.72,-2372.67
4847.53,-582.534
-4363.29,1398.26
5158.7,2333.95
-6176.6,3178.7
4933.29,3420.92
-5992.78,3384.05
7291.12,1279.63
-7402.35,-1868.41
8185.13,-3352.95
-7685.66,-3959.57
9387.67,-1808.19
-8900.09,-1724.37
9438.29,-354.236
-9289.71,-257.948
7265.74,3175.76
-7194.81,5458.45
6333.68,6749.96
-5785.56,4434.12
4381.9,441.912
-3528.32,-3446.11
2959.64,-5548.32
-617.471,-5591.28
1589.77,-5834.6
-425.089,-4203.65
1501.12,-2823.23
-1123.93,-236.947
1856.39,1134.97
-3051.18,3158.85
2705.46,4093.03
-5450.61,4271.17
5624.91,3775.93
-6501.29,1272.14
7347.65,-1167.45
-7341.86,-3821.27
8077.66,-2998.18
-8268.78,-2915.22
8549.11,-401.316
-8176.58,99.135
6460.01,2542.48
-7593.09,4886.8
6100.22,7341.07
-5099.06,6062.65
4615.12,1147.25
-4441.67,-4100.17
4002.03,-7629.17
-2692.13,-7449.13
4503.52,-6373.05
-2335.46,-4707.41
3636.72,-3207.91
-5024.77,591.705
4607.86,5302.65
-5956.56,8223.85
6319.79,7683.45
-7198.81,2768.73
5479.86,-198.478
-6894.71,-1817.65
7944.55,-976.852
-5647.4,-2901.61
6226.36,-4334.36
-5529.66,-5134.19
5389.18,-2173
-3233.29,478.904
3523.08,2349.8
-3041,2325.12
928.231,1656.09
-1478.24,2863.89
644.642,2920.95
109.955,2402.1
326.783,-22.0401
-1062.4,-1656.93
2159.87,-3478.13
-536.133,-4406.43
3119.23,-5846.19
-2821.41,-6021.2
2578.51,-2568.02
-3383.19,2040.77
4857.21,5649.42
-4919.79,4620.86
4323.57,2917.14
-5095.56,629.546
4396.11,508.983
-3533.16,-902.233
4396.38,-2810.41
-3759.62,-4971.55
3079.42,-4236.39
-1838,-884.973
2061.26,2610.85
-407.818,3594.58
306.383,1941.82
-1585.65,308.778
22.0721,-2.13406
571.384,968.99
1042.26,-425.036
-727.665,-2118.58
1813.84,-3949.59
-2459.65,-3109.71
3789.75,-1211.74
-2759.06,-378.789
3728.11,-450.862
-4873.68,-535.25
4369.23,1953.52
-4885.1,3284.16
5926.25,3864.64
-5544.84,670.073
4438.36,-1198.71
-4468.55,-2648.1
5209.44,-2057.79
-2630.01,-2777.41
2675.98,-3640.08
-2765.84,-1982.32
1675.45,928.446
-1950.36,4865.51
1983.83,5902.87
-2049.32,4092.55
259.037,1874.14
-1737.59,1076.14
2953.96,-498.169
-1997.48,-3020.56
3551.85,-6298.57
-3860.65,-7605.7
5068.98,-5044.87
-3639.02,-2231.96
5913.12,104.297
-5395.89,-287.627
3399.49,1370.21
-4495.35,3707.13
3745.27,5680.94
-3560.69,4486.75
2551.76,2669.51
-3197.1,-121.905
2254.42,-809.7
-374.462,-1010.87
624.161,-2588.14
-215.817,-2702.44
-1104.3,-1463.99
562.924,2271.74
121.72,3990.94
-113.037,4181.94
-773.793,2786.01
-876.849,1216.3
1234.61,-388.517
313.898,-3250.8
1870.2,-7332.08
-1820.01,-9341.4
2882.69,-6755.52
-2706.13,-2077.89
3905.38,2480.1
-3611.71,3835.36
2687.54,4209.34
-4660.48,4335.55
2642.4,5796.55
-2433.37,5133.2
1903.46,2166.44
-1719.31,-2873.67
752.324,-4790.99
312.407,-4464.35
1085.94,-2808.56
1321.18,-1360.54
-1795.17,-1045.98
685.89,1382.35
-1597.22,3259.1
1085.68,5650.17
-329.392,4002.96
-232.388,1386.16
-1126.48,-510.233
965.779,-1813.28
565.507,-2745.05
1129.94,-5377.37
-271.992,-6081.82
16.2133,-4792.88
1182.02,-974.245
670.733,1477.73
-1075.38,2435.21
324.751,2248.4
-2372.27,2682.82
1928.74,4371.54
-2899.78,3584.63
3488.28,2315.4
-4707.42,80.0268
4018.83,-1047.01
-4367.76,-611.728
5268.2,-464.652
-4431.69,-1559.81
4521.75,-1914.51
-5090.67,-1841.7
3810.67,1697.91
-4040.83,3666.66
3660.48,3800.52
-3197.03,1214.6
2702.97,-1739.34
-2585.85,-3803.27
4140.24,-4752.77
-2766.69,-5058.26
3290.01,-5467.07
-2981.52,-3813.76
2346.94,-607.635
-3761.15,4944.61
4114.64,8201.7
-5564.4,8367.97
4435.92,6693.68
-6846.67,2478.82
6804.91,-98.2639
-6435.94,-3706.19
6688.07,-4540.43
-5816.22,-5333.97
6160.39,-2761.46
-4323.43,-928.075
3762.13,1475.99
-3097.22,2243.94
2483.41,2668.13
-2713.02,2461.27
970.183,1176.69
-296.287,817.001
145.342,-1274.98
-527.568,-1583.24
2001.62,-2978.53
-1283.73,-2858.49
3118.75,-3415.77
-3203.98,-3158.67
4235.71,-1559.99
-5511.9,297.652
6039.2,3221.65
-7747.03,4213.94
7249.17,5938.56
-8532.81,4678.74
7382.02,4421.38
-7039.86,571.079
7468.37,-2161.23
-7061.15,-5286.12
5897.1,-4811.1
-4490.25,-2627.62
5601.39,-1125.18
-3588.59,-960.498
3074.5,-852.458
-3839.15,877.295
3051.87,2583.1
-2766.38,3475.28
2655,1214.37
-3196.99,-1275.92
3421.9,-2636.4
-3787.45,-2197.49
6192.14,-1417.58
-5342.63,-2256.44
5968,-2764.12
-7751.65,-1815.72
7772.56,1776.55
-7219.22,3762.74
7686.18,4964.72
-8918.46,3093.27
7027.68,3262.6
-7560.43,2223.44
7853.62,1145.52
-6658.67,-2446.55
6605.39,-4328.12
-6260.73,-4199.96
6293.99,-1916.93
-5223.44,632.186
5404.75,1416.93
-5600.54,1298.91
3521.71,1931.09
-4060.47,3092.74
5313.64,2272.19
-4308.17,-1343.38
5722.66,-5991.17
-6604.73,-8004.27
7521.26,-6090.94
-5443.99,-3881.55
6817.51,-861.554
-7513.33,924.624
6093.68,4590.48
-6603.66,6932.92
5419.6,8145.12
-5843.57,5343.37
4327.46,2296.19
-5126.12,-1324.59
4358.6,-2207.99
-3007.38,-2343.05
4002.68,-3114.65
-2596.19,-2639.93
2224.73,-2386.28
-1761.3,-319.395
3390.72,566.938
-3986.2,904.017
3402.56,856.522
-4468.52,1160.43
4627.15,1835.62
-4515.42,347.39
5987,-1530.39
-5518.11,-4411.29
6948.63,-5036.21
-6527.67,-5157.27
7164.9,-2708.52
-5760.49,-1426.09
5293.59,1121.69
-6672.17,3892.42
5576.58,6859.4
-5256.35,7399.83
4109.07,5325.49
-4212.49,1016.02
3110.29,-2083.42
-2656.32,-4114
4218.21,-4916.81
-3010.09,-4263.77
3526.17,-3140.73
-2655.01,-788.233
3022.6,1408.96
-2171.68,1789.62
2868.93,1378.73
-3755.68,359.522
2650.53,88.4552
-2515.27,340.798
3863.46,-610.836
-3164.43,-2843.05
3318.5,-2798.32
-3767.96,-1651
4580.09,644.568
-3014.2,1017.47
2771.71,-208.826
-3588.98,-534.006
1759.39,2043.47
-2423.38,4555.52
2722.53,5463.31
-1738.79,2073.38
1142.65,-2155.77
-2052.24,-3624.68
1760.54,-2771.67
-76.4401,-1281.83
1910.42,-2254.37
-1808.29,-3596.1
958.83,-2679.58
-1506.62,1078.16
2176.77,4281.93
-2017.57,4456.48
1150.44,2414.13
-3100.39,53.4762
2844,-463.828
-2162.72,-1196.7
3586.55,-1828.89
-2622.5,-3816.69
2511.68,-4261.48
-2055.86,-3105.36
2905.13,-1024.94
-2184.88,870.174
1681.62,2455.48
-2662.93,3774.91
1289.59,5038.75
-1490.06,4687.84
1270.61,2512.26
-2166.27,160.612
1900.77,-1599.38
-1012.54,-2487.96
2393.4,-3297.4
-1312.79,-4261.84
1950.11,-3575.38
-2136.37,-1518.34
2362.67,1317.04
-1271.65,2441.13
1422.98,1917.99
-1615.31,373.453
735.044,77.7244
-655.549,-291.314
2394.3,-1667.62
-726.19,-3941.75
213.187,-4914.27
418.796,-3258.22
268.186,-165.793
1301.09,1790.39
-834.828,1686.21
-792.07,2364.5
-427.85,3192.33
-162.588,4675.29
1080.65,3600.19
-1650.34,935.601
1956.39,-1864.54
-2302.28,-3310.84
3949.27,-3407.95
-1917.09,-4018.19
2590.75,-3378.56
-3315.94,-2322.44
4381.59,601.604
-3484.22,1322
3772.43,1960.88
-4082.4,1136.67
2573.46,1212.87
-1307.38,360.437
2163.12,-1843.2
-700.173,-4458.46
231.551,-5242.11
300.332,-2590.77
-39.602,541.438
198.573,3467.82
317.103,3439.98
-1407.12,2762.95
520.52,2182.12
-1459.09,2991.3
1462.51,2693.43
-1974.64,731.933
1924.76,-1243.93
-2507.35,-3046.74
3305.58,-2248.68
-2297.29,-1809.21
3924.37,-1266.99
-3219.38,-2516.55
2922.53,-2422.59
-2598.65,-2140.67
1033.68,344.925
-420.091,2660.43
191.159,3277.6
-1043.03,3476.38
246.84,1824.42
-254.071,576.086
1181.68,-2055.49
-1508.06,-3516.24
2223.11,-4273.85
-2628.16,-2727.38
3664.35,-483.306
-4321.63,1975.26
4525.83,3866.28
-6350.88,4310.68
6535.79,5103.52
-7940.02,2301.79
7636.9,1269.38
-7166.22,-2279.32
6957.62,-3543.02
-5126.95,-5250.12
5844.54,-4571.43
-3757.73,-4128.89
2772.31,-1471.48
-2691.89,2185.72
2137.64,4192.25
-1634.14,4847.13
974.446,2476.54
-1315.55,1149.64
737.346,-862.791
-532.1,-1238.22
2650.19,-3553.24
-2336.24,-5322.97
3808.17,-5127.62
-4338.03,-2637.63
5891.08,1649.21
-4521.12,2211.35
5884.51,2099.2
-8225.02,634.684
6560.25,2340.18
-6530.62,3510.63
7401.55,3501.39
-6122.5,-472.25
5509.33,-2823.59
-5325.38,-3589.9
5581.23,-1847.01
-2878.31,-1257.87
3224.61,-2070.8
-2595.79,-2527.42
792.347,-326.352
-250.344,2932.54
2234.27,3317.04
-1518.18,1209.89
1430.64,-3378.6
-2014.39,-4299.41
3309.54,-4037.06
-1404.99,-3509.2
3225.08,-2994.54
-3855.27,-2189.19
3966.38,794.354
-4249.77,3443.03
4478.31,5751.89
-4998.68,4319.2
4225.29,3218.67
-5966.88,1208.64
5503.05,1037.86
-4282.33,-274.29
4580.5,-2367.96
-3210.34,-3888.83
2400.12,-3563.09
-1565.75,-1582.79
2694.06,200.134
-2095.24,358.226
1912.46,-443.589
-2414.36,-37.7012
2444.4,472.998
-2255.71,496.245
2977.29,-464.177
-3436.62,-1610.48
3362.51,-2017.31
-2730.46,-2002.33
3768.22,-1234.71
-3976.79,-595.694
3138.27,1642.61
-3876.46,2627.33
3566.13,3784.16
-2998.17,2170.52
2420.88,462.908
-3375.58,85.2764
1590.14,1381.95
-784.435,1965.5
1423.68,207.092
-1035.58,-2146.61
330.898,-3360.52
501.64,-2030.07
1636.31,-1452.27
-192.791,-2195.61
-265.638,-3382.89
-1110.8,-2016.89
881.116,1610.12
-333.855,3917.89
1046.68,4042.83
-368.75,1253.51
-1328.61,-440.59
418.012,-736.349
103.251,-450.39
1963.67,-1974.65
-2150.22,-3502.61
2027.41,-2472.43
-3379.53,1240.28
4351.83,5301.84
-4184.37,5038.05
3864.34,2803.54
-5764.66,-309.852
4611,92.6931
-3256.56,-463.025
4080.26,-1223.6
-2540.96,-3871.36
2029.56,-5211.28
-1822,-3911.49
2178.83,-786.157
25.9508,950.283
-566.827,939.679
186.561,1277.17
-1124.08,1027.74
1071.79,1970.37
-611.755,734.743
-499.984,471.308
330.288,-317.856
-677.418,-299.238
2931.79,-836.302
-3289.99,-2029.27
4235.79,-2083.65
-5508.59,-562.116
5458.31,2256.67
-5973.15,2824.39
6990.57,3041.01
-7722.94,542.396
6481.71,1257.64
-6672.3,1346.17
7255.7,1081.53
-5261.92,-2493.4
4894.83,-5594.77
-4481.18,-6025.77
4998.07,-3221.22
-3948.96,752.708
4618.67,2177.02
-4872.51,2445.81
3207.67,2143.49
-4398.6,2980.18
4209.42,3701.55
-3934.55,2156.13
4365.85,-502.123
-5318.85,-3421.5
6074.65,-4182.61
-3728.32,-5356.32
5397.49,-4771.97
-4952.54,-4012.47
4737.48,-692.977
-4576.34,2863.51
3888.23,4989.67
-3866.88,5149.32
2095.73,4398.28
-2652.29,3244.26
1888.07,2190.53
-681.937,-780.318
1174.05,-4168.66
-1070.38,-5401.8
741.972,-4356.12
629.339,-1220.66
1181.03,745.318
-790.482,1038.25
548.589,612.133
-1863.06,1794.7
1778.46,2207.63
-729.711,731.59
2116.91,-2581.92
-1972.26,-5642
2448.87,-4999.05
-2670.66,-2283.88
4534.64,896.506
-4085.77,1520.8
2363.09,2475.55
-3527.33,3735.66
2720.14,5826.34
-2458.59,5195.47
2689.55,1813.78
-3625.47,-1655.15
2619.25,-3792.44
-2152.66,-3480.39
3868.31,-2657.65
-3338.45,-2087.14
3360.19,-673.777
-3053.09,477.567
3235.6,1356.79
-2064.54,206.055
1988.58,-1278.37
-2578.1,-2669.62
2070.69,-1219.42
-641.39,-997.086
1434.8,-1246.05
-931.414,-1219.29
-581.355,-306.397
1190.89,2073.04
-1528.94,3107.94
1707.92,3019.47
-3882.92,2181.28
2093.47,3373.17
-2188.11,3747.72
2185.69,3075.12
-1868.89,94.2232
770.532,-1666.98
-1132.57,-2017.8
1080.54,-1587.73
2227.99,-2984.03
-1348.43,-5169.79
1936.38,-5901.24
-2551.98,-3519
2749.88,1550.23
-1662.99,2618.36
2347.14,1983.49
-3656.78,-140.662
1109.34,1474.81
-822.534,3642.62
260.453,4591.29
1071.65,1510.06
-2652.35,-2352.57
2882.3,-3810.79
-2721.98,-3308.65
5364.46,-1037.63
-5592.99,-1166.78
5705.38,250.52
-7312.5,1417.92
5397.79,4784.78
-4669.06,5695.2
4145.36,5291.32
-4495.24,1996.94
2359.13,172.267
-1341.55,-1727.19
1878.48,-4367.38
327.659,-6424.94
-394.292,-7268.52
1087.24,-4026.96
-169.468,-426.863
883.678,2971.37
-824.519,2724.27
-1143.39,3193.53
-433.031,3560.04
-1810.78,4749.12
2890.98,4028.21
-3106.82,10.4631
3915.72,-3593.01
-5183.31,-5769.42
6247.06,-3817.95
-4870.27,-2580.14
5559.92,-603.547
-6018.14,-24.5185
4398.72,3025.64
-4921.85,5500.24
3982.41,6772.49
-3475.96,4427.49
2007.42,481.117
-2473.95,-2392.19
1887.6,-3757.7
-475.879,-3533.39
2333.77,-4324.54
-1781.23,-3710.58
1177.77,-1737.91
-1351.2,1801.2
2346.42,3837.01
-3589.17,3984.4
3329.01,2649.01
-6099.56,2125.01
6345.4,2092.09
-6030.61,-64.3366
7748.46,-2529.18
-8388.85,-5352.8
7775.42,-3354.64
-7765.17,-781.742
8916.03,2114.76
-7681.29,1194.28
6215.27,1068.89
-8413.62,2076.72
6514.17,5854.86
-6763.45,6875.14
6045.09,3883.73
-5653.01,-1095.86
4091.43,-4667.03
-3380.35,-4674.14
5153.51,-3870.99
-3282.2,-4064.13
4438.93,-5377.32
-5268.96,-4629.25
4738.59,-440.347
-4959.27,4397.34
5684.53,7067.32
-6496.9,5533.98
4382.92,3563.85
-6438.25,1646.33
6410.79,712.929
-5468.27,-1461.54
5816.59,-2951.95
-6139.63,-3748.83
5762.58,-1207.34
-5114.28,1339.63
5156.42,2783.84
-6012.67,3361.65
4653.86,3383.43
-5160.02,2932.16
5908.77,940.528
-5287.92,-2495.63
5319.11,-4787.87
-5499.31,-5458.45
6279.79,-3580.94
-4393.26,-2474.57
5390.66,-1565.38
-6519.4,72.0872
6263.05,3050.54
-6307.41,4236.33
6479.12,3600.3
-6931.39,701.697
4751.44,-348.041
-4504.69,-490.25
5266.22,-107.67
-4128.37,-1012.74
4716.15,-2412.23
-4441.07,-2799.9
3878.44,-534.432
-4388.94,2175.24
4938.88,3591.72
-5403.47,3578.91
4046.22,2481.58
-5680.72,2920.52
5470.82,3153.1
-5173.02,1298.87
6097.76,-1708.95
-6407.6,-5749.68
7653.95,-6350.17
-7072.11,-5381.76
8295.76,-2750.17
-6966.88,-1444.7
6904.56,412.711
-7947.78,1334.97
6679.95,3838.37
-6796.68,4874.43
5172.66,4810.55
-5722.86,2918.81
3906.89,1092.1
-3860.64,-606.843
4950.34,-2620.89
-3726.98,-4543.1
3629.11,-4611.04
-3004.94,-2834.1
3156.94,-507.231
-3274.21,2130.27
2472.98,3841.4
-4226.72,5242.44
3037.91,6255.17
-3997.25,5401.2
4421.73,2060.11
-4628.95,-2951.7
5401.31,-6260.88
-5231.28,-7514.97
5972.62,-5373.44
-3239.42,-3805.99
4192.24,-1667.2
-4475.66,-155.712
3429.95,3344.26
-3392.45,5588.48
2380.77,5762.96
-2476.9,3325.57
1554.17,-183.022
-3072.67,-1091.05
2346.49,-558.517
-1706.56,985.301
3402.21,-478.797
-4133.4,-1214.31
3962.59,-1147.21
-4867.59,247.477
5939.54,2607.72
-6699.7,1849.29
5901.8,1601.68
-7859.7,785.279
8048.73,1672.13
-7242.91,-322.57
7663.38,-1558.66
-6473.38,-4546.32
5866.45,-4961.07
-4985.8,-4376.71
5543.51,-2843.04
-3637.66,-1566.05
1070.89,864.759
-1924.7,4877.59
80.2014,8120.15
-25.9201,7838.66
-830.633,3726.87
-567.409,123.514
-1305.26,-2282.59
2024.1,-1895.19
22.468,-3193.78
1008.03,-5037.23
-400.439,-5467.45
3.31418,-2654.98
432.288,1514.59
-142.441,4686.29
-119.845,5388.93
-2179.11,3975.56
91.9616,4099.87
-473.333,2908.95
1707,535.873
34.1144,-3996.69
-429.144,-7085.08
903.482,-6833.26
-69.9295,-4309.66
2169.29,-1463.73
-2538.59,747.152
881.496,4310.48
-1509.82,6403.81
1518.39,7125.61
-1698.42,3691.6
323.676,-167.604
-693.545,-3279.34
-173.532,-3873.26
1666.27,-3132.3
-847.337,-2609.77
2182.43,-1627.83
-3763.18,435.291
3305.97,3933.09
-3568.22,4822.99
3793.1,4135.38
-4776.27,378.795
2590.62,-865.701
-2162.54,-1231.7
2751.16,-1073.23
-807.667,-3051.21
1722.28,-5513.62
-953.719,-5779.35
35.1079,-2986.49
-415.931,2197.26
951.996,4735.46
-1369.7,5557.84
-309.952,3733.83
-1459.48,3242.38
2178.09,2079.85
-2261.1,-47.5495
3101.79,-2678.05
-4175.09,-5161.67
5621.53,-4666.08
-5235.83,-3304.33
6860.29,-244.899
-7712.89,2330.4
6464.23,5949.49
-7568.71,6209.73
5706.62,6319.14
-5535.48,2846.64
4128.1,115.69
-3710.92,-2629.84
3602.98,-3571.6
-801.042,-5253.84
1213.6,-6624.07
-552.763,-5562.16
-35.3337,-2502.14
441.793,2965.03
234.058,4467.74
-311.617,4943.03
-1583.42,2795.19
-1015.05,2704.86
1119,2377.58
-2659.73,1199.42
3921.8,-655.901
-4085.14,-3504.5
4306.71,-3071.7
-4586.91,-2281.11
5839.91,472.639
-5113.39,-87.2661
5109.09,-404.003
-6623.97,-80.8229
4119.4,3305.44
-3585.02,5722.25
3225.43,5503.07
-3473.5,2053.31
2148.79,-1553.22
-1513.44,-3304.2
2486.33,-4891.79
-874.881,-5113.23
1064.16,-4374.84
-1011.27,-2535.73
2303.59,-467.389
-1946.16,1543.49
2987.94,1848.36
-3757.69,2271.15
2503.45,2801.6
-3934.66,2614.99
5189.04,1585.71
-5213.69,-1366.73
5027.62,-1902.23
-5448.94,-1227.63
6166.96,1326.22
-3938.13,516.942
4103.49,-968.488
-5368.11,-2362.45
3946.47,499.202
-3320.32,3832.31
3651.41,4291.94
-2611.5,2034.95
2271.1,-1911.96
-2816.87,-3526.15
3120.37,-3278.76
-1262.61,-2710.96
3099.74,-3813.38
-3157.98,-4199.5
3039.2,-2254.05
-3408.66,1092.67
4870.24,4003.19
-5587.01,3964.18
4554.99,3084.7
-7023.05,2123.91
6085.31,2861.86
-4383.4,506.601
4560.76,-1619.89
-3721,-4567.26
3892.17,-4952.64
-2922.97,-3820.68
2988.44,-1223.98
-1781.61,387.79
-235.149,2527.49
-744.037,5401.68
-455.692,6659.5
800.69,6095.89
-1244.32,1350.54
818.798,-2177.45
-1682.82,-5016.43
2404.85,-5323.46
1038.5,-5607.68
-268.954,-5850.46
1245.69,-4259.81
-1427.64,-246.853
763.25,4608.17
-1974.33,7168.67
2237.94,6906.93
-3999.48,3507.91
1747.44,2169.11
-2769.53,1462.95
2723.38,1251.25
-692.499,-1880.02
1232.24,-5650.89
-1624.03,-6717.53
960.303,-3311.52
699.448,1357.02
-1233.59,4267.49
1216.47,4477.79
-2938.18,2994.04
1533.57,2501.65
-1897.14,1139.05
3258.91,-508.075
-2449.49,-4358.97
2172.91,-6369.53
-870.527,-6876.81
1532.86,-4591.96
683.367,-2071.7
-766.967,937.577
-789.581,4390.11
-56.1643,6136.13
-449.421,7087.71
-833.227,4396.51
-582.055,2454.7
598.523,-126.004
-446.783,-2070.64
3153.81,-4811.29
-2429.9,-6667.49
3468.66,-5685.3
-4257.12,-2420.47
5148.84,3372.16
-5100.08,5073.86
5506.16,5772.61
-7330.38,3792.53
5542.64,3224.69
-4983.64,1513.47
6200.34,-1874.34
-4345.7,-7081.17
4718.21,-9378.13
-3480.95,-8115.94
4741.4,-3742.14
-2792.87,655.38
3167.67,2741.05
-3355.02,3287.65
1645.49,4005.77
-3169.74,4880.48
2946.58,4795.11
-3193.73,2610.28
2856.04,-942.965
-3681.27,-3094.48
4928.4,-3852.85
-2961.53,-4146.01
4591.05,-3412.97
-4579.89,-2834.98
4610.41,-185.143
-4835.82,1969.2
4346.55,4042.49
-4333.2,3574.84
2622.32,4142.68
-3204.02,2839.32
2663.82,1400.36
-1682.08,-1396.34
2217.38,-4889.79
-1556.77,-5986.63
1230.29,-5046.93
-344.191,-1207.81
2529.45,227.395
-1677.61,3.64914
1589.54,-733.086
-3941.66,1262.81
2613.58,4622.95
-3580.54,6136.61
3852.63,5299.77
-5664.23,1031.36
5313.22,-660.988
-5401.25,-1970.07
6959.18,-2211.6
-5080.03,-4498.93
4737.57,-4964.8
-5553.73,-3793.92
4295.13,924.658
-3057.09,4881.9
3297.18,6103.66
-3894.84,4528.16
1749.38,2055.93
-2085.73,-68.7405
2608.35,-2533.95
-2390.65,-4278.46
2857.54,-5152.75
-2840.34,-3189.04
3834.19,-490.367
-3280.99,1935.31
4341.77,2444.96
-6047.55,1690.08
4837.64,2587.39
-5315.23,1665.56
5567.42,1615.76
-5383.73,-762.819
4354.97,-821.691
-4753.86,-551.724
4715.19,1213.25
-3353.25,685.194
2070.41,168.943
-2175.2,264.67
244.517,1591.95
228.052,3036.05
-352.759,1647.73
1657.77,-577.55
-1747.66,-4350.13
1418.94,-4653.41
-585.476,-3444.81
2061.53,-2231.38
-769.28,-2244.91
179.683,-1490.07
-192.605,-171.752
-477.129,2706.99
1502.33,4143.75
-2745.87,3407.92
1238.36,3098.59
-2810.45,1863.56
2316.12,2252.03
-2160.14,1122.84
2005.05,465.779
-610.295,-1622.68
-18.592,-2392.12
991.8,-2909.89
-403.043,-2551.66
1279.01,-1769.48
-2412.96,-559.43
3046.2,2024.11
-3084.45,1896.74
4100.04,1912.08
-3986.16,-923.551
2678.26,-1394.56
-1195.49,-2638.73
1020.02,-2173.85
386.547,-2428.26
-502.831,-2338.61
1140.25,134.003
-2003.31,1703.84
2345.89,3952.03
-2418.62,3090.97
1814.37,2290.93
-3420.17,793.528
2372.54,1638.54
-883.767,492.801
1579,-1192.3
-458.09,-3426.18
-496.306,-4310.73
2231.3,-2413.02
-2149.18,-1403.21
4065.3,-550.05
-3811.07,-1050.09
2273.06,753.297
-2738.75,2580.35
2636.21,4467.24
-1839.48,2666.36
914.523,431.186
-1573.98,-1712.62
1186.05,-2031.54
928.666,-1743.58
452.282,-3340.63
-170.959,-3560.02
142.208,-3111.89
178.718,-152.932
1156.38,925.807
-1157.55,2028.68
220.662,2649.7
-3006,3803.84
2928.19,5311.45
-2244.21,2681.4
3634.89,-1148.29
-4240.17,-5330.58
3829.37,-4588.78
-3515.38,-2344.51
4098.37,754.917
-2672.69,691.702
1466.66,544.653
-2093.47,1692.69
1543.84,3242.03
-309.921,3456.58
-123.165,485.928
-582.517,-2622.25
-424.415,-4310.05
1047.65,-3343.2
2148.56,-3221.45
-1051.5,-2635.08
1417.98,-2262.3
-2971.88,232.396
2725.12,3190.9
-4011.76,4490.73
4275.26,4787.27
-6106.2,3231.18
5078.12,3411.7
-5350.51,2027.63
6236.74,266.518
-5934.02,-4046.14
5468.17,-5224.54
-4716.07,-5443.83
5301.12,-2299.14
-2850.77,74.4071
1242.92,2278.59
-2071.97,4260.41
-272.339,5540.67
32.6389,5557.81
-723.973,2480.13
1104.49,-696.9
-1087.28,-4331.72
1110.49,-4783.37
817.477,-5775.27
673.517,-5454.82
1166.5,-5604
-1446.84,-3521.16
1940.51,1094.63
-2463.53,4719.63
2831.13,6996.92
-4696.88,5324.55
2635.36,4545.05
-4829.1,3281.6
3991.14,3478.44
-3473.63,1494.59
3411.62,-514.55
-2396.44,-3513.44
1506.21,-4213.9
-125.668,-2991.52
1297.82,-2549.71
489.622,-2095.69
-392.281,-2327.39
-124.276,-688.844
-130.249,1361.79
233.027,3121.84
-387.409,2579.68
-527.372,1280.94
322.284,-368.146
384.346,-1731.96
523.451,-2531.69
-2.81082,-3582.05
1382.11,-3479.73
-1653.32,-2720.35
1725.45,-379.372
-1654.08,2419.41
1268.64,4589.92
-2275.18,5625.67
1100.57,5401.74
-1700.04,3501.75
2019.38,311.643
-2964.52,-1991.74
3249.53,-3239.77
-2727.29,-3331.71
4277.8,-2363.78
-3484.11,-2681.74
4649.69,-2044.62
-5795.46,47.2498
5094.62,3047.93
-6348.19,4850.21
6453.65,4816.52
-6324.25,776.718
5341.68,-1274.71
-5453.61,-3580.51
6113.45,-2911.68
-3586.75,-4212.32
3448.06,-5006.17
-3761.66,-3553.45
2755.73,414.372
-2202.39,4180.2
2157.05,6075.17
-2176.95,5220.69
-325.765,2345.61
-999.212,1594.92
553.48,-118.078
-28.7272,-1204.15
835.888,-2626.29
-2781.13,-1872.1
3053.32,741.509
-3065.34,2519.24
4823.97,2397.25
-5694.67,41.4476
4283.89,-637.255
-5494.42,-46.8826
6860.25,1027.41
-6260.54,-1255
6805.86,-2637.37
-6670.84,-4385.66
6425.19,-2194.19
-4597.62,-1229.52
5286.52,-227.098
-4531.41,-1041.53
2738.16,-540.976
-3628.26,2377.35
1898.4,5885.33
-1685.25,7250.19
416.834,5474.17
-2643.82,3749.59
1240.59,1384.84
-1013.37,289.719
2382.32,-2637.71
-2182.7,-4959.83
2879,-5638.73
-3944.56,-3802.68
4364.29,767.37
-3465.11,2083.96
4479.1,2043.41
-4634.09,-395.232
3057.31,-469.674
-3488.78,-653.765
4200.37,-168.485
-4211.03,-1087.18
2588.11,-1524.14
-2265.57,-436.347
2051.64,1525.93
-742.69,2427.65
-49.0604,1619.77
-929.046,1344.15
-565.606,807.286
-827.244,1712.16
993.648,2372.71
-1531.38,2540.83
1291.87,2052.73
-2337.91,1378.16
3793.75,-521.404
-3528.08,-2832.34
3165.34,-4028.61
-4175.95,-3126.25
4489.94,554.557
-3181.12,888.872
4315.43,1028.88
-4176.47,-1308.14
2236.66,-428.213
-2053.67,807.535
1376.19,1690.33
648.872,-390.266
-734.622,-3445.75
1135.86,-3687.72
-1873.69,-2073.29
3657.76,1631.01
-3494.9,1705.26
2074.38,2530.07
-3804.53,2259.62
1520.59,4931.27
-148.235,5567.27
299.81,3601.78
-46.3975,-43.6591
-1370.02,-3718.53
1971.22,-4454.46
-995.845,-5262.83
3895.77,-4909.04
-3016.29,-4737.96
3165.23,-1766.05
-2486.12,824.126
3136.01,3243.82
-2697.77,2327.08
798.846,1249.92
-1928.86,1731.88
958.697,2232.39
1139.83,1572.37
-408.812,-1300.71
200.541,-3553.86
-326.602,-3759.26
1403.04,-2308.58
992.998,-2309.22
-187.921,-1816.53
-84.7468,-1230.61
-2189.02,2794.59
2047.5,6922.61
-2542.96,7406.01
3321.43,4350.49
-4360.71,-917
3506.36,-2934.21
-2696.84,-4108.45
4973.06,-3690.48
-2695.14,-6177.88
2680.68,-6088.58
-2644.63,-3654.22
1912.34,2202.12
-298.072,6335.24
-440.551,6330.61
387.782,3963.56
-2735.91,243.193
3002.3,-1443.39
-1659.59,-4142.9
3419.53,-5325.66
-2709.01,-6370.52
2773.71,-4202.12
-1756.92,-899.156
2182.79,2579.83
-985.355,3654.29
-598.915,3965.4
-488.353,4104.72
-1137.89,3848.94
1266.76,3079.53
-576.153,-800.259
517.807,-3204.7
-664.467,-4282.27
2146.13,-3261.38
86.1619,-2467.19
304.2,-2002.74
464.182,-1943.93
-1752.85,284.821
1535.35,3263.05
-1688.43,4225.18
2970.69,3264.86
-3374.76,-609.276
2843.67,-2183.39
-3345.82,-2809.78
4190.59,-2037.68
-1713,-2718.12
1853.19,-3316.67
-2009.04,-2708.61
2152.65,648.611
-1720.07,3407.45
1628.55,3717.53
-1875.51,2836.14
-837.073,1841.68
147.4,1936.09
194.542,1757.38
405.925,581.069
-259.957,-1689.77
-382.731,-2612.87
1252.63,-2999.4
253.027,-3149.6
1569.2,-3640.07
-1997.03,-3135.78
1813.32,-545.151
-1667.05,1958.22
2134.98,3064.95
-2662.02,2458
918.086,2553.6
-1883.14,1940.6
2364.56,2039.38
-978.855,-793.531
786.674,-3527.79
-991.344,-4070.47
-134.339,-1842.64
586.795,1952.66
251.524,2964.02
-236.78,2768.44
-1177.27,1693.19
-725.339,2778.11
759.356,3100.15
308.383,792.86
-110.341,-3004.01
-615.286,-5732.37
1273.45,-4786.23
-820.621,-2153.51
2928.85,-100.089
-1934.9,-678.687
1210.54,-701.556
-2383.68,211.562
1210.5,2953.88
-456.083,4155.67
73.7716,2972.57
-954.47,1040.8
-1191.87,327.045
2378.73,-123.912
-730.344,-1459.64
1108.3,-3122.8
-1625.56,-3679.68
1881.47,-1383.07
-2074.23,784.981
2856.47,2830.06
-2695.75,2285.72
969.182,2536.97
-1827.99,2972.49
807.544,3313.26
729.665,896.049
-312.154,-3028.13
57.2957,-5119.37
-367.903,-4986.62
1957.81,-1849.62
202.352,-1071.71
36.9601,-1112.62
166.741,-1424.2
-1322.43,600.551
1112.57,3002.85
-1504.45,4134.49
2397.18,2866.02
-3224.22,-577.234
2369.65,-1251.7
-2858.35,-1421.64
4844.4,-413.043
-3865.13,-1599.43
3125.79,-1743.29
-2955.96,-1296.86
3165.4,333.637
-1799.91,1210.96
1214.31,1299.75
-2026.2,1767.3
14.8237,2956.65
631.546,2996.49
114.72,468.603
281.014,-2157.07
-410.223,-3722.5
766.891,-3234.95
1019.64,-2873.66
104.515,-2465.52
906.262,-3436.26
-2436.63,-1580.7
2372.43,2463.44
-2470.02,5249.51
3491.08,4977.27
-3652.47,877.286
2616.17,-1573.04
-3334.32,-3307.84
3838.26,-1414.81
-2186.92,-1274.74
2002.55,-1065.23
-1813.4,-805.859
1732.35,541.519
-1706.92,2713.36
742.812,3408.58
-117.894,3318.93
-985.262,939.594
-865.543,452.065
708.193,104.555
484.092,-437.822
1541.58,-2443.26
-1732.58,-4494.14
2374.89,-4215.1
-2158.21,-3167.51
3822.07,-1271.86
-2886.9,-1542.88
2348.42,-459.36
-2578.63,1193.62
2130.96,3330.48
-2218.38,3782.28
1595.87,2871.13
-2325.48,1004.56
950.248,-138.203
-589.775,-13.8466
1439.8,-329.712
-631.891,-1078.31
87.3706,-1581.18
-57.3115,-843.385
497.454,-163.048
106.182,106.681
10.6519,322.004
-1621.93,1331.54
1391.62,2575.29
-1189.65,2606.74
2151.97,79.1052
-2033.38,-3198.51
1736.38,-3944.25
-1482.4,-3022.5
1741.89,-543.42
-66.3945,-439.763
538.766,-1056.03
-1949.87,-462.25
342.268,2561.02
226.323,4834.37
1066.21,3187.63
-722.705,-1003.23
-665.308,-4529.66
-148.354,-3285.67
556.909,-484.393
1253.38,1233.53
-822.579,554.164
-1063.98,432.748
572.992,2165.39
-1751.83,4184.42
2834.74,4260.03
-3717.7,1750.8
1810.06,-252.065
-3104.52,-807.659
5464.15,-1353.67
-4132.41,-3234.72
5176.83,-4725.06
-5443.76,-4768.38
5945.65,-2007.83
-5973.89,88.128
7286.22,1538.55
-8553.78,1400.71
7100.32,3190.55
-7403.56,4029.74
8003.79,3232.55
-7971.44,-302.882
6311.47,-1866.59
-7466.61,-2332.54
7261.62,223.723
-4747.2,509.834
4128.95,239.328
-4955.51,360.483
2818.53,2964.15
-2838.27,4763.35
2212.63,3597.59
-1199.85,198.266
-399.734,-3033.41
-649.338,-2283.36
1341.89,-927.907
1787.93,-1463.01
-1965.98,-3855.14
1822.53,-5005.05
-1917.06,-3110.28
2210,784.524
-1537.84,3211.95
632.942,3914.44
-2719.4,3746.05
999.662,4150.71
-1270.97,3368.38
1694.15,1163.84
-1774.65,-1587.19
1590.18,-3148.54
-2128.87,-3156.86
3853.28,-2567.19
-3336.49,-1511.71
2849.69,-572.891
-4373.23,2775.42
3858.43,6329.33
-5737.31,7230.9
5960.38,5553.53
-6429,95.9338
6145.45,-3521.01
-6151.57,-6171.23
8369.69,-6020.98
-6872.08,-6166.1
7469.78,-4514.6
-7253.61,-2309.6
7158.09,1787.88
-6473.69,4470.03
5011.52,6150.33
-6071.68,5765.53
3552.07,4828.8
-4036.63,2413.76
3340.6,-448.335
-3193.6,-2698.7
3187.33,-2993.92
-3110.76,-1805.25
3939.55,-603.43
-2061.54,-856.464
2317.76,-2369.39
-3926.45,-1190.36
3219.75,1758.68
-3693.11,4444.32
4603.97,4195.49
-5236.94,690.005
4903.45,-1738.04
-5199.36,-3369.59
5962.6,-2058.14
-5208.82,-1980.62
5492.95,-1693.14
-5318.46,-1815.94
5453.2,-597.477
-4935.38,585.157
4974.29,2395.39
-4750,2552.23
2632.92,2561.2
-2612.74,1670.16
2680.44,-237.42
-1179.1,-2403.14
1214.84,-3277.36
-374.511,-2497.19
573.429,-589.524
262.391,360.769
-463.583,231.213
-567.869,1499.68
-734.895,3300.3
560.53,5754.06
-196.739,4822.36
151.699,1309.3
270.318,-3313.59
-642.246,-6325.04
2330.18,-6676.89
726.784,-6734.32
1716.79,-6126.57
-1442.82,-4354.18
938.215,378.834
-579.741,4129.06
799.38,6118.9
-539.917,4510.22
-3009.14,3565
2198.58,3562.86
-3405.79,3306.5
5452.96,697.974
-6480.64,-3302.33
7149.14,-4372.78
-8258.77,-3234.36
9825.68,618.059
-8635.14,869.171
9271.07,852.868
-10963.8,-827.846
9940.45,1237.88
-8888.66,1112.12
9365.16,884.804
-8683.16,-2012.19
7083.09,-3031.82
-5786.48,-3089.69
6714.04,-2683.5
-4424.49,-2975.39
3120.9,-2360.16
-2843.62,-11.7045
1289.22,3239.98
-1048.48,5193.64
243.232,4500.79
-1678.69,3721.63
274.339,2391.3
-171.321,1475.93
1103.43,-889.718
-884.773,-3558.74
1075.53,-4942.71
-1431.86,-3455.44
2516.68,-751.799
-2515.81,1950.87
2878.22,3357.91
-4255.74,3218.95
3792.49,3541.75
-4472.44,1544.16
4566.28,35.4709
-3921.53,-2905.78
3672.71,-4281.02
-2372.8,-4797.01
3191.63,-3575.81
-1430.81,-2812.47
781.676,-627.001
-1121.06,2165.28
-299.618,4527.07
503.478,5689.18
-2210.5,4246.64
2475.77,2115.04
-4314.79,116.001
4389.01,-559.488
-3208.45,-2550.91
4379.53,-4027.59
-3681.63,-5469.62
3524.41,-3326.86
-2853.44,-383.585
3019.27,2989.13
-2493.13,3890.5
397.216,3907.63
-1548.62,3485.98
-222.584,3818.37
1307.05,2201.32
-899.031,-1917.19
1271.23,-4086.69
-1846.05,-5659.91
2663.89,-3576.75
44.3276,-2848.19
512.587,-2152.52
-376.673,-1264.32
-1075.29,1510.28
1954.16,3982.84
-3393.69,4862.77
3717.54,3412.99
-5654.37,791.018
5518.92,437.945
-5942.19,-1330.45
7749.82,-1329.45
-7710.54,-2661.71
6820.47,-1573.47
-7089.08,-48.245
6891.9,2660.46
-5912.49,2583.99
4552.75,2634.51
-4511.64,1080.78
3381.92,746.806
-1253.79,-1348.5
1015.68,-4422.3
1368.75,-6439.2
-1568.32,-6614.67
2385.95,-3181.33
-719.494,-708.528
2138.71,1534.61
-2534.77,1080.84
1200.45,2697.26
-1370.7,3266.01
379.101,4245.87
-246.602,3396.29
-1690.46,1890.24
2262.01,863.562
-3271.57,-382.069
5076.02,-588.796
-4498.78,-2630.47
5202.13,-2191.34
-6451.33,-1384.37
5909.15,1492.68
-4283.18,1856.78
4480.34,1249.87
-4371.82,-874.059
3872.62,-1458.05
-1686.02,-2484.76
2989.85,-4448.72
-931.706,-7134.14
248.842,-7105.18
514.952,-3136.02
-627.66,1660.69
2482.39,4896.98
-3557.1,5417.44
1850.35,5493.81
-4839.71,5287.97
4921.67,4766.11
-5156.14,1933.57
5288.85,-1564.46
-6493.66,-3846.75
6689.35,-2317.12
-5447.86,-1440.9
7384.32,-982.941
-6916.23,-2245.73
5929.75,-1235.64
-6864.11,719.661
7123.63,3308.25
-5624.21,1987.86
4697.35,-239.296
-4686.95,-2849.21
4145.81,-2657.25
-2914.83,-1661.55
3834.16,-2087.18
-3243.53,-2266.7
2819.36,-2015.54
-2845.39,-314.723
3220.71,1871.84
-3587.49,3503.54
3052.53,3478.62
-4862.44,3307.89
3627.53,3199.74
-4296.03,2270.43
5078.31,1154.37
-4906.21,-1950.52
5268.32,-2604.88
-4875.8,-3588.94
4856.37,-2265.08
-3056.59,-1804.58
1214.47,267.361
-1704.2,2688.84
676.889,5126.35
54.3952,5230.84
-1556.33,2703.43
2698.79,-823.748
-4696.36,-3695.88
5828.12,-4179.58
-4671.7,-5492.76
6406.37,-4659.7
-6330.48,-4073.08
6594.49,-582.424
-6573.72,2194.38
7102.26,4085.29
-7635.94,3559.25
4527.56,3873.35
-6580.66,4319.56
6329.87,4800.58
-5173.23,1473.33
5598.8,-3022.42
-5348.04,-5376
4099.45,-4260.18
-3277.61,-1192.2
5106.32,614.827
-5337.7,200.407
4581.79,594.276
-5210.76,2272.56
5259.89,4020.01
-4409.35,2832.98
4917.38,-951.983
-5723.23,-5082.55
5833.64,-5650
-4620.26,-4387.15
6637.25,-1811.67
-5492.32,-590.301
4346.93,1670.42
-4713.25,2723.55
3683.98,4428.9
-3623.35,4252.11
1406.53,3807.54
-2064.4,3186.52
1547.82,1813.17
313.47,-1456.84
-187.303,-4921.52
1943.97,-6733.08
-2978.24,-5306.43
4357.85,-1391.66
-2982.59,84.0458
4856.49,435.661
-6147.92,-184.563
4661.19,2062.91
-4779.04,3952.56
5039.32,4306.95
-5602.69,1317.53
4540.48,-1165.36
-4121.8,-3380.41
5020.52,-2767.86
-2912.34,-2778.92
3836.69,-3377.58
-3738.83,-2293.89
2073.36,45.702
-2760.14,3586.62
3272.43,5613.68
-3209.04,4932.57
1975.28,3046.65
-3349.09,1430.83
4244.75,-531.058
-3176.07,-3814.75
3663.53,-6324.03
-4100.14,-6102.49
5681.19,-2676.42
-5634.01,953.553
6662.95,3646.87
-7327.09,3980.76
5183.78,4400.16
-6683.32,3692.38
6478.22,2988.51
-5764.54,-620.69
6781.47,-4089.85
-7338.8,-6065.47
6397.29,-3572.13
-4197.36,-1650.7
5800.97,-558.386
-5172.68,-1504.08
3802.03,-718.153
-4220.12,2491.35
3290.54,5029.1
-2512.38,4580.11
370.153,2530.15
-1446.23,144.501
278.454,266.943
598.105,732.726
-11.9236,-340.757
917.735,-1414.52
-2093.7,-2784.86
1433.7,-1637.37
-477.974,-119.335
1113.47,896.95
-1231.09,596.112
102.125,1574.39
-916.643,2008.09
1334.15,1409.16
-724.02,-381.608
390.687,-3324.53
53.9021,-3692.24
593.267,-3140.29
835.187,-2202.77
1122.15,-2570.7
-3136.15,-1016.93
2668.46,1862.72
-4819.71,5836.93
5382.45,7866.4
-6958.29,6142.34
6560.25,3709.03
-9103.09,603.017
9866.66,-505.248
-8296.3,-4214.25
9618.02,-6279.9
-8628.82,-8409.72
8669.39,-4728.81
-7669.77,-1188.02
8546.25,3278.35
-7561.9,4037.03
4585.7,4006.76
-5255.83,4300.23
3487.44,4007.75
-1916.23,1611.6
1529.33,-2415.82
-923.876,-5021.05
148.855,-5477.83
858.437,-2564.13
548.606,-671.286
-55.409,490.716
-642.946,1468.66
126.607,2515.34
-690.829,3526.5
18.9763,3740.6
-837.146,2322.96
-829.801,1229.99
133.328,441.261
757.796,-1104.21
1267.13,-3082.58
-965.359,-4658.61
699.374,-3713.46
-86.4729,-1826.64
132.424,109.86
442.433,1071.55
-2086.7,2311.13
1363.72,3560.04
-1855.81,4833.64
2739.9,3103.26
-3442.03,-897.838
4563.12,-4598.19
-5579.02,-6414.77
6815.5,-4556.98
-5371.29,-2755.05
6642.36,301.671
-8022.31,1931.65
6911.91,5138.99
-7054.61,5757.05
5935.46,5706.3
-6642.26,2880.76
4986.41,995.685
-4901.95,-797.223
5056,-2145.66
-3276.17,-4000.18
3075.64,-4522.67
-2263.95,-2858.26
1561.37,-171.388
-722.368,2237.38
1879.31,1676.32
-2226.18,309.952
777.525,-564.12
-1270.27,260.39
3513,-618.145
-3241.23,-2693.33
3751.78,-4209.12
-5410.56,-2778.77
5528.3,1299.15
-5066.02,3727.97
6112.22,4226.22
-7868.51,1953.83
5954.13,2717.82
-6397.91,2245.76
6497.26,2386.62
-5111.71,-966.309
4084.4,-3178.34
-4508.54,-3492.29
4701.09,-1474.57
-1318.82,-685.023
1525.14,-1965.63
-1059.02,-2391.16
-833.337,-882.169
1819.22,1739.84
-2164.44,2860.33
2526.66,2647.19
-3977.58,1136.83
4067,592.39
-3193.16,-640.038
4506.52,-2424.15
-3733.18,-4802.3
3882.7,-4485.38
-4005.66,-2967.69
4460.4,707.001
-3573.34,2772.21
2216.72,4820.37
-4295.58,6544.4
2925.52,6839.02
-2544.92,4781.36
2491.13,-243.21
-2732.43,-4726.73
2271.54,-6013.23
-1468.49,-4602.14
3249.55,-2873.32
-2058.8,-2161.7
2652.95,-1610.12
-2940.4,-430.939
2922.25,1929.34
-3343.12,3146.9
4387.26,2017.22
-5909.93,-241.085
5213.63,-1605.2
-5459.52,-1331.57
5823.33,383.737
-5812.16,1002.17
5877.64,1785.56
-6899.78,1072.19
6109.46,1959.35
-6122.98,1371.3
5549.39,1613.77
-5801.8,727.868
4721.64,1159.61
-4685.78,514.072
4096.37,-35.2939
-3396.9,-398.395
2370.51,-1089.64
-1215.02,-1283.22
2040.82,-2110.21
-574.138,-3640.87
-557.097,-3275.29
-141.536,-582.323
-85.7614,2004.17
-171.509,3998.45
538.175,3027
-1839.22,2060.44
1224.88,1155.76
-2342.3,1138.8
3327.9,52.5489
-3550.82,-2168.67
3655.98,-3431.93
-4347.08,-2805.14
4946.4,611.824
-3768.5,1500.53
4436.09,2302.11
-5140.3,-108.876
2996.9,713.97
-2828.91,1627.88
2424.12,1904.69
-599.464,504.279
709.754,-2547.77
125.317,-3649.04
-909.045,-3152.08
2231.41,-1004.7
-1591.09,-594.607
1899.68,146.349
-3223.43,1057.91
1871.5,4088.29
-1140.93,5494.75
707.381,4522.88
-812.982,1302.83
-681.812,-2050.94
1672.04,-3894.5
529.389,-5616.82
1829.07,-6804.28
-551.944,-6814.37
960.607,-3891.04
-334.085,-451.695
1179.51,2841.13
-941.452,3647.88
-1870.23,5464.66
441.146,6860.33
-1553.01,6710.79
2413.39,4003.35
-3657.85,-1188
3976.78,-4540.74
-3597.93,-6196.4
5659.21,-5056.75
-4251.22,-4283.83
5571.34,-2692.58
-5664.13,-1095.48
6051.7,1474.9
-5746.51,2422.85
5776.92,2950.39
-5586.4,1301.67
4263.32,38.5565
-3576.05,-1551.43
4550.74,-2696.65
-4092.1,-3352.19
3921.52,-2203.13
-4124.22,642.504
3911.06,3573.42
-4206.84,4611.26
4110.54,3544.86
-4377.21,1500.51
3125.55,353.826
-2870.32,-591.267
4116.13,-1983.59
-3624.85,-4026.02
4493.29,-4681.4
-4427.48,-4070.18
5732.21,-1335.27
-4445.27,462.412
4966.89,1060.32
-4917.19,368.869
3721.5,760.084
-3958.63,1064.95
4067,1451.62
-2867.52,74.8854
2128.52,-386.568
-2910.76,-399.839
2967.42,852.118
-1362.63,778.358
681.42,-270.626
-719.652,-449.967
-293.708,405.943
1618.22,1280.6
-2208.35,1140.62
2104.19,879.763
-3011.41,292.767
2964.81,553.512
-2458.93,-376.954
4387.44,-2274.05
-3661.88,-4536.95
3566.13,-4463.55
-3735.95,-2931.56
4343.87,174.251
-3422.14,1002.41
2235.57,2212.57
-3494.78,3340.08
2505.31,4705.21
-1552.87,4062.69
1298.99,495.12
-1370.78,-3407.34
1434.35,-5567.79
-474.915,-5279.83
1889.09,-3858.74
-878.922,-1294.62
781.841,832.573
-1648.73,3487.51
1033.98,5433.97
-2854.33,6369.66
2294.57,5850.89
-4625.77,4052.14
4429.3,1741.6
-4509.23,-1621.61
6340.67,-4758.1
-6233.08,-6876.57
6815.82,-5339.06
-5907.93,-3587.78
7660.5,-971.98
-7077.91,-585.133
6378.07,1049.15
-6971.9,1975.3
6172.1,4102.62
-5520.93,2717.55
4772.23,336.938
-4383.02,-2593.78
3110.59,-3158.96
-1775.17,-2153.38
1654.25,-445.104
94.3763,488.133
-1922.19,1142.51
1025.81,3031.76
-1283.57,3656.35
1483.86,4040.63
-2332.08,1933.19
1666.46,660.321
-1971.11,-846.77
2399.97,-1817.59
288.949,-4501.62
1056.25,-6463.75
545.904,-6895.22
-544.682,-4316.17
1195.81,464.949
-1336.98,3263.26
2313.6,4456.01
-3656.05,3214.81
2034.25,3604.44
-1896.39,3437.25
1449.28,2633.8
-586.082,-914.767
-399.859,-3301.05
1531.5,-5148.17
-1498.59,-4028.48
4291.43,-1609
-4435.75,-231.708
5021.45,1845.51
-7632.79,3217.05
6644.68,5432.32
-7023.38,4000.22
7626.44,2730.72
-7851.49,-1644.91
6995.42,-2607.61
-5304.54,-4539.88
6679.31,-5532.11
-4000.8,-7604.01
3380.28,-6936.01
-2628.62,-2313.93
1797.74,3449.82
-586.27,7235.23
-177.798,6411.9
-1891.97,5141.44
-555.551,2750.09
-639.815,2717.9
2092.78,545.263
-2057.82,-2383.59
2700.32,-4721.22
-3600.85,-4799.14
5483.61,-2286.59
-4785.54,-664.525
6230.56,821.854
-7376.82,624.63
6388.78,2653.03
-7101.33,2831.43
7954.19,2946.25
-7513.58,-406.077
5808.96,-1588.4
-5408.04,-2155.03
5361.74,-1143.2
-3063.66,-1663.02
2076.66,-1596.52
-2219.43,-520.027
1242.5,1475.69
367.279,2711.47
-874.403,1531.32
877.591,436.318
-2763.34,-283.928
3960.15,-433.776
-2763.52,-2357.84
4407.86,-3685.06
-4009.16,-5110.54
3935.99,-3249.07
-3177.58,-587.046
4736.54,1198.05
-4534.77,1482.36
1963.35,3221.1
-4399.57,6179.39
4087.39,8300.69
-3420.7,5950.34
3787.34,227.723
-5475.19,-4017.73
4851.4,-4773.56
-2363.24,-4255.17
4783.05,-4245.11
-3748.72,-5746.92
4186.69,-4351.58
-3842.98,-1382.24
5117.78,1947.27
-4089.53,2920.55
2968.1,2657.96
-5220.94,2028.12
4481.68,2228.65
-4045.35,1731.78
5368.09,-526.03
-5045.57,-2550.28
3996.15,-2670.56
-4443.78,-1054.23
5149.61,1570.91
-5210.49,1463.18
4313.04,2191.36
-5734.61,2979.04
4903.61,4624.47
-3375.2,2831.39
3123.54,-503.344
-2695.41,-5313.21
2311.14,-7179.08
109.481,-6749.35
514.433,-4769.42
1464.73,-1861.5
-2014.01,400.014
2300.66,2879.84
-4270.88,4797.24
3726.38,6094.3
-4756.46,4706
4167.92,3231.8
-5595.23,148.05
5531.46,-1125.02
-4532.58,-2898.56
4145.39,-2661.01
-3465.91,-2324.23
3948.04,-993.177
-3191.6,180.739
2209.29,1657.69
-2716,2792.41
1632.98,3514.89
-1754.08,3211.18
471.917,1324.75
-302.214,-484.529
686.736,-2456.87
-790.855,-2980.26
1725.04,-3662.08
-1593.85,-2838.9
3541.23,-2794.58
-3595.02,-2808.32
3988.05,-1000.79
-4766.05,1286.06
3757.68,4620.46
-4931.83,5334.09
4445.96,5070.98
-5142.48,1896.39
3903.14,711.04
-3000.53,-1838.16
3208.05,-2233.07
-1229.6,-4067.03
574.07,-4671.89
934.072,-3261.91
-2438.3,-619.387
4443.2,3115.09
-5684.14,4666.12
5532.52,5480.17
-7533.71,3903.81
7269.44,2804.99
-7125.23,-1163.62
7685.92,-2762.88
-7097.45,-5359.1
7237.41,-4232.08
-4646,-3857.33
5006.58,-2409.01
-4407.41,-943.325
2454.72,2387.16
-2669.85,5550.15
2051.69,5764.94
-1717.49,4326.94
-8.17798,731.882
-424.805,-1075.97
324.545,-2608.96
704.997,-3090.3
431.744,-3951.51
-924.503,-3329.12
923.393,-841.492
-1873.41,2678.92
2624.67,5087.67
-3187.61,4215.24
2070.01,2578.43
-3940.75,563.387
4521.44,-916.555
-3512.46,-2908.19
3659.37,-3939.36
-3741.9,-4322.56
4246.46,-2077.72
-3267.05,-609.352
3509.79,1050.27
-3320.58,1244.98
1739.48,2441.76
-2493.26,3652.28
1816.95,3293.99
-1917.94,2110.13
979.758,571.773
-1860.47,-85.545
1802.57,-389.522
-526.111,-459.967
1710.35,-2166
-2883.28,-2455.3
2385.63,-722.349
-2668.07,1490.65
3693.64,2688.68
-3569.44,1075.5
3241.47,278.109
-5021.94,-1.70807
5850.97,229.086
-4205.58,-1478.93
4918.48,-3616.05
-4947.78,-5542.82
5022.95,-3438.89
-4074.46,-685.463
5939.7,855.66
-4940.95,275.322
2485.19,1095.72
-3327.07,2562.8
2519.22,5034.56
-2234.36,4950.22
1005.85,3543.59
-1468.87,1155.26
54.0006,-376.03
2193.83,-1448.57
-1779.61,-3247.58
3707.21,-5225.18
-4482.99,-4838.15
5082.83,-1690.58
-4955.88,319.343
6678.27,2827.71
-7078.4,1855.93
4866.9,2790.53
-4624.93,2128.89
4895.18,1478.6
-3614.15,-2478.65
3598.71,-5312.29
-2716.05,-6143.35
2713.65,-4064.4
-1467.73,-320.623
1171.13,1940.65
-1254.63,4488.96
-632.044,4744.53
-1328.07,6310.84
1155.94,5586.91
-2179.9,3590.22
2343.09,-106.668
-2959.58,-4514.3
4850.32,-6410.37
-4395.34,-7049.95
5953.74,-4691.88
-6674.34,-1158.22
6909.8,3254.15
-7357.05,4786.4
6448,5895.98
-7105.52,3509.26
5279.4,2883.38
-5791.82,882.004
5444.72,-1187.43
-3779.04,-4492.09
3718.7,-6442.78
-2359.44,-6380.41
3609.5,-4117.94
-2198.24,-918.501
2217.25,1072.65
-2084.32,2683.94
218.957,3125.84
-1176.4,4466.52
187.922,5044.8
-111.337,3484.2
1070.05,580.707
-1717.94,-2644.94
604.083,-3047.7
-143.314,-1771.53
800.896,97.3058
-244.13,778.226
320.549,951.717
-1070.37,2428.07
313.535,3105.08
-548.491,3145.87
1074.8,708.588
-1145.38,-2799.09
518.749,-4143.78
385.822,-4537.88
1637.52,-3548.21
300.192,-3281.94
-467.507,-2824.57
579.345,-2076.58
-1338.92,930.967
2092.94,2698.37
-3688.25,4116.68
3540.48,4631.69
-6189.49,3959.02
6511.36,3593.06
-7652.07,818.807
8609.36,-966.228
-9456.17,-3276.41
9248.63,-2170.5
-7641.92,-2591.59
9006.86,-1375.33
-8575.95,-2544.22
6976.99,304.151
-6672.77,2195.57
6148.92,3699.17
-4519.48,2114.43
3555.84,-806.124
-2688.44,-2873.27
2338.19,-3736.59
-684.579,-2770.03
1310.3,-2916.29
-906.637,-1260.57
-486.736,743.897
-35.3161,3895.87
253.213,6089.9
-49.2888,5240.46
-615.203,2502.39
-896.786,-397.116
1140.1,-2295.27
330.221,-4069.7
788.475,-5058.18
-84.7334,-4816.73
519.33,-2331.64
488.883,497.917
-146.246,2232.85
468.235,2633.57
-2211.45,2518.83
1513.76,2469.6
-1871.03,2135.6
2690.32,321.326
-2744.61,-1940.48
3832.38,-3751.54
-4164.08,-4339.95
6875.75,-3983.12
-5395.19,-4327.61
6435.1,-2998.32
-6768.41,-1646.85
7441.65,1546.33
-7618.64,3082.46
7797.16,4336.96
-8190.32,2695.33
6332.05,3153.97
-6551.69,2178.86
5898.1,2465.37
-4508.44,-108.999
3694.63,-1712.2
-3120.03,-2174
2944.97,-2112.39
-199.155,-1644.63
363.861,-1981.06
613.601,-2463.76
-1242.5,-2044.71
2046.49,190.384
-2020.8,354.928
3005.82,735.139
-2728.17,-615.54
2461.69,-1222.42
-2141.99,-1398.32
2629.29,-1247.77
-1264.5,-1742.43
1029.17,-1720.11
-2208.16,-270.189
2073.15,2485.53
-2163.34,4607.05
1682.33,4245.85
-1888.52,2719.4
844.05,969.32
-1147.21,-668.712
1945.48,-1740.08
-2145.83,-2252.13
2999.19,-2738.64
-2619.32,-2655.86
2954.79,-1102.46
-2625.9,16.9423
3206.35,1441.93
-4301.26,2072.73
3942.83,1783.65
-4618.56,1280.25
5919.34,-841.689
-4714.66,-4098.17
5828.52,-5162.32
-6399.01,-4943.81
6291.27,-694.375
-5771.71,1781.95
5305.98,3513.38
-5055.34,3189.59
3068.7,4611.38
-3393.67,4123.93
2151.72,4448.76
-1429.31,1606.98
-362.134,-2054.22
944.971,-3589.97
-2026,-3822.34
4227.59,-1025.43
-3908.47,234.067
3838.02,1978.04
-4528.88,777.876
4043.93,748.631
-3740.47,-714.654
3677.58,-901.366
-3747.39,-1113.04
2921.24,-531.145
-1509.69,-571.13
1645.51,-1994.61
-99.8055,-3769.26
-141.359,-3960.35
-514.464,-670.607
853.855,1796.03
-489.119,3562.16
28.4719,2647.89
-2268.43,2528.28
1649.23,3473.79
-2740.4,4292.35
3070.66,3781.85
-4423.63,1805.89
4532.36,-768.856
-5453.41,-2707.34
6220.35,-1840.27
-4874.86,-2987.18
6594.13,-2193.76
-7420.26,-2150.56
6664.11,-568.343
-5979.46,707.026
6176.71,1783.79
-5620.71,297.446
4460.45,98.1289
-4041.45,-389.725
4496.72,-849.07
-2820.13,-2933.08
2059,-4282.55
-1216.11,-3263.83
214.062,-242.426
348.85,2813.78
-1033.88,5380.2
319.471,6119.89
-2625.82,4602.51
2905.91,3399.64
-3563.2,643.537
3814.48,-1547.5
-3405.95,-3864.19
3315.74,-3768.06
-1774.55,-4383.88
3677.15,-3788.11
-2197.47,-3324.5
2333.91,-1818.65
-2397.53,847.305
2225.15,2781.59
-1751.74,3090.97
604.83,2012.17
-1555.3,1359.55
1774.6,839.036
-1025.37,426.758
2664.62,-2361.42
-2665.41,-4096.03
3208.84,-4076.42
-3675.06,-2812.91
5337.81,363.691
-5644.81,2493.39
4857.51,4820.18
-6665.9,5995.41
6329.19,5909.05
-6111.48,2245.82
6743.67,-1402.4
-6971.18,-5827.93
7356.32,-6077.67
-6215.38,-5197.7
7179.92,-2813.25
-5060.71,-1912.51
3976.56,163.145
-4226.98,2327.64
3271.83,5036.65
-2755.72,5048.11
986.159,3114.19
-1113.65,-126.983
-474.239,-2315.35
2227.3,-3167.02
-748.634,-4692.78
1704.19,-4076.18
-1371.46,-3778.67
1870.59,-1116.35
-2595.66,1335.24
2404.09,3786.16
-2829.49,5059.89
1118.14,5520.49
-2210.61,4813.3
1226.94,3462.45
-1102.76,567.113
912.969,-2852.97
-111.189,-4768.43
435.231,-5452.93
1236.63,-4198.86
268.445,-2411.91
-312.483,-1075.49
566.736,673.945
-894.635,2401.03
1276.86,1893.81
-1350.05,1522.65
2191.56,-585.001
-2790.47,-2049.45
3956.12,-2686.1
-4123.07,-2862.05
6543.93,-2648.76
-7002.32,-1974.27
7179.52,1241.37
-7619.21,2731.52
7664.83,5672.17
-8060.46,4244.75
7407.6,3377.39
-8315.94,915.766
7748.16,366.207
-5660.7,-2011.13
6292.05,-3805.87
-3362.57,-6780.27
3098.11,-6467.95
-1971.51,-3619.67
2897.54,-1219.62
-915.362,1732.6
-12.11,1918.86
309.687,1771.62
-431.655,1634.76
320.782,1355.39
-528.034,343.49
405.21,-147.267
-325.529,-1779.52
646.903,-1836.72
460.253,-1390.66
-273.82,-812.624
825.815,1143.58
-1533.95,1512.18
1549.08,1129.97
-824.782,352.578
-382.025,50.4017
-657.636,689.394
616.266,2616.86
660.197,1377.64
-593.501,-1062.23
1088.7,-3715.09
-2183.01,-3954.08
3087.36,-1653.37
-3240.21,104.779
4797.81,692.17
-5889.03,170.15
4656.08,1559.66
-5889.97,2498.6
6737.47,3671.65
-6557.22,1131.97
6109.62,-1299.23
-6497.94,-4064.25
6448.5,-3362.3
-3812.32,-3750.13
4411.67,-2890.89
-3704.01,-2220.81
1772.25,870.47
-3014.89,5384.82
2120.91,7492.23
-1931.29,7408.65
416.412,3978.74
-1734.32,1109.73
1610.26,-1340.95
-471.566,-3207.38
2013.8,-6041.21
-2166.14,-6443.32
3035.29,-4662.34
-2690.62,-1476.95
4840.77,2307.22
-5041.53,2873.03
3987.85,4078.74
-6316.67,3939.99
5747.17,3332.16
-4750.06,453.832
5122.94,-2361.7
-4655.06,-5318
4512.22,-4201.63
-3071.13,-2958.57
4556.17,-1745.28
-3022.15,-1900.3
413.204,153.108
-837.96,3890.46
-340.046,7251.88
795.764,7734.91
-3006.35,5285.41
1909.05,1943.58
-4042.07,-794.756
5681.69,-1709.14
-4156.12,-4810.19
5347.71,-6036.76
-4818.49,-6703.35
5201.49,-3873.3
-4021.35,-1688.5
5727.89,490.113
-5860.54,1243.08
3504.71,2758.11
-5018.8,5040.67
4483.19,5997.41
-3822.32,2968.54
3141.42,-1215.33
-3302.45,-3822.25
2686.02,-3681.66
-1946.21,-1750.81
3546.48,-639.684
-3981.42,-470.369
2997.19,925.769
-5514.04,4435.42
5725.92,6962.51
-5653.76,6265.15
5234.99,2618.15
-6643.81,-2282.42
6864.31,-4904.38
-5998.84,-6457.36
9402.34,-6451.04
-8413.42,-7122.46
7553.63,-2547.18
-7322.72,697.858
6929.64,5593.52
-5832.46,5765.21
3785.49,5041.03
-4962.14,3458.18
2439.94,2314.28
-329.471,367.769
-399.186,-2319.82
1755.18,-5074.3
-3140.72,-4825.03
4561.37,-1071.01
-3744.55,54.7094
6107.47,1747.42
-7324.89,296.33
5510.45,1262.41
-6085.96,2606.25
6343.58,3593.29
-6083.19,1615.33
5268,186.459
-5896.34,-1533.43
6097.3,-1091.35
-4328.01,-1599.55
4716.92,-2980.68
-4259.23,-2959.1
3426.45,-1811.72
-3337.33,336.656
4540.33,2087
-4532.58,1906.66
4183.07,801.485
-4760.36,-209.55
5935.5,-1387.52
-4729.32,-3263.62
5871.79,-4387.45
-6722.21,-3804.55
6923.46,-325.032
-7412.52,2945.22
7633.8,5954.55
-9190.28,6273.39
6697.07,7428.92
-7830.74,5668.96
7504.07,3808.83
-6581.15,-1610.8
6391.13,-5718.8
-5475.28,-8242.93
5717.42,-6808.71
-2256.74,-5505.51
3203.82,-3411.11
-1331.73,-2119.29
-428.242,245.953
619.851,3883.92
-1830.51,5102.32
2075.45,5173.05
-4235,2651.97
3797.37,561.589
-4478.44,-860.348
5831.66,-1544.42
-5584.33,-2987.3
5607.06,-1907.87
-6383.03,-1183.89
5825,1948.58
-5132.31,3253.82
4508.8,3824.34
-5321.17,3348.45
3546.15,3192.88
-3442.53,1238.96
3065.83,-305.887
-1892.06,-3664.73
1481.88,-5422.52
-90.364,-4611.07
1501.45,-4448.94
1038.92,-3353.95
-62.8496,-3748.6
-1296.02,-1242
395.728,2227.02
-1986.49,6452.28
2543.12,7512.64
-4584.83,6668.81
3633.88,4081.3
-5837.47,1770.39
7180.42,159.53
-7006.66,-4199.09
8349.45,-5270.98
-8940.2,-6430.56
8204.19,-1547.74
-6768.12,1530.79
7448.85,4516.07
-7494.85,3702.47
4521.87,3593.3
-4082.68,1709.32
3715.41,-381.161
-1698.97,-3377.98
261.375,-5714.52
751.379,-4755.73
-443.684,-3629.01
2620.2,-890.116
-1693.26,-843.8
904.17,966.764
-2186.6,2568.97
1139.62,4470.06
-410.98,4142.83
-464.953,2628.1
-882.872,784.533
-1217.97,773.129
2195.31,1949.54
-1557.15,623.345
1758.4,-653.432
-2302.04,-2895.14
2165.27,-1809.26
-1129.63,-880.052
1179.84,273.644
-1040.32,798.508
-813.63,1517.76
686.082,2097.33
-918.515,1860.64
1954.72,497.328
-2928.65,-1542.67
3829.24,-2868.75
-4061.71,-4067.04
5489.79,-3594.33
-6093.18,-2563.54
6654.7,-524.696
-7295.36,1551.46
7727.14,3585.51
-7830.24,2617.4
6760.44,3031.57
-7567.85,908.843
6609.38,1004.73
-6446.62,-215.501
6413.11,-319.22
-5754.17,-1271.53
5438.33,-1146.05
-5155.06,184.823
4510.31,1643.97
-4051.71,1971.42
3321.7,1053.87
-3789.53,1370.16
2331.21,1682.79
-2136.38,1839.83
3675.86,185.136
-3484.14,-3125.89
5111.58,-5804.09
-5278.41,-6398.25
6140.1,-4239.36
-5476.81,-1636.22
6848.26,698.111
-7102.99,1545.57
5571.39,3714.83
-6290.19,4230.5
6831.27,4705.25
-7022.08,1943.59
5459.12,23.5518
-5971.71,-2272.75
5525.52,-944.863
-3976.7,-503.71
3059.54,484.462
-2495.87,1609.92
1452.61,1774.98
-465.079,1387.89
-363.662,82.4699
456.596,-356.107
-1290.35,-1070.54
1652.95,-1127.86
-336.835,-2404.29
1101.96,-2590.57
-987.138,-3426.56
456.407,-1600.98
599.726,9.60294
-687.727,600.348
1370.66,525.58
-3735.56,1301.95
2323.51,3878.74
-2567.98,4532.14
3086.37,4141.44
-2729.68,-678.913
1566.66,-2828.43
-1601.32,-3782.49
1399.68,-1706.73
931.549,-1080.93
-1238.97,-1314.35
892.008,199.414
-2749.59,2131.39
3912.22,4353.26
-4034.95,3472.24
4180.09,2166.1
-6355.39,-948.484
5356.3,-653.884
-4322.27,-1147.44
6355.19,-2542.4
-4768.17,-4630.05
4660.04,-4914.71
-4982.85,-2557.68
5510.36,586.923
-4131.51,1809.2
3708.17,2075.95
-5436.5,1724.21
4724.45,3070.84
-3589.18,3236.2
3998.02,1280.38
-4388.4,-1867.1
3504.75,-3006.68
-3823.31,-2379.75
5021.79,-599.755
-2879.63,-360.834
2382.27,191.589
-2746.85,743.181
2107.62,1625.91
-2014.26,2348.7
2118.77,1476.47
-3133.24,458.555
2490.15,102.425
-1345.63,-604.111
3479.99,-2554.57
-2103.8,-5227.67
2310.47,-6219.78
-3130.1,-3705.83
3200.94,404.301
-1754.48,2610.84
2132.35,3787.56
-3220.62,2513.03
1514.19,3620.96
-1298.49,3558.91
973.107,1639.65
-221.419,-1623.45
-961.081,-4298.49
2488.22,-5158.44
-2334.39,-2878.75
4849.39,-602.871
-5462.41,639.95
5364.58,2507.08
-6846.84,1888.46
6931.38,3043.17
-7197.16,2128.73
6868.87,1954.34
-6765.04,-165.936
6668.82,-1191.23
-4785.79,-4520.68
6081.18,-6178.72
-4567.7,-7305.1
5072.34,-5290.45
-3473.89,-1062.29
2181.56,2815.8
-1832.06,5916.96
193.902,6467.92
-2203.46,7008.36
1376.08,5878.22
-2157.95,3921.53
2228.6,78.4349
-1681.85,-4254.52
2525.41,-7064.03
-2589.86,-7253.17
4483.53,-4672.54
-4358.66,-766.172
5354.84,2410.73
-6172.03,3979.59
5033.49,5410.47
-6088.73,3480.19
6608.75,1834.61
-6346.25,-2342.31
5239.7,-4179.32
-5117.56,-4370.68
5725.51,-2937.32
-4491.11,-2063.9
3854.19,641.53
-3852.47,2020.82
2335.89,4121.38
-1461.95,4511.41
155.978,2181.76
33.9243,0.460876
-2268.37,-1254.1
3124.36,-1831.09
-2565.97,-1951.32
3551.72,-1165.91
-4321.44,-867.38
3005.41,2142.71
-3926.61,3688.14
4234.15,5234.06
-5015.17,3418.81
2139.44,2821.55
-2693.85,2047.26
1984.87,1386.13
-716.388,-1145.71
1688.54,-5155.53
-1943.26,-6243.72
2432.09,-6552.23
-572.899,-3576.64
2533.17,-2486.62
-3639.51,-671.236
2250.47,2841.35
-4814.21,6259.52
5466.73,7774.31
-5927.07,5165.36
5248.04,2018.95
-8270.69,-1137.04
8301.98,-474.584
-7599.64,-2162.85
9538.23,-3286.89
-9324.34,-4555.7
8591.65,-2834.77
-7780.24,216.478
8515.54,3562.35
-7783.79,2988.13
5244.5,3087.57
-7750.88,3030.29
6272.95,4694.1
-4483.04,3592.18
3997.49,1125.71
-3304.2,-3089.71
2394.24,-5416.38
147.635,-6375.3
1320.02,-6782.93
866.418,-5780.29
-2758.67,-2860.52
3800.39,2056.85
-4789.2,5964.47
5168.76,7610.5
-6188.91,5122.65
4372.22,3513.69
-6086.82,734.068
6418.25,6.98352
-5453.64,-2657.76
4831.13,-3340.6
-4234.07,-3476.92
4573.16,-1450.7
-3042.78,-33.2076
3755.71,513.5
-3559.26,328.102
2136.65,-163.265
-2005.8,1118.55
1218.22,1333.01
-1490.62,1887.17
2296.01,903.818
-2560.77,-706.165
4199.71,-2897.34
-3843,-4018.8
5136.48,-3988.68
-5912.87,-3245.04
6194.34,163.278
-7086.95,2866.33
7494.54,5137.78
-8019.89,4736.14
7310.73,4573.63
-7836.7,1631.35
7673.53,-12.3733
-7147.48,-3789.9
6685.88,-4473.83
-5052.82,-4985.19
5526.84,-3226.67
-3113.3,-1465.35
2751,117.239
-1878.52,1354.54
330.329,2279.62
-547.705,2940.13
-994.573,2584.69
2575.27,1621.68
-2728.2,-993.718
3733.49,-2791.02
-4041.92,-3693.33
4534.93,-2179.21
-3376.29,-2294.59
4315.1,-1836.17
-3988.54,-1365.13
2977.56,1888.19
-2650.62,3776.58
2602.71,4571.97
-2509.18,2726.04
1835.03,-424.72
-2418.64,-1928.46
2521.46,-2449.25
-1121.44,-1416.44
2263.72,-1783.96
-1811.56,-1772
1845.04,-1716.42
-2629.8,-237.499
4117.71,1430.18
-4687.15,2231.63
4298.81,2619.51
-5577.53,1254.29
7448.15,94.8992
-6569.32,-3306.59
7530.41,-5173.02
-7578.03,-5288.91
7606.92,-2041.38
-6258.29,-392.806
6946.92,1409.13
-6831.96,1021.59
4706.85,3674.51
-4362.28,4468.78
3741.77,4383.55
-2468.61,1497.54
340.483,-1645.93
-648.621,-2579.9
387.81,-2175.18
1493.09,-32.88
-765.471,-704.418
1323.29,-585.867
-2112.13,-1274.11
1797.9,-14.6274
-473.15,-61.9127
432.626,-43.2111
-337.257,-711.735
-1554.57,-272.402
2844.9,885.891
-2181.88,-86.8869
3374.67,-1433.89
-3885.42,-3526.74
3663.36,-2087.29
-3298.38,-608.191
3220.95,1468.28
-2520.72,1214.8
899.629,2504.96
-1187.51,2749.44
-159.101,3768.8
970.611,3442.48
-2124.04,1091.65
2306.1,-641.227
-3987.22,-2239.28
5122.17,-1404.09
-4290.5,-2023.63
5642.43,-1705.93
-6392.04,-1796.91
5736.4,248.299
-5302.09,704.469
6264.32,672.126
-5469.43,-1191.79
4221.34,-1839.89
-4317.92,-915.594
5165.76,-159.112
-3715.7,-1233.71
3744.65,-2224.74
-4469.12,-1837.01
3967.84,431.621
-3763.48,3219.73
4110.03,4273.36
-5110.27,3674.94
2556.63,3644.13
-3551.96,3344.66
4360.37,2580.91
-3955.2,8.68936
4181.01,-2756.04
-4882.94,-4173.47
5431.56,-3539.71
-3319.49,-3375.57
4907.17,-3229.66
-5656.19,-2390.29
4654.68,838.899
-5410.08,4630.18
5186.45,6277.5
-5195.76,3949.88
4021.06,1256.65
-5416.21,-1546.8
5883.24,-1920.48
-3267.22,-4226.71
3633.46,-5782.63
-2830.87,-6200.36
2291.6,-3855.76
-1802.49,555.854
1915.47,4705.86
-1087.27,5787.61
-1437.61,5380.46
776.943,4326.15
-2843.78,2947.31
3537.6,1248.2
-3524.14,-1747.36
3988.77,-3400.33
-5227.57,-3464.04
6633.32,-1375.56
-4832.9,-853.844
5657.96,-739.645
-5302.59,-2316.18
4864.8,-457.14
-4984.26,204.525
5255.36,1447.27
-3967.15,518.445
3147.6,-908.295
-2594.08,-1278.28
2480.33,-1116.85
-817.928,-876.492
1434.98,-1487.36
-2151.77,-649.427
882.173,373.31
-1175.13,3346.94
1602.51,4657.99
-1931.89,3743.7
1873.82,2062.2
-4238.97,1067.71
4679.59,275.87
-3886.15,-1815.94
4919.19,-3578.84
-4571.79,-5666.01
5263.44,-4260.1
-3340.05,-3582.21
4673.38,-1629.55
-3960.09,-1406.29
2054.81,372.914
-1482.31,1792.48
799.567,3154.25
144.13,2659.88
-1176.09,1480.9
1685.22,594.138
-3402.25,-917.794
5648.45,-1412.97
-5640.42,-2858.36
5637.81,-1810.39
-6794.04,123.275
7497.36,3331.67
-6693.27,3460.18
6699.11,2828
-8197.17,839.028
6668.42,1316.27
-6029.62,902.299
7467.11,-719.722
-6042.9,-4488.5
5981.25,-5872.71
-5458.78,-4873.78
5781.92,-1761.73
-3779.34,364.634
3062.38,1506.65
-3924.9,2000.35
2235.92,3482.68
-1234.07,3812.64
1511.54,2080.54
-1162.89,-1118.36
34.3484,-3687.77
-201.946,-3667.2
596.73,-2549.55
1103.55,-938.832
-757.782,-313.753
591.673,974.119
-1317.05,2309.41
1311.87,3297.45
-1810.02,2947.69
1120.84,1277.38
-2612.2,586.634
3008.6,-144.503
-2466.98,-546.35
3607.18,-1451.51
-3925.98,-2529.25
4364.76,-2173.75
-4570.15,-1865.16
5906.29,-937.774
-6113.2,-575.982
6363.05,697.863
-7263.22,1453.63
7426.46,2671.45
-7485.13,1395.89
6856.89,869.528
-7584.55,-258.91
7986.82,-901.619
-7314.31,-1352.38
7873.02,-1335.12
-6341.65,-3367.4
5824.03,-2381.46
-5891.83,-1156.68
4651.61,2284.67
-3599.75,3798.59
2242.36,4198.36
-2025.42,3335.32
298.749,2059.02
1250.36,4.71356
-35.7926,-3804.93
1048.85,-6296.83
-1047.46,-7780.41
1846.85,-3923.26
-1040.41,-1223.1
2313.54,1697.24
-844.816,2745.54
-1162.22,3439.08
-73.1921,4554.88
-1239.22,4914.69
3142.22,2548.35
-3272.67,-2399.73
3048.38,-4659.56
-3317.2,-5121.55
4368.97,-1253.46
-2375.78,148.243
2169.1,667.076
-2738.98,764.856
937.862,2448.11
212.919,3428.59
-1286.2,4096.65
1382.66,2446.74
-3658.69,261.881
4115.61,-989.417
-3418.63,-4101.43
5306.54,-4428.89
-4887.25,-5723.81
5359.22,-3830.74
-4691.45,-1929.08
4515.23,387.938
-4395.2,1407.28
3098.6,3126.86
-4464.15,4566.74
2920.3,5927.72
-2680.98,5326.2
1504.03,1535.56
-1582.35,-1943.99
662.397,-4215.08
-683.015,-3443.32
2539.64,-2321.92
-2239.85,-1452.95
1727.31,214.903
-3200.62,2691.43
2663.52,4739.6
-3627.5,5372.33
4126.71,3443.14
-4958.07,-16.2355
4908.89,-2668.23
-4888.93,-4860.09
6622.42,-5164.43
-5831.16,-5531.14
5863.4,-2700.81
-6739,546.172
6315.37,4824.53
-5269.34,5976.4
5087.58,4604.43
-6290.73,1197.5
4921.91,-418.656
-3601.03,-2378.33
3878.95,-3722.42
-2766.14,-4315.42
2362.98,-3225.15
-1889.94,-78.0639
1526.62,3638.47
-13.272,4692.68
-1733.77,4459.62
-40.7756,4049.86
-1327.82,2830.03
1871.07,1567.41
-1154.99,-1776.57
1439.79,-3664.26
-2090.5,-4327.03
2634.35,-2838.34
-442.844,-2089.95
1465.16,-2312.23
-885.915,-3158.52
-93.4954,-1088.45
285.569,1453.29
-237.746,2413.48
332.273,3304.5
-2285.21,1888.83
976.998,1725.32
-529.087,1534.62
1499.01,242.134
-542.189,-2298.84
-797.738,-2951
592.588,-2392.8
-1334.75,530.363
2940.4,1849.67
-3804.51,2082.97
3332.97,3312.77
-6235.12,4256.79
6646.19,5194
-6886.02,2544.92
7598.42,-1938.75
-7872.39,-6723.27
7990.71,-5905.33
-6928.25,-4916.83
8625.66,-1800.61
-7342.82,-1621.97
6230.09,-399.429
-6528.97,1240.42
4794.03,4254.13
-4046.84,5757.58
3248.18,4559.21
-4371.49,2051.59
2949.59,-845.971
-2547.4,-1776.34
3221.93,-2961.8
-2750.76,-2266.82
2816.35,-1217.32
-4025.73,631.733
4599.32,2613.94
-5339.85,3357.04
4818.63,3566.15
-5843.73,2151.5
5170.06,2202.62
-5674.95,177.049
6627.39,-1831.11
-5865.18,-4901.3
5272.32,-4999.07
-4171.89,-4040.96
4581.38,-1247.99
-2680.02,-341.464
1489.2,636.208
-1446.42,1367.94
-1001.26,3255.81
916.433,5354.35
-3117.65,5488.87
4038.04,3399.97
-5020.44,-130.242
4740.88,-1917.15
-4448.97,-4398.62
6638.2,-4004.48
-6875.88,-4059.53
6611.66,-1896.41
-7172.82,761.829
6853.68,4502.85
-6867,5726.8
5625.88,5758.1
-6089.91,3415.78
4837.57,1088.47
-4425.54,-2262.08
4405.46,-4977
-2195.25,-6688.2
1894.99,-5655.4
-974.702,-3349.57
2686.67,-578.035
-1421.89,1176.1
901.485,571.348
-2294.94,2527.94
1227.34,3781.52
-2062.31,4944.41
2346.72,3623.59
-3500.32,1393.65
4461.89,-1275.37
-5029.38,-2893.09
6410.53,-2671.14
-5674.97,-3574.23
6228.99,-1557.53
-7616.56,-611.263
6909.66,3508.89
-6326.56,4933.11
4719.85,6424.9
-5319.09,5264
3455.93,2906.83
-1941.79,-1530.51
2187.7,-5774.56
-262.113,-8907.72
-63.7615,-9245.07
2743.79,-5975.76
-2375.93,-2931.67
4942.47,-553.87
-5953.84,1400.18
4744.04,4653.56
-7116.98,6752.65
7242.62,7804.68
-8007.62,4781.82
6337.39,1824.3
-8644.86,-724.518
8997.29,-347.786
-6833.5,-2204.81
7791.65,-3316.22
-7454.39,-4857.4
6422.57,-2376.35
-5492.52,175.346
5600.19,2443.78
-3642.52,2029.92
2288.46,430.123
-2796.19,-68.6849
2017.6,411.958
-228.219,163.194
942.241,-2417.88
-1027.86,-3626.5
546.911,-3692.54
334.088,-855.125
1411.89,785.987
-1674.32,1657.97
-199.923,3027.79
-1085.17,3856.26
985.185,4489.25
-462.054,2307.49
1027.52,-673.647
-1020.26,-3465.77
604.861,-3787.82
817.063,-3870.09
291.483,-3318.58
325.738,-2050.29
-1407.06,-149.638
1699.28,3175.9
-2550.9,5527.21
2851.27,5907.69
-4482.37,3429.42
3133.66,626.073
-3139.46,-1822.09
4549.63,-3744.11
-4048.33,-5090.19
4968.55,-4452.18
-5130.32,-3018.35
5155.81,-35.3308
-3656.13,702.634
3543.71,1650.98
-4235.91,1257.41
2833.28,2779.35
-2787.06,3309.08
2088.86,1904
-1344.36,-746.846
626.088,-2887.62
-852.711,-2380.94
1432.88,-1131.09
0.747223,398.958
-435.438,364.147
-880.436,1689.64
-383.3,2799.02
-678.349,4340.99
1070.44,4921.94
-1973.83,3054.44
1809.6,350.146
-2538.44,-2317.9
3801.03,-4419.64
-2514.24,-6378.81
4210.39,-6641.94
-4198.57,-5252.04
4488.2,-1550.15
-3508.45,1400.15
3770.61,3836.14
-4493.7,3398.85
2563.58,3878.42
-2798.22,3319.7
2195.78,2458.73
-1764.78,-170.791
964.521,-2110.98
-902.839,-2138.76
399.083,-1219.27
1098.95,252.63
-706.421,351.661
398.52,1283.99
-1873.04,1761.83
1639.08,2822.57
-1395.43,2365.65
1270.11,777.574
-754.849,-1890.27
-111.26,-2755.14
1455.03,-3099.57
-542.879,-3251.76
2007.95,-3297
-2319.33,-2930.3
2509.5,-1065.12
-3474.93,1819.86
4125.77,4351.35
-5118.27,4464.47
3189.54,4908.38
-4229.72,3012.34
4047.83,2166.98
-3417.88,-1339.78
2522.35,-2682.44
-1517.23,-3649.53
749.309,-3079.11
1007.63,-1856.54
-2009.55,-42.1494
2702.19,1459.37
-4547.01,2858.9
4632.57,4803.11
-5798.99,2905.34
6300.95,1742.08
-6339.26,-2647.42
5390.4,-3600.5
-4701.71,-4160.37
5657.9,-2961.01
-3455.23,-3292.72
2534.59,-2155.4
-2984.23,673.889
2177.64,3589.47
-1633.21,5480.52
622.063,4076.29
-1922.27,3668.06
-271.264,2521.57
96.0999,1784.26
185.845,555.637
-314.841,-1154.79
927.136,-2735.88
-1823.21,-2744.81
3137.76,-2095.03
-2466.21,-1292.45
3376.27,-463.605
-4941.16,-44.5665
4098.31,1754.31
-3559.93,2126.37
4473.44,1374.65
-3919.36,-1754.78
2466.95,-2484.6
-2708.94,-2207.06
3222.6,125.058
-1948.44,-573.374
923.399,-596.289
-1318.87,1124.13
-131.841,2907.18
1117.29,4692.51
-1183.91,2563.28
-23.6682,1199.22
-2114.62,-3.37993
1975.36,204.149
-1115.12,139.966
1724.56,-584.698
-223.123,-2835.52
-363.902,-3758.78
764.853,-2948.58
-1090.75,-916.271
2266.22,897.491
-3400.84,1575.37
2198.3,3068.09
-2979.02,3790.4
3354.69,3911.75
-3151.46,1454.08
1909.47,-934.858
-2248.67,-3535.93
3185,-3499.54
-2326.69,-3801.9
2150.67,-2549.14
-1783.73,388.148
1869.66,2008.79
-1743.89,2998
1071.5,2268.92
-1614.11,1725.89
260.297,1568.07
-680.779,1048.74
1673.32,-304.058
-913.127,-2369.46
1486.81,-3735.35
-2109.57,-3264.63
2703.23,-887.513
-1729.1,488.922
2412.08,874.072
-3727.5,1340.03
2152.04,2845.8
-2801.32,4953.13
3192.69,4759.04
-2636.17,990.556
3162.93,-3198.03
-3927.17,-5916.2
5202.04,-5448.79
-3166.64,-4634.14
4852.75,-3633.04
-4507.42,-2512.09
3894.68,376.652
-4015.65,3291.18
4376.41,5644.61
-4939.85,5453.38
2813.88,4526.78
-3314.95,1971.39
2873.89,97.5781
-1419.32,-2878.49
2383.91,-4844.01
-1425.89,-5196.79
940.336,-3659
-242.167,-160.444
1602.49,1053.7
-1996.51,2336.48
638.649,3061.25
-1347.57,3755.54
2062.29,2894.34
-2420.62,903.561
2912.09,-2890.48
-3818.22,-5310.34
5027.73,-4311.47
-3975.86,-3922.54
6236.07,-2444.74
-6064.99,-1812.39
5376.34,1017.08
-6153.69,2717.6
5264.13,4955.77
-4569.55,4413.4
2723.15,3324.6
-3207.51,916.591
2813.78,188.652
-1379.28,-1472.57
491.629,-3045.5
844.524,-3117.87
-1896.44,-2244.12
2222.32,487.662
-1410.13,1420.2
2722.44,2012.53
-2854.19,-449.331
1569.52,-357.59
-1377.18,-686.009
1437.27,-551.33
-426.739,-1146.62
71.1981,-1996.67
1097.69,-1849.26
-523.901,-1638.42
2116.49,-1053.64
-2340.05,-1408.02
985.278,1219.6
-2443.48,3076.97
1225.1,5783.38
-639.757,5834.22
9.0986,4102.95
289.444,1143.12
-1738.07,-1648.46
3774.81,-4243.42
-3375.16,-6330.6
4139.36,-6150.13
-4871.28,-4029.36
5556.47,1336.73
-5869.59,4894.96
6852.81,6601.23
-7624.76,3839.85
5440.25,1836.27
-6240.08,-661.905
6826.33,-2155.12
-5852.12,-4364.24
6021.75,-4706.22
-5978.13,-3507.32
5816.07,-551.852
-3870.02,1359.01
3448.02,2209.81
-3920.08,1582.78
1258.38,3139.48
-2281.3,4661.19
1360.36,4397.99
-249.663,2160.57
466.82,-2080.21
-1456.16,-3977.82
1282,-3575.65
554.464,-2106.22
575.694,-2335
-1156.35,-1515.79
-568.23,847.333
-279.869,4581.31
932.001,6841.27
-523.938,4374.36
-171.133,912.351
-1855.22,-2324.92
1682.91,-3192.33
1148.72,-4768.41
333.571,-5873.04
1452.69,-6151.12
-2620.57,-3827.77
3551.32,614.148
-2597.34,3466.71
4189.26,3427.75
-6571.04,2147.46
4868.42,3206.48
-6493.93,4610.5
7073,5506.62
-7207.82,2584.29
6927.36,-346.04
-8765.02,-2578.09
9635.72,-1410.36
-7978.73,-1292.87
8891.18,-1767.29
-8383.37,-3519.66
7891.68,-2634.06
-7276.43,-1795.58
8063.76,249.647
-6344.89,-190.389
4519.25,371.778
-4028.84,-274.425
2729.97,793.65
-366.495,-522.412
-650.532,-1417.1
1552.9,-1257.65
-4087.98,-235.317
5009.62,2836.25
-5915,2856.7
6158.47,3330.21
-7851.19,1586.17
7201.14,2437.31
-7003.35,728.646
7947.26,-200.823
-7614.86,-3207.48
5954.21,-3474.74
-5499.8,-2160.5
5526.88,-30.9423
-3347.76,887.688
2278.22,856.725
-3124.96,1579.44
1711.96,2349.01
-2101.24,3303.01
2059.44,1755.64
-3056.22,273.468
1948.31,-500.752
-1636.96,-834.248
3578.22,-1958.85
-3088.78,-3402.28
2910.42,-3923.81
-4164.41,-2467.59
4269.86,1028.53
-3815.6,2609.99
3535.43,4119.73
-5087.03,3596.93
3308.24,4350.94
-3544.07,3637.16
3682.56,747.502
-3819.09,-2074.05
2423.96,-3342.5
-2786.13,-2468.97
3065.18,458.761
-754.733,656.4
115.797,-250.659
-1015.74,-59.792
-1942.53,2690.36
1886.81,5066.55
-2451.96,5039.68
2892.3,1829.85
-4392.43,-1760.85
4344.49,-2862.98
-4329.12,-3375.62
6949.35,-3081.4
-7488.11,-4620.76
7233.68,-3167.24
-7727.38,-1167.28
7589.06,2881.47
-7105.69,4995.88
6156.62,5738.81
-8213.44,4450.45
5109.14,4365.71
-4284.61,1929.76
3770.17,-324.731
-3016.18,-3072.54
1629.28,-3239.63
-1167.71,-1479.78
1844.37,-693.854
159.784,-760.774
-788.468,-2556.38
-222.507,-881.567
-414.033,1868.39
1266.16,3769.01
-792.974,2135.82
464.059,-333.704
-1321.74,-2329.45
300.628,-1728.27
1152.04,447.652
17.9221,-269.196
666.795,-1587.71
-1799.76,-1828.22
100.526,1055.25
356.424,4057.23
-190.108,5051.94
454.739,3152.88
-3265.07,1666.3
3297.81,463.179
-2678.18,-554.898
5006.46,-3075.55
-5342.99,-5760.82
6152.43,-5403.13
-6238.01,-4042.64
8042.38,-822.786
-7330.12,277.993
7033.18,2559.63
-8442,2938.78
7058.43,5030.74
-5935.46,3398.8
5456.59,1142.72
-4773.1,-2677.4
3091.44,-4118.27
-791.442,-3754.11
993.611,-2650.21
866.876,-1636.74
-2131.32,-859.902
2894.33,1498.11
-3136.32,2496.72
3567.55,3909.48
-4249.53,2205.38
3238.03,1928.34
-3806.02,643.829
3537.21,155.599
-2481.36,-1172.91
1451.67,-1000.2
-687.984,-614.592
779.125,-496.725
433.814,-448.864
-1262.42,-1261.48
1925.83,-1132.4
-1984.18,-1495.86
1927.89,7.42678
-1405.16,-213.209
1093.39,98.2771
-96.2944,-781.021
-858.36,-732.786
1071.81,-482.076
-719.306,-524.136
1874.79,-456.67
-3794.8,-333.291
3318.76,1773.33
-3903.27,3105.34
3843.22,4154.86
-4582.22,2409.67
4283.23,1562.73
-5266.06,561.065
5315.42,-476.767
-3266.4,-2999.6
3246.08,-4547.83
-2966.55,-4548.66
2896.24,-2668.29
-1571.45,-468.591
2454.83,1229.74
-2480.84,1671.7
550.745,2122.66
-959.225,3180.93
844.124,3243.21
-428.682,1298.11
-65.4506,-1157.99
-284.485,-1936.27
34.1209,-2050.48
942.994,-851.545
666.203,-989.943
-1171.32,-1656.37
740.634,-808.675
-970.594,1468.56
1332.62,2963.3
-1897.41,2835.15
1577.83,1743.3
-2605.15,614.737
2455.62,385.466
-1314.73,-1604.31
2092.31,-2705.85
-1802.19,-3883.96
1767.26,-3298.26
-1779.61,-1049.34
1706.41,1160.61
-411.167,1850.96
13.1046,1656.14
-515.804,1261.3
-629.555,1474.55
2436.87,77.4061
-1519.07,-3052.69
2285.36,-5125.28
-3301.04,-4928.92
3541.54,-1217.57
-2367.05,2514.37
2772.1,4192.44
-4281.6,4032.19
3323.94,4606.54
-4460.09,3965.76
4764.51,2860.18
-4265.95,-260.676
3659.12,-2828.21
-3701.53,-4292.15
4595.58,-4265.23
-1761.86,-4098.95
2774.43,-3600.64
-2517.05,-2629.14
2311.68,-186.996
-2472.44,2431.59
2715.26,3290.91
-3363.45,2920.15
2520.46,1789.96
-2919.9,1210.25
3759.48,-94.1617
-3043.94,-2219.11
4129.36,-4499.73
-4994.69,-4800.49
4996.19,-1885.77
-4026.41,515.251
4638.7,3347.19
-5391.01,3503.62
4340.76,4219.75
-4458.39,3159.15
3696.76,1701.11
-3075.27,-853.122
2289.43,-2665.32
-1186.87,-3786.32
1189.92,-3252.35
594.063,-2272.42
-68.7124,-1900.44
348.126,177.472
-1351.29,1137.03
1311.8,2510.15
-439.855,2004.13
-223.709,989.139
-487.68,-164.726
-384.651,313.771
2255.09,-649.977
-1586.32,-2559.04
2756.72,-4292.49
-4476.02,-3398.19
4798.15,840.064
-5073.83,3310.91
6070.24,4589.89
-7184.84,3020.9
5053.89,3060.04
-6504.47,3253.83
6482.02,3891.74
-5590.91,613.068
4440.01,-2106.09
-4777.89,-4227.63
4464.32,-3488.12
-1768.61,-2623.73
2787.82,-2922.86
-2429.6,-2590.19
430.994,-1136.2
-1129.56,2459.64
1260.16,4241.67
-1448.01,4282.27
-26.3378,2681.09
-2270.47,2593.5
2633.63,1491.1
-2215.74,-695.026
3575.17,-3937.75
-5314.24,-5629.44
5420.23,-3308.13
-5280.73,-225.889
6777.15,2761.78
-7467.65,2807.47
4875.52,4729.59
-6253.6,4996.79
5244.39,5776.91
-4768.55,2887.82
3722.31,-425.301
-3703.04,-3652.21
2439.64,-3993.39
97.9931,-3423.49
332.335,-3386.81
1149.77,-2848.38
-2374.69,-2025.46
2348.14,1711.73
-2899.83,3804.13
2703.63,5438.55
-3368.19,3507.85
1590.62,1831.03
-1376.62,47.4729
1715.72,-1692.49
174.154,-4452.35
-568.338,-5102.63
935.602,-3559.76
-1272.46,-1228.69
2408.42,2177.04
-3217.27,3711.38
2235.86,5662.96
-3811.34,5909.58
2551.29,5899.86
-2809.03,3092.1
2544.32,-724.836
-1873.88,-4725.74
1331.67,-5898.04
121.097,-5342.29
1530.21,-4101.57
469.226,-2729.75
-1047.63,-2092.55
1080.37,54.2218
-1998.09,3288.67
2435.2,4886.83
-3431.03,4016.27
2350.55,2882.17
-3218.83,885.21
2478.43,492.172
-2423.02,-539.255
2687.28,-954.922
-2401.15,-1496.89
2197.22,-1634.02
-1456.17,-1342.34
1990.5,-664.816
-2096.01,-90.5682
968.009,1450.99
-1296.72,2776.18
978.75,1985.01
291.3,284.21
-651.451,-1658.44
226.473,-2490.81
-324.144,-1333.21
588.848,-255.623
-513.563,164.07
-347.361,1026.31
-68.0349,1370.92
-507.934,3113.16
1638.8,2451.31
-1595.81,359.267
1847.43,-2618.69
-3567.55,-3755.66
4491.71,-2879.01
-4145.37,-1464.72
5250.58,711.596
-5835.53,844.761
5923.95,2536.6
-5510.27,1202.93
5622.7,559.7
-5973.27,-1222.96
4015.32,-160.981
-3821.97,1436.5
2862.24,2884.17
-1030.12,1966.19
471.911,135.375
-175.542,-923.133
-189.374,-2303.53
1538.27,-1973.46
-937.451,-3394.64
1174.98,-3303.58
-1199.64,-2260.48
238.721,1605.69
1606.9,3387.61
-1782.71,3631.55
2021.36,1554
-3877.25,-559.933
4608.05,-1124.52
-4160.63,-2791.99
6344.09,-3006.67
-6594.62,-4063.85
5758.32,-865.016
-5832.65,2263.4
6047.32,4977.51
-5444.88,3715.96
3525.37,3287.21
-4817.92,2811.64
3261.53,2776.72
-1247.82,1415.36
1018.19,-2358.17
-254.56,-5518.46
-406.506,-6095.51
2418.99,-4178.73
-627.12,-3018.15
2263.63,-2170
-2820.73,-1890.03
1738.02,595.498
-2564.75,3471.66
3610.26,4725.49
-3209.6,2816.96
1578.67,777.518
-3010.84,-29.5879
3102.53,570.761
-1607.05,-543.108
1359.3,-1764.3
-1953.87,-1616.26
1453.06,-5.17926
-1355.82,2852.56
1508.02,3995.5
-2268.43,3232.01
1415,1783.69
-1317.46,-330.343
1927.05,-2497.53
-625.933,-4236.33
1569.48,-5289.98
-1543.32,-4879.92
2593.19,-3428.78
-1927.01,-1396.57
3049.73,572.871
-4862.44,2865.82
4512.87,4800.6
-5365.83,5739.56
5394.49,4005.4
-6197.31,276.883
5561.39,-1517.95
-6147.32,-2709.24
6954.81,-1006.31
-6022.63,-1470.5
5794.45,-442.262
-5525.67,-588.513
4591.11,1187.5
-4275.18,2551.2
2800.38,3655.55
-2453.04,3205.41
577.65,1481.87
248.383,-111.723
-1121.52,-2217.11
2572.85,-3214.89
-1531.89,-4771.55
2129.31,-4465.13
-1787.12,-4051.65
2128.59,-1743.24
-1196.98,-216.084
945.983,1427.42
-1176.77,2668.89
-717.194,4608.81
-331.383,5672.62
-91.7791,4102.19
427.476,1315.71
-1136.5,-2202.6
1137.95,-2935.57
-156.575,-3440.08
1616.77,-2845.47
-286.406,-2929.49
-1309.79,-1293.08
1340.13,1644.07
-1655.64,4290.89
2617.54,5265.33
-3900.65,3812.13
3282.14,2216.84
-4765.98,95.1794
5934.16,-1639.86
-4661.86,-4427.49
6010.51,-6054.32
-6041.2,-6121.31
6720,-2654.59
-4883.04,-611.305
5700.54,985.451
-5990.25,901.96
3686.49,2581.55
-3412.32,3788.54
3678.11,3686.05
-3352.55,1330.61
1981.16,-1148.94
-1650.32,-2282.2
1845.01,-2476.07
-550.565,-1713.73
381.04,-1182.78
-771.684,923.226
606.399,2119.56
-1280.9,3612.68
1500.61,3479.06
-2206.58,2048.42
1859.31,501.1
-2999.79,-876.482
4862.75,-2490.28
-3861.42,-4672.43
4951.01,-5744.53
-5040.89,-5258.31
5714.73,-1542.08
-5014.37,640.753
5755.59,2218.22
-6230.12,1637.24
4621.65,2617.31
-4624.9,3039.49
3374.53,3616.02
-2815.27,1740.59
1447.83,449.849
-1672.34,-582.38
486.573,-586.711
1883.59,-293.484
-2317.77,-844.386
3189.8,-1085.24
-5235.27,-374.654
4626.67,2324.91
-5045.77,2990.38
5602.18,3391.81
-5491.23,-71.6869
5189.3,-1800.13
-4544.05,-3523.73
5247.05,-4185.39
-3878.95,-4994.05
3310.53,-4268.13
-3265.97,-2057.46
2836.31,1793.06
-2069.74,5090.24
1225.02,5454.32
-2548.29,5634.33
876.08,3565.08
-1558.43,1233.54
1861.04,-1313.89
-2501.91,-2991.6
3299.03,-2921.34
-3463.24,-1829.36
4560.83,-568.963
-4305.38,-28.9619
4946.58,76.3211
-6338.6,376.343
5674.84,2642.55
-6167.49,3057.56
6345.7,3096.62
-6275.27,364.541
5239.77,-1361.37
-4851.35,-2687.63
5369.98,-2012.8
-3694.19,-2912.51
3401.7,-3023.65
-2735.16,-2321.07
2076.79,-517.055
-1217.71,1710.55
213.976,3110.84
404.875,3537.65
-1484.54,2033.9
1277.22,878.689
-1331.07,-891.852
2256.76,-2159.36
-2013.13,-3055.85
2209.23,-2284.81
-2059.85,-1003.31
2143.44,1067.33
-1550.68,2080.98
-18.4554,3727.81
-643.926,4144.71
-19.5593,3924.83
96.4011,2500.67
-339.807,-978.969
1289.3,-3815.91
-1348.82,-5202.85
2142.36,-4626.73
-322.443,-4344.5
1214.83,-2600.88
-997.076,-1496.97
152.448,1324.13
121.3,3400.86
-442.216,4001.05
232.603,3619.9
-2288.03,1744.57
2050.63,1055.23
-2559.67,295.491
3542.5,-1352.28
-4171.7,-1899.75
4498.16,-1054.63
-5821.62,102.48
5675.46,2750.55
-5828.88,3472.1
5143.49,3184.84
-6527.81,2046.07
5189.42,2349.38
-4329.94,122.56
5043.88,-2057.32
-4533.27,-5637.14
4287.85,-6283.17
-3252.11,-5110.24
3524.58,-2564.44
-1632.08,-172.122
164.253,1277.75
-1025.43,3863.73
-156.039,5136.95
-1021.53,6038.2
213.98,4395.9
-1685.21,2823.08
-119.568,1474.46
-758.949,307.253
3137.77,-1725.95
-2695.95,-4002.49
3578.12,-5513.6
-3875.04,-4568.09
4747.08,-1409.88
-4596.81,626.086
4238.76,3552.45
-6053.89,4391.31
4432.79,6393.27
-4300.46,5732
4070.87,2963.82
-3666.41,-1790.26
2881.72,-5092.62
-2506.73,-6798.16
2556.25,-4934.38
360.04,-3067.81
-1263.77,-1017.8
1759.21,2107.73
-3733.64,4945.23
4527.79,6056.52
-5926.04,4408.47
5499.36,1877.02
-6987.72,-1394.9
7225.01,-2034.27
-7483.53,-2643.6
8974.92,-1842.16
-9230.87,-2225.12
8993.08,103.004
-9015.65,828.556
8655.72,2506.69
-7907.16,2047.67
6306.97,2011.48
-7242.45,1422.64
5634.97,1817.49
-3802.98,455.436
3510.7,-1667.91
-2080.01,-4359.77
2568.7,-5589.43
-1169.57,-4659.73
1580.19,-3742.48
168.302,-1821.88
-1223.74,-33.0537
962.805,2690.43
-1295.56,4820.43
1452.36,5819.84
-1916.62,4299.64
948.89,2260.16
-1591.82,-322.147
2100.23,-2396.68
-2030.16,-2311.15
2093.55,-1597.76
-1671.57,-81.7153
3160.33,968.199
-3150.39,415.151
4196.81,-570.322
-4713.74,-1043.18
5062.19,-1328.21
-5210.16,-1135.76
6534.16,-982.812
-6265.65,-2233.19
7479.77,-2164.17
-7706.59,-2339.48
8612.72,-519.984
-7779.02,-489.747
7689.68,-213.774
-8087.32,-604.671
7114.06,1751.38
-7262.18,2988.52
6456.88,4436.33
-6416.42,3915.72
5239.83,2292.97
-4373.63,-598.819
3215.62,-2103.01
-1813.96,-3417.1
2197.25,-3859.55
-1008.02,-3052.93
-116.642,-1529.7
390.066,1214.99
-99.8173,2326.85
479.973,2914.81
-1396.77,1824.79
491.121,1195.08
-873.529,395.418
817.646,-141.161
-169.707,-2438.11
1095.95,-4339.09
199.949,-4630.52
-169.229,-3858.88
1052.71,-1177.01
-374.941,547.421
-786.077,2668.08
-723.319,4224.55
-303.483,5565.81
986.501,5183.14
-1691.17,3075.25
1890.02,-245.391
-3082.69,-2296.18
3233.61,-2789.94
-3841.04,-2468.65
5889.65,-1680.65
-6044.32,-910.396
5915.33,1565.77
-7181.05,3183.4
7905.99,4107.94
-7693.19,1271.46
6746.6,-1152.32
-7734.98,-3545.67
8679.56,-3034.5
-5526.06,-4831.45
5672.91,-4578.99
-5036.6,-4132.34
3969.29,-1449.8
-2938.74,1359.3
3145.91,2429.25
-2214.65,2845.15
-107.312,2817.46
-1173.86,4159.34
-558.108,5110.03
2070.31,3479.82
-2202.26,-702.258
1137.29,-2636.42
-2324.37,-2222.44
3446.55,491.798
-1238.66,839.088
1209.71,-1294.6
-2915.64,-1742.53
1994.76,589.76
-739.628,1742.43
1894.38,1886.18
-1308.23,-1033.29
396.784,-3275.98
-343.889,-3428.25
1283.3,-3723.95
733.69,-2876.62
71.1882,-3021.22
-1258.52,-1261
1103.1,1567.9
-1812.01,4692.04
2330.3,5422.18
-4249.11,4881.39
2661.62,3614.05
-4618.19,2967.58
6462.78,1872.43
-6966.52,-1721.04
7486.76,-3563.96
-8419.05,-4589.39
8863.65,-2011.09
-7072.51,-1546.85
7499.66,-181.718
-7764.22,-298.143
6164.06,1965.52
-5486.89,2580.71
4377.71,2940.01
-3612.91,885.154
2005.71,-1028.74
-1443.22,-1826.06
1042.84,-2502.34
488.858,-1473.01
-1397.58,-1321.92
1137.43,588.181
-1920.43,1424.42
1564.79,2997.95
-1417.97,3098.14
645.147,2453.9
-2153.82,1906.21
294.2,2432.98
455.956,1561.03
-281.485,-1152.99
1124.16,-3633.01
-1303.13,-4739.92
1880.82,-3246.52
-1261.84,-1279.08
1810.15,122.294
-2595.03,489.266
914.809,2661.53
-1585.48,4602.39
920.315,5798.61
-461.745,3876.41
-290.022,975.967
111.799,-2844.65
-1484.96,-4576.02
3469.48,-4325.3
-2997.79,-3556.14
4408.8,-2107.64
-5193.28,-445.226
5229.45,2753.73
-6315.01,4286.4
6627.88,4968.36
-7272.88,2339.07
6177.57,794.41
-6477.99,-1068.61
7018.04,-1457.64
-6091.25,-2800.38
5577.38,-2437.15
-4745.79,-2079.42
4390.11,-414.056
-3190.41,852.913
2901.93,1373.5
-2890.12,1887.89
2021.92,1577.56
-1653.46,735.629
1979.45,-1351
-1722.96,-2114.34
2556.36,-2993.91
-3256.63,-1620.94
4354.97,-424.588
-3594.97,101.569
4127.64,332.3
-6051.57,792.885
5732.58,3376.38
-7025.27,4746.53
7528.04,4896.45
-6993.36,654.829
6039.48,-1716.25
-5871.93,-4156.92
6232.76,-3067.78
-4142.51,-3413.08
3862.9,-3153.43
-2667.81,-2321.66
1583.36,-856.669
113.418,1091.9
-393.783,2262.5
597.822,2585.7
-2690.35,1826.13
2204.63,2456.99
-2718.05,637.938
4582.02,-1249.91
-4606.6,-2629.65
4724.33,-3011.91
-4788.56,-1865.09
6109.15,-626.737
-5736.62,-758.253
5089.43,239.733
-6116.28,1423.29
6177.33,4028.29
-5482.39,4065
4933.75,2737.6
-5673.53,-198.061
3945.52,-507.066
-3881.39,-840.901
5590.44,-1456.91
-3962.99,-2498.99
3329.83,-3643.81
-3420.89,-1885.66
3758.24,-87.8666
-2911.39,842.342
3336.26,131.784
-4888.21,128.943
4446.98,1578.15
-4849.22,2863.95
6335.07,1981.11
-6594.15,-1229.1
6716.97,-3045.05
-7890.65,-3742.16
8956.87,-1682.66
-7563.88,-578.178
7966.69,233.623
-8527.35,-47.8511
6897.91,2631.71
-6467.11,3340.73
5751.05,4461.25
-5278.5,2393.55
3472.69,609.707
-2302.88,-1500.89
1777.11,-2622.67
1151.69,-3904.82
-2181.41,-4339.71
2633.92,-1920.86
-4088.81,751.132
4852.53,4665.24
-5570.23,4649.96
5680.94,4209.17
-6978.23,1909.31
6084.42,848.96
-5559.49,-1323.14
5559.29,-2976.97
-4416.94,-5687.09
4429.26,-5544.63
-3322.79,-3614.87
3744.71,-962.563
-2583.33,1858.48
1656.93,2654.74
-3182.85,3595.87
1830.81,4065.77
-3658.83,5175.95
2977.65,4905.97
-3955.29,3755.81
4554.89,205.409
-4497.42,-3712.46
5402.27,-5708.03
-5551.87,-6546.18
6381.14,-3562.2
-6542.05,-1075.92
6885.12,2127.69
-6900.02,3259.06
6187.75,4305.68
-6837.68,3629.43
6746.38,1997.73
-5486.59,-1973.02
4851.56,-4981.11
-4518.05,-6152.9
3952.64,-3924.13
-2882.63,248.945
2776.28,3805.07
-2062.71,4576.74
-147.286,5465.37
-1155.99,5681.43
-103.492,4380.09
322.67,2368.55
-871.366,-1355.47
833.938,-3506.34
-1572.92,-4032.31
2665.74,-2350.29
-879.473,-1937.35
927.944,-1549.98
-455.858,-1779.44
-515.215,-65.9794
246.013,1667.15
-631.372,2395.5
1193.52,2402.98
-3237.57,928.758
2283.07,1028.95
-2098.97,780.935
3007.55,-449.228
-2754.55,-2693.91
2822.01,-3410.48
-3087.63,-3364.35
2743.03,-419.679
-1589.8,1168.07
143.6,2824.37
-797.759,4392.78
-1416.54,5548.6
1548.52,5191.04
-1519.09,2230.28
2029.22,-1475.44
-3174.51,-4647.87
3387.72,-4600.01
-1625.78,-4743.85
3190.62,-3312.36
-2515.7,-3081.67
1647.27,51.1049
-1716.36,3350.52
1289.07,5143.01
10.2268,4322.64
-1207.21,973.879
942.033,-1509.38
-1212.32,-3000.31
2909.97,-2899.14
-1835.17,-3492.08
2147.39,-2637.81
-2420.24,-1406.86
1924.21,2199.54
-449.76,3989.82
-386.686,4487.78
725.365,2891.65
-2552.02,1454.84
3236.29,-142.252
-3286.83,-1989.38
4716.04,-2995.19
-4839.09,-4295.39
5673.6,-2463.48
-4956.39,-1696.72
6525.45,-242.78
-5670.56,-1367.37
4844.78,-258.403
-5154.55,589.73
4545.31,2047.77
-3880.21,2643.62
3322.16,1379.55
-3668.4,790.938
2534.64,391.036
-1458.42,80.8008
2673.92,-1780.98
-1819.87,-3982.88
2463.01,-5337.81
-2945.79,-3807.01
3849.23,-928.87
-2951.48,1257.32
3297.35,2625.37
-5815.13,3755.14
5090.45,5283.84
-5305.57,4957.6
5728.01,2648.05
-6218.18,-1085.55
5878.06,-3319.5
-6070.39,-4433.49
7501.09,-3071.86
-5993.82,-3316.35
6412.46,-2319.77
-6536.08,-672.034
5729.8,2162.69
-4950.95,3266.6
4904.47,3180.75
-5067.32,996.111
3417.59,-721.073
-2310.03,-1749.25
3172.31,-2541.88
-1616.41,-3743.94
693.947,-3362.08
-585.357,-903.373
-743.133,2835.15
924.406,5738.46
-1783.28,6178.32
901.866,5550.27
-3170.85,3863.84
3343.56,1896.8
-2935.39,-1640.18
3021.84,-4291.83
-2527.71,-6922.08
2607.71,-5650.47
-912.859,-3777.24
2181.97,-1599.85
-1249,-159.833
908.195,250.928
-1777.52,2014.05
813.073,2852.44
-1192.91,3301.53
1335.6,1894.5
-2467.85,731.996
1891.51,-178.611
-2156.16,428.512
3680.83,-262.043
-4767.64,-1199.45
5709.92,-1032.54
-7167.87,-759.254
8195.39,1248.16
-8734.96,1855.86
8431.85,3077.25
-9703.97,2824.63
9429.43,2600.03
-8456.61,-768.472
9685.34,-3209.59
-8603.32,-6521.13
8439.12,-5827.43
-7347.41,-4502.24
7256.45,-936.549
-4759.67,160.726
3097.52,1584.89
-3473.24,4101.77
1491.32,6207.29
-489.273,6558.26
-119.425,2665.9
-3.93457,-1552.84
-1654.58,-4540.62
2294.5,-3536.89
-808.609,-2394.08
1659.85,-611.14
-1659.32,-312.907
1588.82,393.142
-1318.82,928.358
558.592,1613.94
-233.93,2375.42
-1223.7,2222.38
426.72,1728.98
67.0417,-225.627
1337.64,-2740.71
-1011.69,-4469.51
856.728,-3759.55
-643.186,-2163.31
1098.4,42.3551
90.8738,173.381
-1444.54,562.638
-42.8053,2675.9
-527.08,5154.23
1327.77,5248.48
-1099.54,1235.8
1698.69,-3774.14
-3034.47,-6216.8
3474.32,-5056.08
-1732.88,-2850.23
3386.76,-591.7
-4099.92,465.658
3471.76,2386.16
-3891.5,4167.9
3257.91,5449.97
-3217.84,4463.17
1448.24,2978.49
-2304.5,366.195
1713.4,-486.652
362.728,-2934.35
475.205,-4795.09
689.183,-4797.01
-1158.66,-4122.97
2293.69,-1334.38
-782.855,-714.328
604.411,376.89
-1659.73,814.404
158.214,4146
1148.39,4312.05
-1298.77,2228.7
2684.82,-2020.91
-4131.24,-5352.71
5174.71,-4734.9
-5234.96,-3501.83
8003.46,-900.966
-8952.13,131.871
7997.22,3144.28
-9299.06,5111.49
8978.43,7515.7
-8502.54,5187.58
7368.62,2373.57
-8160.58,-1543.02
7080.29,-2933.7
-4782.31,-4195.15
5569.1,-4832.94
-3423.4,-5668.46
3153.58,-4341.78
-1617.82,-1876.51
1844.84,238.491
-614.616,1939.9
-876.682,1498.76
-65.7687,2770.6
-150.129,2624.8
314.709,2228.18
764.198,-347.097
-1958.83,-1548.07
1795.2,-1758.35
-1896.73,-1040.89
3523.62,-382.552
-3811.2,-700.628
3950.39,579.603
-5704.06,2264.66
5052.58,5433.4
-5228.4,4906.33
4476.18,3624.61
-4472.22,-522.358
3059.61,-2068.38
-2309.14,-2604.47
3421.25,-3467.32
-829.323,-5089.04
-287.351,-5880.74
1454.8,-4824.93
-2175.98,-1096.5
3652.61,2575.71
-4528.46,3755.83
3959.27,4957.3
-6066.6,3710.95
5874.65,3010.02
-6619.27,1202.83
6025.27,141.593
-6127.4,-1220.98
5722.23,-1014.08
-4713.31,-2490.68
6031.29,-2386.93
-5655.37,-2314.09
4305.96,-641.92
-4565.59,2965.77
3672.53,4785.14
-3441.12,4485.11
3002.83,2350.82
-4136.4,342.158
4727.29,-1285.8
-3820.67,-2366.7
4422.92,-3967.73
-4692.83,-4800.69
4641.79,-2839.65
-4825.84,-282.26
6377.59,2601.28
-6525.98,3563.26
6047.36,3295.81
-7035.27,1894.85
6843.69,320.512
-5988.55,-2982.67
6362.76,-3985.39
-6199.31,-4061.33
6002.19,-1568.67
-4672.94,818.848
4573.38,2429.18
-4199.28,1876.5
2007.26,3025.22
-2801.28,3988.82
1434.71,4887.09
-269.908,3688.33
-449.397,-493.524
935.522,-3360.92
-1675.41,-4836.96
3341.91,-4098.44
-1903.49,-3626.54
3043.98,-3232.23
-3679.18,-2401.07
3660.87,579.009
-3772.17,2788.07
4702.4,3393.54
-4917.49,2256.17
3573.85,883.345
-4744.38,273.744
4570.76,638.148
-3220.85,-1036.2
3881.55,-2127.42
-4419.16,-2446.77
3761.57,-538.275
-3534.73,2049.32
3462.94,3535.54
-4231.22,3424.85
2318.85,3310.59
-3793.03,3875.75
3919.1,3359.34
-3441.2,1427.22
3313.49,-2133.4
-3766.17,-4962.62
4891.25,-6151.45
-3332.18,-6785.26
5465.48,-5585.36
-5744.26,-3544.07
5572.82,4.34109
-5545.6,3105.41
5862.13,4624.3
-6217.26,3200.11
4424.87,3060.62
-6039.23,2946.35
5203.98,3372.82
-4322.91,1586.43
3837.04,-758.732
-3056.95,-3649.36
2350.33,-3197.03
-762.626,-1654.61
1208.09,-189.659
-600.531,765.623
-752.924,583.799
864.885,1845.04
-1182.11,2070.94
1854.81,2267.69
-1696.72,779.088
1644.58,-1109.65
-1098.3,-3709.82
1301.62,-3949.07
422.151,-4489.16
-128.578,-3466.77
609.559,-183.612
-1767.07,2688.19
2016.91,4987.79
-1725.31,3901.01
1132.94,2049.69
-1613.67,-387.391
1315.34,-1129.75
487.156,-3083.75
-889.729,-3098.02
1810.48,-3589.08
-2921.72,-1633.15
3786.35,1885.97
-4856.17,3689.72
6263.09,5116.89
-7766.64,3385.83
7111.37,1886.38
-7959.78,-1064.08
8984.21,-2134.43
-8183.63,-4511.08
7782.07,-3657.83
-7076.38,-3193.83
7166.82,-270.948
-4851.58,329.123
4072.48,-225.948
-4105.95,366.134
2004.57,2182.21
-2168.51,3976.67
1857.56,3404.94
-1267.74,1462.75
81.0611,-1303.79
-180.952,-1511.19
1013.96,-2006.59
-396.314,-1446.7
1251.25,-2444.88
-2066.6,-2419.89
2366.73,-562.631
-3455.67,1985.84
4028.47,4720.26
-4535.33,4683.6
3843.62,3379.54
-5163.54,696.224
5670.35,-1252.7
-5031.35,-3466.98
5115.11,-3314.85
-4770.26,-3488.25
5228.91,-1905.99
-3530.11,-1389.07
3171.34,-689.525
-2808.1,302.17
1681.5,2107.13
-1755.42,3693.77
1392.01,2883.77
-1677.84,1519.41
756.783,3.93667
-715.501,-600.542
1419.91,-1505.06
8.01999,-2140.56
138.305,-2802.11
-754.913,-2372.89
697.596,-208.426
-1120.96,2562.11
1148.13,4417.68
-1350.75,3844.45
696.3,2929.05
-1925.84,1728.78
2262.98,-519.645
-1471.15,-2628.4
2474.42,-5313.42
-2840.34,-5702.62
4016.5,-3970.09
-2636.57,-2167.62
4120.28,-441.97
-4484.25,-32.9919
3789.11,1877
-4758.67,3456.62
3703.56,5067.24
-4272.44,4478.87
3010.65,4337.6
-3105.47,1566.19
2802.29,-987.109
-705.686,-3693.37
576.227,-5374.66
-68.7599,-4531.72
-1187.76,-2117.93
1781.31,1796.54
-974.001,3141.88
1007.61,3615.04
-1496.99,2071.02
225.963,2116.49
1067.16,-479.3
-719.863,-3363.81
1777.93,-6337.32
-2656.15,-7045.48
4095.73,-3486.67
-3219.98,-74.1534
4718.52,3069.09
-4705.05,2165.35
2981.71,3349.71
-3807.89,2779.68
2879.34,3506.99
-1656.52,1943.45
430.314,411.554
361.494,-1055.81
-2146.09,-1393.66
4020.22,-96.0062
-4048.34,-811.632
5889.53,-1488.14
-7153.43,-2014.37
6908.39,618.701
-7222.46,1598.18
8327.96,2465.07
-7237.54,-580.411
6029.25,-2110.54
-5963.8,-2821.92
7097.88,-2229.67
-4926.64,-3106.21
4783.28,-3663.26
-4400.33,-3124.52
3945.98,-1146.35
-3070.44,1613.66
3409.18,2845.54
-4420.48,4599.49
2024.03,5154.34
-3309.18,5385.2
3979.27,3640.55
-4269.07,477.955
4248.44,-1909.22
-5535.38,-3069.8
6025.82,-1865.4
-4475.16,-1808.82
5503.79,-2185.32
-6662.97,-2378.77
6194.82,290.984
-5907.43,2634.73
6484.29,3409.07
-6006.54,742.501
4715.14,-1926.85
-4734.07,-3740.98
5790.61,-3636.48
-3616.28,-4047.81
3549.74,-3721.44
-3342.16,-2206.69
3267.75,87.1473
-3254.98,2651.43
2692.89,4618.45
-2963.33,5168.63
1019.26,5145.19
-1471.07,4306.09
548.413,2556.73
-68.1267,-205.425
37.4866,-2563.32
1080.82,-4422.71
-1101.62,-4045.5
1953.33,-1887.76
-1645.91,25.741
2129.54,1310.04
-2919.7,1662.64
2634.27,3128.12
-3529.21,2788.83
3403.7,2355.26
-2675.64,-411.199
1683.85,-2413.73
-1701.45,-3618.01
2488.5,-4093.56
-1435.8,-3208.32
2115.81,-2620.82
-1568.27,-1199.28
1424.96,-150.782
-2957.53,2304.73
2911.76,3849.45
-4888.76,5423.55
4324.21,5041.34
-6515.68,4029.1
7424.12,2030.73
-7301.38,-2149.38
7511.09,-3175.09
-9348.25,-4149.05
9727.25,-1610.48
-8388.43,-663.375
8090.38,986.779
-8140.27,641.644
6594.71,3254.98
-5763.28,3340.49
5013.07,1856.44
-4166.99,-1099.28
2412.66,-3885.36
-1407.97,-3812.08
808.469,-2624.48
1486.55,-737.382
-1210.96,-129.257
227.036,1157.96
-1469.03,1701.83
1155.86,4042.74
-1178.69,3788.24
525.633,2531.63
-796.495,956.323
-1095.76,482.574
1978.61,-7.64297
-1170.57,-1557.82
2446.75,-3654.06
-2903.7,-4454.19
2896.28,-1756.38
-2879.43,410.193
3765.16,2891.57
-4034.91,2465.99
2375.14,2390.08
-2378.25,1920.45
1643.91,1878.16
-971.483,541.086
420.266,-921.379
444.917,-2998.29
-1693.66,-3682.33
3262.83,-2509.96
-2473.9,-1953.14
3117.36,-96.8175
-5378.03,1982.4
5006.58,4153.94
-5191.54,4057.78
5494.83,2825.13
-6577.92,-75.9251
5944.16,-918.912
-5229.48,-1911.23
6451.3,-2785.41
-6049.05,-4300.18
5506.58,-3616.1
-5530.05,-777.125
4986.32,3123.48
-3844.03,4327.09
2683.9,5272.83
-4548.6,4628.55
2261.12,3486.77
-1716.99,2293.76
2265.96,-926.785
-1908.26,-3994.3
2150.88,-6060.2
-1635.74,-5200.67
3528.64,-4108.01
-2321.79,-2785.93
2918.75,-2061.56
-4124.47,501.535
3664.88,4002.51
-4218.83,5590.03
4651.88,6025.28
-6313.03,2768.52
4878.12,1100.33
-4854.13,-639.327
4741.32,-667.454
-3719.46,-2024.67
3177.56,-2040.69
-2197.81,-1834.12
1606.98,-707.707
-468.13,595.566
-413.256,1468.83
517.9,2463.13
-1854.44,1950.4
2523.19,1039.63
-2129.9,-1509.42
2212.38,-2411.13
-2123.79,-3469.7
2238.6,-2219.44
-1977.91,-806.904
2099.47,91.6785
-1432.8,292.277
156.415,1374.8
-342.537,2695.99
-856.695,3887.49
835.722,3737.21
-1714.56,1416.95
1335.57,-528.97
-2010.02,-1975.41
2140.94,-927.539
-721.359,-1403.54
556.837,-1532.31
125.974,-2026.1
-1191.75,-979.196
618.31,863.521
-264.611,2116.43
1533.93,2048.69
-2976.59,637.586
3020.74,28.7413
-4540.73,8.10591
5526.31,200.251
-5304.97,-1127.96
6083.84,-1908.64
-6436.79,-2665.99
6872.33,-1363.44
-5559.04,-584.212
5612.95,173.265
-6868.44,1051.96
5172.28,3640.39
-5497.74,4273.44
5212.27,5473.54
-4866.87,3156.51
3177.65,903.436
-2662.95,-925.603
2765.29,-3507.25
-1190.3,-4891.71
1508.81,-5973.07
-1013.91,-4208.3
972.261,-983.097
-326.106,2437.88
812.702,3716.25
-1959.18,4025.36
974.235,2440.87
-1852.85,1354.36
2871.81,-91.6208
-2754.49,-2937.19
3776.93,-4458.82
-4136.38,-4741.72
4349.26,-2163.98
-3151.67,-249.647
3338.73,1765.32
-3626.4,2579.24
2531.46,3897.68
-2752.95,3619.5
1927.03,3368.79
-1166.68,862.508
139.72,-1790.6
578.445,-2777.26
-808.9,-2964.1
2865.4,-2560.52
-2275.28,-2555.79
2774.59,-991.316
-3080.64,-492.624
2875.26,1606.24
-2165.86,2197.14
1791.97,2300.88
-3012.99,1974.94
2335.54,1912.31
-1050.51,353.775
1523.82,-2267.12
121.09,-4971.39
-117.477,-5916.41
609.606,-4075.07
797.546,-2567.11
611.287,-301.082
-911.638,799.636
-734.822,3140.49
1009.64,5143.41
-1708.82,5635.77
2294.55,3504.88
-3869.38,854.651
3397.72,-1422.76
-3868.54,-2140.07
6073.44,-2102.87
-5420.3,-3760.84
6360.5,-2903.34
-7038.22,-2039.01
7510.54,537.506
-6156.68,974.672
6624.04,693.603
-7291.91,-696.148
7054.5,-676.316
-5439.26,-1409.52
6683.04,-2748.22
-5246.05,-4690.25
4396.94,-4152.24
-4195.71,-1370.79
4083.64,2236.93
-2991.92,4228.58
1921.04,5153.79
-3639.96,5582.03
2239.75,5245.85
-1686.2,3586.58
2138.43,-59.6926
-2631.56,-3174.03
1769.64,-4603.58
-1570.21,-2901.02
3915.54,-2035.48
-2483.81,-2278.38
3479.83,-2802.43
-4721.13,-1997.42
4924.67,610.948
-5236.2,2269.15
6062.7,2379.99
-7174.59,239
6236.84,-29.0147
-6713.95,362.092
7736.99,1118.13
-6790.22,-1181.74
6161.75,-2380.66
-6332.65,-3438.99
4762.42,-570.667
-3686.99,1993.16
2439.5,4696.32
-2686.62,5409.45
-93.4212,5395.28
886.477,3581.1
-1908.77,196.03
3341.82,-2798.39
-3801.31,-6007.9
3924.09,-4957.08
-3455.76,-4549.8
5369.49,-2193.85
-5221.49,-754.951
4468.35,1742.17
-4332.11,3294.84
2942.8,5055.93
-3073.48,4660.16
1379.86,2851.62
-2139.62,827.713
1813.18,-1547.4
-756.941,-1876.75
1787.55,-3573.88
-1223.13,-3812.41
2327.33,-3702.98
-2417.52,-2992.53
4093.04,-1661.19
-4795.88,904.339
4135.18,3367.26
-5685.81,5781.03
6527.29,6711.23
-7317.51,3033.92
7830.07,-353.238
-8410.88,-3965.07
8066.56,-3128.4
-7304.01,-2505.6
8192.6,-1435.62
-7575.25,-1139.71
6035.53,1459.61
-6079.39,3356.43
5543.61,5221.39
-4237.56,3789.14
2986.56,154.567
-3016.1,-3132.95
2057.99,-4821.98
-140.727,-4677.88
874.682,-4021.22
343.809,-2506.07
-529.355,-1382.8
-422.374,1576.07
692.26,3019.87
-17.5455,3369.14
-820.596,1918.11
-1796.36,1820.21
1511.11,2445.54
-2632.09,3018.8
3215.82,1886.28
-3540.9,-881.154
4083.92,-2392.97
-3899.65,-3565.23
5102.88,-2541.42
-4883.88,-2698.09
5359.77,-1834.2
-5943.71,-295.08
4955.03,2080.18
-4429.88,3434.43
4789.65,4281.87
-4245.32,1507.17
2813.14,-724.773
-2349.63,-2387.18
2209.75,-3506.84
-668.302,-3640.39
389.773,-2230.74
270.039,-193.747
-1325.61,2877.2
2225.52,4516.42
-3544.38,4333.51
2479.43,4639.47
-4811.88,3147.38
5921.28,1463.64
-5461.45,-1633
5899.72,-3939.12
-5742.15,-5434.31
5536.77,-3670.09
-4347,-2617.36
4707.6,-59.8828
-4614.85,784.828
3482.07,2105.6
-3001.94,2939.89
2653.62,2050.04
-1995.07,274.289
1130.48,-2232.47
-2645.9,-2317.53
2811.49,-1650.56
-885.847,-406.617
1917.17,-1359.67
-3360.94,-327.912
2477.5,2351.31
-3994.96,4759.84
4752.66,5505.46
-6101.69,3068.67
5138.91,1536.87
-6486.56,607.146
7025.03,933.955
-6357.23,-972.278
7016.47,-2943.5
-6976.43,-5167.55
5901.21,-3788.32
-4846.58,-1593.8
5935.41,1186.89
-3892.26,392.218
1719.39,152.359
-2053.23,226.545
632.907,1497.17
414.892,2470.45
-285.071,182.447
27.728,-643.551
-1260.97,-1055.49
1865.18,472.868
-1148.07,116.762
1587.34,-439.887
-2453.31,-824.25
677.934,1200.43
-324.191,3149.3
-145.101,4388.5
537.26,3917.2
-2145.08,1182.8
2695.11,-744.965
-2057.27,-3424.85
3684.77,-5648.45
-2162.89,-6852.45
1599.66,-5214.46
-1641.82,-2045.51
2242.62,2325.83
-1210.48,3861.52
134.027,4790.81
-1690.93,4810.81
-140.407,4829.1
708.687,3844.4
-1117.09,-192.211
1069.08,-3627.95
-2059.4,-4782.52
3198.58,-3148.94
-1852.14,-1902.93
3242.74,-949.436
-3237.05,-1038.23
2443.11,-391.268
-2426.12,715.493
2497.17,2017.27
-2285.35,1999.43
550.535,2323.24
-1499.32,2384
469.96,2846.56
506.952,1321.2
47.8082,-1442.97
481.519,-3594.37
-1552.46,-4061.2
1540.44,-1257.45
-829.215,152.887
1022.29,1150.13
-1401.95,769.205
212.438,2096.55
346.485,2572.37
-550.831,2149.43
1391.69,-190.871
-2653.35,-3084.49
3083.87,-3900.65
-2862.82,-4021.98
4742.73,-2193.83
-4915.36,-337.857
4498.62,2521.5
-5272.99,3531.3
4673.36,4293.55
-4779.56,3121.24
3675.56,2318.43
-4551.42,1389.53
3804.35,1166.78
-2409.84,-453.386
2697.9,-2867.98
-2386.31,-4368.63
1834.98,-3618.81
-1212.44,-880.328
2712,475.851
-1706.59,403.778
1185.41,-1102.53
-2384.33,-442.76
2654.55,1088.64
-1910.01,1078.29
2757.63,-240.704
-3704.48,-1424.79
4469.96,-2114.46
-5142.21,-992.393
6301.36,724.918
-6663.26,1006.66
5186.27,3318.26
-6578.73,4220.24
5662.85,5698.45
-5153.9,4102.29
5047.88,1392.99
-4909.27,-2285.18
3348.99,-3272.38
-1534.26,-4664.89
2533,-4751.65
-815.363,-5066.15
-292.702,-4042.58
618.604,1332.09
-1603.63,4445.87
2081.9,6516.5
-2749.26,4445.13
1187.77,1327.25
-1596.42,-1285.73
1510.56,-2085.91
-602.416,-3048.48
795.466,-3166.91
-402.081,-2980.68
-506.047,-1700.69
2080.55,651.613
-2209.87,1970.97
2059.17,3296.98
-3652.94,3876.63
2163.82,4219.7
-2208.17,2525.23
1685.93,1192.99
-1744.15,-1189.63
805.359,-888.692
-196.122,-299.934
529.131,-492.243
702.903,-1840.19
-1457.74,-2903.52
1875.41,-2113.36
-2456.69,-459.796
3643.91,1866.67
-3412.77,1013.75
3033.61,508.047
-4931.72,298.227
5751.98,98.4128
-4940.27,-250.085
4894.8,-824.268
-4864.17,-1651.73
4824.69,-1338.2
-4460.21,-1285.35
5094.75,-318.829
-5390.49,249.223
4000.41,2346.95
-4995.52,4677.03
4647.84,5543.8
-4496.01,3372.95
4446.37,538.319
-5492.08,-1693.32
5095.73,-2871.79
-3270.87,-2709.97
4244.69,-3450.9
-4244.32,-4351.96
4009.58,-2089.83
-4086.62,1007.58
4931.72,3329.21
-5048.78,3520.49
4712.5,2020.3
-5926.54,243.398
5729.08,-828.379
-4929.79,-2053.32
6161.52,-3031.19
-5856.67,-3838.03
5356.26,-2376.46
-5077.11,-104.992
5371.88,2583.78
-3850.16,1500.58
2668.01,1866.63
-3530.23,1699.67
1817.7,3082.21
-855.781,3648.04
923.775,671.815
0.192871,-2161.34
-1117.78,-3877.91
1948.95,-2477.1
-751.255,-1600.28
1411.71,-134.759
-1186.14,-965.608
461.439,-276.093
-215.408,672.435
-344.465,2273.68
1705.64,2986.71
-3296.81,1530.72
3796.32,-280.652
-3913.28,-2633.67
5535.42,-4271.83
-4861.17,-4923.66
4979.8,-2484.09
-4951.25,-1002
4885.99,2482
-4244.57,2837.85
2252.79,3657.49
-3088.99,4445.64
891.45,6077.03
97.6593,4732.79
-363.444,123.035
988.01,-4085.97
-2093.71,-7067.39
3431.5,-5615.07
-2392.24,-4109.81
4895.66,-2336.24
-5590.36,-1306.66
4570.1,1265.08
-5124.31,4069.04
4975.48,5629.29
-5228.04,4587.73
3989.13,2542.85
-5670.93,579.247
4962.04,-359.545
-4052.75,-1381.29
4861.25,-2071.66
-4307.7,-4027.43
4413.81,-3395.29
-4153.53,-1508.5
4891.55,44.0396
-5205.66,2032.99
3291.87,3436.77
-4078.42,4322.48
3499.52,4900.46
-2868.56,2440.71
2184.27,-159.538
-2658.05,-2363.17
3234.17,-4176.33
-2315.7,-4529.57
3283.17,-4596.87
-2932.37,-3613.43
3261.56,-389.513
-3544.01,2938.04
2579.74,5332.76
-3204.64,6514.79
1673.29,5142.63
-2302.11,2131.87
2408.87,-315.74
-1309.59,-4315.57
2280.38,-5791.09
-1333.59,-6731.22
760.762,-4761.67
341.966,-758.338
-1507.22,2977.05
1984.65,6081.11
-3334.78,7147.87
2326.81,7160.34
-4081.8,4874.79
4133.08,1406.79
-4163.32,-3906.51
4388.64,-6565.67
-3582.53,-7612.27
3775.81,-4664.74
-1112.98,-2583.03
2156.66,-1039.41
-1855.17,-1.50031
361.331,1418.53
-1362.94,4212.17
1043.52,4668.93
-312.934,3319.42
-388.783,90.9599
-1325.05,-912.738
1671.7,-1579.93
-600.606,-1126.12
2436.15,-2370.58
-3937.93,-2452.21
3586.56,89.6231
-4344.23,2129
5605.74,4868.89
-5914.24,3531.87
5159.89,1750.91
-6309.56,160.898
6207.74,-389.284
-5159.24,-1957.09
5717.16,-2734.44
-5304.95,-4227.66
5032.19,-3278.97
-2752.3,-2321.47
3994.63,-1959.15
-3342,-1351.9
1070.6,460.123
-1615.64,3248.67
793.778,5753.81
-529.482,5137.82
-564.887,2889.51
951.053,591.472
-1411.47,-1987.52
2228.28,-2867.97
-1564.18,-4562.46
2072.16,-4739.53
-2375.1,-2982.89
2066.21,850.421
-1970.99,4690.89
1829.18,7148.11
-2665.58,5943.31
884.071,3534.46
-828.649,-95.0829
1194.31,-3977.38
52.1387,-6398.75
447.486,-7198.4
277.165,-5117.5
603.904,-2370.06
-117.659,299.516
1080.06,1657.46
-2171.37,3413.11
707.539,4904.26
-1950.82,5793.44
2119.5,4250.07
-3017.43,878.678
3577.23,-2716.01
-4950.19,-4136.68
6366.16,-2836.43
-5284.63,-2153.92
6175.39,-906.214
-7198.06,-446.36
6258.11,2201.46
-6239.04,3362.48
6445.09,4125.54
-5953.02,2047.77
3985.2,836.995
-4085.71,-1260.62
3733,-1528.5
-1517.08,-3324.04
1195.29,-4488.05
-407.914,-2798.66
-503.867,-991.199
1436.65,2269.42
-495.327,1781.81
77.3723,1111.22
-1808.73,445.206
344.537,2271.29
508.89,2848.15
-482.37,2021.24
987.657,-662.438
-2372.29,-2860.18
3488.18,-2666.49
-3099.63,-2569.7
4824.77,-1472.03
-5839.79,-958.716
5021.46,1218.03
-5703.6,3145.38
5233.09,5160.98
-4928.56,4291.6
3612.37,3279.97
-4574.36,940.711
4652.59,-1098.89
-2439.07,-4494.23
2737.06,-6877.36
-1817.55,-7046.31
1744.86,-4343.17
-765.736,218.038
626.536,3428.46
-91.9097,4624.79
-1776.26,4225.14
1241.98,3964.48
-1527.14,2318.38
2128.87,-390.938
-1936.73,-3355.2
1622.27,-4732.55
-2180.36,-3786.46
3443.58,-1083.14
-1889.72,539.498
2282.64,1256.03
-2939.51,1589.09
1047.8,4012.49
-1748.84,4617.53
1173.6,3958.27
-679.051,1445.04
-324.02,-1514.38
301.351,-2384.78
825.456,-2963.02
677.344,-3225.16
250.598,-4707.67
-634.784,-4170.71
548.065,-2252.99
-896.569,1967.31
2231.19,4043.83
-2776.66,4029.76
2222.14,2963.39
-4881.86,1532.02
5285.18,1361.97
-5565.75,-324.451
6660.74,-1801.66
-6400.08,-4187.35
6396.31,-3181.49
-5342.7,-2350.43
5814.19,-349.739
-5424.92,288.85
3895.85,2159.61
-4140.84,3328.8
3230.94,3995.04
-2446.26,3419.4
1405.19,1716.93
-816.076,-976.22
389.749,-3500.96
1099.85,-4284.56
-1492.8,-4167.53
2377.84,-1965.06
-3184.74,1144.22
2837.34,4264.66
-2613.55,4733.11
2961.94,3521.97
-3331.28,153.065
2042.1,-1279.21
-1295.97,-2917.49
2609.02,-3984.24
-1723.19,-5007.17
1300.32,-4275.43
-1324.05,-436.681
1583.95,3200.41
-1228.59,5317.29
716.981,4335.24
-2304.39,3483.31
1044.53,1873.1
-2128.41,1170.43
2950.86,237.072
-2438.39,-2273.13
3373.15,-3948.43
-3537.57,-5229.23
5549.39,-4304.68
-4219.8,-3451.56
5791.72,-3021.95
-6413.02,-1644.8
5881.93,1268.75
-6337.1,3869.96
6306.03,5953.34
-7300.06,5377.3
5662.77,4754.39
-6107.48,2642.7
6295.03,459.752
-4896.46,-3885.91
5131.01,-5585.61
-4312.44,-6156.69
4698.62,-4113.16
-3277.32,-1013.91
3141.99,1318.05
-2960.73,3800.22
986.71,5131.31
-1302.5,5489.1
1453.16,3295.24
-1082.81,-381.294
1135.33,-4631.48
-1228.48,-6530.65
2570.78,-6410.22
-1486.96,-4498.84
3092.36,-2222.09
-4170.22,518.851
3830.32,3930.56
-4212.07,5929.79
3721.08,6167.47
-3960.36,2912.01
2707.28,611.737
-3359.38,-2097.15
3137.1,-2091.65
-938.397,-3621.64
746.706,-3526.68
254.782,-2619.07
-933.819,-679.037
2348.04,1781.41
-3448.48,2612.38
3650.58,3650.74
-5427.31,2283.65
5115.64,2554.36
-5367.63,878.647
5764.43,-360.033
-4976.94,-2672.75
5267.02,-3983.45
-4928.15,-4301.61
5233.39,-2834.04
-3917.29,-1042.48
3565.27,554.859
-4332.59,2442.29
3869.45,4071.76
-3849.27,4136.46
3538.99,2261.73
-3486.67,-692.255
2768.64,-2015.99
-2706.05,-2691.31
3400.61,-2426.25
-2419.26,-2139.13
2636.16,-1362.99
-2516.45,41.609
2342.64,1463.74
-2221.31,2372.24
1954.27,2616.1
-2901.33,2231.2
1735.61,1550.09
-2669.58,1961.96
3604.68,804.24
-2369.71,-1885.52
3129.37,-3876.39
-3651.99,-4968.67
3893.76,-3049.65
-2177.48,-1978.64
2299.84,-388.76
-2404.95,393.954
553.373,3213.03
-59.2046,4903.39
-48.297,4427.1
137.596,1961.22
-1897.37,-898.727
1818.64,-1762.14
-2408.15,-2412.37
4954.9,-2329.17
-4423.33,-2897.42
4111.27,-1572.56
-4735.26,-279.799
4470.7,2846.98
-3550.6,3250.5
2832.51,2363.66
-3688.83,1141.55
2632.72,507.055
-1475.33,-189.909
2190.82,-1459.55
-1537.96,-3809.95
1023.24,-4409.51
-777.745,-2344.27
1521.63,-540.89
-693.855,2009.2
473.553,2029.71
-1702.58,2472.14
1568.08,2845.16
-2664.76,2401.71
2651.03,1992.07
-4116.09,1392.07
4063.3,655.287
-4181.92,-421.951
5058.58,-926.685
-5436.44,-2039.05
5840.94,-1334.81
-6881.08,-476.935
6443.54,1360.16
-5889.87,1216.53
5457.72,1141.81
-5777.45,238.867
4525.27,995.672
-3419.3,-261.23
4466.51,-2549.3
-3583.98,-5191.57
2891.16,-6114.21
-2699.7,-3281.4
2099.31,1402.25
-1725.89,4941
650.539,6110.07
-2412.06,6905.26
120.248,6152.31
-930.258,4963.05
792.45,2621.23
-589.202,-1808.33
-439.474,-4427.85
-631.2,-4513.92
2016.2,-3011.03
-747.383,-900.496
1470.95,-712.889
-1830.25,153.248
1300.42,1263.18
-2417.41,2158.25
2921.8,2080.37
-3526.55,560.561
2129.05,-55.6875
-2260.73,-602.611
2896.63,-71.2317
-1404.07,-2317.5
1057.13,-2201.29
-1074.89,-2740.35
-260.432,-1021.19
2195.21,1010.94
-3904.02,2505.15
4073.43,4084.23
-6210.24,4399.8
6215.94,5107.39
-6891.46,2230.4
8270.94,-469.257
-8546.51,-4758.29
8127.05,-4834.79
-7373.33,-4123.3
8113.94,-1090.11
-6496.03,-258.378
4818.72,1595.6
-4308.81,2416.7
2795.02,4249
-1825.35,4267.81
788.214,1250.99
70.8869,-1660.18
-360.415,-4899.42
1330.44,-5273.57
-48.543,-5524.59
853.29,-2429
-57.2478,-991.663
-572.133,1566.57
1086.38,2861.59
-2636.92,4375.37
3082.04,4733.72
-5009.19,3361.39
5293.81,2819.6
-5465.41,-1293
6387.63,-3325.31
-5835.27,-5487.2
5656.12,-3581.53
-5333.59,-1345.21
5486.18,1848.25
-4343.74,2690.58
2574.08,2921.83
-2619.91,2758.44
1693.75,2322.64
-194.183,499.26
-708.419,-2449.62
1161.15,-3640.88
-1943.78,-4153.49
3407.55,-3189.34
-921.738,-3379.53
1607.17,-2205.13
-2229.69,-945.154
1187.71,2066.62
-815.296,3378.87
1057.22,3050.75
-1722.67,2022.68
-1467.46,2973.19
811.995,4842.32
-626.774,4526.78
2553.91,1158.55
-2469.82,-4973.55
1640.78,-6712.99
-1512.77,-5530.78
3105.5,-1886.11
-1231.03,159.556
909.822,13.6432
-2224.18,1118.81
1500.06,3264.23
-512.815,4032.08
729.846,3052.58
-515.755,-810.65
-1286.36,-3549.63
2130.93,-4091.92
-1474.14,-3512.2
3451.41,-2404.39
-3109.16,-1317.46
3148.69,128.888
-4195.87,2241.05
4965.37,3436.66
-5853.74,2725.18
5054.8,3306.76
-7376.8,2977.71
6773.93,4252.34
-5580.18,1882.48
5252.23,-662.613
-4565.96,-3959.44
3864.33,-4803.13
-1862.06,-4740.69
2835.64,-3951.36
-612.727,-4134.08
-288.238,-2896.12
507.397,208.757
-1625.9,2981.25
3148.33,5062.16
-2860.13,2256.12
1753.18,642.595
-2632.53,-1571.4
2783.39,-1201.98
-638.912,-1863.98
-89.5014,-1975.03
651.161,-1617.07
-1958.37,762.532
3033.11,3493.7
-3323.66,3817.88
3789.19,3750.71
-4777.48,791.75
4370.47,201.856
-4039.85,-1880.01
4786.15,-2261.66
-3773.59,-2999.25
3098.24,-2480.35
-1227.66,-2297.33
1666.8,-1261.59
134.846,-1130.43
-1025.66,-1444.49
372.892,1266.64
-1870,3027.55
3036.01,3594.62
-2758.78,1291.77
2815.06,-1123.98
-3028.84,-2686.27
2903.44,-1979.25
-1507.58,-2213.38
2727.31,-2902.82
-3577.75,-2716.16
3178.71,-919.813
-2673.5,2591.89
2452.84,5003.89
-2034.24,4500.73
1622.39,2417.06
-4097.21,461.643
3337.4,-3.88147
-2327.22,-42.4782
3636.99,-1479.87
-3686.12,-2896.1
3735.17,-2547.97
-3284.82,-2403.11
4128.46,-671.614
-4112.82,341.548
3339.22,556.965
-3461.74,1547.32
3748.05,2101.76
-3670.95,595.178
4611.02,-1110.6
-4178.69,-3229.8
4337.73,-4557.94
-3623.65,-4207.18
4880.97,-2882.75
-4709.22,-613.132
3308.52,3177.55
-4113.47,5950.29
3336.85,8534.45
-3892.58,6854.7
2008.05,4299.19
-1618.37,472.175
480.685,-2112.98
1533.89,-5099.67
-423.822,-7583.11
2784.95,-8159.52
-2559.5,-7134.19
3651.36,-2406.67
-3307.54,1125.38
4926.59,3969.33
-6134.92,4055.5
4315.05,4583.2
-5149.57,3918.73
4836.96,3051.81
-3994.27,-353.814
3708.69,-3262.79
-3281.79,-4608.68
3280.92,-4270.18
-2034.81,-1890.25
2721.85,90.4599
-2931.67,1587.97
2040.19,3202.17
-2641.98,3956.57
3137.71,3119.59
-3015.84,1470.76
2038.91,-937.913
-2982.37,-1977.34
3646.35,-1763.41
-2936.54,-2179.88
4450.4,-2571.46
-4882.6,-2382.95
4989.73,-486.215
-4657.3,979.569
4846.8,1790.76
-4890.81,536.253
3912.18,443.878
-4996.47,841.722
5088.26,1839.67
-3135.01,236.42
3071.24,-1783.92
-2282.37,-4484.59
1657.5,-4225.78
-104.841,-2928.52
-97.6815,-657.299
1484.82,1369.28
-4276.37,3623.8
4301.69,5932.73
-5890.73,6604.23
6131.43,5919.94
-7333.41,2199.04
6929.91,-82.9889
-7988.91,-3250.56
8870.39,-3106.86
-7319.84,-4488.36
7127.91,-3465.37
-6956.88,-1967.1
6659.19,999.778
-5574.25,2088.2
5576.35,1404.08
-5319.38,-132.632
3815.61,-1692.02
-3224.94,-1577.65
3727.33,-2095.42
-2761.94,-2784.53
3811.97,-3861.21
-4555.87,-2348.47
3917.08,1070.77
-4392.55,4276.57
4534.24,6305.8
-6831.22,6255.75
4864.12,6080.12
-6289.93,4983.66
6011.69,3843.8
-5598.1,33.8805
6344.2,-4130.55
-6247.72,-7366.21
6731.21,-6789.47
-4741.84,-5867.3
6214.46,-3574.12
-4253.79,-2123.91
3269.48,-18.2416
-3011.62,1763.65
2636.22,3530.13
-2119.9,3474.63
142.221,2252.45
261.155,698.35
-1752.36,618.036
2722.42,236.553
-2984.74,-624.747
3777.23,47.1941
-5439.78,24.7443
5287.17,1888.74
-4902.48,1876.86
5412.16,1734.18
-5954.49,207.071
4261.71,1082.23
-3880.03,680.794
3962.26,635.507
-2497.21,-2228.41
1876.05,-4162.86
-639.818,-4079.34
133.611,-3331.59
2000.1,-1610.6
-1831.73,-1344.93
954.822,321.633
-1815.89,950.946
1126.52,3765.73
-1059.69,4529.64
-463.429,5085.99
314.761,2716.23
-1665.55,27.9026
3665.37,-2905.8
-3965.13,-5354.87
5508.86,-5176.84
-6250.27,-3863.44
6842.31,431.716
-6184.9,1353.82
6661.92,3294.79
-7898.31,3158.84
6055.13,4619.53
-5862.59,4652.48
6182.15,2382.78
-5593.42,-2180.96
3874.7,-4413.54
-2719.59,-4623.41
2961.61,-2684.75
-973.521,-516.326
1338.46,-659.839
-1245.79,229.238
-259.18,1373.03
-319.687,3092.85
834.211,3660.91
-559.005,1951.14
243.581,-1338.13
-813.711,-2755.05
1276.58,-3248.48
187.934,-2915.82
650.377,-2558.75
-1072,-2432.75
573.416,790.462
-1352.23,3709.42
961.469,5501.78
-1241.19,5654.46
-799.481,4612.01
-352.373,2615.74
-136.823,512.064
677.891,-1753.42
-836.487,-3693.01
1191.06,-4012.79
-1539.79,-3270.45
3609.28,-2663.46
-2452.74,-2525.34
3146.29,-2425.07
-4681.08,-486.147
4123.24,2298.32
-4166.58,3118.98
4854.46,3089.82
-6306.37,1243.27
5447.51,449.726
-6134.08,881.335
6800.47,1748.13
-5975.23,-836.076
5027.39,-1540.37
-5936.35,-1448.99
5181.97,1117.47
-4406.67,3650.37
3292.24,5053.13
-4068.26,4543.82
1887.02,3394.46
-1019.54,800.726
1523.34,-2048.98
-315.471,-5172.53
490.008,-7546.76
1058.8,-6468.09
-403.619,-5427.17
1743.64,-3071.99
-310.507,-1169.71
-1389.94,2487.53
911.361,5150.85
-1021.11,6390.27
826.472,4974.24
-2578.57,1929.37
1788.16,11.9282
-3080.86,-707.92
4067.62,287.483
-3241.77,-1024.45
3778.97,-1565.38
-3671.73,-2139.65
2664.44,102.341
-2098.74,1444.61
2150.41,2460.51
-1559.25,1925.68
-427.944,403.928
972.972,-6.30756
-448.896,-637.324
2366.26,-2950.53
-2171.13,-5262.1
2522.36,-4712.94
-2825.86,-3506.13
3342.95,127.891
-3416.82,2871.59
3490.06,4321.97
-4613.51,4426.98
3779.99,3689.12
-3455.04,1502.42
3524.04,-895.245
-4080.36,-3169.25
3430.47,-3116.12
-2301.42,-2672.65
2894.63,-1235.08
-794.317,-1022
-27.691,15.5359
-858.052,1724.83
791.802,2930.16
-1188.42,3621.77
427.892,1811.17
-1149.46,1417.45
398.243,758.49
-367.087,848.822
2760.38,-1578.78
-2506.24,-4219.96
3373.32,-6360.25
-3976.42,-5750.77
4898.95,-1398.92
-4415.78,609.175
4685.47,4239.08
-5631.25,4045.16
3922.83,4844.41
-3263.77,3710.42
2470.15,1386.25
-998.271,-2491.47
394.477,-5235.39
600.173,-6030.32
-845.623,-4509.35
3720.81,-1721.76
-4976.16,593.731
4481.74,4975.72
-5948.31,6465.17
6003.01,6828.06
-6499.75,4152.56
5999.39,618.365
-7154.53,-2448.95
7132.25,-2990.16
-5254.94,-4829.57
6660.95,-5400.58
-5172.26,-6080.3
5659.39,-4336.74
-4371.86,-1905.69
5114.31,370.161
-3934.05,1725.68
1631.86,2718.13
-3969.88,4646.11
2996.07,6741.56
-2514.13,6414.34
1943.76,3182.59
-1730.13,-747.654
862.958,-3626.04
-461.931,-4596.16
2131.38,-4687.95
-1279.41,-4390.55
899.2,-2351.8
-1618.89,1853.05
2020.68,4886.68
-1376.79,5319.95
1374.7,2987.75
-2755.78,-448.33
2205.89,-2945.49
-1712.81,-3884.53
3313.53,-4287.06
-2706.17,-4557.46
3008.39,-2447.88
-3014.94,-329.665
2529.59,3242.67
-1725.08,4280.62
451.342,4449.38
-890.807,2556.07
-1149.03,1537.81
3087.69,-324.174
-3097.01,-2487.43
4142.1,-3827.74
-5156.8,-4058.45
6011.38,-1002.28
-5566.29,-23.2613
6802.95,1851.57
-7533.42,1475.62
6135.08,3476.71
-6347.93,3496.81
5350.85,3742.77
-4518.14,1095.94
2977.36,-900.144
-2282.26,-2343.04
1704.26,-2858.76
221.823,-1721.82
-38.8943,-2298.98
126.45,-1441.98
-1315.6,-391.541
850.438,2040.66
450.453,1896.12
-445.473,1530.41
276.176,-673.952
-1802.32,-1193.29
2272.5,-653.393
-2427.82,-1108.1
3838.27,-1479.87
-5152.55,-1785.44
5457.35,324.563
-6315.08,2307.99
6354.22,4282.07
-6507.79,2879.2
4801.74,2757.89
-6227.56,1445.23
5155.94,2148.07
-3820.98,1497.22
3747.51,-563.117
-2252.1,-3928.96
1395.42,-5133.47
229.966,-5301.85
524.965,-4234.02
1473.56,-2348.27
-2444.52,-1131.11
2500.13,2402.62
-4584.19,5313.44
5037.28,6894.98
-5291.34,5041.52
4103.02,2565.94
-5053.73,-601.358
4755.64,-1252.03
-3310.41,-3442.04
3696.84,-3754.94
-3539.9,-2845.99
2993.45,-1148.51
-1839.62,1230.21
1594.24,3270.88
-1757.92,3538.65
264.114,3046.8
-1216.24,2795.34
1099.22,88.0955
201.238,-2018.93
1079.55,-5407.6
-1558.83,-6248.83
2765.19,-5023.62
-2403.38,-2752.18
4857.29,-961.478
-6453.46,718.453
5024.46,3724.61
-5893.31,6083.2
6131.19,7664.8
-7282.01,4399.05
6652.12,1519.22
-7722.19,-2062.11
7660.41,-3120.93
-5604.73,-4744.26
6485.35,-4522.7
-5300.59,-4282.1
4553.32,-1755.7
-3634.21,1125.16
3423.29,3038.31
-3026.41,4388.43
1162.92,3592.07
-2296.42,3294.31
1686.31,2886.78
-560.611,135.94
750.661,-3096.77
-205.543,-4991.6
6.19525,-5125.08
1081.53,-3090.5
902.779,-2000.47
-184.355,-1413.07
-792.164,361.203
-174.78,2860.09
339.636,4462.12
-216.227,4375.06
-678.4,2252.28
-609.389,820.968
-233.818,147.524
1383.18,-1482.42
300.808,-2701.5
-53.0418,-4047.67
-1085.23,-2758.58
879.822,263.848
-1055,3090.96
1865.92,4429.33
-2862.48,3386.57
1592.67,2048.59
-2612.18,1373.39
3930.61,130.541
-3810.03,-2790.78
4269.69,-5125.16
-4865.51,-5646.1
5506.81,-3225.72
-3431.94,-1428.29
3965.35,636.911
-4835.59,1423.29
3316.67,3247.5
-4199.31,4518.15
3256.62,4916.84
-3568.09,3199.59
2998.64,1023.6
-2845.38,-1249.87
2285.89,-2405.46
-1004.43,-2953.63
1279.99,-3491.89
-857.406,-2473.87
277.506,-838.492
-686.086,2236.47
1126.7,4604.25
-1677.38,4695.27
352.629,3653.51
-1917.16,2658.8
2516.83,-214.601
-2168.66,-2809.92
4179.27,-6048.71
-4131.68,-6948.17
5148.97,-5024.57
-4567.35,-3311.64
6159.06,-125.746
-6488.17,1250.99
5347.76,4083.51
-6392.71,5448.5
5570.06,6692.57
-5708.66,4681.22
4094.95,2890.26
-4827.15,-488.151
3528.66,-1670.23
-1754.47,-1839.23
2029.66,-2722.27
-794.48,-2351.3
-110.994,-1991.51
478.479,-306.94
30.8253,689.036
579.098,752.379
-934.018,-471.24
-43.4936,108.119
457.985,-5.23645
-376.943,147.06
1001.72,-976.511
-1891.53,-1823.57
2187.34,-966.975
-3218.9,574.449
3731.22,2203.86
-3723.92,1867.33
2878.07,2257.18
-3962.89,1296.79
3400.13,1762.67
-2871.85,470.66
2815.56,-245.574
-2286.59,-1895.6
920.85,-1981.44
120.87,-1093.1
-319.73,-284.68
1782.79,-193.596
-2829.36,-297.424
2442.03,1378.26
-3943.25,2316.6
4381.18,3652.91
-4584.59,2230.05
3693.1,807.195
-3265.3,-1961.6
3924.21,-2922.32
-2977.22,-3856.53
3379.08,-3885.16
-3150.38,-2688.31
2662.86,-606.236
-1788.12,1219.18
1284.23,2905.12
-1504.78,4339.49
-351.864,4975.09
-842.382,4998.13
986.675,2154.88
-1276.55,-487.887
1756.84,-3770.07
-2072.74,-4919.67
3380.99,-3359.13
-2656.65,-2135.49
3378.33,-1118.05
-4107.14,320.279
3767.71,1857.89
-5314.88,3936.43
5686.21,5674.84
-5890.41,3100.66
5559.01,819.544
-6679.09,-2533.08
7018.31,-3946.23
-5287.38,-4862.47
6068.24,-4862.1
-4999.72,-3949.66
4947.54,-1271.59
-4865.25,978.667
5022.58,3286.42
-5556.32,4276.85
4387.36,4036.27
-5056.36,3623.32
3274.83,3228.18
-2198.32,623.669
2711.96,-1558.88
-2898.08,-3471.64
2336.87,-3652.94
-1592.8,-1444.69
3373.01,-846.206
-2571.09,-941.635
1585.66,19.556
-2983.86,2159.99
3074.98,3797.72
-2784.65,3779.34
2709.02,1042.2
-3048.23,-1730.21
2943.5,-2778.8
-1838.08,-4755.48
3863.96,-4069.54
-3268.6,-4256.67
2359.62,-2514.72
-2101.82,496.897
1063.71,4077.07
118.769,5884.44
-2234.75,6396.12
806.678,5217.87
-2629.18,3257.14
4594.48,36.0216
-4892.59,-4482.32
6179.56,-6850.7
-6531.89,-7127.1
7769.78,-3699.93
-6326.91,-1367.97
6733.86,1680.02
-7733.3,2203.19
6555.03,4974.6
-6161.82,4505.59
6152.89,2609.11
-5374.16,-992.53
3321.76,-3029.89
-2806.86,-3820.75
3196.09,-3228.79
-1025.24,-1684.37
1241.09,-1663.88
-1106.56,421.587
627.91,1783.9
-1211.81,3841.95
1101.86,4036.87
-2053.45,2778.72
1319.3,1396.18
-2844.89,1100.7
4097.64,452.357
-3436.8,-1046.4
4344.74,-2944.95
-4653.2,-5369.08
5963.38,-4559.36
-5096.12,-3734.12
5994.02,-1609.47
-6171.23,475.249
5001.59,3633.49
-5370.48,4841.82
4347.88,5295.03
-3813.7,2399.79
2886.14,400.847
-2711.7,-1943.55
1951.11,-3291.94
666.524,-4224.71
-572.42,-4740.04
1449.97,-3576.12
-2633.69,-501.859
3579.95,3376.88
-4047.38,4888.5
4810.13,4883.01
-6305.98,1824.51
4762.14,1333.42
-5039.77,90.2829
6129.93,-887.593
-4737.02,-3242.67
4281.66,-3923.92
-3562.11,-4084.28
3645.07,-1423.7
-2105.88,765.757
1166.15,2214.51
-2056.36,3677.91
508.618,3991.98
-45.102,3870.19
294.617,876.332
-104.82,-1490.54
-94.4,-3692.61
-482.339,-3889.34
2154.82,-3934.65
-1422.28,-2604.65
1959.66,-1364.21
-3789.51,1317.77
3791.66,5310.57
-4948.87,6497.02
5414.36,5230.72
-7384.99,1806.1
6421.73,-378.741
-7073.94,-2144.61
8277.95,-2059.03
-6616.04,-4445.83
6335.43,-4081.81
-5510.48,-4576.44
4780.84,-1305.63
-2956.74,923.843
2260.25,2357.7
-2347.31,3206.88
221.921,3223.76
-131.509,3146.64
-352.087,1257.55
831.1,537.518
-1407.44,-2203.47
1509.17,-2005.72
-307.07,-3055.39
610.75,-2075.86
590.151,-1378.03
-2618.43,575.392
3697.59,3086.11
-4861.23,3716.62
5433.36,4147.25
-6574.73,2085.86
6039.08,1189.1
-6337.68,-1046.83
7281.3,-1530.33
-6529.68,-3721.25
5933.08,-3062.83
-5520.11,-2234.17
5061.12,742.721
-3621.57,1788.08
3163.67,1582.17
-3120.95,1172.97
1513.68,234.012
-1125.2,763.029
1741.49,-1172.61
-1410.47,-2358.86
969.732,-2767.35
-977.775,-1828.93
1873.82,-620.707
-830.816,-219.887
1606.29,-676.099
-3100.96,-208.256
1746.02,2527.79
-2741.47,4513.2
2481.11,6051.85
-3032.84,4654.5
2297.6,2027.59
-3184.79,63.6285
3815.26,-2020.36
-2989.96,-3081.97
3451.42,-4261.1
-3753.06,-4771.61
4117.46,-2291.11
-3507.74,-16.1172
4685.49,1705.65
-4267.98,1695.61
2794.97,1907.11
-3331.06,781.525
3150.97,524.793
-2297.81,-1637.32
1364.94,-1796.28
-80.794,-1845.55
-625.393,-1003.1
2227.87,350.178
-3614.66,868.854
3939.13,1701.99
-6117.77,2886.62
5387.82,5113.89
-5899.79,4200.15
6796.34,3269.99
-7232.71,-801.141
5928.26,-2134.18
-5025.03,-4112.21
6157.17,-4159.9
-4257.78,-5016.52
3258.93,-3780.32
-2789.81,-529.454
1751.34,3342.91
-985.684,5559.92
216.057,4085.78
-1250.26,3398.38
-357.818,862.01
149.78,-292.451
1506.54,-2559.42
-1425.83,-3836.84
2191.75,-5049.63
-3826.88,-3140.52
5925.93,-372.792
-6045.07,1674.66
7019.34,2875.1
-8404.45,1542.04
7829.93,2864.94
-8667.52,1623.29
9069.22,1815.84
-8738.92,-827.355
7134.27,-790.732
-6588.3,-1281.41
6493.12,552.782
-4344.82,-263.376
2678.71,-213.893
-2209.53,589.795
1062.84,96.8086
646.022,938.715
-1451.33,-334.247
2341.56,-831.721
-2991.69,-1215.79
3865.57,-1228.79
-2996.18,-2541.59
3637.14,-2057.42
-3112.12,-2729.14
2999.76,-1682.11
-2464.12,-95.0506
2684.69,1263.14
-2021.19,1894.54
557.745,2022.52
-1461.31,2562.92
1242.23,3430.19
-1139.94,2788.41
1449.55,-71.4098
-483.461,-2573.68
517.998,-4534.55
512.981,-4443.56
1322.01,-4156.63
-1232.09,-3043.52
1270.58,-120.933
-1603.72,2666.16
2116.78,3949.45
-2275.15,4022.73
3448.91,1649.36
-4127.83,-1341.34
5367.9,-4287.14
-6038.77,-4882.98
7858.13,-4361.07
-6767.56,-3873.29
8324.94,-1432.2
-9399.97,474.308
9505.16,4563.84
-9534.6,5603.94
8938.49,5803.95
-10011.3,2206.6
9016.92,1171.27
-7687.87,-1888.87
7856.09,-3393.1
-5982.86,-4824.83
5691.1,-4743.18
-3881.65,-3430.97
2854.78,-1672.82
-165.984,-552.977
300.413,281.08
-329.743,1735.56
-1063.49,1785.79
735.687,3282.96
-1496.84,2739.39
1229.53,1888.18
-1970.97,230.318
1714.35,-369.864
-332.331,-1320.81
1395.01,-2534.64
-1262.77,-3832.69
529.165,-3257.53
-1102.76,-380.797
882.259,1936.52
331.155,3826.4
-371.296,2938.34
-1310.09,1983.98
1177.96,1362.72
-1934.29,232.723
2269.41,-1441.99
-3194.56,-2003.83
3096.4,-1286.05
-3162.66,-344.857
5629.61,-252.123
-4840.37,-1854.05
5354.06,-3097.04
-6440.42,-3421.86
6457.81,-1302.12
-6067.08,80.3199
6446.85,2573.21
-6072.13,1986.98
4806.8,2880.59
-4265.76,2309.56
4029.36,1551.41
-2643.66,-1206.71
801.293,-2463.42
-268.441,-2237.63
-597.976,-16.9478
2189.34,3067.48
-3447.95,3818.71
3854.73,4047.09
-5545.22,2412.8
6993.7,419.963
-6252.1,-3890.48
7050.48,-5797.57
-6142.55,-7162.4
6894.36,-5423.91
-5734.46,-3768.89
7058.47,-1290.36
-6063.33,104.37
5214.63,1909.84
-5351.33,3474.17
4377.84,4793.76
-4221.82,3427.22
3628.76,815.104
-3498.72,-1395
2481.62,-2348.26
-927.545,-1680.73
1536.04,-735.713
-726.148,-1131.97
351.72,-843.559
-99.9157,26.3456
239.958,415.004
-244.422,2308.22
287.599,2072.43
-999.761,2120.52
1319.98,513.66
-1582.46,-1127.25
2794.39,-2674
-2385.46,-3603.52
2914.76,-2872.31
-2580.09,-2596.05
2971.77,-202.809
-2568.21,-173.013
2450.03,1185.8
-2886.53,1667.73
1387.58,3570.78
-577.701,3571.93
-963.009,2163.03
2924.38,-1231.71
-4450.07,-3691.63
5456.57,-3423.76
-5861.74,-3012.55
7362.71,-446.453
-8857.63,1124.67
8403.08,3557.22
-9337.24,3896.91
8275.22,5466.82
-8170.42,3296.15
7556.88,2157.42
-8903.59,-591.067
7298.09,-1187.16
-5954.11,-2580.47
6262.37,-3842.85
-4229.22,-4081.28
3023.74,-3286.92
-1835.34,-1683.89
1956.48,77.4247
-2078.48,1839.18
-377.469,2223.16
-971.814,4629.19
494.161,5503.42
-692.836,4310.53
1001.07,1392.85
-1473.11,-1894.02
245.47,-3898.42
-179.235,-3882.57
1854.98,-3340.64
-1534.13,-1925.86
349.117,1379.44
-1464.79,4312.86
1398.05,7152.35
-1820.93,6476.1
410.058,3382.92
-1718.76,457.156
354.771,-1043.92
580.605,-1976.83
586.986,-3492.85
669.433,-5053.84
-238.815,-5557.42
1382.19,-5041.16
-761.303,-2770.19
3025.28,-1060.08
-4548.78,1116.52
3222.12,3566.51
-4344.64,5477.57
5250.02,5612.53
-6379.81,3299.95
6585.75,1138.48
-8244.48,-750.213
8409.94,-802.685
-7537.08,-2431.21
8207.67,-1892.61
-8389.85,-2482.41
7343.73,1122.05
-6517.7,3194.9
6553.85,3979.47
-5441.64,2159.36
3752.02,-797.875
-4035.12,-2588.88
4380.15,-2852.22
-1862.44,-3387.39
1786.07,-4073.37
-1149.04,-2950.59
701.212,-1875.98
359.419,311.807
633.936,986.055
-1268.65,1579.97
0.826599,2441.84
-1697.54,3751.3
2808.87,2948.11
-2167.7,394.397
2592.34,-2750.07
-2770.34,-4621.17
2806.89,-3119.94
-1322.22,-2158.46
3241.94,-1393.37
-4077.69,-976.455
2012.02,2523.31
-2124.19,5529.03
1755.28,7813.46
-680.19,5433.07
-1166.78,1532.42
1574.45,-2900.35
-2589.26,-5276.27
5939.27,-5868.59
-5377.08,-6631.73
7348.45,-5638.5
-7848.3,-3408.39
8988.69,290.143
-8424.61,1964.1
9439.8,4275.47
-10489.9,1903.41
8876.38,2468.83
-8119.52,664.056
8230.66,-373.583
-6829.65,-2946.34
6004.25,-3519.74
-4891.26,-2154.09
4137.91,117.784
-2447.36,2025.14
1950.89,1916.17
-2200.99,2698.64
431.977,2780.6
-630.465,4024.29
1187.18,2343.16
-1129.61,-112.934
1176.05,-2769.74
-1037.97,-5012.78
2356.23,-4854.44
-434.989,-4855.67
1405.16,-3931.69
-1526.47,-2173.68
376.787,1397.89
-518.078,4142.49
335.207,5654.45
411.842,3754.61
-3036.59,2358.22
2299.48,1334.39
-3321.22,230.706
5501.35,-1421.48
-6190.71,-4128.52
6702.05,-4377.95
-6965.99,-3119.36
8903.6,-726.795
-8671.44,232.6
8668.59,1764.07
-10331.6,1386.79
8726.87,4036.51
-9395.53,4579.47
9782.9,4248.39
-8627.77,553.046
7633.53,-2949.09
-6868.07,-5693.35
6603.46,-4760.96
-5050.93,-3268.83
4408.62,-1144.54
-5000.44,2413.51
3577.72,5719.43
-2587.07,7134.42
1191.52,5879.94
-1614.74,2821.09
443.482,-694.162
-955.451,-3080.22
1552.25,-5557.94
322.254,-6059.08
23.312,-4816.86
430.988,-2273.69
-215.225,1192.82
-113.146,3687.87
-60.9203,4064.6
-1651.69,4635.62
-795.876,4414.98
-175.485,4111.67
1035.77,2687.76
-926.629,-1445.89
518.197,-4241.9
-657.988,-5228.9
566.292,-3884.25
2115.13,-3028.34
-1486.78,-1978.3
1472.23,-1498.51
-3012.6,1540.7
3736.2,3892.25
-5406.31,5071.22
5680.64,5101.48
-8487.79,3035.61
8325.92,2069.7
-8357.1,-511.83
10354.5,-2204.01
-10583.1,-4755.26
10270.8,-3594.94
-10736.6,-2354.67
11131.5,917.868
-9907.27,1847.27
9179.51,3086.74
-9427.49,2308.52
7994.43,2923.66
-6264.19,905.124
5879.75,-2277.61
-4868.31,-5333.23
4217.69,-6202.22
-2438.25,-4366.41
2961.5,-1432.13
-595.228,487.478
-666.475,1318.55
-58.944,3168.31
-828.834,3636.87
751.57,4782.68
-1122.01,3361.61
581.986,1797.94
-914.332,-80.2179
1009.52,-1910.51
272.223,-3152.48
436.735,-3767.66
154.687,-3645.86
-690.467,-1067.89
1024.19,1700.6
-895.305,2636.83
1440.12,3112.13
-1837.91,904.239
577.762,274.221
295.269,-717.2
95.869,-2279.03
2121.48,-5209.61
-2096.84,-6474.43
3083.51,-5603.47
-3756.1,-1620.87
5625.54,1957.56
-6326.85,3672.74
6460.78,5010.11
-9482.59,4526.39
8947.96,5824.23
-8616.19,3051.03
8971.96,817.661
-8914.09,-3483.77
8232.29,-4760.81
-7665.3,-4435.51
8332.43,-1915.6
-6509.63,-593.087
5498.79,1251.07
-5202.38,2156.53
3266.96,3692.65
-2145.29,3944.73
1930.18,957.32
-2091.34,-1223.24
624.68,-3114.88
109.424,-2943.96
1715.28,-3050.84
-633.65,-3464.03
314.15,-2919.62
-630.783,-449.624
351.989,1874.46
-402.434,3868.11
-150.357,4355.25
-1324.01,3493.65
322.055,3368.16
-1007.5,1823.32
1461.76,73.4145
-102.176,-2753.16
-858.497,-4540.98
668.879,-3984.92
-899.32,-1075.29
2913.09,852.664
-3490.77,1819.14
2452.08,2846.88
-4270.22,3808.44
4641.56,4373.97
-4848.2,1907.29
5133.19,-1030.95
-6199.68,-3709.67
6867.29,-4168.84
-5563.5,-4828.13
6990.34,-3626.94
-6693.28,-2542.82
5676.21,425.685
-5797.55,2719.87
5328.39,4807.7
-5076.52,5117.07
2561.75,5090.88
-4450.48,4497.45
2837.57,4256.85
-1474.45,1519.75
1880.68,-2773.44
-1587.47,-5547.35
574.344,-5912.13
1254.1,-3741.54
-44.7184,-1979.03
706.56,-848.739
-2252.88,332.566
692.398,3858.58
-777.437,5933.53
1096.08,5626.71
-1758.46,2608.17
401.516,-1030.78
-877.784,-3435.44
1314.11,-4322.16
-279.465,-3651.54
805.288,-2366
-1790.79,-79.7074
1871.79,1866.61
-2339.99,4314.14
2119.77,4643.89
-3065.68,3255.15
2395.11,1760.76
-4272.82,445.273
6196.61,-1516.9
-6676.99,-2898.02
7363.26,-3487.2
-7605.2,-3500.48
8854.5,-970.425
-9122.36,234.419
9506.67,2016.32
-10778.1,2362.62
9621.68,4125.12
-9528.72,3320.03
9010.81,2632.64
-8886.55,-569.946
8966.61,-1818.26
-8697.4,-3534.39
8521.84,-3891.74
-6402.93,-2940.48
5969.8,-2109.73
-4845.5,-1247.06
4505.39,855.449
-4472.46,2646.19
2918.02,4172.21
-2604.82,4345.45
1249.17,2987.53
-1321.96,894.943
759.109,-356.832
-123.253,-1413.74
910.351,-3291.48
-350.691,-3144.86
420.483,-3447.66
-6.03699,-1730.74
-8.20306,314.613
-773.315,2852.96
658.147,4758.42
-1456.8,4631.74
1490.88,2466.61
-1905.48,-820.486
2265.08,-2843.22
-1354.82,-5519.65
1277.89,-4608.95
-776.371,-3450.72
1026.01,-1073.11
741.205,632.192
-2291.98,2141.75
2411.71,3636.84
-4759.23,5740.22
4609.03,5982.41
-6396.33,3691.22
6421.97,1496.51
-7778.83,-1550.33
8413.18,-1446.56
-7652.53,-3568.51
8491.72,-3226.31
-7699.09,-3765.97
6840.41,-2371.45
-6281.42,-1523.61
5567.72,1993.15
-4098.84,2866.11
2776.03,2612.59
-2544.84,2044.43
1416.69,-589.357
-138.139,-1937.5
392.544,-4118.33
486.024,-4222.65
-1163.91,-2854.32
1073.71,872.057
89.739,2780.9
-1177.45,4719.63
-91.4902,5123.25
-1223.84,5150.65
1377.08,4459.81
-2097.61,1228.69
2765.93,-1484.29
-3059.2,-4216.31
3358.12,-4883.98
-1896.2,-4653.92
2922.69,-2875.02
-1818.39,-2040.51
1713.76,215.569
-1634.45,1166.49
1561.99,1558.2
-826.507,2047.51
-1139.32,1651.75
752.984,1381.33
-1057.68,1107.3
2602.68,-583.467
-1955.87,-3393.95
1753.24,-3306.27
-2420.88,-2275.63
3827.95,-724.386
-3511.89,642.02
3762.13,726.778
-5087.45,1728.92
4071.31,3919.9
-4225.44,4335.2
4838.83,3783.18
-5265,123.702
4241.25,-2420.02
-3770.01,-3782.96
4985.92,-4008.32
-2833.68,-4421.31
3081.68,-3020.49
-3444.28,-2099.05
2668.81,959.709
-1320.88,3579.79
829.732,3243.79
-1727.03,3833.79
299.297,2963.47
-848.285,2259.37
2268.15,-559.962
-1401.1,-4184.14
2118.37,-6716.54
-3053.07,-5325.83
4480.18,-2329.67
-4133.27,1174.75
4874.35,3495.7
-6534.41,3515.62
5859.85,4925.32
-6830.85,4132.45
7397.41,3248.17
-7046.36,-660.297
5399.1,-2578.39
-5315.32,-4187.19
5670.02,-3160.62
-3109.93,-3014.64
3372.49,-1918.69
-3657.13,160.354
2027.3,2078.23
-1419.15,4304.45
873.646,3300.39
-975.472,1401.62
851.193,-1529.9
-1774.49,-1399.13
3583.17,-2984.32
-2250.09,-4270.88
3045.63,-4606.85
-4301.42,-4161.72
5144.61,-604.17
-5399.54,2935.43
6319.75,5767.66
-7675.69,5455.57
5251.14,5930.76
-6618.18,4662.75
6195.7,3683.72
-5671.35,-380.75
5809.09,-3338.23
-5181.61,-5052.08
4465.89,-4965.4
-1512.66,-4124.23
2504.05,-3195.38
-1611.88,-3344.22
492.098,-1136.42
323.225,2147.09
-1948.28,4560.95
3267.87,4787.24
-4083.96,1960.33
3576.6,-379.781
-3912.33,-2803.85
5392.36,-3131.1
-4565.14,-3949.38
5623.2,-3220.96
-6273.79,-2284.52
5874.07,1086.12
-5637.76,4084.76
5000.29,6491.56
-5749.2,6464
4023.62,5605.76
-4679.03,3354.56
4281.08,-340.861
-3362.42,-3434.56
4246.75,-6022.84
-3555.33,-7290.47
4783.25,-5705.6
-2850.54,-4174.38
4045.44,-2765.08
-4303.91,-145.384
3785.87,2157.51
-4826.09,4793.8
5133.55,5334.8
-5418.57,2952.74
4829.52,824.919
-5756.22,-1717.79
6141.51,-2296.32
-4944,-3079.36
5272.86,-2635.83
-4367.68,-2738.82
3559.59,-46.9222
-2964.56,1519.24
3014.68,3393.76
-2492.56,3575.89
-212.793,3269.71
-211.672,3545.21
-902.907,2193.76
2414.86,516.709
-2791.65,-1945.15
3339.83,-3596.36
-2711.84,-5217.88
4459.76,-4488.41
-4017.1,-3992.26
3196.48,-1011.91
-3538.25,2027.9
2284.47,5403.75
-2168.61,6373.79
2261.37,4514.78
-2431.49,687.315
1665.4,-3306.7
-629.224,-6093.33
2294.29,-7974.33
-1447.4,-6858.21
1648.12,-4694.02
-2374.54,1167.24
2745.33,6598.5
-3407.16,9218.2
2807.85,8646.77
-5933.02,6461.39
4994.48,4333.76
-6155.96,468.341
7270.39,-2837.15
-6758.02,-6081.44
7597.53,-6545.12
-6771.19,-6394.67
8366.62,-3133.03
-7229.2,-996.577
7556.71,531.795
-8006.44,1685.15
6816.91,3165.49
-6967.42,3104.62
7313.62,2495.58
-6701.16,-426.536
5717.04,-2622.5
-5275.59,-3639.57
6244.98,-3400.03
-4542.6,-3152.37
4204.11,-1670.5
-3828.21,-73.0569
3270.98,2924.79
-2627.85,4040.34
1243.66,4506.16
-1967.03,4988.93
-216.258,4322.78
491.473,2731.56
-742.632,302.116
1749.12,-2145.6
-1597.29,-4564.79
2163.63,-4791.09
-401.307,-5842.84
1986.67,-4551.56
-1119.09,-3722.32
324.012,-1184.73
-232.147,2098.89
-278.975,4505.13
1085.96,4724.61
-1811.91,2249.03
-204.859,1343.19
-788.716,396.859
1480.34,471.95
-144.505,-2252.64
-703.94,-2682.82
140.538,-1578.65
-1479.06,1146.93
2809.86,3979.13
-3248.48,3455.96
2362.31,3025.31
-4162.57,1540
3865.54,1317.32
-3740.74,-394.895
4399.88,-1437.75
-3557.85,-4085.13
2483.97,-4708.4
-1512.44,-4027.27
2301.28,-1849.54
-1103.68,259.987
-402.296,1269.71
-437.157,2989.96
-517.508,3925.88
788.752,3960.89
-751.797,1430.26
10.3264,-751.117
-586.778,-2038.81
1035.29,-1775.59
420.653,-2921.46
-708.541,-2414.75
792.338,-443.002
-2021.79,2181.34
2192.86,5151.82
-3258.57,6248.92
3334.99,4792.42
-4809.01,1922.97
4399.28,13.2953
-3745.15,-3305.56
5239.16,-4923.78
-4002.9,-6521.06
3878.54,-5148.86
-3378.59,-3449.17
3442.61,612.426
-1752.86,2987.19
397.754,3991.27
-1179.65,4216.45
-1.69936,3510.01
-316.535,2886.14
-70.3295,-465.634
230.077,-1844.31
-686.648,-3288.55
679.043,-2594.43
1618.68,-2345.71
-1491.33,-1353.3
1973.99,-972.146
-3110.51,-96.6338
3071.36,2541.64
-4097.23,3281.37
4138.4,4406.72
-6100.58,3864.28
5852.35,2916.43
-6076.19,725.682
7037.89,-2148.78
-6011.78,-5469.05
5880.24,-5499.15
-6290.62,-4399.03
6004.63,-55.6846
-4538.79,2463.36
4511.96,2831.97
-4480.31,2086.32
3033.43,2435.91
-3970.69,2427.83
4083.81,1323.58
-3580.52,-894.618
1955.67,-2613.55
-1634.87,-2227.88
1986.51,-1196.67
-595.036,470.384
900.576,950.533
-1551.23,301.143
29.6546,838.662
-1099.58,1925.33
723.212,3459.44
-647.394,3861.64
97.0117,2491.07
-645.474,610.263
707.407,-2114.46
-69.5677,-3182.94
160.156,-3876.18
-1062.88,-3105.12
1583.46,-731.809
-27.5958,67.729
585.618,162.23
-408.366,-804.216
-525.11,60.7138
-366.647,1390.24
139.371,1834.98
413.333,995.617
-2160.92,1351.79
2262.3,1486.29
-3248.78,2268.72
4474.21,2444.33
-5558.9,914.765
4870.48,543.34
-6973.12,99.5726
6936.42,1700.28
-6525.65,1993.82
7069.71,1573.98
-6759.63,-1271.31
5324.53,-1217.9
-5596.19,-2362.19
6664.82,-2007.3
-5169.61,-3026.25
3929.89,-3283.93
-3262.38,-1414.61
2997.06,514.578
-2079.87,2003.22
1132.31,1824.77
-2241.97,1933.87
614.28,2145.04
-717.593,2794.69
1074.82,1607.79
-1007,228.122
742.411,-860.09
-1389.28,-2260.45
2310.39,-2690.89
-1307.15,-2087
1443.8,-1232.64
-1907.33,-93.3323
1740.45,2102.03
-1768.82,3579.77
1856.17,3448.29
-2348.23,1767.28
1373.53,740.174
-1749.17,-22.0383
2059.81,-245.323
-60.4876,-2350.93
-66.889,-3639.3
826.507,-4351.47
-1062.07,-2529.53
3128.09,-780.183
-4242.97,1003.8
5108.28,1859.39
-6531.56,2343.07
7084.79,2916.07
-7785.64,1043.31
9725.43,-403.693
-9899.68,-3614.66
10053.8,-3462.46
-10907.5,-3211.43
11106.1,516.974
-9782.53,1581.63
8343.1,4160.23
-8785.63,4251.64
7409.12,4781.7
-6826.82,3601.54
5454.39,743.319
-4085.92,-2990.87
2751.99,-4940.4
-1477.45,-5099.52
2351,-4676.44
257.453,-3252.84
-536.412,-2587.05
278.696,157.922
-765.145,1475.99
734.885,3485.27
-1266.15,4309.56
-338.513,3817.43
-363.216,2769.59
-272.236,2237.99
1108.87,-667.262
-925.58,-3304.34
1257.83,-3609.61
-2310.82,-3033.55
2007.57,547.27
-912.374,2193.66
271.738,4050.97
-1292.07,3877.77
-169.907,3420.24
1550.7,1664.1
-1925.54,-986.727
2737.53,-4502.92
-3209.1,-6383.47
4869.84,-5760.68
-4875.17,-4544
7547.1,-1659.04
-8196.4,388.902
7465.74,3863.99
-8263.81,4532.23
7893.1,5340.25
-8135.68,3600.11
6368.06,2481.92
-7417.96,693.929
7646.03,166.142
-5187.22,-2769.33
5253.22,-4813.06
-4542.8,-5380.44
4372.87,-3535
-2652.89,-928.066
2796.43,741.734
-2378.77,2844.43
617.484,3308.69
-1542.57,4323.41
1659.62,4294.69
-1124.84,2033.11
1006.63,-1523.26
-1357.42,-4095.8
1590.58,-4958.98
-478.879,-4004.77
2505.81,-2925.69
-2748.27,-1546.58
2393.38,588.046
-2990.12,3083.47
2639.77,5423.85
-3438.76,5089.58
2822.68,3182.2
-3604.18,653.325
3185.9,-971.495
-2135.52,-3626.08
2625,-4199.74
-1503.07,-5051.53
1024.85,-3341.93
-869.746,-403.919
-57.0443,2944.93
642.739,5434.47
-2411.89,5545.31
1583.53,5091.51
-3413.08,3445.27
3723.92,719.537
-3692.61,-3060.27
4500.99,-4872.18
-4967.74,-6009
5662.97,-4305.87
-3865.93,-2747.96
4524.67,-844.517
-4921.68,951.436
3547.34,3591.84
-4071.1,4568.99
4091.34,4201.2
-4314.13,2297.94
3511.56,-153.048
-3540.37,-2237.73
3657.42,-2908.17
-2465.69,-2453.89
2575.73,-1525.61
-3376.11,364.179
2894.66,2449.7
-2895.2,4200.92
3225.89,4654.76
-4118.74,3194.44
2206.26,2391.99
-2557.66,474.872
3698.81,-1789.14
-2666.16,-4181.12
3188.79,-6302.73
-2155.95,-6273.75
3671.3,-4301.83
-2252.41,-2907.23
3472.03,-2026.3
-4384.12,4.271
3271.75,2798.62
-3610.55,5239.61
3658.41,5955.31
-3697.81,3744.88
3224.12,985.437
-4407.34,-1914.16
4300.8,-1770.08
-2862.54,-2123.66
3037.73,-1926.51
-1908.14,-2101.64
1647.46,-671.424
-1440.33,1184.12
1367.34,2557.28
-610.484,3124.56
230.467,449.957
-640.414,-937.188
695.911,-1777.39
571.792,-2661.77
1397.61,-4166.38
-57.5768,-5073.72
162.971,-4525.91
-481.228,-2108.6
1373.69,1082.47
-1061.98,2837.25
408.084,4829.72
-1267.47,4683.36
-249.41,4722.53
667.235,2915.58
-1096.45,210.699
2358.23,-2942.6
-3326.06,-4978.59
5255.21,-5809.99
-4397.66,-4610.44
6811.37,-2715.45
-7936.35,-775.239
7626.26,2792.76
-8944.63,4362.21
9737.41,6174.63
-10458.2,3607.18
8263.64,3346.28
-8247.64,228.696
8219.2,-1158.37
-5281.58,-5871.28
5143.05,-7758.9
-3843.45,-7442.91
3454.21,-4806.15
-782.515,-442.182
549.166,1696.62
-599.12,4467.12
-1678.92,4841.62
1167.49,5894.69
-1118.18,3658.23
1314.25,1641.4
-1395.3,-2223.25
16.8826,-4197.01
1267.94,-3880.65
-563.997,-2874.68
2182.66,-772.481
-3336.59,824.117
2698.73,3375.74
-2503.98,4199.17
3092.89,3576.71
-3160.57,231.044
1962.96,-1628.04
-2140.94,-2716.57
2980.62,-2485.96
-1076.52,-3243.18
1888.7,-4295.78
-1144.4,-3873.7
1289.96,-2369.03
147.085,-481.381
-754.193,1799.5
-78.9656,3912.88
-1676.77,4673.87
1197.26,4915.5
-2014.43,4580.34
2328.12,2600.27
-2653.34,-253.24
2751.61,-2925.52
-2588.56,-4991.98
3611.78,-4887.17
-2167.92,-5191.86
2393.86,-2322.16
-3260.15,1294.79
2521.77,5421.43
-2106.89,6828.78
765.953,5187.32
-1718.66,2120.29
1065.58,-638.635
-872.981,-2191.69
1872.02,-5056.29
-960.313,-5643.24
1564.48,-5481.46
-1852.5,-3099.13
2460.69,161.46
-2164.19,2546.1
3318.1,4056.81
-5710.86,4378.73
4188.13,4085.88
-5500.67,3186.34
6497.37,1860.34
-6614.67,-1750.25
6316.24,-2622.67
-6983.47,-2521.43
6867.26,50.502
-5947.84,1330.79
5853.86,1614.7
-6640.35,871.814
5070.78,2385.61
-3655.26,1161.48
3976.3,216.72
-2574.54,-2685.94
918.579,-5004.39
111.889,-4669.45
-65.9565,-3339.86
1887.68,-698.523
-1442.78,70.1417
1521.56,1416.51
-2131.98,1449.14
1283.86,3132.68
-1198.29,2378.99
475.777,2466.41
-1071.01,1326.6
-1063.26,1719.29
2913.01,1852.09
-2749.03,-228.981
4113.59,-2144.26
-4563.5,-4439.09
4717.19,-2749.34
-4330.19,-2057.83
5719.7,-608.492
-5074.04,-486.898
4304.78,1178.95
-4257.04,1681.67
3358.82,2899.54
-2476.15,2343.35
2005.43,547.662
-1365.21,-2142.33
927.727,-4418.02
694.918,-3668.97
-19.0908,-2942.22
1086.59,-1679.72
-1704.55,-187.478
1159.77,1674.26
-1486.87,3266.24
2113.97,4250.94
-2413.05,2645.01
1713.99,1138.53
-1088.21,-1188.82
1848.53,-3806.04
-908.918,-5648.79
834.94,-4757.76
-98.0055,-2137.81
479.188,1188.37
104.495,3168.16
-841.983,4240.27
-547.072,5514.07
-1259.45,5124.4
1131.49,3672.1
-447.158,-140.16
807.803,-3441.3
123.746,-6727.4
-36.123,-7206.78
2338.25,-6253.31
-1375.02,-3724.3
2902.8,-1806.12
-4408.39,652.626
4655.26,4005.58
-5715.25,5775.63
6270.7,6102.85
-7443.32,2796.97
6095,972.696
-7065.99,-1409.91
7481.41,-876.424
-6195.66,-2542.44
6227.68,-2390.92
-5510.19,-2184.93
5146.12,-625.524
-4094.42,506.454
3342.37,1351.55
-2804,1767.46
1078.15,1816.21
-759.162,1754.74
969.295,-141.358
-140.889,-1078.95
868.227,-3446.13
-1458.81,-3506.31
2234.89,-3243.19
-2108.75,-1434.93
3694.17,-210.398
-5158.69,1511.16
4964.47,3335.78
-6671.99,4946.9
6540.85,6255.25
-7172.05,2968.92
6217.59,1870.09
-6291.07,-2675.05
6462.22,-3168.93
-4368.21,-5007.16
4042.83,-4602.42
-2608.52,-3511.7
1934.12,-2045.72
-82.5742,-125.319
-648.385,1008.31
1598.04,2721.07
-3869.21,2942.39
3815.53,4270.76
-4981.98,2440.86
5764.89,467.45
-5313.96,-2538.63
5276.76,-3909.86
-4922.91,-3307.12
5997.45,-1849.75
-4682.77,-1771.69
4570.75,-761.594
-6267.73,1312.7
5331.98,5071.79
-4902.23,6297.02
4213.47,6103.12
-4343.65,2838.79
2844.29,-647.188
-2528.07,-3436.74
3309.33,-5195.52
-2141.57,-4798.64
2148.78,-3388.26
-1820.79,-1372.17
1772.32,677.388
-1269.05,2498.22
2147.46,2071.02
-3650.02,2099.27
2421.24,1023.17
-3177.38,867.003
4641.18,-211.015
-4874.78,-3007.62
5782.01,-3897.29
-6417.69,-3284.37
7605.75,-830.555
-6593.5,-293.118
6579.69,547.51
-7141.32,-281.627
6124.56,2416.72
-6255.37,3267.16
5142.42,5123.83
-4462.18,4404.05
2328.96,2602.48
-1801.99,-2.84979
1009.6,-1856.07
1048.89,-3040.77
-1585.75,-3319.4
2616.37,-1932.44
-3731.63,-1409.84
4516.83,1137.01
-4739.18,1711.41
4615.54,2735.94
-5099.58,1855.56
4551.35,1694.94
-3867.08,-799.459
3920.53,-2923.63
-3861.75,-4352.79
3107.93,-3437.58
-1771.86,-1863.51
2466.98,-538.459
-1583.87,627.138
353.489,1023.45
-1660.84,3024.25
630.322,4228.1
-1502.05,5022.13
1561.6,3065.81
-2698.99,1295.16
2220.85,-12.7269
-3589.3,-192.174
5317.84,-870.418
-5105.54,-2387.45
5272.77,-2971.74
-6231.33,-2997.89
6786.44,253.448
-6887.7,1975.53
7387.59,3023.62
-8502.76,1971.05
7359.7,1753.06
-6955.77,-551.44
7586.65,-1923.1
-6224.18,-3912.39
5548.26,-3708.18
-5173.14,-3092.02
4574.71,-916.745
-3315.94,1625.71
2284.71,3494.13
-2365.8,3892.27
-460.515,6029.46
985.064,5432.35
-1811.04,2343.24
2888.39,-768.931
-3953.72,-5039.6
4291.45,-4938.91
-3576.19,-3849.09
5915.75,-2186.89
-5558.47,-1898.41
4454.34,682.308
-5447.77,2986.78
4799.49,6097.99
-4627.05,5373.28
4721.32,2541.43
-4863.94,-796.889
3060.61,-3702.75
-1617.24,-4461.73
3197.71,-4747.07
-2557.41,-4292.66
2597.12,-2504.14
-3238.88,516.114
3423.29,3413.99
-2566.51,4843.49
1748.03,4310.36
-4258.18,3219.6
2781.95,3031.7
-4085.15,3100
4518.85,1853.11
-4018.75,-848.955
4010.31,-3014.62
-4089.54,-4560.47
5212.69,-3428.78
-4199.32,-3081.17
4104.71,-2272.89
-4197.74,-1172.48
3030.99,1733.97
-2144.62,2884.46
1887.54,3832.92
-1576.32,2068.7
-497.287,570.37
1795.99,-1721.41
-2307.64,-3918.03
4502.16,-4428.69
-5254.23,-3434.18
5631.19,66.1305
-6869.95,2964.59
7574.56,5886.56
-8895.46,5466.17
8181.98,5486.21
-10579.8,4101.53
9234.89,4440.77
-7582.07,466.514
8143.94,-2958.38
-7036.99,-7823.62
6097.26,-8105.6
-3721.84,-5955.89
4562.81,-2653
-2178.74,-717.101
878.308,445.688
-727.559,1971.25
-622.861,3075.88
1731.23,3944.87
-1913.37,1080.52
1531.02,161.067
-2712,-2258.47
2537.7,-1965.38
-1011.15,-970.336
1227.72,-137.298
-1265.6,817.103
108.439,2111.57
-197.523,3448.16
518.75,2589.8
-386.501,1235.46
-675.987,-349.401
-213.426,73.3862
930.364,-548.622
135.479,-1432.63
1346.37,-3078.48
-1740.94,-4602.66
2730.33,-3992.86
-2578.34,-1826.25
4398.25,-597.889
-5890.07,1241.25
4871.29,3735.21
-6744.74,5008.71
7131.98,5731.55
-6777.54,2946.88
7429.03,-438.544
-8550.02,-4443.83
9086.33,-5696.44
-6752.49,-7405.03
8203.28,-6058.54
-7550.42,-4729.89
6231.45,1010.51
-6360.14,6223.83
5270.06,9557.09
-4451.13,8995.57
1692.27,5307.18
-2220.61,825.375
1846.32,-2789.63
-0.691956,-5266.79
1028.45,-7530.96
374.529,-7231.88
-472.755,-5750.23
1839.65,-1446.97
-158.898,1766.96
360.441,3828.03
-1042.4,4127.17
-812.72,4331.14
355.051,3193.28
46.7864,628.353
-19.2803,-1199.57
-90.649,-3416.87
1157.08,-3673.52
491.372,-3693.66
339.095,-3130.02
203.894,-2088.08
-1986.87,1401.57
2487.22,3488.16
-3274.48,5249.19
3632.23,5609.44
-5231.89,3411.73
4967.51,1726.09
-6307.3,-1026.02
8374.92,-3392.69
-6685.97,-7021.45
7169.61,-7590.8
-6465.9,-6977.04
7460.43,-2218.89
-6101.28,225.423
6814.24,1993.1
-6913.96,2038.45
4357.78,3039.73
-3944.27,4277.58
3073.23,4287.96
-2927.64,2312.08
2379.27,-467.519
-2412.69,-1974.47
2286.59,-3304.44
-486.178,-2453.61
1080.15,-1342.6
-473.205,-1536.72
-249.044,26.0889
-789.375,2689.49
262.63,4348.11
-466.589,5764.56
248.814,3792.06
-679.848,343.225
1250.09,-2736.84
-415.11,-5880.9
1339.48,-7254.86
-842.148,-6047.24
1464.89,-3846.84
-335.087,-1076.59
600.504,2040.45
-1246.5,3600.52
286.525,6084.87
-1302.25,5643.57
543.097,2930.23
683.17,-1166.41
-1511.28,-4441.03
2475.35,-5585.85
-2441.5,-4323.17
4407.32,-2486.21
-4159.84,-539.156
4468.73,1683.12
-6984.52,3856.82
6825.08,6794.85
-7704.47,7208.65
8335.48,4957.66
-8502.69,-1054.06
8029.07,-4235.09
-8153.49,-6761.41
9097.59,-4690
-7380.87,-3505.42
7403.06,-1355.86
-6590.84,25.803
6673.57,1323.49
-5592.39,1633.74
5212.22,1193
-4609.66,-522.304
2905.99,-1284.72
-2324.18,-1409.25
2500.91,-1980.43
-1251.13,-997.055
1360.62,205.901
-1738.33,1559.99
891.478,2849.68
-1068.8,3261.55
750,2254.75
-1888.06,1786.27
1122.26,1340.27
-1358.87,2047.07
1656.05,1353.64
-1003.84,-1334.45
2280.24,-4268.69
-2577.47,-6479.12
3620.55,-5602.87
-1314.98,-4628.06
2076.12,-2538.41
-971.58,-1991.48
45.4039,374.406
307.901,1868.46
-1090.23,3610.58
1637.01,4443.94
-3642.15,3896.21
4158.29,2612.49
-6015.17,1142.78
7157.53,-233.895
-7181.58,-2225.29
7747.87,-917.692
-9355.24,-649.811
9256.17,2560.96
-8739.51,2822.61
8395.09,2862.16
-8398.72,874.922
6799.05,836.482
-6401.1,-180.781
6740.49,-1157.44
-5331.33,-4029.97
4759.7,-5656.59
-3549.3,-5059.78
3924.72,-4435.52
-1562.13,-2443.49
2306.03,-1544.73
-3774.81,718.371
2590.2,2321.56
-3816.1,5018.01
3527.59,6469.38
-5183.12,6229.25
4666.67,4601.85
-6362.85,1803.36
7264.99,-882.121
-6758.4,-4254.87
7589.28,-5198.66
-7742.3,-5909.85
7984.47,-2278.45
-6263.98,-513.317
6358.39,2748.86
-6113.24,2986.35
4017.35,3476.63
-3797.11,3677.17
2904.09,2573.24
-1910.44,-235.928
1069.72,-2991.6
371.929,-4212.26
-560.611,-4686.59
2617.46,-3134.48
-1953.39,-2741.82
1555.77,323.212
-2393.71,2328.15
1150.62,5304.09
-1253.12,6622.81
199.034,5600.71
-183.418,2548.12
-1185.85,-140.252
2167.78,-3681.34
-1551.07,-6148.2
3314.4,-6601.89
-3388.83,-6156.29
3241.08,-1194.41
-3052.59,1775.59
3701.67,4972.32
-3940.93,5306.43
1782.11,4600.48
-2076.25,2495.76
1315.92,552.05
-1150.52,-1551.88
426.86,-2775.14
384.834,-3048.92
-593.381,-3192.37
2755.3,-1897.74
-3096.23,-513.507
3142.81,1247.39
-4887.94,2999.3
4362.78,3782.59
-3907.16,2351.77
4100.76,1252.22
-5252.48,-973.135
4656.86,-793.248
-4209.76,-531.141
4619.3,-270.294
-4150.44,-2217.48
3835.07,-2339.13
-4108.07,-519.288
3672.27,2352.27
-2838.73,3704.2
2159.36,2481.54
-3273.22,1672.37
1537.2,792.985
-1599.14,674.187
2638.84,516.452
-2238.91,-1115.04
2136.46,-2562.11
-2118.3,-3388.34
2860.85,-3607.7
-2549.79,-2449.81
3562.36,-926.208
-4590.47,1515.13
3054.07,4237.33
-3925.65,5353.75
4085.82,5408.05
-4942.26,3087.1
3902.08,492.772
-4394.27,-1848.38
5338.85,-2728.31
-3988.73,-4767.63
3419.86,-3884.31
-3367.86,-2740.9
2735.75,972.056
-1793.5,3920.55
471.295,5214.06
-125.83,4710.91
-2370.54,3134.13
2453.32,817.731
-2513.3,-1871.17
3265.51,-3038.58
-2966.74,-5596.89
3282.35,-3940.34
-2034.56,-3658.87
2690.66,-1065.56
-1223.63,-229.824
-752.522,1657.68
1030.11,3228.01
-2569.13,4316.33
3041.45,4377.28
-4507.03,2198.03
4725.77,1659.22
-6033.17,-886.53
6855.65,-432.979
-6382.68,-2062.99
6225.12,-1651.48
-5931.89,-1461.38
5531.83,-190.167
-4114.28,-7.83402
3813.73,690.026
-2957.64,178.276
1327.36,-4.1731
-856.241,318.166
1227.41,-998.3
698.42,-2756.87
-355.958,-4534.89
683.656,-3741.05
-1052.89,-1756.27
1605.38,1293.28
-1000.79,1999.58
213.005,2890.45
-1382.97,3230.58
1018.21,3630.08
-913.503,3730
964.902,1254.88
-598.477,-1700.11
-343.681,-3544.62
-62.3016,-3075.42
2045.29,-2264.23
-696.9,-1072.76
966.713,-259.678
-1155.55,-270.588
1210.41,178.275
-1406.59,652.423
1319.1,1798.38
-2463.76,1954.81
2434.3,1459.23
-1974.48,746.531
3310.14,-2123.18
-2862.49,-4289.83
4054.93,-5105.99
-4705.92,-4532.29
5366.85,-2076.11
-5267.7,1320.04
4905.03,4393.32
-6336.88,5142.11
6470.65,6198.4
-6226.34,3360.77
6407.43,-39.2932
-6510.13,-4635.81
5777.96,-5438.08
-4438.83,-5424.01
4730.79,-3009.52
-2860.11,-644.029
1497.49,2742.87
-2750.22,6970.3
1461.17,7845.05
-1573.88,6833.16
546.208,2636.29
-1411.62,-1270.84
441.458,-3478.69
33.3508,-3917.44
1922.31,-4944.93
-369.177,-5519.88
1233.87,-5766.48
-558.715,-5341.23
1232.82,-1713.83
-709.244,1023.16
95.8613,4199.25
-1513.93,5078.03
-1290.2,5615.02
1344.21,5894.35
-1953.09,3982.86
2147.39,1213.72
-3587.68,-932.041
3551.5,-2294.65
-4280.21,-2583.95
5710.47,-1620.44
-6373.34,-1100.26
6933.4,843.775
-7620.28,2683.33
7237.06,4373.37
-8025.02,3042.28
7582.36,1660.95
-8340.96,-1273.85
8253.76,-2502.48
-7104.49,-4297.14
9147.07,-4938.07
-8064.33,-5788.42
7446.65,-4131.86
-7198.23,-1794.16
6238.3,2401.51
-5909.99,5124.62
4431.79,6790.92
-5062.18,6704.59
2056.44,6520.33
-1737.78,3340.03
391.905,576.071
904.773,-3373.15
-1514.79,-6307.28
2506.14,-5174.18
-2241.34,-3661.99
4687.12,-690.334
-5318.52,204.639
4398.6,2832.33
-5715.8,4134.18
4805.2,5880.74
-4711.14,4020.96
4158.82,2183.45
-4008.79,-1763.96
3237.56,-4693.54
-1861.67,-4964.09
2361.24,-5335.18
-839.817,-4026.2
941.11,-1753.76
-1861.46,1485.72
2117.51,3691.77
-2270.31,5656.2
1513.94,4611.01
-3836.2,3667.01
3255.82,2305.9
-3970.93,528.906
5616.21,-1652.66
-6195.75,-3926.18
6659.23,-3173.67
-7273.03,-1952.51
8093.33,456.808
-7166.84,67.0026
6745.27,1786.44
-8046.48,1663.44
6922.58,2825.75
-5931.24,2320.24
5487.3,1158.36
-4020.92,-2984.77
3333.96,-5455.39
-1577.82,-6286.88
1980.33,-5120.06
396.629,-2681.85
-2336.85,506.811
2463.81,3904.95
-4301.23,5965.44
5000.26,7372.4
-5908.04,5589.2
4500.97,4115.12
-5894.44,478.784
5841.72,-391.415
-4486.12,-4318.95
4193.67,-5074.78
-3082.16,-4299.35
2979.03,-1655.55
-1039.7,5.52258
709.789,1331.53
-595.005,2265.45
-2003.82,1674.99
1786.6,3181.23
-2033.66,1968.73
3026.44,825.904
-2827.31,-2529.4
1704.87,-3349.92
-1334.79,-3579.95
1062.31,-1922.13
1243.67,-1313.79
-3076.47,347.129
2816.1,2133.22
-4354.24,4061.3
5650.13,5004.54
-6637.55,2048.45
6559.93,-97.6599
-8674.72,-1971.6
8423.89,-348.993
-7289.71,-1521.91
7575.52,325.333
-7757.5,-196.899
6457.18,1038.62
-6059.4,1496.73
5301.49,2252.15
-3967.79,1552.62
2075.12,-287.942
-1647.38,-1230.67
607.753,-1105.56
1471.43,-1309.37
-1122.26,-2599.86
1535.8,-1926.43
-2873.48,-1659.98
3117.54,807.073
-2112.93,1982.08
2276.97,1486.83
-3223.12,519.303
2453.26,1629.09
-2009.21,916.479
2534.73,-128.962
-2105.94,-1436.71
1504.87,-1977.7
-1082.06,-1490.01
1637.87,-1426.28
285.684,-846.671
-195.907,-419.613
-969.849,546.48
253.941,1982.76
-199.007,3276.43
794.26,2854.13
-982.862,1689.05
1014.58,-810.975
-1876.08,-1629.17
4156.85,-2777.96
-3655.96,-3582.64
4851.68,-4642.84
-5005.49,-4704.75
5915.68,-1395.22
-5012.57,279.493
6069.56,2418.54
-7030.72,2072.11
6485.15,2295.01
-6411.67,931.1
5946.38,1273.19
-5134.8,-650.667
4556.05,-806.399
-3848.52,-807.61
2783.65,-533.574
-1858.64,951.407
1620.69,472.196
-935.542,610.797
694.134,178.268
-1126.75,32.3916
1210.67,178.882
-446.282,-458.091
934.93,-2769.28
-1000.93,-2672.79
1812.92,-2541.67
-1439.8,-2251.9
2761.97,-1033.1
-2517.03,-1212.32
2043.82,71.7971
-3179.1,1630.59
2966.49,3248.4
-3209.7,4157.81
1716.49,5115.76
-2003.63,3151.34
1220.32,1394.54
-445.527,-1678.91
109.188,-2988.32
364.536,-2895.15
-1195.74,-2868.67
2974.9,-1777.94
-2684.57,-1055.65
3070.27,65.1458
-4537.18,1675.3
4401.65,3265.2
-4843.97,2356.8
5117.65,2166.54
-6444.72,27.1375
4529.59,119.817
-4050.54,371.173
4966.02,67.5326
-3933.56,-1784.76
2826.45,-2486.78
-3396.16,-2256.6
3549.3,-629.777
-2736.7,1156.88
2290.9,1516.54
-2860.33,1708.28
1088.17,2282.01
-1458.26,3418.79
1273.72,3165.22
-1968,1928.4
2005.47,-832.993
-2551.9,-2627.79
3154.16,-2850.29
-2076.64,-3134.19
2443.98,-2089.91
-3886.96,-139.132
3610.19,2181.15
-4825.04,5112.44
4740.29,5488.24
-5154.23,3509.08
5427.8,1279.64
-6326.59,-2264.61
6552.08,-3552.34
-5762,-5408.21
6228.49,-4934.32
-5180.7,-3676.42
5558.59,-1165.97
-4860.54,600.353
5205.42,3314.41
-5155.89,3145.91
2770.47,3349.94
-3176.95,3446.13
1053.36,3227.97
340.143,1962.29
-325.276,-145.635
1458.36,-2249.55
-1914,-4035.72
3333.44,-4157.87
-3095.58,-3509.2
3775.51,-1605.75
-4890.76,613.398
4849.02,4509.41
-4570.42,4666.46
5531.73,3437.72
-5072.45,-723.688
4426.33,-3690.85
-4262.62,-5483.93
5921.33,-6636.87
-4169.42,-5436.71
4373.94,-2523.26
-4318.5,601.731
4093.66,4467.37
-4107.97,6669.81
4311.46,5394.59
-5863.02,3559.4
4752.02,1151.51
-5993.88,-259.764
7104.83,-495.978
-6396.61,-2183.44
7511.02,-3225.57
-7576.89,-4355.56
8781.33,-3434.52
-6657.05,-2847.34
7177.76,-1676.85
-7688.32,-1657.39
6426.83,2288.81
-5930.98,2970.75
5711.83,3340.97
-3772.41,1194
1994.29,-750.873
-971.185,-2176.23
85.6615,-2757.1
2210.02,-3083.26
-2950.56,-2880.18
3672.96,-443.053
-5588.65,2040.36
5897.16,6395.32
-5807.49,5980.42
5808.85,4631.41
-7476.24,784.13
7020.34,-2177.17
-5514.78,-5068.66
6318.21,-4804.22
-4700.62,-5505.9
3753.84,-3454.45
-2502.71,-1122.58
2176.18,1604.5
-1111.05,3718.1
-414.999,3733.54
-113.49,4042.91
-768.24,2012.86
799.61,316.362
-58.9892,-2679.16
-943.396,-2688.13
614.742,-2799.83
108.763,-650.873
2129.31,-285.174
-3146.21,-592.497
3727.79,54.9786
-5765.4,988.281
5777.62,3817.85
-6676.15,3690.94
6662.25,3539.15
-7908.45,1211.9
7394.32,572.501
-6741.38,-1499.38
7334.62,-2244.03
-6498.85,-3648.06
5340.19,-3408.9
-5301.06,-2165.34
4871.92,1245.57
-3446.04,2668
2198.31,3192.18
-2821.21,3830.21
1036.92,2996.8
-933.601,1475.76
1584.51,-2022.85
-891.801,-4333.7
42.0662,-4905.31
281.19,-3045.96
884.555,-937.542
-56.5007,576.649
433.39,254.389
-1526.51,931.502
899.144,2383.53
-1602.87,3488
1678.72,4582.86
-2880.45,3327.95
1995.82,1273.62
-2441.27,-242.847
3634.65,-1569.65
-2229.79,-2901.85
3111.93,-3972.03
-2730.54,-5409.83
2793.85,-3195.94
-1764.23,-1444.41
1714.52,1038.29
-1923.66,3921.85
549.71,5747.04
-287.376,5227.5
-86.5064,2885.02
325.715,-901.007
-1045.73,-3972.32
1681.69,-4494.01
-644.143,-5196.56
2778.66,-4358.91
-3028.82,-2400.52
2834.45,727.1
-2752.19,3117.04
2580.62,4293.41
-2407.76,3732.71
1239.73,3194.21
-2332.16,918.669
1067.97,583.708
69.7332,-269.557
-74.0999,-1502.04
714.67,-2455.59
-2102.26,-1610.71
2300.12,417.001
-910.138,336.709
2059.3,182.013
-3090.11,-2254.13
1612.45,-655.536
-517.533,-255.734
893.059,338.816
341.18,-893.124
-1283.18,-2211.62
1781.92,-1504.06
-3233.99,40.2181
4611.17,1851.73
-5380.68,2113.38
4880.83,3331.83
-6473.47,1957.67
6280.1,2553.58
-6034.5,2142.39
5520.31,1859.61
-6103.36,-187.072
5025.46,-983.761
-3025.29,-2613.23
3376.56,-3065.21
-1976.27,-4056.42
1926.31,-3354.85
-1152.76,-1447.16
1510.99,-1426.26
-642.716,258.641
-979.277,1590.63
-181.285,3768.36
520.347,4440.93
-522.703,4265.59
813.784,724.052
-1825.56,-1859.4
1316.16,-2385.24
-1790.03,-2009.09
3484.84,-520.386
-3724.59,-456.595
4247.91,264.283
-5497.39,1352.29
5013.81,2898.26
-4670,3061.15
4440.68,2338.44
-4879.23,-1482.5
4343.34,-2414.52
-3415.32,-3003.07
3198.19,-2258.2
-1129.3,-2486.1
-235.733,-828.229
567.648,-218.865
-2183.66,1757.43
3657.85,3067.27
-4724.77,1951.26
5045.27,2396.22
-6821.82,197.426
7309.77,0.897644
-7649.9,-1549.74
7936.53,-1320.84
-7978.41,-1593.12
7564.74,450.001
-7262.91,820.484
7137.61,1970.58
-6132.75,1083.52
3426.17,1350.27
-3992.02,2356.51
2295.13,3553.8
-1622.18,3787.48
1703.26,1139.2
-1839.33,-1513.83
1436.17,-3614.01
-664,-3450
1873.75,-4627.08
-1177.1,-4108.47
880.673,-2706.75
-1794.64,391.412
2642.08,2811.21
-3408.75,4846.59
4447.54,4374.01
-6463.92,1579.06
5799.66,749.124
-5810.87,-2034.96
7351.79,-3360.47
-6436.96,-4533.04
5761.03,-2572.63
-5800.65,-501.313
5489.53,3264.35
-3891.41,3842.47
2552.01,4223.9
-3759.59,3241.24
1493.35,3830.05
76.6478,3217.78
-656.108,-390.623
3044.61,-4095.28
-4134.7,-6887.96
4291.02,-5234.98
-3215.13,-3090.76
5352.34,155.249
-6065.62,1003.99
5453.72,1971.47
-6148.14,2427.59
5743.64,3716.19
-5387.3,2753.94
4268.63,1644.68
-5221.18,-571.254
4448.2,-1568.66
-3299.2,-2150.17
4201.4,-2925.81
-3307.96,-2335.7
2537.68,-1350.54
-2101.13,-1032.41
2969.61,-243.996
-3203.05,570.958
1080.08,1854.66
-2435.92,5095.01
2602.57,5829.39
-2348.51,3701.36
2520.55,169.66
-3609.05,-3184.27
3931.72,-4675.32
-3335.6,-4366.46
5123.07,-3630.83
-4904.02,-2365.67
3846.77,645.549
-4635.95,2957.31
5084.64,6084.75
-4791.6,5393.71
3226.77,3732.03
-4275.28,492.283
3020.89,-1156.53
-759.198,-3450.31
991.605,-4390.43
-59.4163,-4547.24
-682.602,-3147.59
2161.21,-80.371
-2920.83,1859.18
3394.67,3849.96
-5907.77,4624.13
4586.54,5728.51
-5143.33,4411.25
5485.34,2588.59
-5797.44,-1703.68
5276.41,-3923.86
-5126.71,-5241.98
5858.92,-4503.21
-4320.12,-3189.79
3586.42,-764.806
-4081.2,1559.83
2664.73,5021.74
-2468.67,6107.37
2157.67,3833.36
-2178.51,797.225
1307.79,-3270.08
-2018.22,-3893.93
2908.4,-3612.81
-1762.57,-3289.82
2104.62,-2023.22
-3282.75,719.905
3242.64,3367.93
-3802.84,5672
4244.01,5391.61
-5463.82,2482.17
4334.75,1151.82
-5574.17,-1028.95
5980.24,-888.235
-4747.04,-1887.02
5056.96,-2275.69
-4895.46,-2098.67
4439.24,-1108.03
-2797.68,-930.084
3752.06,-452.058
-3141.59,-1843.11
1060.44,-858.526
-962.567,1760.82
631.006,2711.5
70.0027,3256.38
-248.875,1138.09
-522.417,-108.247
262.73,-776.078
589.348,-1100.88
155.022,-1951.8
-389.617,-2073.13
-418.844,-1304.1
404.634,572.954
850.538,1999.47
-1204.43,2602.14
1126.04,2342.97
-3007.33,1356.75
3050.54,645.119
-2377.55,-852.386
2885.91,-2357.95
-2265.34,-3682.04
2710.49,-3586.01
-1813.56,-3223.63
2487.38,-1368.93
-2054.53,-744.344
217.378,2083.86
-485.872,3720.78
-370.661,5545.4
1360.01,4937.3
-3377.64,2516.86
3601.58,487.27
-5087.56,-1884.16
6673.12,-2768.6
-6440.12,-4196.9
7005.38,-3067.06
-7823.09,-1397.37
8403.31,1867.4
-8702.64,3005.03
8710.29,3741.84
-8864.41,1459.76
6728.67,1328.57
-6540.54,-18.8173
6059.64,36.2271
-4004.75,-2533.27
3634.23,-4480.02
-3277.26,-3977.92
2691.58,-2523.39
-1648.83,709.418
2466.91,1118.88
-2562.46,1425.64
1016.76,1363.06
-2302.73,3601.77
1376.13,4720.01
-1615.71,4558.37
1717.8,2749.82
-3002.76,-740.985
3272.02,-2173.59
-2727.42,-3785.21
4353.78,-3376.52
-4592.5,-2651.19
3230.17,-486.118
-3736.11,2449.13
3106.66,4947.16
-2396.86,5249.25
687.942,4823.68
-2371.3,3492.21
1473.27,1298.65
518.007,-3530.61
358.899,-7725
770.957,-9979.13
-1229.75,-7984.09
3260.93,-3582.48
-3194.23,1169.8
3968.27,4770.49
-6403.22,5517.77
5383.2,6779
-7886.1,7434.06
8369.08,6108.07
-8893.33,1965.35
8004.64,-1555.84
-9509.12,-5031.55
10487.3,-4222.42
-8887.32,-3398.32
9445.3,-874.715
-9538.09,111.549
8096.71,3384.12
-7865.63,4330.86
6465.5,4573.03
-6365.67,2441.01
5282.11,498.004
-4959.33,-1125.84
4748.7,-3930.26
-2753.53,-4925.15
2712.7,-5027.46
-2681.21,-3721.86
2668.17,-1398.79
-2241.83,2187
1867.49,4348.83
-2974.03,5364.19
1372.57,5603.47
-2937.38,4426.97
2721.38,2589.6
-2644.79,-809.967
2348.84,-2987.31
-2361.34,-4024.41
1763.68,-2669.77
11.4933,-1485.92
393.938,-505.591
-96.0693,-672.038
-1690.78,1303.89
1613.18,3830.31
-3016.46,4803.41
3107.2,4436.19
-4261.42,1740.95
4565.91,-945.467
-5431.11,-3153.83
6878.69,-3326.74
-6429.15,-3892.31
6592.39,-2279.3
-6980.89,-1521.39
6397.1,1140.62
-6227.21,3126.29
6670.71,3856.53
-6794.22,2802.22
4911.38,2097.53
-4903.86,-48.7853
4499.19,-1035.7
-4091.59,-2287.49
3062.22,-1415.29
-2517.73,487.086
1979.61,1726.33
-762.969,2240.24
456.388,804.438
-1327.33,-53.0714
966.763,-922.285
-1101.59,-325.043
1337.73,-509.692
-1499.29,702.48
1726.29,187.456
-2270.41,-683.88
3864.83,-1014.91
-3578.67,-2126.51
4276.79,-2477.69
-5231.76,-2380.88
4859.7,530.873
-4668.94,1559.5
4434.69,3630.54
-4496.45,3149.53
2547.17,3838.55
-1823.73,2723.95
1943.49,75.4759
-769.062,-3212.07
-514.766,-5134.93
1169.44,-3949.72
-1444.49,-1491.01
2796.36,1579.57
-3166.54,2543.66
2377.83,4643.17
-3523.47,3796.18
2663.43,3474.02
-2210.62,1404.4
2137.42,-1456.59
-1592.14,-4268.22
657.709,-5191.37
1431.28,-5030.23
-60.5483,-3915.25
1093.01,-2324.08
-1969.59,-849.812
1717.12,2517.03
-1954,3791
1980.16,4690.96
-2461.88,2934.02
605.834,1989.12
-207.415,559.824
505.591,-1025.28
1402.7,-3936.74
-1986.23,-4442.24
2647.94,-3111.03
-3150.04,-1419.51
5086.44,1721.97
-5707.02,2903.02
5279.06,4046.32
-7387.27,4405.3
7516.52,4366.27
-6945.04,1201.51
7850.49,-1829.58
-7678.48,-5774.04
7595.17,-6212.73
-6226.95,-5600.22
8222.42,-3693.11
-6318.05,-2773.75
4823.5,-232.018
-5594.13,3026.42
4733.56,6833.99
-4739.01,7758.43
3318.5,5592.11
-4083.81,2388.29
2358.2,-631.146
-1142.27,-2842.36
2503.94,-5051.24
-2177.13,-5345.47
2115.32,-4538.82
-1958.04,-2088.07
2581,616.313
-1977.23,2772.63
1606.46,3943.27
-3063.74,3368.3
2789.99,2079.4
-3259.33,580.034
4029.23,-2271.23
-3995.11,-4358.66
4321.45,-4035.27
-3865.03,-3505.93
4590.91,-213.546
-3313.27,550.162
1789.45,1873.76
-2482.25,3273.8
1500.96,4765.61
-1653.7,5021
822.2,3654.48
-667.608,691.224
-359.996,-1481.04
1196.6,-2496.08
-544.973,-4737.17
1852.19,-3728.98
-1603.1,-3209.57
1324.68,-743.879
-1116.91,1693.51
590.468,3231.36
156.929,3638.69
-1772.67,2876.17
1061.72,1774.18
-2011.92,1186
2690.68,-532.16
-1945.24,-3535.52
2553.1,-4278.5
-2915.21,-4797.72
3164.68,-2022.14
-895.8,-982.362
988.297,-182.151
-708.637,-464.987
-1631.33,1940.27
1669.2,3948.62
-2809.81,5010.33
3517.64,4782.26
-5462.39,1979.69
5901.13,175.03
-6602.09,-2512.94
8765.32,-3287.68
-8121.79,-4719.23
7822.98,-3060.46
-8336.37,-1802.4
8199,1983.38
-7044.05,3562.05
6769.59,4105.39
-6875.28,2530.49
5119.98,1325.68
-3607.23,-1334.48
3912.47,-3698.69
-2819.68,-5757.62
2607.65,-6041.69
-1629.67,-2782.85
1919.74,162.239
-403.615,2850.26
7.37708,2999.54
-1413.2,3254.58
550.536,3161.89
-1434.55,3504.33
1204.98,2817.73
-1398.9,1050.82
1485.84,-1062.49
-2145.24,-2545.67
3822.56,-2880.67
-3375.85,-3077.31
4243.59,-2723.29
-3834.44,-2410.79
4057.15,-1263.91
-4271.99,-48.5255
4923.29,1579.04
-4808.08,1337.98
4339.27,1358.85
-3674,-340.627
3811.25,-1523.95
-2605.33,-3839
1883.23,-2681.01
-1361.33,-1046.99
670.533,886.354
916.059,2586.49
-2524.84,3425.54
2791.97,3627.55
-4966.14,4061.12
5504.58,3790.82
-6195.66,755.763
7450.94,-1381.11
-8015.54,-4438.69
8567.44,-4305.71
-7674.28,-4195.07
9522.31,-2537.59
-8409.72,-2469.24
6639.05,260.024
-7624.79,2502.62
6509.87,6407.02
-5899.19,6376.01
4663.28,3844.24
-4059.07,43.7522
2579.37,-3499.23
-824.633,-5698.36
1858.9,-7271.81
-772.405,-6202.35
237.525,-4124.48
194.599,213.196
-53.4113,3639.18
635.544,6051.4
-1642.33,6140.41
-453.241,4911.49
-1126.93,3541.59
495.527,1759.07
70.6712,-1085.58
-104.653,-2877.67
-250.326,-2597.46
822.962,-2217.47
364.57,-999.751
1301.47,-1456.52
-1659.39,-2452.54
884.812,-1152.52
-1871.32,1727.16
3114.63,2912.56
-3259.33,2814.9
4485.07,-347.364
-5454.15,-2867.82
6292.68,-3511.99
-5085.09,-5015.21
7545.29,-4229.61
-7890.95,-4072.67
7744.25,-1398.86
-8131.84,2186.58
8230.34,6240.43
-8005.5,6649.24
6898.87,6817.53
-8504.39,3950.55
6829.57,2518.99
-5757.48,116.696
5502.01,-2603.07
-3415.44,-5010.73
3137.19,-5778.43
-1466.18,-5228.67
2785.57,-3301.5
-1223.27,-1665.12
895.772,-1408.48
-699.544,655.604
-447.004,2268.09
1056.72,3125.37
-1134.54,2481.78
278.269,1741.65
-924.012,-79.1017
1136.23,-1363.04
-196.333,-2697.38
1233.11,-3978.76
-1501.01,-2627
1037.19,-655.576
-1608.2,2477.22
2009.98,4402.55
-2615.99,4017.06
3090.65,2375.44
-4466.22,660.832
5192.02,-1466.66
-4880.58,-2671.03
6149.89,-3743.71
-7167.86,-4667.4
8078.22,-2283.88
-7365.04,-903.003
8388.94,1975.85
-9117.58,3411.79
7673.68,4753.16
-8507.96,3781.24
8310.46,2656.11
-7596.29,-1202.53
7828.24,-3382.88
-6698.82,-5043.48
6502.76,-4495.72
-4171.13,-3963.12
3915.21,-2448.68
-3191.35,-607.978
1324.72,2591.41
-831.285,5436.02
681.936,6108.13
63.7893,4176.74
-2190.88,526.833
1515.19,-1096.37
-2152.46,-2287.37
3224.24,-1721.86
-2266.98,-2475.83
2315.45,-1174.51
-2365.62,-617.609
1985.76,1052.46
-616.965,1207.88
396.619,-23.7411
9.45355,-1567.62
-1375.42,-1996.19
2248.98,-1252.75
-1931.54,-662.904
2644.24,236.104
-3228.57,-579.631
2964.01,379.177
-2226.89,-318.538
2431.6,312.295
-2080.21,1.94733
772.893,486.89
-781.431,1101.01
-606.215,2595.1
1509.61,2800.68
-3034.25,2870.88
3444.57,2510.85
-4354.97,397.241
5701.7,-734.982
-5547.8,-3785.64
5346.08,-3554.94
-4892.07,-4006.85
4666.65,-1156.7
-3390,455.061
2763.28,2223.47
-3048.51,2819.32
1077.73,3911.35
-165.487,2803.93
677.741,-1496.78
442.498,-3854.18
-1533.11,-6003.65
1940.21,-4225.42
-880.163,-2737.74
2050.58,-375.003
-1486.17,428.202
-965.104,3142.13
742.878,5789.37
-1635.62,6373.14
2297.54,4859.22
-4048.12,1834.45
2898.54,-124.334
-4297.84,-1725.74
5854.51,-1102.56
-3826.86,-2400.67
4199.07,-3509.36
-4914.96,-4003.03
4077.15,-257.991
-2505.03,1108.71
2731.49,1939.29
-2725.6,1509.31
532.541,753.86
-150.374,1217.95
1071.94,-168.929
-69.1171,-1726.43
-524.615,-4134.52
351.139,-3785.94
-25.7612,-2321.99
671.814,256.039
723.104,972.698
-2185.71,2674
1325.86,3637.47
-3127.7,4003.17
4050.44,4495.25
-5327.42,2846.78
5094.13,679.302
-6216.01,-1296.16
7331.07,-1749.36
-5798.79,-3735.35
6719.55,-4280.51
-6692.1,-4930.82
6496.82,-1704.62
-6017.55,436.819
6396.81,2592.23
-5593.01,2769.8
3891.79,2274.01
-4306.69,1935.23
4109.44,1226.96
-2956.65,-734.487
2767.42,-3345.01
-1983.96,-4275.77
1783.98,-3811.08
-982.172,-1519.15
619.965,2198.74
-604.973,4117.56
-836.002,5134.29
439.299,4496.18
-1019.63,2699.24
1055.06,1334.63
-930.084,-1778.92
899.586,-3475.47
-449.603,-5035.92
1657.86,-5031.21
-120.44,-4671.5
-101.477,-1952.79
555.606,968.064
-667.896,3250.51
642.832,4451.85
-1286.8,2193.18
717.622,1397.96
-974.185,-539.13
960.891,-762.064
-78.0701,-1460.85
-427.227,-1840.87
1469.45,-1657.87
-2125.28,-1076.82
3464.52,-522.251
-3462.04,407.736
4751.67,1077.89
-6187.17,405.253
5817.13,1838.57
-6577.86,1760.64
6146.76,2695.17
-5638.35,1414.85
5129.41,1076.97
-4643.64,-689.599
4306.6,-997.445
-2582.13,-3347.85
2343.87,-4295.17
-1450.6,-3905.46
1111.23,-2833.45
257.62,107.954
-295.84,908.48
644.269,2604.42
-1506.18,1979.1
596.163,2194.66
-59.9493,588.935
-145.644,-458.777
1239.35,-1899.09
-2693.78,-1625.37
3287.85,-490.523
-4118.41,583.872
5958.64,1627.33
-7953.35,2018.95
7089.56,3633.5
-8827.18,4487.45
9312.34,4888.11
-9419.92,1220.47
8929.21,-833.768
-9561.94,-4010.61
9233.26,-3081.58
-7169.28,-3867.51
7538.29,-3094.25
-6964.73,-2692.74
5060.21,-540.021
-3957.94,1344.1
3414.88,2594.32
-2591.54,3129.47
781.241,991.729
-1520.96,787.201
713.484,-170.671
413.136,-616.595
-477.976,-1310.11
-601.929,-536.177
123.905,688.494
-542.474,2476.55
931.24,3460.35
-1739.69,3030.98
577.724,2185.84
-1808.31,1708.02
2050.15,1858.72
-2055.2,317.743
2059.8,-1560.38
-2223.37,-2505.9
2143.72,-2352.99
-627.22,-3025.54
2371.69,-3105.22
-2645.83,-2694.69
1810.63,-1245.08
-1366.04,687.93
908.009,2814.17
-548.844,2923.24
-834.914,3180.16
287.441,2992.68
-1516.59,2579.15
2936.72,394.127
-3284.32,-2026.2
4476.43,-4058.33
-5486.64,-4545.01
5795.03,-1673.03
-4961.03,440.296
5650.88,3154.77
-6911.25,2339.5
5140.71,4526.1
-4944.96,4138.67
4742.87,2550.94
-3583.45,-863.553
2505.12,-3546.27
-1814.78,-5208.01
1537.87,-4814.12
738.51,-2829.48
-287.813,-2600.19
845.523,-55.8419
-1280.26,887.897
410.872,3265.92
19.9986,3656.81
-965.753,3408.96
870.394,1496.97
-2896.76,237.569
4551.24,-1059.51
-3506.63,-2945.14
5411.84,-4544.99
-5765.04,-5936.84
6324.21,-3027.32
-6977.1,-199.662
7200.27,4326.69
-7431.33,5724.4
5545.94,7538.05
-5963,6091.12
4890.83,4158.54
-3383.58,-723.844
2901.34,-5088.4
-2360.72,-7059.25
1137.76,-6424.26
1691.06,-3953.66
-1150.7,-1278.77
3318.27,153.11
-4246.55,621.389
4313.17,2168.03
-4805.01,1110.12
5984.41,347.434
-6235.09,-2156.16
5650.05,-2589.17
-6340.92,-1146.03
7024.56,1461.33
-5281.46,1311.79
4632.26,2006.23
-6332.5,1755.69
5084.53,2690.88
-4544.85,3753.37
3935.86,2862.5
-3708.51,1320.32
2508.57,-63.4212
-2108.58,-1836.41
3501.8,-3316.64
-1794.62,-4784.79
2301.21,-5906.75
-2090.19,-4576.07
2366.76,-2550.03
-1416.35,358.007
3424.93,1285.18
-4849.65,1541.01
3654.11,2371.96
-3877.81,3072
4260.42,2824.55
-3945.4,-198.959
4047.07,-2100.09
-5134.61,-2748.58
5420.09,-618.406
-3972.46,148.637
4128.08,1007.99
-3690.77,-3.49167
2197.42,884.128
-1124.65,854.815
552.173,1186.44
1102.47,1094.79
-2422.02,-887.74
2625.4,-1377.39
-2931.41,-1319.9
5246.63,-2000.09
-4436.71,-3190.15
5868.5,-3303.37
-6682.29,-3790.55
7253.64,-878.448
-6879.67,550.816
7154.75,2100.29
-8293.76,3115.46
7020.77,4569.43
-6600.92,4241.14
6802.36,2380.91
-6210.93,-1792.92
6008.54,-4252.11
-5444.47,-6059.46
6069.53,-5411.57
-3552.33,-3860.77
3086.54,-1001.77
-3179.18,2115.63
1934.96,5002.97
-2516.73,7067.76
2387.37,5679.52
-3332.12,4089.37
1786.8,791.77
-2097.81,-1715.52
4154.71,-4622.99
-2388.1,-7689.33
3897.03,-8953.23
-3902.4,-7301.56
4557.94,-2349.23
-3569.47,1636.48
3768.79,5505.18
-4790.91,5292.86
2880.61,6125.95
-3144.33,4936.64
2557.2,2418.84
-1187.66,-1042.98
-100.694,-4400.93
564.639,-5586.33
-855.468,-3945.47
3357.27,-1575.15
-3173.96,274.877
3095.54,2978.86
-5107.47,4334.38
4724.69,5739.3
-5208.16,4397.93
4529.47,2605.36
-5183.65,-568.313
4694.4,-2048.78
-3186.2,-4520.43
5092.05,-6100.76
-3657.68,-7317.33
3850.31,-6694.18
-2919.64,-3864.46
3061.57,-199.794
-2075.26,3341.28
1437.81,4753.02
-3367.76,5871.54
2418.37,5324.56
-2302.45,3561.15
2849.72,193.355
-3481.97,-3072.8
3274.63,-3823.83
-3158.86,-3443.29
5148.14,-2086.27
-4573.11,-621.354
4353.53,968.576
-5458.74,3049.99
5009.71,5523.02
-5202.09,4711.9
5025.63,3089.07
-5193.35,-565.614
4448.42,-3059.43
-3230.65,-4712.72
4570.42,-4940.78
-2679.94,-5646.56
2116.51,-4145.82
-1350.95,-2334.83
1020.55,844.433
524.915,3271.98
-1900.12,3687.7
1493.51,4028.77
-4171.3,3986.88
4870.16,2617.49
-5365.79,99.3615
5955.58,-1690.83
-6187.47,-4065.97
6665.24,-2939.58
-6071.89,-2697.93
7093.91,-968.135
-6941.75,-521.8
5157.69,2003.59
-5229.44,3558.11
4022.44,5677.65
-3247.54,4437.71
2388.93,1663.95
-1702.92,-2057.99
870.245,-5526.95
1234.01,-5658.17
-418.78,-6212.66
1078.8,-3976.23
-892.468,-1302.18
715.547,2371.04
-472.347,4252.56
353.293,5376.33
-361.557,3582.31
-1784.41,2271.58
2466.28,246.912
-2445.57,-2766.71
4061.94,-4442.72
-4422.58,-4862.57
4807.15,-1880.53
-4767.2,518.208
5725.11,3172.3
-5933.27,3604.26
4204.67,4494.97
-5010.78,3367.9
4469.27,2938.95
-3783.15,535.167
3489.32,-1795.63
-2740.46,-4121.03
1973.57,-5298.75
50.5477,-4564.94
1290.15,-3742.6
42.7102,-2602.95
-865.288,-1360.36
707.762,1122.43
-785.176,2705.87
1064.05,3615.14
-1804.63,2312.4
254.395,1854.57
-387.05,1516.13
456.997,898.453
-135.951,-565.431
-1061.21,-655.116
744.262,216.01
-1093.63,906.98
2020.24,1415.69
-1623.5,337.496
1143.92,147.502
-2186.72,-188.075
2408.45,-88.0452
-1669.26,-861.092
2594.04,-2203.18
-1825.26,-3840.88
1373.46,-3368.58
-158.155,-2470.11
1527.37,-1671.26
-937.165,-909.657
-377.87,-180.858
116.454,1554.67
-628.931,3966.68
870.558,5003.28
-1344.92,4176.66
-196.143,3095.3
-986.974,1530.83
1332.11,589.325
-425.736,-1912.41
1176.2,-3599.49
-725.046,-4000.23
607.001,-3387.11
318.533,-1431.34
275.912,479.009
-524.664,1272.9
-795.77,2417.04
716.257,3501.21
-1036.27,2775.53
1580.13,883.425
-1298.74,-2172.25
289.11,-3701.78
465.396,-4726.46
286.206,-3697.15
2379.22,-3919.01
-3048.91,-2154.35
3024.91,259.657
-4379.8,3284.5
4646.52,5975.58
-5789.09,5415.19
5589.09,4409.58
-7692,1840.87
7880.7,1163.95
-7203.06,-2025.27
7401.97,-2217.94
-7458.62,-3451.22
6695.61,-2379.63
-5579.61,-812.011
5478.95,1267.66
-3871.54,2066.64
2621.82,1242.72
-2545.61,398.69
1795.47,-188.593
-884.325,-1489.8
955.625,-2866.95
-835.415,-2019.87
451.756,-1599.51
202.64,463.639
1077.85,660.083
-1782.29,441.993
815.301,745.398
-1808.04,2148.42
1959.14,2954.85
-2926.15,2873.04
3358.38,1959.56
-4173.17,151.993
4380.81,-747.982
-3231.59,-3742.32
4112.14,-3777.53
-3863.89,-3771.88
3023.12,-1933.68
-2512.19,434.626
2399.03,2779.53
-1748.19,3841.36
281.229,3892.9
-818.433,2907.23
39.9258,1586.21
1079.32,-570.673
-1065.74,-4193.33
2008.25,-5383.79
-2466.78,-4786.31
3185.32,-1855.55
-1058.93,-137.037
1149.1,934.102
-1092.26,194.729
79.5838,1325.91
-85.6016,2344.29
-409.51,2766.23
801.755,2133.54
-1782.39,578.536
1608.03,188.682
-1195.94,-1471.4
2104.09,-1326.38
-1986.05,-1239.48
1632.77,-3.68668
-1703.91,-245.273
951.544,1226.43
-160.695,2228.89
-443.542,1497.81
257.699,1852.58
-615.822,378.516
1640.28,-1655.76
-587.924,-4677.72
1303.36,-6169.63
-1473.65,-5418.42
1787.91,-2633.92
188.507,-178.237
139.554,1523.18
-1258.14,2405.26
179.321,3403.79
-548.651,4806.26
-12.3078,3838.35
-508.95,2427.12
-240.068,1059.65
-378.01,-975.295
643.264,-1659.4
903.826,-2351.7
-501.595,-2390.32
296.175,-1440.45
-867.845,-400.866
372.058,2075.49
-213.387,3859.19
-320.685,3584.76
-1155.31,2995.45
580.065,2380.85
63.0483,-343.475
676.341,-3249.75
459.95,-6900.88
-792.21,-7576.24
1755.7,-5363.94
-1508.61,-2025.5
2748.09,1546.19
-3737.47,3587.16
2772.54,5308.98
-3708.28,5495.36
2758.4,4827.87
-3881.33,2950.7
3764.12,1004.65
-4467.5,-2214.24
4817.91,-3611.92
-3366.87,-4467.2
3730.72,-3124.24
-3427.55,-865.712
2182.69,2242.88
-2144.24,4146.68
1182.33,5143.73
-993.216,4062.99
-118.688,1848.01
-489.667,551.68
1328.08,-2018.79
-227.033,-4540.78
1137.82,-7466.97
-969.739,-6525.84
2501.21,-4914.09
-2283.39,-759.831
4084.67,2151.13
-4910.89,3218.93
4434.63,4160.29
-6392.14,3528.38
6045.23,4606.35
-6318.79,1983.28
6476.41,1133.46
-7253.22,-720.775
6856.58,-1590.93
-5246.66,-2667.11
5259.11,-1582.51
-4179.99,-1797.96
3091.68,-688.889
-2212.08,1198.02
904.112,2386.56
-232.79,3072.42
-534.523,1828.47
268.344,996.908
-415.167,-1121.46
1424.44,-2939.99
124.731,-5235.43
-96.0082,-5042.04
589.906,-5301.13
-816.605,-1434.21
1896.02,1891.58
-3125.2,3584.57
3485.42,5064.38
-5374.97,4840.99
5133.16,4453.49
-6044.65,1303.74
6185.81,-123.051
-6167.94,-3150.91
5284.71,-2723.4
-4228.93,-2965.59
4543.19,-709.382
-2991.83,-112.652
2029.26,185.811
-1031.18,782.447
-1244.75,1801.42
1829.54,2539.88
-2892.44,2101.04
2833.31,2537.62
-3480.11,-189.754
4056.48,-660.233
-2064.76,-4358.42
2330.94,-5171.07
-1359.48,-5664.94
413.128,-3649.59
1170.18,-761.293
-2618.06,2844.26
3338.02,5261.36
-5533.89,6515.04
5475.23,7336.22
-7030.8,3426.37
7776.2,1141.73
-7530.2,-4730.54
7755.74,-6982.4
-6438.82,-8083.05
6997.55,-5130.3
-4402.65,-2536.7
3327.56,1342.17
-3251.54,4001.16
1795.42,6034.1
-1226.05,6484.73
-609.745,4162.53
1046.37,2080.97
-2877.38,-925.456
3965.94,-3032.77
-3490.75,-5033.11
5109.38,-5277.5
-4681.64,-4721.75
5777.09,-2150.44
-5383.77,-498.376
5645.4,1844.22
-6130.64,3200.45
4406.42,4516.3
-5467.05,4329.43
5190.84,4121.3
-4799.28,1331.66
5037.42,-1926.67
-4727.41,-4616.07
4262.12,-5210.29
-3228.66,-3797.68
3383.38,-1393.49
-3334.23,1190.92
2139.3,3876.05
-2039.34,5044.62
1970.42,4339.85
-1973.69,1857.16
1368.7,-1535.53
-2554.62,-2911.33
3130.5,-3875.51
-2820.48,-3043.78
4412.8,-2669.27
-4581.02,-785.858
4069.47,2120.12
-4625.08,3181.71
4904.37,4004.03
-5136.2,1678.89
3975.29,756.644
-5228.56,-444.265
4285.53,1721.76
-2688.25,783.805
2232.74,226.351
-1390.04,-1563.16
-652.168,-2123.54
1280.88,317.084
-2074.39,1239.42
3379.47,2469.21
-5038.3,1372.74
3987.92,1449.19
-3983.64,484.547
4554.69,347.04
-4425.14,-1260.91
4008.93,-1821.58
-4461.85,-2399.8
4463.64,-2014.38
-3039.66,-1302.19
3559.03,-1433.04
-3734.14,-506.872
2633.67,1405.16
-3679.01,3288.27
3412.59,4127.23
-3866.99,3693.43
2529.68,2610.7
-4015.32,2178.9
5246.19,1070.4
-5018.63,-969.804
5499.76,-3166.89
-6260.97,-4355.14
6947.1,-3634.36
-6369.96,-2335.62
7949.08,-282.217
-7948.56,726.572
6308.59,3687.43
-7319.89,4002.16
7176.45,4221.66
-6893.11,1986.12
6069.03,376.304
-6473.88,-1644.03
6129.89,-2217.5
-3140.95,-3528.96
3980.93,-5295.71
-3259.07,-5670.9
2191.56,-3443.4
-2076.26,1845.09
1033.45,6611.44
-614.835,8342.61
-1067.5,7137.79
-361.295,3980.25
-297.131,981.746
1513.31,-1844.5
-1002.32,-5763.67
1120.4,-6754.48
-1028.86,-6337.92
1687.58,-3300.38
-365.924,377.076
231.469,3850.82
-698.733,5294.09
-864.399,5882.87
1004.87,3161.84
-1874,-632.399
3253.89,-3928.32
-3049.95,-6965.81
3781.51,-6022.39
-3156.36,-4248.3
4118.42,-587.299
-3687.59,1476.36
2129.68,4350.13
-2375.69,5373.45
1149.48,6867.49
-391.885,4545.38
-1132.29,1513.59
1563.45,-1870.37
-2857.21,-4395.54
4113.42,-3231.82
-4059.24,-2985.17
5325.94,-352.188
-5221.44,531.444
4233.91,3002.65
-3786.47,2063.08
3567.88,1785.25
-3069.98,-347.308
1788.32,-1781.96
-1635.44,-1484.84
1416.84,-1875.96
201.514,-1394.96
316.362,-2825.3
-294.296,-1899.34
221.175,-1176.2
54.5782,122.622
1976.28,-944.612
-3732.83,457.439
3019.14,1827.98
-5135.78,3097.6
5896.7,5782.69
-7150.23,5223.48
7107.35,3945.66
-8470.72,657.872
9274.13,-1877.69
-8240.2,-5243.61
9331.64,-5545.97
-9060,-5860.2
8433.95,-2269.82
-7550.86,-99.3268
7843.4,3366.71
-6950.42,4805.2
4348.66,4196.25
-3900.56,2453.94
3834.53,437.798
-2619.85,-3089.7
2336.32,-6345.44
-1355.74,-6269.14
1310.27,-4376.59
507.587,-670.471
-582.046,2167.36
149.057,4519.48
-2376.59,6448.27
1619.74,6877.93
-1527.22,4691.71
1493.36,1526.09
-2009.43,-2684.88
1329.91,-4247.9
-915.632,-3909.34
1608.4,-2730.91
332.95,-2941.83
501.102,-2348.32
-584.226,-1047.8
-274.377,1229.95
896.584,2983.01
-1100.34,2317.44
147.848,1909.52
-1686.05,351.533
1094.26,1258.15
395.233,668.556
-48.9477,-785.233
1535.02,-3675.7
-2783.41,-4611.76
3624.34,-4112.35
-4268.24,-1676.8
5896.76,1901.46
-7127.75,3662.94
6370.71,5661.52
-7950.05,5025.33
8424.01,4625.6
-8683.9,820.887
7727.28,-1089.59
-7956.32,-3562.48
7529.91,-2501.45
-5786.8,-2694.31
6082.49,-1914.83
-5298.44,-813.445
4406.83,-6.37225
-3374.75,1147.67
2793.46,1219.46
-2882.54,1351.34
1578.35,842.823
-1976.88,950.03
2722.9,-377.569
-1446.66,-1581.21
1591.64,-2605.94
-2326.68,-2514.03
2714.9,-1435.18
-2934.38,-40.2329
4120.78,869.812
-5046.74,1862.56
3296.65,4065.97
-4043.18,5127.5
3932.6,5629.69
-4023.81,2335.49
3008.25,-593.479
-3705.26,-2774.31
3416.47,-2672.33
-874.201,-3247.4
1339.43,-3003.98
-1208.09,-2933.1
294.521,-1784.36
934.175,364.259
-1381.11,1330.95
2003.83,2799.91
-3583.54,2285.75
2505.96,2215.89
-2797.97,1570.16
4050.29,-534.168
-3341.08,-3498.81
3100.97,-3941.69
-4047.63,-2716.5
3848.45,692.315
-2770.41,2844.18
2543.52,3043.82
-3868.03,2785.91
2494.17,3882.86
-2523.06,4041.38
2279.44,2624.93
-2004.06,-686.889
1353.34,-3509.76
-1597.69,-4335.58
2203.03,-3776.97
-125.952,-2116.33
325.53,-304.144
-1144.18,977.483
548.044,1416.82
-1371.3,2784.07
1984.25,2479.44
-2903.96,2377.4
2898.62,514.144
-3879.3,-871.179
5032.32,-1831.57
-5340.15,-3098.47
6224.07,-2798.2
-7088.1,-1904.62
7202.46,1163.1
-6446.14,1631.25
6875.27,2858.3
-8043.23,1126.12
6141.09,2443.51
-6542.2,3211.78
5859.31,2957.82
-4772.97,988.031
3341.22,-693.637
-2244.41,-2359.99
1890.33,-3010.91
17.0319,-3266.73
-35.0229,-3510.93
189.589,-1463.05
-1548.11,325.678
1396.93,3280
-663.399,4176.25
1043.87,3344.8
-1109.35,-59.1917
-16.9922,-1813.88
507.198,-3623.37
369.649,-3816.92
599.153,-3187.51
-1006.94,-2638.24
976.136,1306.71
-883.775,3531.18
1331.92,4992.85
-1405.37,3611.5
-883.612,2761.73
-120.439,2028.7
25.7173,683.307
1671.87,-1342.43
-1594.24,-3379.03
2194.51,-3651.03
-2972.84,-3096.31
4394.53,-1090.16
-4411.36,469.702
5537.48,245.255
-6421.48,270.927
6140.15,1021.93
-5974.23,620.057
7492.92,149.253
-7065.51,-2826.9
5842.76,-3104.86
-6349.42,-2617.09
7521.23,137.026
-5910.66,604.897
4920.62,1795.39
-5213.43,1784.5
4047.58,2473.83
-4124.16,3436.87
3431.64,1950.47
-2763.8,1049.65
1781.65,-556.956
-1651.1,-1422.39
2496.83,-1881.6
-2181.67,-1372.2
2263.29,-910.411
-2873.81,-798.454
3065.08,-20.8428
-1912.03,189.339
2684.38,-181.865
-4113.5,-364.399
3971.53,232.858
-3767.81,270.423
3948.85,-534.744
-3499.22,-1609.42
4040.24,-1926.76
-4288.19,-1841.21
5005.86,-425.805
-4208.17,-295.5
3487.56,35.7404
-3934.21,181.806
2964.74,2360.93
-2645.29,3192.49
2122.47,4210.37
-1701.34,3104.01
-147.895,990.542
969.651,-1018.7
-1609.65,-2046.08
3443.99,-3296.8
-3516.86,-3783.75
4980.3,-2542.51
-5563.61,-1957.01
6427.86,411.383
-6815.1,1210.95
6930.18,2446.55
-7946.35,2381.56
7657.22,2810.89
-7136.81,612.947
6551.1,-4.62791
-6313.41,-2110.9
5953.46,-2456.56
-4758.06,-2632.57
4556.45,-2158.36
-3308.29,-924.257
2427.62,529.011
-2271.75,1914.75
1508.46,2641.74
-1901.43,3437.86
758.816,2855.05
-1871.84,3396.63
668.221,2566.59
-514.003,1364.54
1494.66,-896.928
-1876.46,-3506.38
2262.6,-4630.8
-1406.12,-4843.36
2042.13,-3304.45
-1277.9,-2293.89
1103.82,-148.698
-1357.29,1405.68
776.103,3342.65
-485.903,3717.82
-483.566,2827.04
321.952,1499.73
-2381.32,782.59
2575.47,243.105
-3107.84,280.429
4506.46,-110.043
-5069.13,-1472.28
5486.71,-822.316
-7020.12,913.463
6584.37,3182.23
-7076.77,3273.88
7076.58,3093.4
-8045.5,1091.3
8045.89,253.23
-6857.07,-2843.17
7474.38,-3952.04
-6314.19,-6206.41
5004.43,-5065.38
-3953.7,-2770.22
3547.4,524.057
-2283.1,3488.16
622.231,5613.71
-1116.03,6273.18
-1352.79,4746.46
2423.58,1794.09
-2773.56,-2174.74
2716.54,-3589.95
-3999.45,-4160.94
4832.41,-1374.53
-3853.01,258.087
4172.37,1349.79
-4667.53,1302.12
2960.07,2729.44
-2904.7,3256.73
2566.01,3617.03
-2685.22,1687.06
1042.84,-365.219
-1229.77,-1384.11
1726.14,-2771.77
333.785,-2970.2
858.448,-4569.43
-1275.09,-4177.51
1297.84,-2697.43
-1387.64,265.535
2281.52,1795.63
-3116.07,3153.46
2853.15,3894.02
-5723.5,5157.74
6707.88,4764.74
-7566.52,1880.8
8568.58,-1320.28
-9871.26,-4622.6
10348.6,-3747.12
-9227.98,-3657.25
10785.4,-1385.87
-9745.69,-1938.95
7452.97,1572.41
-8537.63,4004.65
7141.7,7452.62
-5879.63,6572.36
4320.71,3974.09
-4156.06,73.0002
2170.82,-3762.37
-76.1815,-4490.81
607.739,-6285.17
939.271,-5636.39
-1408.35,-4872.28
1642.4,-949.472
-1165.06,2486.68
1713.88,4556.5
-1916.32,4302.65
-341.814,2932.85
-273.76,1097.16
938.478,-1032.08
-255.897,-2556.51
331.763,-3854.68
-381.27,-2961.45
948.003,-1233.44
-963.538,1212.68
994.849,3006.26
-2629.78,4889.83
1606.43,6099.83
-2229.67,5212.38
2678.73,2706.13
-3227.14,-552.077
3398.35,-3393.35
-3755.51,-5639.25
5171.45,-5021.22
-3204.81,-4924.4
4962.15,-4863.82
-4449.5,-3893.72
5052.75,-1515.37
-4999.09,1195.16
5399.48,2748.3
-5618.12,2621
3859.86,3460.53
-5374.93,3921.12
4995.25,5002.94
-4066.09,2898.24
3466.35,264.056
-3305.99,-2371.43
2721.32,-3250.69
-2833.74,-2229.94
3386.8,-685.483
-2156.66,432.273
1685.38,487.825
-2056.91,1257.99
1697.64,1218.05
-1181.36,1168.52
1663.83,-389.017
-2361.24,-2503.6
2005.97,-3054.62
-1777.57,-2383.16
3642.6,-1669.02
-4016.36,-982.031
3806.11,348.146
-4901.84,2011.79
4190.48,3337.07
-4452,3206.89
4379.22,2783.69
-5829.26,1614.3
4838.48,1611.99
-3796.33,-746.129
4047.54,-1855.36
-2999.02,-4328.31
2184.03,-3920.8
-1311.72,-2814.18
841.299,-10.5098
986.185,2382.58
-2914.14,3033.5
2917.69,3600.1
-4342.62,2776.68
5084.58,2314.81
-5182.82,-359.828
5409.27,-1310.76
-6045.72,-3613.77
6851.34,-3427.81
-4847.91,-3561.82
5362.37,-2757.43
-5248.11,-1253.73
3404.77,2983.75
-2607.31,4780.54
2158.27,4726.57
-2673.82,4055.83
897.099,1951.15
-1137.6,1278.27
1666.68,-853.677
-742.742,-2653.85
960.678,-4377.57
-2055.46,-3534.66
2097.96,-1351.29
-1601.14,1559.21
3012.28,2433.94
-3301.02,1451.81
2509.16,742.39
-4590.62,-116.565
6402.38,-250.697
-5571.89,-2281.73
5792.49,-4164.35
-6018.18,-4596.05
6319.54,-1988.44
-4576.57,-901.607
5617.55,72.4762
-5853.43,-28.8898
3726.6,2039.75
-3857.5,3634.48
3344.19,5200.31
-2108.15,3714.28
1083.99,1574.63
-1189.93,-633.096
-282.801,-1644.54
2568,-1268.87
-2953.35,-1468.18
4291.53,-1638.36
-5959.01,-647.63
6835.52,1244.47
-6085.4,1337.45
7652.18,1065.79
-8196.9,-2171.31
7710.83,-2579.12
-7285.52,-3188.65
9498.37,-3505.5
-8039.49,-4628.45
8047.58,-3210.41
-7846.89,-1944.3
7707.91,1265.85
-6529.39,2671.91
4770.55,4087.55
-5595.02,5222.93
3418.52,5099.1
-2428.27,3650.87
2537.51,1143.67
-2215.44,-2043.14
1547.05,-4314.77
-1492.56,-4281
2505.26,-3919.74
-527.596,-1922.54
919.003,-1581.99
-2135.26,624.341
1804,3299.41
-1886.99,4523.8
2942.96,2887.25
-4277.56,-398.26
3390.26,-1815.35
-3303.44,-2686.66
4535.52,-1519.41
-3231.06,-2971.35
2657.71,-2331.43
-2213.84,-1871
1299.68,329.994
0.327599,2026.56
-1067.22,3329.22
1801.93,2945.77
-4220.83,2174.39
4393.63,1800.03
-5740.67,1109.71
7411.1,859.029
-8045.77,-1975.97
8475.39,-2108.54
-8667.9,-2637.85
9272.53,-873.674
-8531.82,-1041.05
8191.73,28.1203
-8784.32,902.136
7406.82,3604.98
-7269.15,4032.02
6010.36,4034.23
-5439.88,2019.6
4342.43,-743.25
-3876.76,-2637.63
4339.25,-5076.47
-3116.03,-4955.65
3800.71,-4683.14
-4137.55,-2450.31
4005.29,364.96
-4025.01,2973.52
4219.29,4718.92
-5888.15,5454.91
4081.94,5537.3
-5742.84,4375.97
6277.54,2473.45
-6004.15,-2291.43
5544.52,-3883.03
-5639.17,-4709.11
5074.39,-1979.81
-2799.79,-747.685
2571.32,-143.885
-2204.16,164.107
-460.806,2147.27
1000.07,3795.1
-2243.08,4783.96
2445.82,4313.83
-4541.08,1058.84
4772.54,-936.89
-4810.92,-3955.17
6968.1,-4405.1
-6156.01,-5549.08
5966.01,-4049.45
-5893.98,-2630.82
5816.44,432.544
-5305.31,2946.18
4191.48,5345.95
-5478.09,6511.98
3364.19,6762.95
-2518.7,4507
1765.07,262.498
-2031.74,-3721.08
886.004,-4636.87
-316.005,-2689.57
1208.92,-1123.36
365.374,-255.187
-197.846,-1048.59
-1260.12,417.087
1089.66,1767.11
-1069.97,2998.74
1705.94,1729.43
-2612.23,-76.5352
2886.98,-2333.14
-3390.91,-3431.58
5783.73,-3130.18
-5566.62,-3106.66
6310.69,-1828.13
-7788.23,-532.46
7409.82,2921.36
-7855.13,4602.98
7822.89,6243.33
-8074.3,4210.76
6244.79,2803.22
-5692.22,-358.251
6148.86,-2829.37
-4965.48,-5659.51
3825.18,-5196.88
-2484.85,-3130.78
2230.58,63.2666
-414.498,2542.05
-514.778,2787.36
480.36,3207.69
-2347.04,2434.59
2467.43,2185.76
-2531.87,-142.55
3134.75,-1934.86
-2877.39,-4007.03
2941,-4233.19
-1274.22,-4195.06
2920.42,-3107.84
-2405.98,-2255.39
1521.07,-702.855
-1939.64,2393.08
1457.86,4748.63
-1604.04,5739.95
1602.96,3979.06
-2720.54,2163.86
2072.44,229.641
-2243.48,-1042.97
3256.58,-2248.74
-3583.96,-2733.9
4137.13,-2169.64
-3928.24,-1679.5
4907.08,528.559
-4968.01,1412.92
4946.35,1652.24
-5406.34,716.364
5159.43,228.013
-4999.37,-1136.68
6221.83,-2628.23
-5245.85,-3628.06
5351.71,-3509.17
-5168.37,-2787.21
5459.41,-584.293
-4513.17,277.858
3305.1,2108.28
-3803.92,3677.52
2440.26,5952.79
-2753.58,5822.58
1032.92,4580.08
-214.308,1176.34
-1025.46,-1878.68
1827.31,-3838.8
-837.998,-6042.96
2763.35,-4957.92
-2786.52,-4482.34
3098.71,-1991.31
-2804.76,-165.107
3432.73,1904.05
-2890.71,2586.34
1951.37,2643.29
-2636.82,2126.29
1783.93,1787.54
-1644.48,657.407
1293.22,-1144.03
-357.92,-1901.38
-38.4939,-2032.44
498.594,-904.161
1441.26,-842.37
-1413.25,-1206.49
1705.89,-2264.07
-3746.58,635.128
4042.91,3155.12
-4231.23,4389.72
4949.66,4125.25
-6172.44,1771.89
6541.17,-239.58
-6963.85,-2868.82
8013.56,-3070.75
-7801.93,-4079.11
7795.94,-1606.69
-7949.85,-1073.74
7593.32,1946.49
-5561.12,2061.06
5129.98,1308.9
-4611.98,104.579
1712.23,-567.288
-822.566,-185.549
1332.99,-921.412
-26.1795,-2258.83
-1251.76,-2499.88
1806.99,-155.002
-1892.44,1131.87
2619.07,2316.07
-3416.33,1210.65
1844.97,1742.05
-3162.95,2610.13
2869.13,3608.82
-2399.74,3418.64
2212.28,1673.38
-2596.03,-1310.02
2029.42,-3715.49
-1188.64,-4429.26
2597.67,-4156.19
-1349.77,-3872.46
539.855,-2191.9
-583.158,455.156
1045.15,2430.28
-1209.19,3558.95
1459.2,2141.51
-2751.69,1195.11
3003.25,-171.828
-2734.3,-1165.41
3692.46,-2479.85
-4817.03,-2305.76
5749.44,-1199.33
-6254.28,531.236
7475.87,2133.87
-7440.22,1512.31
7033.35,3155.57
-8463.64,1832.83
8344.15,2248.34
-7680.75,491.868
7417.81,-810.972
-6647.8,-2176.05
6270.37,-2446.18
-4469.92,-2990.45
5445.62,-3014.98
-4333.55,-3130
3025.93,-2264.78
-2615.89,714.121
1493.23,3586.08
-522.668,4730.65
800.16,2912.59
-2215.44,1126.33
1584.7,-671.26
-491.162,-2094.54
1403.19,-3825.53
-1428.49,-4079.99
1318.17,-3013.68
-1664.36,-181.071
2689.21,2305.66
-2746.83,3638.67
1403.32,4861.92
-3244.5,4598.92
2492.55,4204.99
-2717.08,1199.33
2896.83,-991.666
-1866.61,-3831.69
1208.08,-5605.35
-90.3267,-5206.39
1760.61,-4059.29
-957.652,-2596.94
-184.004,-546.77
22.9991,2360.78
-851.73,4958.29
1484.28,5739.87
-2036.88,3584.93
1125.15,527.683
-1840.13,-1929.47
2549.88,-2917.65
-1735.73,-3739.81
2377.69,-3656.13
-1932.12,-2275.56
2041.36,155.777
-1224.49,1147.09
1455.05,2803.65
-1980.83,2877.84
225.506,3312.26
-817.967,3911.36
316.442,2650.29
217.746,1114.34
307.198,-1786.12
-262.736,-3341.5
615.729,-3971.79
633.499,-3884.64
1019.11,-4133.82
-1089.79,-2938.33
769.366,-721.568
-1591.39,2433.45
2442.02,5070.24
-2473.39,4105.44
2566.71,1496.97
-4090.91,-939.925
4028.64,-2066.45
-3397.1,-2756.08
4226.39,-2527.08
-4088.37,-2121.92
4121.64,-889.817
-4453.78,529.337
5088.93,2573.29
-4759.82,2678.01
3649.43,2446.89
-4459.96,1352.6
3411.57,1468.68
-2348.01,-195.013
2533.16,-1285.9
-2029.87,-1905.09
1126.33,-2108.64
-105.021,-1237.9
1097.41,-1310.81
-1026.98,-850.208
-229.048,153.127
-542.257,2887.04
1220.34,2948.73
-1567.97,3074.22
2307.04,403.627
-3828.92,-1464.26
3886.19,-1627.86
-3467.82,-2975.25
4940.89,-1911.5
-5352.55,-2035.33
4515.21,42.1453
-4756.82,1523.03
4779.63,3838.85
-4100.93,3297.02
2155.34,2955.62
-3471.71,1905.78
1973.47,1815.6
-482.778,1226.16
182.028,-1860.46
1219.22,-3802.39
-2198.64,-4640.1
2690.27,-3129.44
-1585.65,-1576.34
2230.11,-315.9
-2919.46,-129.967
1442.44,2655.13
-796.195,3071.6
521.414,3457.73
601.716,1187.2
-1592.03,-1841.95
2110.83,-3845.73
-2620.09,-4145.83
4707.82,-3041.8
-4699.52,-1731.57
5489.92,1187.54
-6722.46,2285.45
6274.6,5388
-6031.55,4759
5463.85,4355.64
-5727.81,1245.16
4055.2,-311.908
-2546.08,-1455.61
2700.36,-2860.19
-556.58,-4676.92
56.7333,-4460.26
573.406,-2098.19
-688.905,-302.589
2245.7,2054.04
-2469.64,1259.56
1841.28,1766.15
-2274.56,681.367
1487.73,1072.74
-439.696,89.1493
-142.457,-802.568
811.278,-2105.85
-1837.88,-2318.31
2722.81,-973.827
-2155.86,-900.381
2816.52,650.619
-4428.2,837.174
3818.05,1995.41
-3698.21,2081.5
3528.02,2471.89
-3713.31,944.305
2385.98,611.237
-1255.87,-800.285
2063.71,-3073.92
-297.659,-5025.23
-43.6943,-5723.8
633.124,-3389.61
-933.007,-273.672
2117,2311.9
-3131.65,4954.2
1933.51,6329.13
-3513.18,5449.47
4559.88,3865.76
-4014.92,-413.936
4257.78,-4090.16
-4344.41,-6690.84
3951.95,-5396.19
-1921.07,-3763.66
3214.3,-928.47
-3168.33,1449.2
1739.17,4199.94
-2373.39,6288.33
1765.48,6231.11
-1351.37,3883.33
-256.154,-543.451
-458.015,-3044.76
1101.19,-4306.55
391.756,-3985.5
1152.75,-4777.77
-1008.81,-4175.52
1663.73,-2809.89
-1996.95,-960.721
3272.16,1579.97
-3700.27,2734.25
3335.01,2590.73
-4706.2,2394.41
4660.7,2070.17
-4688.02,251.438
4939.07,-298.667
-5310.14,-1648.16
5924.17,-1777.24
-5574.75,-1550.55
5789.73,-341.854
-5556.38,337.134
4155.92,2609.97
-4028.27,3364.5
3420.41,3954.75
-3002.98,2611.66
1458.55,1336.47
-989.659,-145.764
-207.882,-1176.07
2314.55,-2999
-1328.38,-5192.17
2019.39,-5237.84
-2184.79,-4714.82
3911.45,-1784.57
-3908.57,-286.91
4523.4,1300.47
-4948.71,1510.05
3015.96,3354.66
-3547.12,4439.55
3048.66,4968.89
-2458.68,2362.29
1863.71,-1145.09
-1550.23,-3439.77
1239.25,-4620.04
-354.705,-2610.12
957.434,-751.643
-1013.52,202.097
898.114,1346.11
-2050.7,4176.03
2024.7,4098.64
-2554.98,4023.09
3538.67,1323.06
-4660.93,-2492.09
5861.18,-5010.39
-5679.23,-6674.48
8085.24,-5791.99
-7718.71,-4572.5
8891.28,-1467.53
-9060.19,555.117
9027.95,3512.99
-8714.13,3007.14
8152.8,4274.95
-8936.86,3202.94
6983.71,2892.96
-6191.36,1765.51
6341.4,-586.236
-4694.49,-3685.36
4020.78,-4502.6
-3044.53,-3212.4
3410.88,-1464.16
-1429.66,-194.861
999.324,-368.867
-1590.39,1332.38
950.656,2175.29
-766.802,3304.67
1722.47,2523.38
-1729.62,-315.776
1641.24,-3314.1
-2065.86,-4201.44
3084.62,-3701.67
-1968.98,-2485.31
3279.38,-1225.37
-3644.5,-904.569
3449.57,813.668
-3161.52,1524.9
3332,2622.85
-3071.08,1080.97
1488.33,707.343
-532.466,-341.056
81.1885,-622.85
1298.9,-1466.57
-2224.63,-1174.33
3400.96,-518.73
-4724.94,194.647
6671.57,660.257
-7583.31,127.793
7427.72,1969.22
-9133.16,2135.16
9591.87,3261.91
-9052.3,638.978
9370.78,-825.414
-8757.19,-4048.37
7882.03,-3809.11
-6045.67,-3843.79
6792.56,-2960.69
-5746.67,-2235.72
4527.27,-849.948
-4330.84,1911.25
3632.74,3596.79
-2106.35,4220.57
1747.03,1601.71
-3487.81,281.673
2885.01,-1077.72
-2021.68,-1262.58
3216.41,-1769.07
-3670.95,-1814.78
4074.41,-719.832
-4179.12,-336.227
5349.98,826.312
-5480.19,1065.99
4016.9,2222.63
-5462.72,3270.25
5191.94,4135.74
-4128.62,1671.15
4533.59,-682.005
-4149.42,-3585.59
2672.65,-4164.5
-840.382,-3962.18
1888.57,-3186.42
-672.569,-2908.75
-1528.28,-809.992
1995.6,2585.72
-2875.29,5546.26
4316.17,5706.18
-5310.75,1833.42
4994.54,-1375.78
-6640.83,-3634.58
8324.08,-3419.65
-7030.36,-3983.73
7272.11,-2106.17
-7412.21,-1469.34
7342.13,791.805
-6370.69,1948.36
6179.54,3350.42
-6806.05,3229.24
4548.65,3496.98
-4726.33,3490.3
4081.12,2169.43
-2145.79,-1243.09
2531.48,-4292.74
-1607.35,-5640.38
1730.17,-5846.06
-57.6845,-3356.17
999.565,-2047.08
-1123.34,-831.751
960.089,1227.37
-944.979,4033.13
1563.24,4500.36
-2287.1,3918.75
2535.76,678.356
-3665.53,-1953.19
4285.71,-3459.41
-3490.57,-4661.9
5486.43,-3018.2
-5415.57,-1985.48
5147.6,888.259
-5022.89,2157.3
4385.21,3858.17
-4135.6,3200.6
3123.82,3038.08
-2706.67,1081.98
2021.83,-287.944
-593.999,-2054.44
-171.517,-4069.86
1984.93,-4640.42
-2273.06,-4577.78
4089.41,-2704.61
-2511.98,-2292.68
3640.48,-1128.46
-4287.92,-958.302
3493.99,1332.1
-3859.08,2962.4
3633.97,3862.72
-3871.41,3480.08
3397.89,2434.49
-2907.84,432.567
2674.33,-1018
-1905.96,-2662.49
1960.81,-3668.47
-1972.83,-2088.91
1267.03,78.446
-1081.94,2752.74
1848.36,4254.29
-1907.17,3448.19
1312.88,1424.99
-2455.14,-143.43
3356.59,-2544.37
-2440.94,-4351.3
3658.55,-6032
-3504.26,-5724.6
4792.77,-3203
-4792.48,-819.732
6652.11,868.987
-7706.89,2157.87
6663.12,3534.75
-8202.89,3952.95
8543.67,4673.39
-8248.6,1835.13
7772.26,378.341
-8459.24,-1952.36
7835.54,-1876.26
-5735.46,-2572.23
5748.44,-1622.53
-5041.72,-1527.69
3517.92,629.017
-2738.67,2457.1
2087.82,3099.92
-107.868,2183.73
-2686.57,481.263
2965.94,-231.565
-3098.06,-1704.93
5301.58,-2391.51
-4760.58,-4575.12
4809.56,-4044.58
-4858.59,-3561.57
5283.81,12.5812
-3842.55,1257.7
3449.12,1840.17
-4332.47,2258.28
2470.26,3891.71
-2181.87,4037.72
2651.9,1890.18
-2373.07,8.61243
1042.84,-3048.28
-1632.06,-1931.2
3463.67,-1802.32
-2736.13,-1292.55
3229.49,-1031.04
-4923.8,-35.6969
5140.27,2453.7
-6264.15,3705.19
6501.43,4943.94
-7989.96,3786.14
7200.77,2286.79
-7757.64,-963.972
9636.63,-3285.66
-7749.87,-7054.91
8241.19,-8472.48
-7796.45,-7832.35
8433.37,-4593.34
-6656.03,-922.809
6111.73,3203.53
-7064.91,5632.08
4898.08,8484.64
-5416.97,9015.03
4433.28,6430.8
-4273.13,1124.79
1985.47,-2409.53
-1997.07,-3578.61
1721.62,-2963.04
585.303,-2038.62
36.5914,-2082.78
-542.336,-298.905
-545.806,1179.77
684.467,3704.3
-277.555,3449.23
60.0789,1236.97
-25.6081,-2030.39
-712.778,-3534.99
1494.55,-4130.36
704.016,-4966.02
878.85,-4735.71
-1305.5,-4604.04
238.424,-598.801
247.249,2777.51
-147.711,5830.25
649.577,5660.32
-3323.44,4421.72
2955.98,3320.1
-4464.1,2257.33
5397.05,794.695
-6161.61,-1564.21
7465.55,-2707.79
-8094.15,-3915.68
9401.34,-2176.7
-8482.61,-1233.34
8388.63,1119.44
-9198.77,1332.6
8156.13,2879.99
-7253.69,1906.47
7430.77,848.203
-6051.32,-2328
5582.52,-4372.06
-4204.84,-5337.49
4487.57,-5501.68
-2709.04,-4501.33
2692.11,-3059.99
-2235.36,958.621
1714.9,3908
-1913.42,6629.73
1489.69,6337.96
-3065.81,4718.9
1598.42,2897.95
-2087.04,588.557
2458.51,-513.848
-2072.05,-1903.84
3064.3,-3049.22
-2985.06,-3453.47
3343.76,-2638.41
-2548.34,-1687.16
2977.82,-33.6124
-2847.58,761.533
2374.42,1275.6
-2229.71,1274.41
2356.94,307.852
-1954.28,-1026.25
1227.12,-1643.24
-751.497,-2559.94
1583.3,-2194.41
91.0467,-3174.52
-694.151,-2567.49
773.566,88.7682
-1721.86,2107.05
2526.09,3508.18
-3753.8,4334.22
3299.72,4038.7
-4929.28,3164.81
5724.77,1839
-5149.28,-1663
5923.19,-3342.91
-5867.82,-5534.54
6096.58,-4743.61
-5037.02,-3014.03
5687.52,81.8149
-4259.3,1159.57
2604.73,3053.23
-3058.08,3490.89
2461.9,3868.38
-1076.57,2165.88
280.579,-1832.89
-27.6353,-3378.66
-676.889,-3887.05
2131.94,-2278.04
-539.148,-2390.15
665.148,-1607.69
-1158.85,-302.086
106.236,3015.44
515.803,3853.71
-1605.45,4380.96
2029.71,3320.36
-4339.83,1247.35
4578.91,74.9344
-4475.36,-1906.72
6371.95,-3150.65
-6308.45,-4804.04
5950.86,-3336.43
-6423.41,-1886.98
6185.97,2680.22
-4940.66,3480.13
2883.62,4962.39
-4426.4,4895.21
2819.13,4237.64
-1289.19,2269.25
646.221,-2277.71
116.606,-5620.33
-884.63,-7304.5
2372.87,-5684.75
-1306.4,-3938.59
2795.13,-1232.57
-3357.52,400.428
2701.04,2997.02
-2501.92,3799.02
1597.8,4279.26
-1274.43,3426.64
-1142.06,2551.13
79.1393,1712.82
-532.923,1769.5
1660.03,993.119
-1769.92,-800.087
2029.95,-1322.47
-2548.51,-1698.53
2968.19,-225.815
-2494.64,-514.963
2734.9,-151.993
-3243.58,-572.994
2209.43,1283.59
-730.092,1471.33
1113.91,-191.4
486.312,-2911.22
-1570.56,-4985.94
2577.62,-5025.5
-2868.38,-3110.3
4731.17,-820.49
-5378.56,1069.07
4579.3,4144.83
-6960.9,6343.57
6194.33,8333.76
-6568.11,6108.66
5889.6,3790.89
-7179.16,-585.58
6124.13,-2757.65
-3763.11,-5656.57
5422.08,-7066.34
-4215.5,-7310.3
3561.96,-5269.07
-2607.97,-921.899
2596.51,2606.55
-1143.81,4369.6
135.408,3694.52
-1569.15,3216.07
230.83,2369.9
150.151,1585.17
367.916,-419.011
-1395.79,-1654.7
1661.03,-3022.18
-1678.02,-2024.97
3787.96,-641.044
-3875.22,243.225
3459.09,838.844
-5253.34,2308.83
5241.89,3942.86
-5157.62,2485.36
5728.44,1683.07
-5677.37,-1631.3
5124.49,-2314.13
-4593.18,-3326.65
4641.94,-2102.48
-4672.72,-886.488
3209.15,827.857
-1672.15,2175.96
1146.56,2560.72
-496.522,2200.74
-348.8,65.579
544.015,-1576.11
-1471.9,-3403.87
2826.55,-4128.35
-2406.05,-3443.01
2608.51,-1238.36
-2480.56,849.07
2632.59,2867.44
-2039.02,1962.75
1683.77,1133.56
-3173.72,371.16
1801.92,1780.63
-1470.84,3491.62
904.417,3613.59
-1179.64,2298.03
978.372,255.147
-1172.93,-819.807
1054.72,-1734.16
112.281,-1730.5
262.812,-2556.68
-737.111,-2441.82
629.682,-1056.28
-577.105,297.94
1434.02,1734.45
-1045.11,1292.63
779.603,-108.059
-2143.09,-176.233
2544.18,-666.9
-2195.08,-1529.96
3565.48,-2911.14
-2704.94,-3902.9
2837.81,-2982.6
-3405.93,-820.076
4797.06,1024.9
-4883.36,1671.33
3845.98,2972.99
-5090.26,3473.61
4273.56,5559.74
-4783.72,5524.86
4915.7,3865.72
-5055.71,348.623
3489.53,-2347.36
-2313.55,-4001.92
3329.57,-4271.93
-1316.03,-4657.93
1036.9,-3029.31
-1052.44,-1027.35
848.264,435.126
1485.43,1295.48
-1356.92,-140.761
361.734,-368.616
-898.637,-197.206
806.587,932.181
576.03,-1167.49
-757.638,-1377.68
415.651,-1355.55
-831.008,-926.171
1981.71,1312.76
-842.958,572.016
950.77,161.351
-2693.81,-467.27
1477.22,1383.78
-307.711,2217.13
740.473,2988.76
-498.179,1487.94
-1662.89,622.67
2166.97,476.151
-2123.65,-744.069
3936.05,-1005.06
-5565.74,-2193.46
5298.14,-1107.9
-5353.69,782.302
6698.2,1103.93
-5770.66,-855.914
5675.36,-1847.46
-6658.68,-3068.19
7068.65,-1815.39
-5258.91,-2002.61
4772.77,-935.719
-4961.46,-571.149
3523.74,1371.18
-2795.96,3037.87
2422.59,3813.84
-2397.51,3114.6
-301.12,2198.66
184.331,1891.85
-1082.25,877.214
2696.99,-295.524
-2498.04,-2686.81
1772.34,-2388.17
-2264.31,-1909.33
2766.98,405.022
-1770.29,837.463
727.441,756.233
-1745.95,1545.46
601.917,3220.32
-147.586,3364.77
862.764,784.706
-868.045,-2199.46
-143.335,-4627.4
111.077,-3665.95
1132.66,-3038.79
-389.98,-1054.3
1180.71,-279.095
-2878.48,711.865
3397.76,2091.01
-4346.7,3231.31
4844,3707.57
-6533.46,2550.43
5877.23,2020.94
-7445.52,1208.42
8125.39,1395.74
-7680.58,-266.027
8193.94,-1460
-8981.58,-2595.49
9060.32,-1268.14
-8062.76,-1256.78
8290.94,-686.452
-7769.34,-1384.73
6573.15,269.168
-5987.85,1424.19
5402.64,2128.6
-4852.41,1525.79
3907.16,354.672
-3195.51,-1259.3
2772.04,-2487.11
-1475.07,-2559.65
2175.6,-2958.95
-2039.31,-1365.16
792.801,71.9319
-1434.64,2963.34
1373.95,4897.68
-1899.61,5385.02
1027.24,4824.03
-2658.28,3226.07
3300.91,495.865
-3269.64,-2295.05
4047.49,-5162.07
-4332.38,-6333.12
4974.61,-3905.48
-3822.52,-2339.53
5107.56,-345.309
-4796.75,635.485
3283.53,2278.14
-3311.68,2221.64
3088.96,2407.19
-2795.93,1185
1687.84,362.741
-1541.45,-919.075
1058.86,-1442.33
878.347,-1283.21
-1827.63,-1305.49
2282.81,-39.5663
-3869.63,1631.14
3921.34,3455.15
-3807.69,3349.4
3901.31,3012.14
-5182.49,946.175
3939.43,779.815
-2724.83,-699.166
3810.95,-2476.82
-3605.06,-4700.65
2739.63,-4016.24
-1809.66,-2149.39
1952.91,498.18
-590.096,1627.45
-420.555,1129.23
-875.027,2776.77
-195.46,2582.83
477.419,2603.96
379.216,362.229
-938.449,-1785.96
1089.68,-3602.81
-1807.89,-3428.32
3998.39,-2578.7
-3604.44,-1580.06
4251.09,-1083.3
-6081.6,563.068
6141.6,4159.41
-7130.96,5179.49
8017.2,5109.11
-9032.68,2172.51
7684.5,474.695
-7636.58,-1515.64
8214.11,-1342.15
-6795.73,-3499.8
6831.09,-3869.07
-5788.24,-3931.46
5214.96,-1694.39
-3367.25,165.959
2602.13,1804.34
-1845.82,2552.84
44.0638,2232.25
103.011,2175.42
-310.486,462.594
1472.21,-262.456
-1549.67,-2746.86
2183.95,-3834.7
-1759.63,-3781.59
2783.13,-2902.69
-1572.74,-2341.15
815.192,494.262
-1390.7,3166.3
311.111,5701.06
270.127,6073.36
-1255.52,3962.77
812.668,1537.35
-1997.29,-725.32
2349.62,-1777.47
-1054.54,-3569.55
1481.08,-4078.89
-1386.06,-3952.24
1257.23,-1234.46
-395.643,98.6429
711.967,1849.95
393.393,1628.07
-2608.15,889.787
2389.47,845.68
-3420.24,829.884
5274.21,36.6456
-5883.65,-1925.97
6001.76,-1875.99
-7207.45,-1411.37
7459.71,1360.64
-6900.81,1672.25
6372.75,2137.42
-7726.23,1579.1
6920.11,2373.44
-6886.46,2472.6
5877.8,2829.86
-5811.33,1120.34
4184.17,120.804
-3853.93,-969.11
4115.4,-2364.18
-2818.47,-2338.25
2804.58,-2990.41
-2900.77,-2095.55
2756.71,-1096.37
-2024.37,-718.612
2793.23,-485.833
-4043.62,914.979
3219.13,2202.14
-3888.4,4182.78
4202.68,3953.64
-4870.91,1218.08
5445.15,-1140.21
-6574.98,-2778.84
7156.78,-1861.31
-6029.78,-1609.5
6365.77,-837.294
-6447.58,-983.735
5219.43,1248.32
-4966.28,2286.65
4743.67,4497.35
-3973.53,3707.02
2224.54,1736.25
-1195.74,-1021.72
835.706,-3577.55
719.104,-4673.9
-785.576,-4752.05
1680.62,-1967.04
-2409.15,-107.18
3082,2515.15
-2661.15,2611.48
2189.67,2675.55
-3083.05,2008.75
2975.4,874.64
-1602.41,-1533.51
2339.98,-4458.8
-2145.23,-5835.44
1853.6,-4654.62
-1184.21,-1010.48
1902.88,2217.14
-1374.84,3545.07
546.062,3887.89
-2647.6,4669.45
2075.48,4375.29
-2520.74,3553.02
3397.62,701.787
-4465.87,-2232.89
3854.8,-3180.22
-3704.91,-2774.18
6270.8,-2551.08
-5612.56,-3128.13
6819.79,-3813.85
-7418.15,-3416.63
7913.8,-701.707
-7662.28,348.167
8236.3,2235.73
-9144.57,1829.36
8051.47,2236.05
-8066.38,2377.08
8858.63,1195.43
-7561.91,-1817.41
6785.23,-2956.88
-7366.23,-3339.46
6321.69,143.083
-4852.39,2561.35
3456.05,4434.35
-3451.48,5345.53
1386.64,5240.74
-549.16,3245.38
533.604,-244.098
889.435,-4469.64
-1805.9,-7554.7
2701.06,-6774.27
-1762.2,-5922.02
4638.09,-3174.72
-3515.35,-2055.61
2373.68,1058.03
-2552.9,2814.67
2027.56,4434.49
-1771.72,4506.41
275.393,2864.16
-1636.96,1984.27
993.464,1063.72
-260.28,967.335
1280.44,-1256.09
-1700.54,-2120.85
1167.5,-2385.42
-2015.55,-434.432
4189.12,306.024
-4145.21,682.852
4358.76,674.925
-5957.7,-335.893
6685.19,1188.01
-6469.06,80.5065
6922.3,-845.513
-6810.39,-3055.03
6553.27,-2590.21
-5985.86,-1776.82
6860.08,-741.57
-6186.72,-273.618
5348.98,327.844
-5765.62,827.739
5052.03,1943
-4788.42,3570.7
3795.91,3505.7
-4012.75,2090.7
4011.51,361.763
-3291.18,-2311.84
3267.65,-3444.38
-2544.35,-3853.42
2464.45,-2282.16
-2159.53,-396.017
1810.83,1356.66
-1048.3,2738.01
-3.74485,3046.94
-557.413,3305.09
535.266,2014.91
3.3797,-81.925
283.141,-3610.07
53.7279,-5551.73
436.376,-5282.53
138.563,-3069.56
792.095,-375.675
-987.316,1890.93
892.686,3388.74
-1980.37,4166.35
1665.12,3835.82
-1444.68,1786.58
1466.73,89.9128
-1689.46,-2434.31
1355.13,-3317.61
-163.826,-3522.84
1360.19,-3392.06
429.894,-3390.79
-1426.78,-798.198
1715.49,1538.78
-2465.21,3745.48
2818.39,4883.7
-3834.42,3157.61
2802.13,3093.97
-4083.16,1849.4
4153.94,1911.63
-3022.12,-484.498
3082.8,-3127.7
-1971.72,-6187.84
1849.31,-6025.42
-554.236,-4186.54
1217.88,-1584.49
68.1411,811.212
-1092.24,696.817
452.257,3015.03
-1264.61,3755.47
135.65,4937.3
83.4019,3720.88
-1667.85,2070.14
1544.17,-153.836
-2518.33,-1480.6
3980.35,-2511.45
-4182.76,-3235.53
5121.04,-1915.35
-6334.16,-929.159
6520.56,1416.62
-6956.44,2091.52
6970.81,3182.01
-8031.12,2661.17
7149.2,2424.25
-6813.72,189.921
6465.15,-997.642
-5790.92,-3123.1
4921.89,-3491.54
-3840.39,-3407.52
3897.36,-1969.63
-2358.35,-481.21
1347.61,827.842
-2245.52,3040.62
1360.12,3599.98
-1019.69,3851.66
376.245,2321.65
-1071.88,1183.17
-282.18,378.214
401.781,364.638
1309.01,-1367.81
-1133.28,-3277.23
616.459,-2979.18
-681.392,-1818.91
1394.4,716.529
-1029.83,1882.49
664.501,2365.9
-1305.56,1836.55
596.739,869.667
401.109,203.335
573.472,-1762.5
-61.7341,-3865.95
-314.654,-4022.32
824.148,-3474.71
-380.477,-1565.56
2086.13,420.757
-2761.87,1718.88
1734.4,3271.03
-2582.81,4872.74
3501.29,4062.12
-4209.04,1393.69
4595.6,-1624.42
-5724.48,-2870.55
6226.24,-1635.29
-4905.49,-2370.8
6006.43,-1496.08
-6837.87,-874.462
5945.48,1102.2
-5782.8,2843.89
5368.99,4463.8
-4369.71,2373.7
3082.83,564.918
-3157.73,-2053.13
2564.7,-3003.98
127.64,-4010.7
970.533,-6385.42
2.65259,-5480.1
-1018.69,-3645.79
504.292,1466.47
1096.5,4352.68
-1165.01,5085.05
426.702,2748.25
-2852.84,3338.53
3247.68,2801.53
-4056.53,1148.87
5854.26,-744.097
-6724.07,-4209.17
7202.58,-3907.49
-7120.2,-3555.03
9122.53,-511.186
-8404.99,483.296
7185.68,2319.03
-7602.53,1929.33
6018.49,3590.38
-5361.01,3911.9
4834.66,2941.25
-4586.96,927.965
3569.78,-2136.77
-1420.31,-4523.16
1856.54,-6245.2
-673.078,-6160.09
633.087,-4476.09
-220.927,-519.156
1611.19,1043.59
-1277.11,2747.83
-123.069,3407.99
-1322.75,3744.44
1081.8,4590.69
-947.022,2144.95
1053.22,-983.999
-1457.29,-2727.23
1302.82,-3360.26
-639.665,-2455.43
1702.72,-502.974
-1967.96,454.115
726.707,2493.95
-1404.81,3934.52
475.938,4499.63
558.885,3946.4
-1453.25,1396.77
1163.6,-2070.63
-1525.8,-3743.25
3175.02,-5633.43
-2027.37,-6294.22
3862.14,-5959.5
-4268.76,-4572.28
5144.42,-369.162
-5817.96,3185.47
5876.95,5810.89
-6958.24,5203.48
5634.23,5024
-6790.81,3666.17
6747.96,2061.96
-6109.14,-1178.51
6049.83,-3477.76
-5801.45,-4752.91
5654.44,-3777.73
-4289.53,-1965.58
4402.37,817.86
-3315.16,1840.11
2405.81,2607.62
-2876.21,3073.04
1453.43,2862.05
-786.199,1878.12
571.378,-98.0723
-860.147,-1496.34
813.031,-3039.51
451.471,-2774.02
1544,-4214.9
-1346.36,-4092.71
2146.53,-3977.98
-2301.29,-1878.16
3572.58,458.196
-4483.29,2022.42
4833.98,3936.89
-7085.23,5097.69
6599.56,5740.7
-6587.08,2791.33
6942.2,1100.35
-6550.26,-3306.66
5954.98,-4352.41
-5299.81,-4203.41
5298.36,-1849.33
-3779.02,-93.4367
2480.23,1559.4
-2157.36,3111.15
713.906,4480.7
391.479,3924.03
-496.394,157.177
347.948,-1978.32
-1487.18,-4954.53
1911.47,-4142.15
-750.146,-2693.27
1517.15,-1817.19
-1371.69,-57.719
991.991,1456.85
-1438.23,2329.89
530.613,3431.53
-912.793,3184.05
-201.372,2123.02
-443.881,1326.19
566.023,-918.096
552.922,-2426.55
233.412,-3379.39
-1296.2,-3341.45
1050.38,-1103.99
-1709.72,2075.69
1579.51,4232.11
-2388.94,5572.67
987.733,5575.06
-1953.63,4461.89
3049.91,1179.61
-2827.42,-4065.9
3791.87,-7851.1
-4086.5,-8944.09
5656.8,-7428.34
-3671.95,-4659.08
5271.31,-980.316
-6075.95,2172.22
5559.47,4967.79
-6466.09,6505.83
6436.14,6025.98
-6724.81,2834.1
5334.47,1308.29
-6168.86,-983.134
6003.79,-698.882
-4538.06,-950.459
5483.34,-1974.77
-4611.03,-2991.97
3484.62,-1732.9
-2288.31,286.247
3122.6,1249.8
-2452.66,580.281
1275.2,-555.784
-1792.85,737.06
2317.81,241.253
-936.802,-403.965
1951.72,-2041.16
-1669.23,-4728.64
2671.88,-5504.46
-2336.98,-4272.01
3576.2,-2696.81
-3455.77,315.671
3003.68,3514.08
-3963.15,4417.02
3339.27,6204.1
-3230.11,4967.48
2256.98,3272.46
-2469.82,-70.332
1216.26,-2089.45
578.347,-3446.41
-592.418,-3774.44
1677.81,-3804.48
-1867.12,-2089.47
3288.46,338.509
-4063.16,1078.44
4734.82,2756.52
-6566.91,2384.05
5698.43,3206.63
-5577.58,1830.32
6316.85,-389.529
-5669.19,-3653.08
5675.43,-4826.3
-5560.58,-4482.77
5798.32,-2754.56
-4631.56,-1147.8
4044.78,1110.03
-4312.65,2840.98
2415.42,5512.96
-2964.62,6940.56
2423.7,5472.01
-2579.16,2259.62
1928.73,-2497.8
-2794.85,-4313.57
3160.51,-3865.32
-2291.05,-2139.85
3696.95,-1744.73
-4431.07,-578.702
4129.13,756.395
-5489.48,3280.71
5422.37,5577.21
-6266.04,4215.22
5909.37,3119.6
-7482.13,-85.7449
7738.6,-2174.97
-6659.64,-4509.2
6898.11,-4395.05
-5846.7,-4392.74
5049.44,-2252.87
-4177.02,-809.371
3730.47,1606.57
-2770.86,2962.48
651.107,3707.05
-627.705,4120.98
-1436.51,3784.71
1684.84,2586.15
-2340.51,96.7429
1781.07,-516.08
-2555.59,-1748.81
4125.64,-838.631
-3642.41,-1278.33
3408,-1315.75
-4088.68,-580.792
2798.32,1923.54
-2529.87,3261.95
2036.14,3768.39
-1890.8,2422.84
1037.2,169.341
-488.451,-1772.35
1183.16,-4884.94
80.8437,-6270.04
661.523,-6205.79
-1382.06,-3781.47
1953.15,-228.9
-1573.22,3703.6
1915.31,4830.43
-3639.59,5690.42
2090.99,5895.06
-4179.98,5008.47
4637.27,3563.85
-5257.15,-81.4058
5434.6,-2541.98
-6006.15,-4206.47
7161.57,-3548.71
-5674.05,-3261.43
6641.99,-2387.16
-7136.02,-1662.4
5909.43,1093.27
-5978.05,3441.74
5924.31,4824.59
-5209.94,3064.68
3274.69,1656.49
-3700.6,-505.597
3042.24,-1351.6
-1023.76,-3014.93
1538.03,-5019.34
-608.914,-5138.55
-429.868,-3227.67
1872.45,34.8332
-1876.02,2220.89
2394.28,3460.35
-4552.01,3503.28
2832.52,5233.7
-4138.08,5585.88
4755.09,4588.35
-4841.09,1350.73
3887.61,-2004.43
-4212.67,-4045.24
4240.04,-3164.81
-2633.65,-2990.2
3232.97,-1831.37
-3770.26,-685.183
2363.34,1574.21
-2080.22,3906.97
2583.95,3194.88
-3030.9,1959.14
2117.22,-540.757
-3194.97,-1849.26
4910.13,-3777.72
-4295.97,-4002.29
4443.63,-3262.14
-5392.3,-1639.42
6030.89,1495.13
-6933.6,3270.59
7591.16,4737.75
-8838.01,3478.49
7316.02,3485.89
-8225.88,1929.81
8359.54,1288.87
-7428.09,-1305.72
6295.63,-2502.07
-6223.31,-2839.11
6016.59,-1204.04
-3433.15,-429.213
2398.37,275.508
-2541.01,219.648
649.573,2120.45
569.507,2996.26
-1088.95,1173.77
2580.78,-569.542
-3180.86,-3388.47
3661.32,-3745.58
-3631.16,-3732.24
4598.4,-1525.81
-4626.39,-338.192
4246.67,1657.42
-4670.74,2740.47
4452.31,4251.69
-4075.93,4000.85
3016.08,2288.91
-3703.22,491.466
2689.47,-1048.91
-2195.71,-1493.68
2559.46,-1351.08
-2156.06,-1059.65
2442.29,-695.659
-2252.8,-172.449
3347.39,-1167.19
-3239.48,-2020.42
3403.01,-2416.57
-4422.51,-673.375
5045.11,991.862
-5362.53,1873.92
6539.37,1365.67
-7669.38,330.011
8371.82,-508.607
-8003.31,-2533.41
9583.88,-2828.25
-9210.56,-4457.22
9133.47,-2538.92
-9777.09,-295.138
9098.44,3986.84
-7862.5,5281.78
7125.65,5767.35
-7049.65,3263.09
5028.53,1585.38
-3506.88,-978.384
3946.52,-4089.97
-1977.24,-6021.65
1001.06,-6566.65
365.893,-3513.4
414.373,-368.051
1425.65,1877.12
-1575.5,1987.93
280.42,3341.68
-1252.83,2799.23
976.031,2857.69
138.625,883.074
-92.2651,-2072.86
492.616,-4037.08
-804.61,-4525.23
2196.16,-2961.14
-1370.48,-1490.75
1439.74,207.7
-2187.97,1144.69
1341.91,3707.79
-1100.19,4141.91
945.634,3903.29
-916.412,1315.11
-1310.75,-546.003
1325.14,-769.123
-1247.91,-1670.55
2838,-2434.86
-2945.7,-2931.67
3267.38,-1942.22
-3659.17,-839.731
4411.6,813.8
-4332.5,446.118
3706.57,856.985
-4787.52,1213.07
4324.18,1875.86
-3782.21,1664.58
4089,552.042
-3946.02,-1422.05
2913.98,-2366.14
-2488.62,-2619
3844.03,-2069.28
-2918.58,-1425.93
2018.16,-337.808
-2784.79,1943.72
1936.42,4522.65
-1628.44,5113.08
1998.74,3025.82
-3338.57,1185.24
2668.49,-507.899
-2285.81,-1212.68
3512.56,-2342.8
-3142.09,-3686.93
3551.38,-3646.71
-3721.45,-2691.72
4990.98,-524.133
-3861.05,605.859
3944.36,1171.14
-4380.8,251.202
3899.08,510.085
-3927.38,34.8221
4047.35,536.117
-2963.29,55.4858
1560.18,-82.7914
-427.424,-681.67
636.988,-868.452
921.547,-1773.68
-2252.58,-1444.73
2184.01,609.17
-3472.66,2680.45
4281.41,4580.56
-4515.69,3014.98
4317.18,1675.29
-4529.16,-1058.12
4987.27,-1963.05
-3670.34,-4586.89
4209.9,-5239.76
-3072.46,-5536.83
2545.79,-3767.81
-1187.57,-456.545
1015.45,2650.34
-338.699,4733.1
-1059.06,4192.17
882.749,3003.6
-1692.78,709.174
2460.06,-1222.06
-1756.13,-3616.91
1503.56,-3407.25
-1072.19,-2782.77
997.672,-307.022
875.081,230.71
-1021.23,548.711
1166.47,1174.4
-2902,2691.6
3136.98,3946.33
-3870.67,2956.71
4307.05,1333.11
-5328.44,-1184.79
5667.28,-1435.4
-5032.37,-2910.61
6147.67,-2139.09
-4909.11,-3361.68
4627.7,-3730.51
-3833.25,-3480.91
3395.94,-1322.61
-2047.55,1299.61
1353.5,3073.85
-1607.84,3583.06
541.226,2467.14
-162.284,1356.52
543.409,-1361.5
-434.386,-2326.4
11.0943,-2616.42
-122.003,-867.177
1825.72,-653.209
-2118.68,-375.247
2434.75,158.024
-4463.33,2762.82
4564.4,5281.37
-5632.27,5219.73
5793.92,4195.87
-6822.06,255.12
7239.38,-2381.43
-6471.97,-5361.93
7520.4,-5313.35
-6119.93,-5632.98
5864.57,-3567.47
-5821.21,-1840.17
4947.86,1876.53
-3764.19,4613.85
3405.53,4705.98
-3495.79,3718.07
1282.41,1692.67
-590.212,-616.668
615.356,-3269.9
-52.2574,-4645.26
-432.933,-3976.57
1020,-647.603
-974.451,2363.34
1441.05,3738.13
-1851.7,3270.6
595.179,2895.12
-1945.45,2593.54
1485.47,2321.25
-1692.4,1456.24
1371.4,1050.68
-1772.67,-830.246
1400.61,-2184.2
17.4313,-2672.18
520.39,-2679.31
108.428,-2872.14
-391.415,-2528.65
656.302,-1301.1
-382.554,-652.856
1087.03,108.224
-1432.2,630.287
-160.536,2542.22
-412.856,3532.68
356.93,3746.73
581.683,545.873
-2225.4,-1311.06
2412.15,-1688.1
-3010.17,-671.476
4583.98,182.944
-5059.73,-542.463
4993,376.78
-6610.17,1202.95
6238.2,3750.63
-6178.22,3965.33
6702.16,3440.66
-6487.87,-774.616
5327.19,-3157.98
-4044.74,-5558.76
4956.2,-5522.46
-2899.49,-4524.71
2007.64,-3126.76
-2084.69,539.836
1370.41,3779.39
-301.174,5462.36
429.314,3608.84
-1638.82,2218.44
1027.56,-175.203
-969.617,-1411.84
1723.37,-2888.28
-1760.06,-3405.67
2038.45,-2063.02
-2718.1,23.805
3572.55,3163.42
-3664.97,4237.47
2865.92,4495.58
-4069.85,2944.18
2813.59,1978.28
-2267.45,-610.056
3471.64,-2901.91
-2206.51,-5056.7
1296.7,-5666.08
-265.074,-4155.78
867.421,-1835.85
1196.79,-1341.81
-1581.2,-785.779
1083.91,1294.15
-2192.29,3165.44
2537.99,4845.85
-4027.33,4621.75
3647.4,2744.25
-5318.91,1077.18
5861.27,-301.737
-4812.37,-2345.53
6153.31,-2904.03
-6310.61,-4242.81
6227.72,-3349.58
-5829.43,-2047.5
6201.47,417.364
-5650.24,2453.38
4330.08,4831.44
-4853.97,4543.33
3914.64,4650.06
-3219.61,1769.89
2447.91,-2413.64
-1774.88,-4317.62
1420.44,-5192.74
-52.1586,-3407.49
1508.74,-2539.95
-1739.17,-778.985
1141.24,800.893
-2019.34,3495.87
2390.84,4444.82
-3014.69,4181.87
3225.88,1916.39
-4575.58,-887.44
5485.15,-2529.66
-5081.75,-5153.19
6283.54,-4743.9
-6621.64,-3095.39
6299.44,591.943
-6158.68,2679.86
6027.5,4857.19
-5227.11,3685.34
3130.95,3005.55
-3950.19,1952.9
2490.12,1874.26
-1154.31,393.854
948.702,-2498.63
385.978,-4526.66
-889.77,-5192.76
2114.25,-2786.58
-953.419,-1475.46
1924.81,-349.393
-2544.95,-1172.69
1257.16,1247.16
-1218.46,3027.05
547.389,4672.32
-377.732,5067.72
-1299.88,3384.58
1346.45,713.033
-1813.91,-2192.51
2760.25,-3305.78
-2286.79,-4238.66
3095.98,-3128.85
-3419.25,-1766.45
2953.57,1099.06
-2875.47,2872.79
2288.58,4442.86
-2433.02,3912.22
434.444,3553.81
378.889,1530.56
-467.689,-1492.99
912.113,-4340.39
-1888.51,-5477.73
3003.46,-3708.94
-2805.91,-1740.99
3801.7,527.414
-4337.28,1782.9
3561.07,3880.93
-5157.85,4267.27
4850.2,4123.95
-5205.78,2235.24
5192.57,-235.261
-5790.06,-2153.39
4747.54,-2341.08
-3424.8,-2358.46
4633.71,-2047.18
-4458.92,-2264.24
3556.47,-881.55
-4025.72,1699.07
3816.38,4009.88
-3937.83,4615.34
3173.04,3341.21
-4204.23,1325.39
3611.68,-20.4398
-1971.7,-2230.22
3336.48,-5165.88
-3047.65,-5718.82
2985.25,-4781.73
-3611.14,-1574.66
5006.65,2108.59
-4966.88,4148.34
4188.44,5281.55
-6007.44,5488.77
5126.17,5350.46
-4918.6,2497.53
4819.51,-803.012
-5009.25,-4161.9
4877.35,-4945.11
-3534.16,-5323.34
5257.27,-3309.6
-3866.6,-2098.65
2119.81,25.6904
-2221.27,2647.83
880.451,4925.94
-88.6959,5569.97
-1204.64,3850.67
571.855,1945.6
-1512.33,-756.515
2366.43,-2580.45
-1183.42,-5046.58
1476.79,-5561.21
-2059.05,-4256.84
2739.55,-1128.86
-1621.45,1394
2103.64,2673.3
-3505.32,3393.05
2215.29,3383.45
-3129.71,3678.54
3045.58,2522.81
-2644.51,-150.543
2585.25,-2413.8
-2851.87,-3756.44
2979.53,-2352.13
-2714.06,-661.65
3881.66,330.465
-4575.92,719.774
3340.86,2001.39
-3868.29,3531.48
3730.32,4479.95
-4472.12,3832.63
3658.8,1341.57
-4412.71,-534.07
5004.53,-2768.77
-4388.89,-4573.06
6218.26,-5021.03
-5484.85,-5778.03
5570.58,-3315.36
-5248.43,-1756.45
4676.83,1591.46
-4183.8,3978.66
2252.88,5966.47
-3357.68,6483.74
2080.16,6015.24
-1404.82,2837.74
-168.637,-661.237
1247.41,-4053.88
-1850.72,-5996.03
3893.42,-5113.3
-3276.28,-4570.16
4240.79,-1456.59
-5709.31,1894.07
4667.14,5856.26
-5342.1,7649.8
4715.09,7508.92
-5379.72,3946.22
4458.13,496.492
-4130.95,-4089.96
4913.23,-6504.71
-2974.2,-8280.05
3423.48,-8474.73
-2471.85,-4959.51
2880.25,-877.42
-2328.19,3449.37
2029.04,6418.31
-3370.93,7439.05
1521.25,6245.32
-1868.26,3433.23
2380.24,-535.65
-2189.64,-4243.43
3033.77,-6559.49
-2915.29,-6099.17
4127.64,-3479.83
-4014.43,-317.78
5141.63,2087.58
-5471.8,3525.67
4945.28,4478.36
-5283.86,3953.45
5015.67,3160.12
-5684.7,372.726
4963.82,-1148.74
-4772.65,-3006.6
5447.46,-2417.55
-3255.56,-3392.72
3712.2,-3226.8
-2512.09,-2632.11
1582.58,-1376.37
-1082.98,466.192
824.259,759.942
22.9852,1831.91
-1397.38,2401.98
878.737,3098.39
-342.19,1723.81
1269.48,-804.323
-809.811,-4291.63
105.311,-4817.12
-129.394,-3139.2
-131.648,571.145
1822.84,2921.35
-2836.2,3908.35
1154.36,5053.2
-2471.07,4496.05
2734.32,3537.47
-1800.02,21.5658
2453.69,-4038.36
-2979.59,-7457.3
3138.64,-6777.42
-703.638,-5405.36
1454.89,-2304.09
-116.094,-652.995
-1089.83,1518.99
953.402,4299.05
-2262.84,5286.56
2441.86,5999.53
-4109.31,3625.15
3465.95,854.11
-3571.61,-1322.11
4294.01,-2345.54
-3791.57,-3664.72
4330.16,-2741.29
-4355.55,-2227.74
4436.79,-381.782
-3609.36,1142.14
2167.56,2969.15
-2701.5,4658.18
993.119,5740.96
-406.619,3393.79
309.43,-361.355
407.599,-4312.68
-761.493,-6822.81
1841.74,-5868.05
-755.572,-5055.04
2689.31,-3666.56
-2342.02,-2453.22
998.368,1544.29
-1630.9,4563.28
337.133,8446.93
87.8285,7902.07
-2681.94,5589.37
2097.38,2045.67
-3439.16,-1781.58
5193.06,-3043.87
-4673.34,-5211.51
5790.36,-5153.82
-6438.71,-4056.92
5961.26,273.935
-5246.23,2406.9
5439.53,5225.4
-5560.43,4079.08
3580.43,3149.76
-3380.25,1567.19
2402.21,-774.279
-995.488,-3034.04
742.128,-5738.17
242.701,-5306.74
215.198,-3617.95
1105.9,-1128.02
109.419,-591.05
-425.262,1242.57
-408.323,1557.44
-1398.33,3396.3
1800.82,4842.9
-3241.24,5163.58
3465.59,3765.14
-5120.56,1521.36
5467.5,71.8498
-5335.86,-2628.16
6381.31,-3063.08
-6348.34,-3885.24
5948.01,-1640.43
-5807.82,-418.167
6022.68,2154.38
-5228.59,2473.94
3907.79,2180.87
-3500.92,797.803
3019.13,-703.869
-1896.57,-2376.73
1337.36,-4125.27
-391.058,-3848.48
540.565,-3603.07
260.373,-1370.73
-250.268,1048.83
-561.531,3757.59
-708.624,5265.5
-770.09,6137.85
1087.97,4198.45
-1986.55,1929.48
2228.32,-1114.14
-3400.69,-2642.07
4539.23,-2987.72
-3469.23,-4556.33
4818.51,-4409.71
-4910.48,-3988.72
4935.09,-446.8
-4308.84,2046.06
4133.93,4596.21
-4028.5,3403.49
2224.29,2911.95
-2766.59,1692.19
2113.82,524.174
189.923,-1096.67
63.0445,-4092.91
1687.81,-5835.73
-2172.44,-6354
3888.61,-4299.34
-3444.64,-1072.44
4413.74,1940.02
-5217.35,3344.86
4766.13,5337.58
-5110.38,4875.27
4650.13,4072.57
-4930.33,1566.85
4401.16,-648.572
-4129.25,-3134.2
5046.04,-3846.55
-3987.81,-3749.84
4254,-2411.14
-3821.17,-289.666
3459.23,1677.66
-2878.36,2669.27
2103.16,2317.82
-2601.39,2065.33
1716.98,1719.62
-1145.74,-296.441
2598.84,-3225.59
-2110.52,-5584.18
2544.23,-6632.97
-2136.47,-5162.21
3636.69,-3030.88
-2832.75,-430.751
3452.2,841.493
-5071.83,3139.68
4232.6,5364.83
-5800.34,6442.19
6006.97,6240.02
-6913.4,2744.94
5922.93,686.984
-6860.89,-1894.24
7722.29,-1738.06
-5810.58,-3317.93
5462.17,-3336.68
-5095.46,-2964.26
4397.48,-449.772
-2828.51,1095.85
2120.66,2330.96
-1549.53,2619.01
-464.209,1835.2
1059.81,998.045
-1653.74,-816.482
2656.39,-1732.88
-1935.79,-4346.7
2320.95,-4429.81
-1916.27,-4208.98
2500.92,-1601.23
-1728.46,247.797
696.204,2240.93
-1762.13,4342.12
749.719,5599.39
-574.375,5528.27
533.334,2177.5
-721.875,-951.796
121.044,-3448.02
-106.422,-3290.03
1045.88,-3294.21
-612.685,-2388.51
1264.6,-13.9401
-1870.72,1594.65
2171.99,2995.39
-2628.83,3352.59
2629.01,2818.79
-3810.92,1113.03
3137.01,-408.415
-3285.22,-1412.81
5211.48,-3024.5
-3649.35,-4857.12
5184.64,-6169.47
-5759.01,-5407.94
5495.24,-1320.35
-5033.4,1894.49
5560.48,4204.19
-6699.29,4398.33
5188.08,5787.86
-5409.27,5115.24
5013.54,3270.34
-4607.61,-713.764
4251.85,-4179.28
-4603.71,-5256.42
3713.91,-2975.45
-1854.84,-69.5591
2244.28,2200.92
-1584.35,2856.06
-208.161,2340.13
-979.183,2304.69
1093.91,1491.06
-174.735,123.131
-591.993,-2107.03
155.5,-3277.23
995.035,-3876.67
343.047,-3603.9
1068.22,-4141.84
-1116.69,-2738.94
259.132,-229.091
-635.885,1922.46
1229.87,4280.06
-1871.89,4097.41
459.293,4219.04
-750.148,2509.14
288.142,958.329
1139.05,-1442.37
-2181.15,-2408
2086.22,-2703.13
-2600.06,-1515.39
4823.76,320.815
-5141.95,836.854
5588.6,2123.98
-7363.12,2107.91
6787.23,3257.16
-6381.48,1770.51
7478.54,-390.64
-7028.58,-4562.4
6908.13,-5374.81
-5713.36,-4831.7
6635.13,-2947.66
-4710.11,-2552.08
3802.06,-1414.72
-3421.46,147.535
3137.74,2258.28
-1955.76,3685.95
1547.03,2591.02
-2405.54,2247.04
843.928,1250.54
-706.411,240.115
1726.39,-1082.8
-858.107,-1502.81
1489.74,-2158.9
-1489.31,-1951.89
2501.75,-1873.34
-2128.89,-1328.24
2942.44,-536.435
-4836.28,1123.74
4832.23,3644.78
-5027.48,4662.71
5929.28,3787.75
-5398.19,-598.039
4442.89,-3307.68
-4702.94,-5018.12
5745.29,-3555.49
-4114.68,-3179.84
3901.5,-1859.15
-3279.05,-916.862
2433.62,1492.39
-1059.93,2397.46
28.7524,2604.69
778.131,1598.69
-3810.42,758.106
4130.07,1222.1
-5150.42,671.171
6932.29,148.322
-7290.48,-987.194
7084.59,-709.666
-8127.7,-1014.03
8583.28,1056.31
-8702.46,463.284
7891.22,1578.37
-8779.07,1537.88
7704.52,3170.61
-6461.56,2027.41
6554.71,-367.566
-5712.04,-3481.09
4415.38,-5503
-3029.66,-5398.97
3188.74,-3429.01
-1280.18,-1225.35
211.839,741.204
-845.781,3529.51
-85.3964,5034.34
315.928,5346.24
-938.361,3349.55
122.081,1425.62
-1585.12,-146.128
1266.91,-418.187
-39.8859,-1475.59
599.224,-1747.14
-531.648,-2236.11
1145.54,-2359.54
-440.884,-876.567
1104.66,-766.485
-925.582,-94.7383
953.099,-370.395
-2338.67,728.78
3519.46,1273.53
-3200.53,840.011
4605.45,-685.201
-5239.18,-2412.97
6095.74,-3021.61
-6263.79,-3096.81
8177.35,-1550.02
-8940.8,-930.418
8742.75,1962.73
-9170.76,3883.8
8642.39,5889.49
-9223.67,4929.09
8350.46,4064.05
-8591.3,928.645
8074.82,-1652.25
-6274.6,-4721.95
6826.98,-5739.12
-5290.34,-6328.71
4732.31,-4294.5
-2877.3,-2082.3
2270.03,637.748
-1272.01,3043
-550.118,3971.54
712.254,4260.71
-1814.62,2914.47
2734.76,546.41
-3189.32,-3096.03
3413.56,-4190.46
-3778.09,-4252.61
5079.5,-2256.38
-3785.56,-1570.11
3882.46,210.966
-4376.79,1426.44
3073.33,3732.32
-3145.66,5132.41
2712.69,4346.45
-3232.62,2470.16
2194.22,440.602
-2463.2,-594.413
3269.19,-2264.43
-1731.39,-3696.91
2030.23,-3955.99
-2940.32,-2525.3
2795.72,-195.052
-2253.8,2231.54
3389.69,2845.92
-4116.96,1665.11
3513.9,823.089
-4851.67,554.582
5403.07,209.151
-5145.77,-1014.75
6012.09,-2983.84
-7065.69,-3202.97
7395.81,-1336.26
-6369.92,-238.001
7575.28,1063.31
-8338.03,-193.221
6437.99,1375.72
-6628,2014.58
6201.69,3631.63
-5408.54,2712.13
4103.44,1892.58
-4073.93,314.852
2481.48,-317.473
-938.491,-1087.63
1111.43,-2703.77
32.4109,-2549.71
-1650.51,-2188.68
1409.72,1164.48
-846.693,2636.46
1300.96,3055.65
-769.744,-59.9824
-772.56,-1343.9
2189.86,-2733.39
-1331.22,-3784.09
2857.57,-4196.27
-3626.02,-3975.66
3817.73,-1189.48
-4179.83,980.607
5157.78,4232.1
-5401.49,4912.79
3177.56,6850.12
-3980.99,4826.28
2506.62,3728.37
-1925.13,1057.19
1254.28,-1866.55
-189.871,-3204.51
-408.745,-4547.45
3339.78,-4469.3
-2473.4,-4533.47
3090.92,-3425.13
-4315.78,-1648.74
4651.51,2053.76
-4035.98,3201.83
4670.37,3538.95
-4724.72,644.762
2986.12,-813.99
-2001.97,-1564.47
2794.86,-2857.99
-1749.86,-4178.53
1160.75,-2918.68
-1010.7,-591.666
884.787,2035.57
489.563,4238.29
-688.076,3144.57
-863.05,3243.38
-342.364,2171.8
-17.0153,2029.56
1093.05,421.779
-637.99,-2047.84
1203.5,-3331.07
-2164.87,-3378.23
3616.37,-2164.17
-2017.75,-1701.91
2948.28,-1536.24
-4072.6,-1559.02
3633.36,919.976
-3977.41,3151.79
4979.94,3440.57
-4327.7,918.931
3273.47,-1556.98
-3586.08,-2744.33
4443.23,-2719.45
-2947.91,-3178.83
3379.36,-2451.99
-3972.03,-1203.88
2537,1739.02
-2354.72,4756.25
1893.81,6652.98
-2288.64,5618.22
828.051,3081.84
-1626.21,899.471
1318.76,-1853.88
-213.565,-3480.59
1264.82,-5214.98
-1650.21,-5082.09
2329.85,-3695.11
-1116.02,-1445.04
2516.42,-48.0622
-3483.19,1077.14
2628.88,2459.77
-3967.01,3587.15
4244.23,3971.77
-5204.72,2410.34
5363.32,678.569
-5946.12,-1354.31
6069.95,-1774.16
-4571.69,-3693.18
5458.35,-3854.49
-4903.66,-3937.06
4378.55,-2167.68
-3692.89,298.248
3248.64,3889.3
-3106.13,5430.22
484.895,6513.1
-926.432,5772.36
-755.578,4254.73
1957.48,1377.6
-2619.51,-2902.59
3225.66,-4246.93
-3602.86,-5367.54
4631.65,-4062.97
-2953.41,-3451.52
3666.76,-2050.97
-3827.62,-1156.93
3353.43,1812.35
-3494.32,3571.94
2953.54,3745.41
-3131.22,2269.04
2053.16,-164.89
-1941.31,-1325.58
2515.49,-2927.91
-1491.22,-2894.12
1812.4,-2529.18
-2730.17,-1240.26
2656.54,734.996
-3323.12,3144.55
3379.33,5215.66
-5079.33,6122.91
4218.3,5934.67
-5770.14,4162.11
6332.02,729.819
-6028.81,-3865.21
6719.88,-6373.14
-6645.98,-7197.17
7896.84,-4994.28
-6504.94,-3003.07
7034.43,-235.559
-7232.01,731.565
6038.33,3390.13
-5700.66,4152.61
4997.22,4239.82
-4783.29,2125.19
2907.41,254.063
-2487.23,-1531.15
1608.51,-2308.93
42.7629,-1820.98
164.182,-1717.58
330.8,-588.742
-1945.34,1141.77
1984.8,3581.11
-2200.45,3426.19
2119.94,2823.61
-2804.49,990.702
1975.69,329.759
-1337.74,-1081.73
2205.09,-2507.6
-943.572,-4777.41
1098.03,-5934.97
-246.302,-4587.46
160.779,-1571.92
315.062,2032.53
-142.536,3897.53
-701.863,4952.6
-1154.95,4476.33
458.106,3977.98
287.413,1806.32
-375.192,-798.148
1163.43,-4259.75
-2465.57,-4598.49
3816.36,-3629.99
-3267.03,-2277.77
4594.71,-174.94
-5314.15,1176.08
5719.85,2819.82
-7310.12,3576.65
7251.52,4159.09
-7930.72,2424.34
7224.15,1452.46
-7802,-1370.31
8268.19,-1587.14
-6525.14,-3640.42
7020.36,-4361.12
-6082.52,-4261.93
5294.63,-3232.05
-3624.01,-1766.39
3402.19,914.273
-3003.51,2167.58
1668.09,3200.38
-1368.15,4203.9
-136.156,3276.74
819.816,1635.14
-1304.75,-1051.6
1779.25,-2800.35
-2550.86,-2613.59
3162.73,-884.526
-2213.07,-464.201
2541.09,700.168
-3991.63,1422.74
3221.41,3269.44
-3349.54,4240.41
2783.41,3772.78
-2735.71,1303.32
2256.49,-930.02
-2008.85,-3483.73
2919.05,-5485.66
-1685.37,-5500.61
2621.26,-5010.78
-2596.3,-2600.45
2601.31,-438.82
-2380.87,1712.65
3306.56,3331.92
-4349.38,3263.39
3180.3,2824.21
-3507.29,1731.94
3846.77,583.29
-3634.7,-2038.61
3760.94,-2776.38
-3808.86,-2809.72
4042.75,-578.011
-2654.45,824.826
2630.68,1133.44
-3408.66,2187.87
1846.94,3308.42
-1596.33,3682.82
1710.09,2879.81
-1339.61,725.97
771.464,-1789.28
-380.619,-3516.75
1231.14,-4201.31
1145.05,-5564.33
-606.713,-5187.27
1270.17,-3457.21
-1872.84,-538.726
2006.4,3196.97
-2226.11,5126.23
2227.82,5493.85
-4291.84,3840.87
4200.09,1764.4
-3393.25,-1212.31
4059.13,-3467.55
-3653.48,-6048.03
3867.44,-5525.97
-3618.49,-3272.72
4851.33,-694.281
-4022.42,2154.37
2726.01,4495.98
-4290.5,6174.29
3909.85,6172.5
-4678.93,3960.5
4226.6,1136.63
-4912.05,-1688.24
4601.02,-3370.47
-3536.61,-3867.72
5809.06,-4525.35
-5505.11,-5124.77
6467.55,-4110.31
-7131.8,-1597.23
7580.09,1372.16
-6656.12,2589.6
6385.27,3413.15
-8124.5,2334.33
7238.79,2517.15
-6530.49,1296.69
7608.78,-1098.32
-6753.33,-4681.58
5850.54,-4246.84
-5100.72,-3492.35
4456.95,509.334
-3053.03,3307.7
1208.38,4992.85
-1560.66,6439.72
-358.955,5450.89
1512.52,3405.28
-988.706,-952.174
1405.52,-4897.1
-1948.08,-7779.08
2935.5,-6723.52
-1467.67,-5247.03
3463.53,-2176.46
-2719.49,-398.049
1628.56,2034.57
-1404.23,4177.37
702.309,4435.16
-1464.54,4099.7
91.3373,2307.88
-1099.27,1010.65
1299.11,-260.862
-345.039,-1331.23
1135.14,-2619.54
-1359.82,-3293.59
1625.8,-2963.62
-2112.87,-802.736
3124.17,602.965
-3840.97,2277.59
3763.52,3390.92
-5575.04,3611.57
5611.88,3887.9
-5675.4,1085.94
6237.48,-2152.28
-6454.98,-5086.59
6939.98,-5124.02
-6490.46,-4218.53
7903.17,-2023.77
-6443.22,-2294.49
5974.83,-304.663
-6560.5,1603.99
4750.98,4691.12
-4536.28,6680.85
2950.64,6543.82
-3131.43,4053.58
1352.59,1151.31
-1065.24,-1227.82
2177.94,-3723.88
-140.972,-5558.65
-95.395,-6391.2
50.3047,-3925.91
-451.528,-717.882
1008.73,3540.44
-825.685,5934.46
-951.553,6885.97
-384.151,5821.32
-14.2061,3006.04
143.953,-658.132
-4.52673,-5110.05
792.443,-7618.01
151.11,-8223.34
1241.9,-6479.66
709.749,-3568.83
-675.234,212.112
91.5778,3044.97
-1492.26,5781.09
1930.19,6206.49
-2982.73,5072.97
3493.35,1854.57
-5181.19,-1339.22
5953.65,-2705.73
-5396.56,-3996.24
7059.36,-4242.17
-7374.75,-3485.58
7608.43,527.026
-7604.61,2700.75
7825.06,5604.03
-7123.04,3810.42
5386.43,3006.96
-5713.44,588.73
5252.1,-999.584
-3095.06,-3003.14
3434.56,-5225.86
-1234.46,-6099.24
802.252,-5611.73
715.341,-3080.62
586.506,-1567.55
376.802,1158.22
-1653.19,2102.62
202.952,4494.52
-112.626,4981.81
-299.242,4316.54
813.092,1945.09
-2670.95,-592.986
2265.37,-1292.97
-1856.18,-1611.16
3680.49,-2311.51
-3462.52,-3404.67
3045.59,-1447.77
-3967.07,268.078
4258.44,2927.74
-2975.17,2690.23
2107.85,1594.44
-3013.86,-249.381
2032.62,-772.204
-449.441,-1365.45
840.186,-2554.72
587.976,-4051.1
-1389.27,-4536.3
1547.03,-2397.76
-985.076,-219.143
2234.88,2193.19
-3597.07,3344.79
1743.83,4676.45
-2761.19,4790.94
1974.24,5424.53
-1601.82,3061.27
661.698,229.145
-1452.83,-1567.36
1897.79,-3073.4
-120.838,-4089.42
858.161,-4978.23
-183.706,-3982.64
-926.82,-864.319
491.107,2906.46
-388.096,5439.9
736.983,5371.66
-2055.36,2699.73
1427.8,248.888
-583.151,-2425.11
1586.57,-5315.23
72.4017,-7271.26
108.351,-6756.58
180.197,-5150.55
60.0667,59.6193
1160.59,4135.22
-2577.95,7298.3
1704.74,8545.16
-3606.15,6482.83
3094.31,4406.56
-3713.11,474.809
4416.8,-2763.96
-5226.55,-4803.79
6474.96,-4985.41
-4735.1,-5077.85
6104.87,-3457.12
-5943.07,-1918.18
5957.44,458.475
-5394.51,2010.13
4943.51,3348.52
-5348.12,3224.92
3437.94,3162.2
-3635.53,1735.69
3045.44,1776.84
-1559.03,-1376.63
2001.64,-4317.41
-770.743,-5266.14
611.483,-6315.78
522.012,-3591.12
638.348,-1785.83
-594.953,781.848
-627.668,3214.07
-641.741,6530.57
627.939,7190.08
-1095.7,5058.72
1853.02,286.164
-2939.85,-3796.43
3247.37,-4885.94
-2935.68,-5912.67
5087.36,-3876.21
-4698.47,-1845.95
3883.49,1332.29
-3940.32,3791.57
3495.9,5656.68
-2608.58,4444.61
1682.85,2323.75
-1834.87,-1836.01
969.668,-3881.46
946.848,-5025.07
107.14,-5705.62
935.292,-3473.16
-1751.09,-1455.79
1199.74,3009.8
-240.344,4660.3
485.837,4815.21
-1549.71,2503
-543.386,1681.7
838.755,863.289
-717.195,-874.983
1946.04,-2506.31
-2091.22,-4834.38
2544.03,-3641.84
-2456.41,-2244.72
3620.26,487.897
-3209.06,1812.24
1845.29,2687.01
-3653.54,3969.95
2041.54,5024.99
-1275.6,4376.54
1536.27,1823.56
-1613.31,-2175
936.901,-5014.66
961.089,-6868.19
4.38638,-6601.8
1566.4,-5607.68
-1958.79,-2544.15
2024.52,1721.94
-2766.26,5142.36
3688.68,6757.68
-5262.29,5673.75
4143.89,4271.22
-5932.1,1464.96
5867.13,267.141
-5740.94,-1367.37
5570.81,-1343.21
-5188.4,-2602.37
4855.51,-1110.58
-3157.29,-493.786
2420.79,544.991
-2184.97,951.363
-100.474,2367.92
285.383,2738.18
-476.163,1262.64
1738.69,-41.8533
-1941.6,-3677.99
2057.08,-4024.33
-323.256,-6062.11
1637.76,-5636.39
-255.781,-5892.48
-1174.35,-2373.88
1506.59,2694.93
-4064.88,8094.49
5045.71,10599.8
-7358.88,8912.81
5943.78,7259.67
-8601.27,2238.96
9526.22,-527.305
-8770.44,-4907.66
9395.69,-6269.6
-8698.36,-7659.65
8087.5,-4258.59
-5678.32,-1629.64
5946.53,1848.13
-4274.31,1863.65
1479.56,2869.46
-1575.02,3581.84
91.1137,1967.22
1107.19,1687.51
-2224.36,-1079.99
1879.27,-1962.02
-2061.4,-2488.34
3446.89,-808.69
-2433.72,-2160.03
1707.2,-1206.71
-1134.09,-1314
-917.741,1138.33
1134.25,4258.92
-1885.8,4568.57
1368.28,5840.78
-3420.07,3433.87
3642.44,1165.82
-2954.3,-1792.17
3047.87,-3867.22
-3164.36,-5037.17
2634.91,-2904.45
-1712.67,-1591.44
1849.63,629.059
-942.112,1763.36
-1102.58,2776.22
931.005,4622.99
-2027.42,3208.21
2448.72,1026.65
-2793.56,-1397.6
2226.74,-3495.32
-2281.76,-4192.52
3199.48,-1412.01
-2093.64,-1010.72
1622.58,400.032
-2497.4,1428.49
1471.59,2489.98
-1115.44,3636.79
812.092,3001.59
-1020.19,1962.1
-693.853,607.242
1098.09,-1068.06
172.627,-3100.66
1137.51,-4364.78
-1399.32,-4593.66
1010.77,-1452.01
-620.68,1659.27
1129.78,2732.46
-333.556,2420.45
-1088.23,2036.12
-54.4741,1763.2
-379.166,2605.92
1099.42,1710.04
-1140.3,-298.112
1436.07,-2734.69
-2414.07,-3905.12
4231.31,-2848.79
-2697.54,-2315.1
4455.39,-2338.62
-5708.74,-1860.42
5467.26,-367.252
-6115.64,1632.56
6912.36,4104.28
-7008.33,3543.04
5683.83,3563.78
-5982.94,1418.02
5645.12,624.743
-4264.89,-2703.57
3816.08,-3780.98
-2707.11,-4410.45
2483.77,-3412.27
-646.113,-1531.21
609.453,73.1146
-265.3,2320.07
-2163.64,3223.51
2337.88,4825.94
-1836.56,2302.51
1874.93,725.637
-1269.8,-2897.86
691.334,-4537.52
960.444,-5153.88
-378.735,-4753.8
2445.01,-3505.11
-3615.57,-1387.63
4029.18,2123.22
-4433.99,4621.72
4957.3,6140.57
-5855.14,4137.44
4471.27,3196.46
-5692.65,271.841
5404.89,326.01
-3479.15,-1747.64
3032.93,-2991.39
-1558.99,-4014.55
1199.32,-3399.18
-173.777,-1350.8
278.932,-424.75
-5.71588,1849.89
-1483.73,2312.2
1541.68,3131.51
-1398.6,1798.62
2162.36,-213.513
-1794.8,-3147.22
1281.56,-4279.39
-1354.93,-3514.19
1117.88,-1395.61
350.063,412.576
-287.037,877.614
-444.471,2784.4
-515.509,3837.33
-562.409,4484.26
464.833,3949.15
-1426.07,1399.47
841.5,-1181.36
-1177.88,-1934.25
2416.31,-2617.72
-1904.04,-2246.13
2997.3,-2363.39
-3600.79,-2384.85
3759.15,-1166.56
-4029.26,-410.799
4815.6,2035.96
-5485.98,2981.15
4968.1,2857.98
-5435.71,1677.12
5905.16,-87.4979
-5450.9,-3103.81
5931.51,-4040.31
-5824.63,-3791.89
6432.19,-2069.16
-4564.03,-1448.3
4739.32,-551.901
-4833.39,447.069
2824.33,3784.78
-2393.46,5038.23
1679.19,5848.89
-1711.3,4287.09
-264.023,1752.59
314.541,435.415
-187.835,-2029.45
1763.96,-3029.86
-820.637,-4954.01
1539.26,-5048.29
-1786.27,-4238.06
2158.15,-840.385
-615.983,1115.52
93.1209,2703.65
-673.137,3013.57
-1351.84,2970.72
3290.89,1529.62
-3231.07,-1721.48
3891.46,-4267.22
-4735.73,-5361.82
4708.62,-2674.82
-3931.73,-572.551
4652.17,1712.15
-4791.71,2107.96
3070.89,4660.6
-3099.7,3812.21
2070.15,3806.89
-1209.67,1880.78
-759.473,-247.211
1043.31,-1911.15
-1777.31,-3204.07
4130.64,-1600.44
-3720.42,-2426.33
3671.24,-718.625
-4442.05,-132.362
3753.69,2091.47
-3002.83,2137.43
2989.49,1840.96
-3010.68,139.89
1388.07,-541.709
-296.187,-178.74
344.044,-1326.13
609.989,-2652.91
-1022.55,-3820.98
1089.45,-1647.43
-306.089,-446.587
921.927,1136.35
-965.962,1953.77
-816.987,2813.17
140.074,3017.23
-1518.47,3689.93
2028.28,3362.42
-2992.3,2420.58
3164.01,770.576
-3956.44,-1741.4
5271.44,-3113.45
-4845.82,-4727.38
5651,-3816.54
-6412.37,-2226.59
5919.39,1315.44
-4850.52,2747.66
4796.41,3856.81
-5038.6,1514.33
3351.5,815.03
-2865.97,46.027
3094.26,-1783.35
-1889,-3271.57
1482.64,-4496.27
-1087.26,-3189.34
1072.8,-880.666
-44.3956,1824.15
307.375,2465.95
-1212.77,3355.32
-69.6794,2917.58
-978.296,2974.98
1201.43,3037.29
-1859.7,1716.13
1929.19,479.949
-2760.15,-1041.91
3673.27,-2223.4
-2726.92,-2829.5
4041.06,-3716.07
-4124.73,-3697.57
4551.96,-1925.52
-4272.13,-802.691
5272.22,705.955
-5771.32,1516.95
4706.46,2753.05
-4854.06,2437.86
5740.1,1394.27
-4424.27,-2370.71
4303.73,-4273.94
-4214.1,-4734.08
3543.06,-2299.53
-2321.06,587.239
1885.84,3054.57
-1581.38,4316.42
-119.054,4689.22
91.9445,4255.39
-12.0305,2147.75
938.22,-591.556
-1071.26,-5063.64
1108.56,-6513
-816.151,-5263.46
1781.44,-1625.95
-581.844,1090.43
-352.449,3779.82
-93.3412,4566.79
-1430.41,4869.13
2140.45,2933.94
-2134.27,-1147.64
2592.22,-3722.97
-3021.55,-5821.64
4080.15,-5294.68
-2717.49,-4794.71
3555.15,-2638.75
-2400.62,-1394.72
1808.55,1486.41
-1557.78,2635.38
497.899,4451.09
-97.5045,4342.93
-3270.94,4370.88
3297.53,3864.68
-4777.08,2109.32
7058.52,345.543
-6943.78,-3049.83
7132.93,-3794.41
-7663.12,-4792.71
8511.4,-1818.55
-7232.17,-1759.12
7730.52,-560.092
-7963.24,508.935
6799.56,3058.88
-5738.97,3045.29
6091.64,1260.81
-5516.43,-1645
4038.83,-4386.36
-4098.05,-3028.07
5366.58,-2170.93
-3109.71,-1392.15
3587.23,-1122.6
-4808.37,-502.5
4573.33,1282.92
-5333.07,3178.31
6330.41,3958.31
-6819.37,2975.77
4726.13,2915.06
-5868.78,2007.78
7180.45,1392.42
-5925.94,-1523.4
6465.44,-4469.65
-6761.74,-5637.15
6494.49,-3881.9
-4780.77,-1676.77
5298.46,1376.52
-5806.7,2057.8
3624.89,4111.95
-2519.12,3964.44
2449.04,1737.79
-746.39,-1592.81
-846.279,-3840.07
787.884,-5032.18
-1102.55,-3787.61
3827.23,-1724.63
-4088.64,-930.64
4447.27,1635.67
-6194.17,2987.98
5831.34,5769.43
-6331.12,5299.15
4942.48,4521.01
-7019.27,2452.18
5158.32,2090.35
-3632.36,440.572
4915.67,-1851.3
-3579.06,-5438.33
2597.25,-7043.44
-1778.16,-5868.19
2197.55,-3356.46
-391.562,-630.727
47.6133,1004
-1128.7,3918.52
609.385,4581.49
-1083.08,4817.38
1290.91,2403.48
-1996.14,-794.421
1842.64,-3603.11
-2071.44,-4455.47
3963.91,-3272.54
-4060.62,-1129.25
4908.06,646.006
-6158.17,1965.17
5915.79,4419.54
-6952.81,4869
6971.77,5284.81
-7634.02,2656.8
6708.83,690.175
-6071.19,-2012.4
6780.49,-4128.12
-5218.93,-6628.05
5418.24,-5535.04
-4359.13,-3833.82
4626.96,-857.621
-3296.69,1251.15
2039.23,2495.81
-2253.6,4257.72
359.553,4850.93
-380.911,4118.4
58.4951,1465.05
538.196,-1311.78
-581.768,-4411.16
1163.83,-5758.78
-448.246,-5273.64
1480.22,-2700.84
-441.383,-1044.07
-404.396,1220.57
-594.321,3998.75
-164.932,6340.95
-285.548,6799.45
-453.048,4404.06
-982.43,1985.25
-40.9868,-488.375
12.7515,-1736.22
1363.75,-3677.77
-554.735,-5017.83
2432.44,-6105.52
-2216.54,-4929.43
3229.93,-2819.87
-3948.07,-74.0999
5085.49,2902.59
-6556.3,3831.35
5907.3,4691.35
-6743.5,3543.26
7438.32,2238.93
-7559.4,-609.512
7624.5,-2793.12
-8003.66,-4575.92
8565.08,-3260.83
-6828.65,-3138.94
6061.99,521.92
-5988.52,3202.93
4866.36,5396.76
-4806.45,5900.91
3318.24,4506.66
-3591.54,2486.7
1883.53,382.878
-623.089,-2264.67
1999.8,-5298.17
-741.442,-6099.27
787.893,-6606.17
-188.496,-3891.57
845.684,-1384.54
-318.222,1456.84
1099.25,3285.95
-3643.94,4198.11
2886.08,4750.5
-3064.5,3898.47
3816.19,815.321
-3936.06,-3431.36
3699.42,-4807.45
-4387.76,-4488.04
5498.51,-1026.43
-4391.98,833.251
4029.61,1868.79
-4463.91,2106.58
2923.7,4179.83
-2232.47,3477.34
1361.18,2766.27
-936.648,751.4
-972.528,-1661.97
1789.99,-2445.32
-1617.23,-2838.83
3397.39,-2139.81
-3326.52,-2022.17
4079.06,-1429.72
-3911.87,-2227.02
4721.35,-1159.54
-4772.46,-975.144
4095.03,1386.09
-4828.86,2904.45
4230.95,3648.47
-2848.51,2503.04
2462.91,99.4989
-2999.52,-1591.04
2326.23,-1722
-1306.02,-1295.85
2099.5,-1472.55
-2087.47,-1047.03
1234.75,-103.052
-2091.7,2802.43
2167.7,4965.16
-2512.63,5116
2619.96,2487.15
-3819.29,-600.918
3832.45,-2922.67
-3292.08,-4384.92
5602.25,-4898.49
-5318.58,-5140.91
4838.3,-2650.5
-4938.79,-602.277
5848.1,2251.2
-5387.72,2922.68
5086.28,2572.83
-6274.74,2036.87
5098.72,2036.64
-4502.76,241.193
4563.89,-1194.5
-4088.32,-2541.18
3255.67,-2133.22
-2585.73,-766.764
3168.17,687.455
-2087.18,1364.57
997.626,1020.83
-2053.99,845.264
672.386,3018.05
-352.844,4387.36
765.459,2354.21
-156.175,-53.1636
-684.658,-2999.83
972.22,-4252.29
396.331,-4326.99
151.175,-3332.1
12.4608,-1970.3
-325.393,59.2102
491.76,2131.17
-644.865,3665.22
350.187,3843.32
-1298.75,2889.99
1067.05,1152.83
-1503.96,-1781.53
2374.67,-3884.59
-1334.82,-4549.27
1207.9,-3213.08
-736.963,-2167.02
847.695,812.459
364.958,1809.83
-2323.56,3230.12
1366.06,4626.11
-3092.88,5634.35
3116.9,5786.34
-3701.61,2555.92
3783.32,-651.503
-4434.15,-4260.46
5200.44,-4861.32
-3156.33,-6588.49
4254.75,-5106.35
-2807.1,-4981.83
1943.09,-2303.81
-586.435,703.817
-590.054,3428.15
751.457,6330.61
-2836.45,5793.75
2750.56,4617.78
-3381.95,1238.27
3943.43,-1644.43
-3388.11,-4934.11
3520.66,-4674.56
-2954.93,-4501.13
2287.9,-486.549
-804.239,1926.95
-1.95813,3281.89
319.584,4409.36
-2523.52,4847.74
2820.13,4576.82
-3407.07,1117.36
4087.28,-2490.14
-4535.11,-5695.93
5073.37,-4983.75
-4317.56,-4509.86
5905.36,-1971.78
-4864.02,-1030.51
4439.95,201.259
-4648.11,1080.05
3401.29,2136.23
-2885.82,3093.36
2559.53,3001.92
-3322.98,1862.5
2256.58,19.7705
-2066.52,-656.686
2884.34,-1391.47
-2407.1,-1940.16
1858.7,-1550.31
-2187.65,-430.849
2984.71,677.511
-2475.9,808.093
1621.56,1296.65
-2812.95,2174.61
1951.71,3606.48
-1279.13,2322.3
1563.28,132.615
-1947.06,-1887.63
2021.08,-3871.74
-1116.54,-3916.27
2233.22,-3658.8
-1608.29,-2572.97
1229.77,-617.934
-2629.81,2088.91
2116.94,4816.62
-1558.6,5448.22
1704.23,3877.11
-1885.29,-375.744
1082.55,-3001.48
-777.142,-4682.9
2019.16,-4496.59
-615.075,-4328.48
-609.807,-2109.43
1155.55,1829.96
-2453.92,5897.28
2291.18,8326.45
-3532.71,7156
2413.63,5069.65
-3710.94,739.86
3808.76,-2193.75
-3117.64,-4856.01
3392.64,-5170.86
-1961.38,-5504.27
2441.65,-4379.39
-785.809,-3726.95
1187.73,-1381.89
-79.3176,392.232
-1388.58,1581.82
757.834,4290.82
-1615.01,3673.91
1289.4,3293.63
-1073.13,616.684
-241.831,-36.8335
718.562,-827.074
-451.045,-1025.83
2183.4,-2641.87
-4239.21,-2060.1
4388.25,508.177
-4915.95,1943.63
5376.08,5154.3
-6364.32,4504.89
6167.83,4145.43
-7308.78,1127.1
7556.22,-1919.56
-6058.48,-5287.09
6317.22,-5724.07
-5202.59,-5716.17
4476.61,-3083.33
-2948.11,-829.004
3830.96,732.057
-2937.52,1930.55
577.344,1927.79
-1326.99,3524.42
922.99,4741.65
-1196.22,3206.07
314.934,494.978
-154.838,-1427.42
-575.344,-2325.75
1933.37,-1453.1
-1305.76,-1326.05
1530.39,-1773.87
-2452.07,-604.543
2198.93,560.716
-1730.52,1322.98
2267.63,2615.52
-2655.22,1739.35
1847.44,1182.71
-1921.98,-656.836
2100.33,-1805.07
-573.567,-3920.39
753.013,-4084.39
-353.475,-2407.19
484.894,-1016.41
-214.881,1730.7
476.568,2130.84
-1448.11,3133.57
267.658,2955.05
-1355.33,3968.7
3142.65,2459.21
-3996.46,-221.155
4792.96,-3023.07
-6628.98,-3710.54
7674.1,-1884.63
-7195.37,-1723.41
8356.55,1138.29
-9499.23,1261.14
8736.44,2960.97
-8673.98,2641.83
7612.35,3164.27
-7183.06,809.437
5276.31,484.382
-4947.36,-1271.71
4187.07,-1639.96
-1366.11,-2558.83
1237.64,-4551.39
-588.063,-3493.01
-548.404,-2995.39
1632.26,-240.823
-942.8,889.443
514.554,1957.34
-2148.64,2485.73
982.212,4849.91
-305.978,4028.84
-460.04,2251.48
835.921,-263.275
-2220.05,-2596.97
2520.73,-2083.71
-1754.28,-2355.99
3696.51,-1705.9
-4063.65,-1021.53
3095.86,446.652
-3319.1,1870.21
3608.63,3742.31
-3512.93,3197.57
2136.34,3030.19
-3313.93,1846.31
3130.71,409.142
-682.17,-2158.25
1020.75,-5061.24
221.755,-7061.31
-333.212,-6200.72
1639.02,-3742.55
-958.375,-633.352
1675.21,2434.4
-3940.12,4258.94
3149.22,6548.84
-3468.01,6298.19
4110.43,3758.72
-4362.93,-1053.89
3509.39,-3972.75
-4285.33,-5030.94
4632.65,-2522.63
-3229.11,-591.219
2975.97,1234.39
-3748.07,3524.24
2795.49,4795.23
-2252.27,3770.95
2309.96,1282.87
-2096.52,-2490.83
834.475,-4787.5
-1516.44,-3661.39
2557.17,-2230.98
-1251.34,-543.365
2227.49,-550.493
-2814.76,-405.591
3237.8,-569.016
-3502.54,-327.198
4371.4,77.7096
-5640.06,214.97
4524.79,1186.12
-4902.15,1793.12
5687.76,3391.9
-5689.18,1985.51
5226.44,1767.65
-5750.17,-73.0183
4885.3,-628.71
-3565.39,-1523.36
3031.19,-1158.91
-2126,-1143.16
556.46,805.688
620.185,2576.87
-1150.45,2184.82
1918.75,1249.74
-2349.36,-2084.92
2659.16,-2867.17
-1911.24,-3744.2
2820.87,-2928.22
-2638.03,-2206.64
1993.38,83.079
-1634.62,1008.22
861.897,3002.81
-87.5507,3296.45
-937.963,2477.16
1097.55,1997.33
-2747.58,66.1276
3269.23,-702.985
-3208.22,-2315.32
3355.31,-1960.74
-3840.5,-476.989
3342.37,1993.61
-2098.35,1611.46
2458.72,980.524
-2902.57,-1013.52
808.581,-419.997
-120.594,522.591
-544.406,1155.84
1482.27,1302.44
-1736.5,-684.283
1457.64,-1077.13
-1492.76,-2135.16
2896.57,-1896.33
-1896.73,-2809.77
1674.64,-2560.47
-2390.28,-1854.34
1813.36,755.677
-459.311,3027.91
-782.948,4918.06
314.818,4659.08
-1749.57,2902.38
2215.17,1988.31
-2104,-1468.95
2599.49,-3630.3
-1932.84,-4826.06
2296.89,-4211.73
-1409.87,-2627.3
2407.74,-506.023
-2718.75,1495.84
1163.6,4568.28
-1935.17,5987.51
1272.64,6162.24
-1249.67,4432.86
-13.4336,439.797
665.537,-3098.89
-840.73,-4860.5
2236.65,-6197.38
-1301.41,-5783.36
3275.46,-5191.68
-3709.44,-2862.53
4051.04,860.702
-4468.87,3184.22
6024.31,4134.55
-7139.31,2350.24
5575.64,2065.14
-6750.07,1271.33
6389.89,2287.57
-5547.12,-56.9548
6246.58,-1780.65
-5834,-3015.45
5184.1,-2751.12
-4363.47,-1203.55
4427.29,796.331
-3912.09,2009.94
2283.66,2615.51
-2754.92,2845.32
2787.92,2639.92
-1727.36,2033.94
1701.84,-962.957
-2048.19,-3655.42
2239.09,-4595.06
-1350.27,-4726.24
3173.64,-3908.83
-2872.91,-1527.24
2318.46,1022.51
-2950.24,3947.48
3412.21,4766.62
-3392.11,2528.86
2001.11,1688.45
-3435.78,604.581
2683.38,1611.71
-950.149,-58.2704
351.26,-1093.28
395.441,-2626.41
-1835.16,-2212.52
3074.42,-1046.53
-2903.85,-272.363
3812.64,1505.18
-5594.62,631.391
5697.82,940.092
-6100.74,-86.8804
7177.6,429.115
-7075.84,-757.319
6091.24,-885.823
-6147.39,-1617.24
6016.85,-370.554
-4206.08,-663.048
2987.19,-468.298
-3611.43,1368.56
2771.34,2822.9
-2101.09,3483.08
1670.16,2345.1
-2575.93,513.754
1807.49,-728.953
-1279.67,-356.713
2274.03,-1647.13
-2095.79,-1894.77
1782.63,-1878.66
-2424.99,-813.073
2793.92,1071.83
-3252.34,2090.21
4519.7,2405.33
-6099.21,1861.15
5680.22,833.701
-6159.52,-45.5182
6953.75,-488.362
-7126.63,-2278.91
7641.17,-2555.11
-7396.19,-2960.31
8136.93,-1576.22
-6847.65,-1645.39
6290.28,-78.7197
-6227.01,-275.223
4993.83,2316.3
-4617.97,3100.99
3670.29,3298.3
-2703.5,2712.06
906.436,915.641
248.836,-501.052
-539.971,-2373.28
1475.95,-2706.44
-1788.18,-2983.09
1978.09,-534.16
-2091.16,745.022
2078.43,2999.71
-2120.66,3628.42
1282.47,3064.42
-1421.29,1810.79
719.533,74.0893
245.664,-2434.51
818.182,-4848.68
-5.65463,-5877.47
-137.776,-5223.63
689.8,-1763.91
258.65,385.744
95.1304,1941.84
-227.372,2418.04
-1313.94,3178.03
1437.46,3115.08
-1629.4,1784.06
2207.01,-442.557
-3784.59,-1140.43
4375.53,-1648.75
-4825.19,-1504.98
6519.07,-92.0169
-6275.89,-203.595
6490.39,489.538
-7710.62,408.275
7254.64,2261.23
-6714.14,1761.9
6705.07,1729.32
-6759.66,-433.283
5630.18,-499.264
-4224.6,-1511.79
5073.43,-2357.94
-3838.86,-3598.94
3436.15,-5159.55
-2474.04,-3120.91
2359.48,-674.118
-1654.55,1613.82
1603.49,2691.35
-3395.77,4959.66
2330.53,5113.29
-3151.93,4188.35
3763.36,2307.87
-3978.62,-1079.19
4494.83,-3667.44
-4460.11,-5959.36
6228.73,-5725.69
-5872.44,-4043.38
5983.39,-1005.91
-6157.52,1941.3
4928.06,6087.84
-5587.39,6904.69
5314.44,6605.52
-5138.55,2669.56
3156.12,-1320.92
-1858.05,-4928.04
2848.26,-7067.04
-998.194,-7993.29
596.798,-5954.28
656.516,-2128.16
-535.107,1418.91
1516.4,4958.94
-2919.14,5225.08
2197.14,5578.03
-4233.58,5157.06
3732.46,3077.13
-3779.6,-197.883
4493.68,-2540.88
-4287,-4733.93
4553.46,-4797.27
-3007.34,-4028.71
4265.53,-1943.35
-3688.6,-1075.04
2153.71,1256.11
-2266.79,3322.94
1647.61,5350.07
-1088.09,4301.26
361.976,1779.81
-1350,527.912
459.991,-1968.69
1210.43,-3051.09
323.776,-4950.03
-43.8884,-4926.48
740.734,-4271.23
-478.989,-1668.44
2423.25,-100.146
-2521.34,834.876
2649.82,1623.13
-5122.17,2730.47
4851.76,4935.9
-5434.79,4459.83
6569.3,2947.96
-7439.4,-132.381
6849.22,-2280.16
-6493.5,-3571.06
8034.06,-2440.5
-6850.21,-3566.54
6432.6,-2452.59
-6290.71,-1011.88
5593.73,2357.21
-4800.17,4220.08
4376.16,4093.96
-3270.43,964.922
2038.22,-2010.31
-683.255,-4591.53
1346.8,-6063.52
996.445,-5829.5
-1307.55,-4971.3
2479.31,-1921.97
-3518.27,2018.03
4121.7,5353.05
-4431.82,6075.89
3921.94,5947.39
-5242.81,3422.67
4670.65,1591.85
-5092.98,-1178.54
5617.38,-2487.62
-4259.92,-4309.65
4363.69,-4259.1
-3239.02,-3307.63
4081.63,-1214.15
-2926.3,-206.705
2685.3,214.103
-2947.1,1376.5
2158.6,1261.59
-2328.85,2324.29
3352.68,1182.07
-3649.72,-576.552
3970.53,-2050.06
-4195.66,-2710.39
5075.99,-2631.3
-5202.42,-1878.86
6142.03,-170.945
-7235.4,997.163
6692.27,3705.69
-7597.82,4548.69
7333.07,5228.12
-7426.62,2180.58
5859.02,820.442
-6113.17,-1038.56
5999.78,-2303.98
-4304.79,-3428.34
3808.13,-3248.45
-2549.38,-3673.54
2001.91,-2126.22
-546.285,-478.796
198.577,13.8216
-86.6879,1830.45
-2591.53,3470.09
2456.76,4499.95
-3023.94,3247.8
3615.3,1673.81
-3940.69,-1025.81
2822.33,-1777.21
-2356.36,-3209.34
3934.93,-2885.56
-3802.42,-2466.27
2778.76,-1180.7
-3406.89,2429.53
2055.51,6366.3
-2236.9,7703.62
2230.1,5974.21
-3622.53,2325.8
2133.79,-1631.72
-1599.08,-3389.03
2832.75,-4720.88
-2855.82,-4639.42
2872.11,-3004.83
-3694.89,-864.304
5131.97,1696.3
-4482.24,2354.44
3968.57,1876.88
-4708.85,825.682
3951.62,595.956
-3996.54,-1526.29
3893.22,-1492.39
-3688.28,-1212.29
2723.72,145.758
-2079.96,1161.64
2075.39,2320.44
-1373.87,1791.52
-1137.51,1673.08
294.127,2370.79
-1817.13,3005.11
3378.41,2959.86
-4006.48,943.719
4009.73,-609.517
-5539.99,-1401.94
6378.08,-1231.55
-5015.1,-2878.1
6212.39,-3829.79
-6367.29,-5035.47
5899.71,-1911.2
-5406.87,645.75
6221.38,2504.87
-5491.75,1743.75
3399.33,1516.93
-4472.56,1862.41
4134.64,2175.81
-2633.37,1609.16
1913.16,204.333
-1611.93,-1803.45
721.013,-3030.62
309.13,-2099.27
895.377,-1409.91
139.383,-1037.62
-1114.65,-9.92795
40.59,2077.75
-526.393,3756.4
1019.61,4681.89
-740.378,2465.79
-204.845,75.0139
676.648,-2742.61
-165.94,-3259.2
1329.34,-3717.97
-2022.65,-3668.56
2590.59,-1263.77
-2564.97,534.79
2773.71,2742.01
-2396.54,2927.54
1732.32,3572.58
-2659.83,1860.16
1996.17,211.148
-696.461,-2770.73
364.36,-3840.61
1217.05,-4494.52
-2279.3,-2897.38
4186.94,-517.833
-4874.4,710.134
6165.94,1538.96
-8101.27,1476.84
7837.99,3215.68
-8764.57,3169.41
9244.31,3518.81
-9143.18,325.071
7847.21,-343.206
-8770.7,-1674.71
8251.24,626.049
-6046.98,-180.709
5644.34,-754.719
-4819.01,-1342.82
3387.18,-1593.46
-2374.14,-485.245
1212.06,599.945
-776.84,2313.5
-1152.97,2386.77
826.949,3123.6
-765.324,1532.46
1516.37,52.142
-618.839,-3227.44
-125.072,-4779.43
-165.172,-4542.06
160.917,-2704.08
969.078,214.356
-2052.52,2913.64
805.851,5416.56
-2311.83,7408.91
2081.48,7168.34
-2775.97,3032.57
2784.96,-1586.43
-4030.78,-4885.07
4147.71,-5115.14
-2692.34,-4725.05
3569.14,-2812.41
-2564.38,-1544.68
1282.82,1081.17
-1137.7,2493.68
489.942,4417.55
427.248,3705.86
-2600.47,2392.47
2695.53,541.56
-4104.47,-1020.46
5999.81,-1931.52
-5965.04,-3234.49
7244.99,-2309.3
-8367.13,-2538.66
8756.84,744.393
-8698.1,2159.53
8214.18,4032.87
-9089.01,3704.75
7664.82,4152.35
-7350.48,2672.98
7422.32,462.886
-6991.28,-2354.8
5636.11,-3536.29
-4837.65,-3625.19
4977.34,-2521.15
-3169.01,-1562.46
3027.27,-873.837
-2964.02,355.427
2644.88,895.582
-2962.98,1931.65
2340.3,2001.52
-2919.65,1683.71
2229.9,1073.44
-2889.48,917.509
4046.69,-385.385
-3417.75,-1587.56
3266.12,-2318.42
-3573.91,-3235.49
3308.37,-765.266
-2840.98,315.487
2441.69,2633.87
-2757.41,3501.91
1270.46,4278.63
-851.604,3905.23
-23.2431,1695.21
501.651,-1033.91
-1628.92,-2603.3
2472.4,-3163.87
-2763.19,-3285.87
5022.43,-1971.8
-5761.43,-1062.01
6109.92,247.148
-7616.15,2456.41
7621.15,3948.13
-8233.09,3394.77
8434.69,2514.48
-9394.09,-513.586
8866.02,-572.194
-8943.54,-1826.03
9963.6,-1832.1
-9143.73,-3416.51
8348.1,-2497.25
-8695.83,-439.832
7384.68,3680.35
-6193.5,4749.77
5060.47,4015.99
-5343.46,2657.97
3105.36,791.121
-2333.19,-656.704
2178.64,-1691.18
-1456.56,-2330.01
1203.44,-3071.11
-1318.94,-2231.88
1977.04,-1765.36
-1051.97,321.07
1656.03,357.796
-2788.82,1125.81
2336.99,1350.87
-3139.11,1305.48
3954.94,1852.11
-4513.99,738.229
3441.69,1243.33
-3961.14,1097.07
4310.48,2292.79
-3619.51,5.36978
2556.46,-720.695
-2289.06,-1250.32
823.71,242.006
123.155,1925.61
-1346.8,2422.93
1548,2842.09
-3439.81,1827.54
4495.59,580.731
-4031.88,-2406.33
4859.31,-3551.78
-4358.8,-5783.91
4499.29,-5264.77
-3872.68,-4331.89
4153.01,-1322.59
-3064.12,807.549
1961.48,3180.72
-1919.11,4413.62
621.033,4539.45
-383.61,3347.53
44.2791,-72.7375
-244.285,-1929.63
-144.454,-3488.33
963.381,-1814.95
168.299,-1052.41
-586.358,220.476
367.034,2170.87
-1583.59,4116.25
2031.2,4274.43
-2527.05,3168.76
3338.14,1150.89
-4412.57,-1541.29
5129.65,-2935.63
-4681.58,-4826.27
7162.4,-5903.4
-5620.08,-6664.02
5863.52,-4428.6
-5628.65,-1803.95
6158.23,2094.49
-5102.37,3179.27
5149.98,2696.8
-6770.37,2016.64
5202.47,2844.6
-4512.75,2855.54
4557.33,1815.14
-3327.83,-1577.7
2849.83,-4207.63
-2420.87,-4322.62
2621.61,-2632.52
-569.474,-592.548
-234.338,1685.33
-607.469,2933.86
-69.6402,3478.69
-67.147,4106.71
-22.8036,2776.41
-360.269,2143.05
-1096.55,-118.495
607.544,-1314.82
1496.23,-3943.85
-561.277,-6218.48
1831.85,-6303.44
-1658.09,-4855.47
2518.69,-2052.6
-1909.04,-187.185
1724.09,2689.02
-3363.08,3051.94
1831.78,4961.21
-774.609,4762.89
416.584,2906.61
422.046,-722.463
-2316.3,-3131.24
2252.34,-3610.71
-3286.38,-1811.14
5730.14,709.85
-6444.24,1755.12
6043.59,3783.59
-7682.64,4304.15
7824.31,5130.85
-8183.21,2233.92
7391.71,92.6742
-8435.24,-2341.54
8091.46,-1977.64
-6075.6,-3028.25
7602.52,-3994.58
-6472.94,-5030.54
6192.36,-4864.23
-5579.86,-3199.07
5073.42,-178.574
-3616.56,2031.4
2131.12,3810.56
-3614.6,5251.47
2603.27,5173.88
-2585.49,4388.14
2068.08,2094.9
-1966.01,-1545.22
1217.94,-3847.91
-763.81,-4219.9
2307.04,-3743.36
-1464.55,-1946.16
1484.6,-1050.6
-2384.65,2146.8
2265.55,4511.32
-3204.95,5004.35
3234.64,5025.06
-4473.6,2416.01
4136.59,-186.8
-3450.91,-2591.87
4313.4,-4480.83
-2827.74,-7301.98
2905.03,-5295.82
-1983.87,-3834.41
1109.69,436.324
151.52,3823.47
-1800.35,5665.07
1778.74,6461.84
-4383.25,4984.58
5194.25,2799.47
-5874.54,-1103.06
7061.99,-4157.61
-7517.44,-6929.86
8122.74,-4830.73
-8024.37,-3036.7
8651.51,1184.59
-8056.38,3099.4
6203.54,5116.54
-6376.98,4969.41
4890.83,4616.95
-4477.12,2013.91
3776.21,-1191.59
-3157.57,-4174.52
3212.81,-6377.63
-1611.19,-5446.41
1696.15,-3661.3
-825.269,-370.063
618.376,1859.1
-1114.63,3924.84
1111.78,3730.18
-1996.24,3690.29
2054.83,2079.9
-3635.63,688.41
3779.12,258.259
-3697.33,-1831.48
4911.71,-2979.92
-4342.01,-4027.65
4671.77,-2620.72
-4049.37,-997.877
4610.96,759.206
-4607.6,899.086
3302.37,2760.98
-4225.2,3632.96
3031.56,4698.92
-1897.81,3714.03
1489.82,824.306
-211.662,-2797.51
-506.409,-5916.38
2549.46,-7796.64
-1442.89,-7228.56
3681.79,-5143.74
-4313.09,-2028.34
4120.15,2901.01
-4309.77,5297.59
5183.49,6684.2
-6209.11,4774.46
4455.62,3341
-5559.07,1196.39
5435.75,369.06
-3863.95,-2549.37
4241.14,-4496.02
-4153.87,-4177.6
3722.68,-1957.89
-2374.36,1184.12
2798.65,2188.38
-2966.68,2418.83
1412.94,2001.86
-2273.48,1585.69
3208.22,926.835
-2561.97,-379.762
3340.11,-3620.69
-3682.28,-5494.96
4634.13,-5532.43
-4140.73,-4234.32
6668.97,-2522.4
-7124.56,-440.992
6358.84,2429.75
-8076.65,5025.16
7979.7,7376.64
-8411.07,5456.63
7232.91,4039.1
-8330.52,485.201
7799.38,-302.224
-5707.64,-3549.28
5952.76,-5240.35
-4853.61,-5557.64
4109,-3739.11
-2610.33,-1085.84
2253.7,1806.66
-441.984,3616.91
-918.467,2522.67
-334.88,3115.76
-757.09,2073.6
2153.08,451.186
-1563.68,-2213.97
1536.05,-4147.84
-1877.51,-4293.88
2573.35,-2625.59
-460.163,-1423.29
1176.95,-762.105
-2396.58,153.929
1073.08,2912.83
-1515.26,5588.16
1254.42,5596
-1055.31,3547.16
920.344,98.1677
-2503.63,-2458.11
3404.05,-3752.13
-2094.82,-3525.27
2340.84,-2764.73
-3009.9,-1571.3
3278.46,264.235
-3324.59,2017.12
4734.39,2813.94
-5724.49,2271.7
4649.76,1633.81
-5647.43,104.644
7069.17,-1727.91
-6195.41,-4467.93
7662.3,-5724.02
-7786.51,-4909.5
7826.26,-1724.96
-6886.34,844.539
7475.92,2909.08
-8286.92,1977.78
6898.76,3528.25
-7132.65,4167.91
6862.34,4266.67
-6244.77,2341.17
4861.15,-107.098
-5058.97,-2672.68
4518.75,-2652.31
-2495.54,-1882.03
2313.29,-510.581
-981.282,245.222
-230.078,263.045
608.183,452.593
-819.233,23.7915
1296.17,239.282
-1885.03,-208.459
1387.82,629.013
-1514.37,298.835
2896.35,-741.622
-2427.49,-3139.41
2427.26,-3926.12
-2589.56,-2880.35
3541.82,-1572.95
-2988.71,-43.2996
2654.65,759.394
-4246.56,2946.66
3581.78,4472.58
-4694.85,5482.31
5305.85,4777.59
-6407.31,1881.38
6111.98,-280.703
-7022.76,-3092.9
8064.99,-3522.58
-7103.48,-3752.44
8213.98,-3048.22
-8789.62,-2026
8881.61,404.29
-7982.7,1499.09
8427.46,2137.6
-8413.6,221.79
6927.28,350.608
-6728.45,185.345
6412.14,582.719
-4327.13,-1451.34
4356.61,-3066.15
-4291.09,-2913.38
3318.18,-659.066
-1909.39,1331.83
1842.38,1809.67
-1393.67,2222.96
-329.945,1488.06
347.82,1988.24
-215.213,1654.99
1026.41,792.918
-610.118,-1688.95
-349.318,-2761.96
529.614,-2772.02
152.059,-1731.6
2210.97,-1262
-1951.41,-1159.69
900.422,-372.59
-2199.14,1515.81
3253,2946.51
-2678.21,1541.26
2183.87,380.707
-2237.11,-1929.06
2377.44,-1694.12
-869.157,-2867.26
1255.63,-3188.23
-717.169,-2720.09
-1193.05,-557.94
1432.83,2852.75
-2157.51,5474.53
2974,6474.53
-4706.36,4599.41
4041.19,1986.47
-4853.41,-1608.25
6075.81,-3056.55
-5359.93,-5374.22
5304.32,-5265.75
-4645.68,-3932.74
5325.62,-1261.57
-3494.88,-386.281
3050.87,1295.06
-3574.25,1949.49
1401.47,3656.71
-762.618,3902.95
164.272,2281.79
-366.497,1156.31
-1166.69,-535.083
1302.61,35.2421
8.90527,-1650.12
823.716,-2431.22
-724.764,-3279.39
231.046,-2627.74
537.917,-1439.39
-764.245,1202.67
1555.1,3102.65
-3313.56,3587.01
2562.64,4140.09
-3537.51,2729.67
5308.96,667.876
-5240.9,-2570.34
4711.09,-3895.2
-5686.66,-3351.21
5465.85,-106.08
-3798.66,933.003
3928.37,1337.39
-4872.15,992.789
3840.26,2506.82
-3031.88,2502.05
2873.79,569.033
-2339.61,-2214.5
745.009,-3353.99
-766.303,-2682.68
2252.03,-2487.53
-151.979,-986.436
413.168,-1397.19
-1031.24,-1010.58
554.884,-219.234
-1631.18,1925.93
2482.1,3709.09
-3909.95,4754.45
2851.68,4656.25
-4460.44,4230.1
6012.24,2218.35
-6119,-1492.4
6361.5,-3627.46
-7168.08,-5818.17
8365.39,-4318.19
-6641.2,-2858.52
6955.63,-599.456
-7437.89,428.044
6065.9,4224.35
-5774.4,5029.61
4737.21,4618.01
-4355.04,2186.86
3202.38,-1025.84
-2256.67,-3805.94
2095.62,-5440.08
397.782,-5418.59
-149.498,-5288.96
497.567,-2955.43
-510.707,-376.812
-391.802,4879.28
-244.122,7369.14
-506.153,7710.55
-977.557,6623.93
-1279.8,4273.97
1631.8,934.291
-1814.64,-2321.5
2566.49,-5105.51
-2894.97,-5641.39
4180.64,-4349.84
-3761.23,-3237.82
4908.17,-333.632
-5189.8,1043.29
4378.76,3247.84
-4359.8,3447.3
3495.35,2388.1
-3488.28,570.534
3111.68,-191.261
-3035.95,-2697.29
2671.38,-3131.84
-1263.92,-2113.26
572.127,-737.325
-474.395,1115.97
-760.634,2363.4
878.595,4287.21
-1912.63,4641.56
1226.01,4116.12
-2615.42,2597.88
2053.49,1186.47
-1150.79,-1683.9
1802.61,-3887.41
-1182.53,-5972.96
1504.07,-5555.02
-274.142,-3437.9
275.806,-574.112
289.368,1239.56
-1029.62,2507.91
-93.7704,4829.51
-969.243,5425.2
208.732,5234.81
-53.0359,1911.22
-405.955,-850.02
1074.1,-4639.6
-1587.35,-5668.44
3418.77,-4602.58
-3674.5,-2468.09
5132.41,-211.698
-6287.5,1683.69
6375.99,4188.58
-8097.32,4671.27
8873.52,5135.37
-9795.14,2450.46
9199.28,302.163
-9883.94,-2440.55
10480.7,-2925.75
-9133.74,-4537.35
8869.46,-2850.85
-7516.51,-2273.23
6940.66,202.144
-5567.93,660.978
4018.54,1960.9
-2521.45,1534.03
463.698,1377.98
-142.599,1806.12
-523.76,159.279
1857.07,78.3654
-1594.27,-3059.42
1529.59,-2550.19
-1888.61,-2265.41
3635.16,-1361.17
-2334.76,-1264.19
1190.68,-248.245
-1386.88,1313.13
-419.452,4340.87
528.098,6297.63
-854.648,4323.28
541.486,3260.88
-1299.48,-448.981
1381.28,-3033.11
643.958,-5147.61
-93.0232,-6256.82
1334.67,-5553.22
-2340.17,-3348.95
3067.1,-394.852
-1477.72,2444.65
2359.75,3116.55
-4628.41,2844.8
3935.29,3774.89
-5415.99,2649.87
6775.52,681.761
-6523.92,-2133.68
6300.48,-3863.72
-6448.45,-3907.47
8082.35,-1816.62
-7010.3,-1142.81
7049.09,-302.419
-8384.71,799.13
6694.03,4076.54
-6408.33,5200.41
6617.43,5876.46
-6370.16,2609.12
4306.63,-239.259
-4052.38,-2890.28
4522.87,-4717.02
-2118.97,-5293.32
1964.95,-5147.07
-1209.01,-3394.79
1102.17,-727.19
-146.853,2402.57
-415.938,3652.51
-341.969,4529.1
-976.665,3356.48
-76.9705,2835.18
1459.96,212.151
-1491.57,-2261.6
1808.67,-4010.88
-2383.43,-4443.65
3150.43,-2423.04
-2768.43,-119.224
3150.25,1995.64
-4602.69,3360.46
4112.65,5147.2
-4090.33,3861.15
3509.1,2843.39
-3308.8,-1088.48
1710.17,-2062.38
-1488.08,-2370.67
1007.1,-1998.52
1223.93,-1016.01
-1880.25,-886.919
2366.21,-328.152
-3211.3,293.772
3955.78,1007.66
-4550.18,233.225
5066.44,77.5263
-6244.08,-1306.35
7054.76,-1083.78
-5821.77,-2118.89
6578.31,-2481.3
-6339.89,-2386.91
5867.9,-1334.59
-6329.35,421.142
5760.95,3933.63
-5462.68,4779.38
3692.36,5887.22
-4149.02,5153.67
2930.01,3907.83
-2777.57,1699.43
2278.55,-1534
-2094.75,-3191.39
1186.67,-3490.29
200.58,-2618.2
968.621,-2076.09
-613.675,-834.469
558.664,-976.864
-796.049,361.862
474.073,929.906
-1156.7,1061.63
1357.06,1467.32
-2163.46,341.463
1507.86,653.994
-1236.18,-146.005
1512.53,-1126.58
-761.803,-2237.78
-307.862,-1969.23
6.46861,-1297.64
-155.305,965.996
1603.62,1520.25
-3032.46,1534.8
2344.39,3102.2
-4628.17,4367.59
4526.41,5106.94
-4831.38,2885.45
5168.43,526.723
-6323.73,-1910.43
6085.46,-2372.37
-4453.97,-3769.55
5890.09,-3580.32
-5261.27,-4256.12
3841.2,-2166.65
-3582.58,468.709
3359.36,3617.49
-2260.69,5072.31
519.297,4406.93
-1267,2601.67
824.746,-505.309
950.779,-3056.04
139.577,-6079.38
-508.585,-5344.2
-167.445,-3431.64
3.73596,1242.9
1988.73,3795.82
-2473.86,4333.29
1874.01,3834.22
-4515.95,3958.08
4521.25,4399.11
-3980.04,904.438
4308.02,-2038.97
-5242.33,-5245.8
5021.15,-4124.35
-3712.8,-2307.66
5727.12,-724.083
-4131.94,-1525.96
2510.71,-1444.81
-2775.19,-755.029
2160.39,1076.43
-716.247,2579.17
657.987,1576.13
-890.744,698.964
-727.313,-337.008
627.056,402.877
736.868,284.683
-533.16,-700.088
-284.975,-1142.15
-561.58,276.423
1342.7,858.9
-680.906,1364.4
1333.01,320.737
-2778.13,-924.06
2409.6,232.055
-2075.65,171.793
3028.07,27.9911
-2974.47,-788.437
2914.24,-1224.94
-2761.95,-1803.33
3881.44,-2049.67
-3156.81,-1639.2
3100.48,-935.584
-4174.86,26.9271
3681.23,2029.99
-2717.49,2840.18
2574,2691.97
-2472.12,929.078
1045.73,525.919
-386.204,-1143.94
882.414,-1773.24
352.961,-2865.11
-1150.07,-3387.78
1589.14,-1410.55
-2002.63,1159.17
3324.72,3248.28
-4275.72,2665.38
3809.3,2620.04
-4857.65,1168.71
4964.75,746.253
-4893.94,-203.101
4187.58,-68.1873
-3885.77,-983.975
2546.44,-336.26
-1242.31,-449.126
1519.07,-837.413
-912.555,-1351.09
376.592,-1450.17
-429.07,-619.598
313.898,-868.388
-66.4283,271.948
98.5684,-425.012
-1257.05,1025.89
1414.68,1617.36
-1909.6,2686.13
2696.21,1289.88
-4505.5,-28.9059
4462.66,627.566
-6354.04,471.292
7202.75,2313.94
-8100.31,2479.31
7709.63,2907.82
-9061.03,1696.89
8803.36,1441.37
-8010.51,-1104.18
8102.01,-2372.67
-7166.76,-4531.49
6378.99,-4010.96
-5266.69,-3269.75
4942.17,-975.643
-3383.04,315.33
1949.86,1537.91
-2025.94,2803.63
726.631,3549.55
-782.217,4531.08
207.205,1685.19
160.029,-517.487
-910.602,-2641.67
1137.42,-2556.15
-277.852,-2107.98
174.874,-556.43
214.952,598.474
-1185.03,1848.46
1503.22,2622.43
-2135.53,2585.92
2141.02,3042.84
-2954.94,1678.96
2943.55,308.792
-2588.35,-2127.5
3381.23,-4459.5
-2420.47,-4959.18
2606.42,-3066.05
-2287.75,-1793.13
2324.54,1172.78
-426.853,891.185
-627.864,680.218
358.538,1184.03
-2048.1,2195.74
3312.12,2885.58
-3882.89,1472.52
4643.58,-948.547
-6057.07,-2594.16
7037.48,-2010.33
-5824.77,-2914.56
7707.95,-1876.41
-9109.19,-1216.58
8306.96,1189.88
-8920.2,3036.98
8323.54,5346.09
-7528.82,4723.7
6331.12,3648.33
-6167.4,-295.413
6366.6,-3268.55
-4444.16,-6256.03
4637.69,-7753.85
-3105.27,-6996.84
2719.29,-4088.89
-1562.99,546.741
3104.05,3069.56
-2571.18,3945.76
950.621,2420.09
-1890.14,2953.13
1323.4,2752.45
-1237.74,901.097
2646.84,-1814.27
-3219.71,-3560.18
4441.26,-3672.55
-3713.1,-2787.1
5025.54,-1254.34
-5117.85,-307.821
4601.13,2247.2
-5735.04,3474.68
4762.5,5476.65
-4270.11,5610.99
4131.52,3725.62
-4456.27,-127.714
3196.3,-2339.66
-1497.49,-5925.81
2922.62,-7274.32
-200.674,-7886.2
-353.196,-6898.94
1179.79,-1988.99
-1327.78,2116.79
2730.3,4477.34
-4076.55,4517.01
2764.31,4536.92
-4398.06,3941.57
4397.57,3131.02
-4125.82,-66.7272
4280.17,-2165.77
-5127.56,-3945.48
4397.31,-3024.84
-3230.81,-478.574
3952.45,1524.49
-3597.5,1798.67
1975.09,2627.74
-3625.05,3297.85
3344.04,3333.39
-2573.11,2250.26
1771.54,-296.927
-2632,-1964.93
2585.19,-2625.48
-1595.28,-2597.48
3099.77,-3255.63
-3838.06,-2635.85
3383.08,-1103.78
-3661.46,888.563
4016.9,2953.43
-4366.63,2970.9
3115.83,3690.78
-4894.55,2996.4
4802.45,1593.6
-3553.87,-902.458
3450.83,-2522.39
-3558.26,-4261.74
2308.29,-2247.24
-1309.09,-86.4912
1740.53,1313.98
-1071.56,2165.56
-1725.12,2870.37
1181.96,4450.22
-1864.49,4934.85
2746.43,2998.44
-3249.67,-978.267
2987.95,-3901.64
-3995.65,-4789.45
5551.4,-2526.35
-4859.82,-1299.92
5401.99,-495.302
-5988.8,289.556
5366.72,1620.55
-5237.24,1905.53
5321.02,2958.73
-5777.71,1693.76
3970.73,1079.3
-4465.02,635.028
4615.1,-28.2528
-3346,-1557.84
3875.11,-2880.13
-4134.22,-2532.97
3827.06,-1618.94
-3438.7,-97.638
3192.14,1238.49
-4348.77,3121.25
3181.66,4326.87
-3923.07,4952.82
4392.03,4257.85
-5125.54,1290.84
5779.7,-2696.57
-6134.13,-6133.73
7038.27,-6720.35
-5134.92,-6864.82
5976.23,-3698.25
-6182.67,-183.629
5216.92,3693.7
-4997.31,5781.21
4220.24,6937.42
-4284.63,4306.41
1892.96,2676.77
-1776.83,654.554
902.527,-726.42
1204.73,-3307.4
-2250.51,-4974.61
3947.41,-3654.72
-4741.04,-2101.1
6617.51,437.91
-6328.76,1397.84
6429.23,2037.74
-8684.13,1363.5
7864.64,3685.37
-7632.2,2661.37
7836.51,1922.15
-6873.84,-1417.2
6236.27,-3540.17
-5879.91,-4494.75
6048,-3598.57
-4060.41,-2425.63
3110.11,-859.398
-3436.54,1677.42
1859.83,4559.4
-1610.19,6664.85
1124.29,5216.27
-2055.97,3289.13
895.639,-230.705
-1994.28,-1806.52
2890.61,-2628.24
-2334.67,-3443.79
3427.82,-3687.75
-3614.58,-2917.71
3865.53,-1211.67
-4557.13,1412.09
5123.97,3418.08
-7127.79,4061.49
6692.67,4118.76
-8112.44,2553.03
8486.5,1572.4
-8277.89,-1415.47
8174.03,-3000.25
-7961.8,-4532.12
7347.88,-2826.68
-6242.09,-2150.3
6214.16,350.668
-5747.06,1561.71
2998.79,5095.19
-2222.3,5480.65
601.482,4364.54
389.464,2175.22
-2345.19,-1754.76
3317.95,-2818.66
-3792.93,-4131.25
6074.37,-3646.1
-5872.38,-3666.84
5996.57,-1222.36
-6974.69,836.159
6191.09,4638.66
-6228.57,6068.97
5733.23,6302.5
-6623.23,3610.98
4228.5,1315.76
-3125.34,-917.378
3992.91,-3784.13
-2961.43,-6299.3
3712.84,-7393.52
-3422.08,-5045.4
4552,-2532.52
-3260,454.473
3586.06,1833.31
-5236.47,3515.01
4810.99,4530.76
-6494.72,5138.15
6742.1,4427.93
-8079.23,2303.18
8248.94,444.941
-8732.06,-3157.07
10235.7,-3482.91
-9827.44,-4027.42
9683.49,-1952.13
-9486.26,-568.71
8973.95,1682.04
-8150.43,2203.95
7647.59,3185.06
-7507.93,1724.68
5751.73,1396.55
-4327.43,-374.538
4708.38,-3673.58
-2421.37,-6781.49
1273.71,-7012.62
296.874,-4489.5
-165.046,-680.386
1661.78,2890.15
-3124.95,3984.66
1497.02,6431.35
-3551.81,7223.18
4007.54,6384.05
-4120.54,2771.88
4265.68,-1305.94
-4613.31,-5239.03
4865.6,-6824.21
-3308.57,-6976.44
5178.05,-4575.98
-4421.66,-1917.25
3715.05,929.932
-4314.34,4830.89
3907.26,7076.32
-4165.39,5940.6
3615.37,3074.92
-5377.29,-226.683
5058.37,-2009.14
-3963.68,-2969.58
5171.67,-4430.24
-4810.18,-5154.49
5345.02,-4027.77
-5030.52,-1914.11
6014.18,867.476
-6258.6,2357.78
6213.52,2904.63
-6953.61,2334.32
6218.48,1845.78
-6352.66,303.059
6713.32,-9.45911
-6151.17,-1559.03
5854.06,-2180.09
-5678.59,-1936.25
5912.04,-457.748
-4572.12,-294.892
3274,1542.23
-2903.41,2063.72
1925.02,2813.33
-1049.25,2436.86
238.322,478.81
1271.65,-1640.6
-2265.57,-3003.98
3759.38,-3426.65
-2583.28,-4634.37
3829.69,-3598.77
-3513.61,-3204.84
3966.98,-511.233
-4402.33,1342.2
5122.44,3154.46
-5480.91,4223.28
3543.62,4419.26
-4366.94,3964.49
4069.21,3079.86
-3521.9,158.192
3884.15,-2673.5
-3055.22,-4653.23
2622.94,-5134.37
-1713.77,-3538.87
3393.12,-1846.51
-3443.56,-837.555
3036.35,1061.26
-4122.19,3671
3845.18,4708.16
-3589.52,4261.48
3494.46,1039.36
-4571,-2267.39
5608.99,-4587.7
-5596.74,-5120.97
7233.92,-4046.66
-6573.83,-3622.91
5907.47,446.969
-6082.64,1914.19
5452.87,4708.01
-5020.45,5298.47
3253.86,5148.04
-3694.59,3288.53
1761.29,1581.75
-138.334,-1322.76
-1186.53,-2444.21
2461.42,-3133.91
-3891.97,-2675.79
5759.9,110.692
-6371.07,-93.0988
7594.15,1089.78
-8439.16,296.126
7571.91,652.921
-7266.53,-24.8515
8068.76,-15.3719
-7880.36,-2230.51
7543.76,-2330.76
-7200.03,-2663.32
7548.12,-1574.86
-6729.26,172.769
5801.35,1011.36
-6046.86,2478.62
4777.07,3867.57
-5454.66,4621.91
4980.75,4198.32
-5316.88,2495.83
4895.4,212.339
-4515.81,-2741.19
5097.44,-3934.8
-3641.73,-5423.24
4336.64,-5296.07
-4068.09,-3337.54
4148.28,-303.866
-4147.43,3269.78
3480.93,5128.26
-3888.98,5398.61
2763.04,4911.35
-3669.54,2811.33
3400.13,147.663
-3130.98,-2283.12
3261.82,-4115.95
-2851.53,-4811.33
3597.24,-3713.99
-2798.03,-2589.73
3493.55,-368.168
-2348.16,74.7066
972.275,1232.57
-1354.63,2635.59
-190.044,3725.32
763.879,3245.31
-2181.39,2770.12
2776.81,463.207
-3936.07,-978.521
5885.43,-2195.28
-6200.23,-3944.14
6600.91,-2535.61
-7416.97,-1893.54
7180.07,2172.86
-6425.16,2180.68
6035.35,3625.58
-6511.36,3654.09
4045.58,4087.21
-3695.72,2060.13
4172.87,-1292.56
-2717.53,-4284.63
2215.65,-7202.79
-1776.44,-5031.76
2509.66,-3252.14
-353.187,-800.299
1531.97,-878.288
-3794.89,919.56
3070.25,3434.8
-4800.01,6043.17
6452.37,6979.92
-8248.96,4597.74
6954.39,2035.93
-8830.02,-968.273
9452.46,-257.532
-7850.26,-2350.1
7929.36,-2684.65
-7263.64,-4230.65
7183.12,-3619.24
-5857.7,-2817.22
6091.15,-242.569
-5065.61,631.839
3388.08,1060.31
-3122.62,2271.6
2954.16,1254.96
-1773.93,540.935
1513.12,-2225.55
-1364.09,-2731.01
1457.23,-2336.35
-1138.73,-1487.48
2748.29,-987.825
-3988.35,482.969
3497.43,2962.82
-4904.61,5902.41
5025.97,6808.8
-5701.19,4458.89
5560.16,2081.9
-6840.92,-1221.49
6921.86,-2786.15
-5470.77,-4529.27
6689.99,-4542.86
-5660.45,-5389.64
4959.65,-2841.24
-4470.91,-843.572
4524.44,2285.37
-2806.24,3208.54
1124.06,2065.27
-1713.84,1590.97
501.567,423.229
890.547,-503.036
-1155.14,-1853.68
1674.04,-2771.23
-2127.45,-3204.64
2712.04,-926.909
-1964.99,87.902
2094.9,1209.7
-3202.99,2494.9
2099.11,3450.03
-2302.57,3625.51
2287.62,2922.97
-2193.3,964.253
1450.8,-475.552
-1773.55,-1826.51
2892.19,-2877.99
-1211.03,-3750.65
1017.07,-3798.4
-1046.97,-1891.68
596.175,1373.52
86.7161,2798.49
797.031,2511.64
-1412.98,1836.4
-203.425,614.172
-267.777,883.644
1577.94,-174.831
-664.699,-2248.84
1730.67,-4799.15
-2664.02,-4750.35
3377.22,-2800.13
-2537.79,96.4653
3349.74,2561.36
-4730.15,2991.01
3547.73,4449.21
-4551.47,4113
5083.05,3913.98
-4786.02,1446.6
3339.24,-573.338
-3389.49,-2920.97
3150.43,-2890.56
-1387.35,-3023.52
1259.26,-2197.16
-607.295,-492.336
-510.749,769.339
1086.75,2526.94
-1550.63,2431.34
1012.17,1958.06
-1623.21,-40.9206
1548.62,-827.203
35.2946,-3339.69
-243.594,-3010.69
1613.84,-4265.16
-2437.78,-3699.06
4386.69,-2158.4
-5166.65,-507.6
6777.99,1604.77
-8635.88,2823.53
8350.96,5440.85
-9989.21,5207.58
9394.04,6176.95
-10385.9,3065.42
9283.83,2458.68
-9490.05,118.018
9460.65,-613.154
-6986.85,-3586.47
6572.29,-5663.86
-4832.33,-6224.64
3789.33,-3929.05
-2888.27,-140.945
2479.1,2248.15
-1090.59,3929.53
-511.434,3167.89
308.344,2235.6
-582.645,-72.848
1628.75,-2340.21
-680.249,-5367.06
857.793,-6175.7
-1257.41,-4973.04
1615.42,-1045.49
-226.185,2388.01
2.12659,4438.74
-1239.76,5930.38
-1412.18,7037.51
194.841,6841.76
56.8136,4125.14
141.604,214.574
-1052.83,-3695.3
665.877,-4523.67
1020.61,-4879.67
1093.84,-5148.99
504.679,-5070.07
-1544.55,-2897.22
1524.28,65.3524
-2069.71,3836.62
3470.33,5369.54
-4788.59,4499.66
4103.22,2417.88
-5927.13,-70.1924
6855.74,-879.448
-5623.59,-3226.15
6620.04,-4395.04
-7821.94,-4467.3
7766.15,-1551.79
-6902.49,1007.09
7502.41,4026.95
-8219.29,3973.92
5746.41,4891.48
-5593.68,3921.25
5580.29,1607.57
-4947.79,-1204.28
3716.64,-3415.96
-3632.96,-3465.41
3364.91,-1937.9
-1712.81,-1065.92
1871.79,100.445
-1804.06,880.234
314.4,1052.79
31.4871,2193.18
297.207,1373.98
31.6363,-418.801
-579.224,-2499
-418.273,-2519.88
1715.29,-1988.86
-109.15,-1508.6
558.073,-1944.86
-1167.7,-1414.33
671.69,591.232
-1070.86,2534.14
1126.77,4567.76
-2119.09,4503.97
121.329,5184.98
-709.011,4213.32
254.126,2637.3
595.916,-354.134
-934.264,-3064.24
1503.09,-4721.11
-1945.41,-5194.63
4176.26,-3987.62
-3894.23,-2314.4
4831.63,-893.347
-6505.62,1368.82
6697.97,3814.48
-7171.74,3715.42
7728.09,2840.67
-8601.67,-354.904
7003.58,-565.294
-6801.58,-1502.9
7526.29,-969.792
-5940.58,-2914.25
5189.93,-2538.18
-5308.65,-1323.59
3826.24,2094.93
-3405.59,5254.23
1933.3,5800.32
-1909.8,5199.35
-247.69,2500.34
708.339,474.733
159.923,-3007.82
625.586,-4570.76
-118.043,-6360.29
-379.8,-5744.82
1617.48,-3439.2
-790.683,-424.662
1984.37,1994.8
-2714.77,3044.08
2189.1,3823.68
-3438.63,3683.95
3174.97,2608.73
-3683.89,300.899
3590.16,-614.358
-3897.79,-1724.88
4360.22,-556.676
-2931.83,-913.374
2384.91,-836.092
-2206.78,-694.624
841.58,870.009
738.09,998.008
-1699.69,1804.2
2404.72,1852.61
-3961.07,1246.83
4190.67,1218.71
-5232.68,-265.222
6702.08,-967.282
-7013.75,-2713.36
7516.28,-2213.16
-7400.92,-2850.04
7560.82,-665.206
-6676.05,-762.404
6336.69,-98.8514
-6905.57,342.406
5980.86,1513.04
-5297.17,3058.39
4855,2123.44
-4230.35,-258.173
3128.29,-1190.06
-3653.36,-1105.57
4115.58,-1327.76
-2976.5,-754.106
3218.99,-1049.13
-4287,375.553
3948.24,2275.11
-5446.48,4059.24
5882.6,4848.97
-6957.78,3990.05
6746.41,1601.04
-7370.77,-923.851
8257.1,-2565.4
-7525.48,-4865.29
8638.72,-4419.97
-8876.52,-5328.68
8644.42,-2344.13
-6758.04,-552.323
6876.82,1907.63
-6147.7,1820.43
4132.83,2537.19
-3097.86,1751.5
2203.88,42.2226
-975.5,-1301.43
-779.783,-1956.14
2063.25,-844.727
-2713.49,128.772
4527.28,1044.98
-5452.38,852.422
4866.96,2423.72
-5529.02,1787.14
5645.32,2453.2
-5099.51,1046.25
5092.3,-54.667
-4925.81,-2009.93
3843.14,-1705.62
-1405.81,-2911.26
2943.73,-4180.44
-1302.11,-5365.83
917.384,-5420.57
-623.431,-1319.04
1073.83,945.865
-16.6343,3332.28
-422.114,2874.7
-1694.3,3512.74
1779.79,3878.13
-2320.58,3509.29
3334.17,1115.37
-4100.28,-1571.19
4862.63,-3652.68
-5396.71,-5449.62
7757.48,-3610.41
-6990.53,-2517.67
7558.42,-350.025
-8673.8,1561.97
7984.34,3672.72
-7707.67,3739.41
6926.17,4644.39
-7007.6,1885.05
5995.74,3.72321
-5032.57,-2251.41
5518.43,-4341.93
-3364.98,-6795.81
2351.15,-6161.5
-1312.42,-3040.61
833.339,987.136
741.654,3752.34
-1772.25,4058.74
1304.63,4645.77
-3334.34,3120.62
4483.09,1343.61
-3704.57,-2091.96
3432.52,-4194.61
-3227.32,-5207.91
3174.19,-2873.14
-2575.7,-847.645
3818.98,1357.98
-2728.29,2106.38
1422.04,1942.03
-2137.5,2371.88
1449.73,2823.5
-1062.18,2554.22
1067.99,144.183
-1748.62,-1468.67
1969.1,-2559.92
-960.431,-1478.91
2265.68,-1422.03
-2925.83,-1627.9
3673.62,-1256.15
-3881.48,-1339.49
5497.89,-1615.77
-5293.92,-1359.17
6057.48,-563.902
-7216.58,143.882
7508.77,1473.22
-7340.21,189.115
7760.2,169.96
-7796.49,-572.969
7072.05,829.568
-7199.9,1753.1
6539.51,3265.52
-6061.49,1889.94
3975.56,1775.08
-3841.02,1044.77
2982.93,1297.24
-1647.74,1493.66
1244.01,-833.499
-230.462,-2991.46
-897.31,-4733.17
1854.5,-4061.03
-595.32,-3559.7
1922.2,-2221.14
-2212.92,-1083.38
1507.69,1486.65
-2086.47,2672.6
1307.06,3960.74
-1534.89,4158.03
174.842,2980.06
-547.387,2038.92
516.702,265.357
405.388,-2632.98
845.266,-5469.21
-1078.88,-5134.95
143.012,-2799.18
-313.263,1436.78
1660.13,4303.12
-2133.27,5417.02
524.001,5382.7
-2499.36,4777.82
3482.79,2670.19
-3624.33,-753.995
4157.98,-4093.51
-5053.47,-5937.33
6005.79,-5225.97
-5256.89,-3583.52
7774.07,-1548.93
-7661.01,-304.803
6859.11,1262.89
-8030.77,2006.66
8664.58,3248.69
-8141.92,1717.28
7082.14,1179.03
-8389.7,-304.838
7946.47,511.898
-5609.33,-534.396
5371.42,-1485.37
-4998.62,-2693.67
3946.54,-1928.32
-3037.08,260.708
2426.87,2119.26
-2450.51,4230.97
581.998,4373.9
-1438,4575.13
1346.49,2734.53
-213.218,-50.011
448.336,-3464.02
-621.397,-5799.54
899.468,-6291.98
-232.23,-4471.44
2108.62,-2544.56
-1956.46,-1009.54
1579.63,1639.68
-2400.34,4243.23
1471.42,6324.97
-2032.39,5276.2
922.935,2839.91
-1850.77,276.562
1042.82,-1122.33
483.124,-2851.14
-72.4874,-2950.36
876.251,-3591.32
-1651.49,-2669.39
2163.64,-592.736
-3295.93,1659.23
4191.88,4270.77
-5183.37,4445.42
4428.18,4434.53
-5623.45,2332.45
5788.17,173.477
-5804.73,-2418.12
6166.3,-3520.44
-6303.31,-4310.89
6574.2,-2467.71
-4723.69,-1501.94
4468.39,-204.516
-4416.19,486.243
2686.52,2785.07
-2344.91,3696.01
1986.95,2698.49
-1833.87,1588.75
581.515,75.4604
-543.864,-1057.7
822.323,-2091.95
-23.8839,-1507.65
-38.5884,-1960.68
-533.781,-166.504
331.248,1177.8
-1158.36,3299.31
1845.89,4045.73
-3168.68,3222.48
2472.82,2508.23
-4205.02,1000.01
5339.82,-285.076
-4903.06,-2342.09
5294.03,-3978.27
-5195.32,-5436.41
5757.76,-3187.21
-5148.11,-1567.25
5066.88,575.806
-4933.15,1445.6
3745.82,2987.87
-3713.24,3145.41
2877.23,2645.01
-2689.95,1683.43
1149.95,924.742
-764.628,-694.922
80.3821,-1813.86
1140.89,-1417.94
-1421.77,-1549.7
1774.87,-222.054
-1512.06,192.319
1591.2,788.58
-2126.36,898.764
2025,1268.58
-2254.3,1084.83
1423.3,1728.25
-760.155,936.092
1560.56,-623.259
-694.549,-3150.74
424.296,-4684.58
147.813,-3129.29
-171.592,-1155.37
990.353,591.95
-273.907,881.048
-879.308,2389.84
862.049,2873.49
-1252.97,2863.63
1503.95,1593.52
-2022.38,297.889
2756.15,-1824.41
-3846.35,-3145.34
5717.25,-3108.9
-4869.74,-2947.86
5816.37,-1246.36
-6798.63,-221.869
6018.24,2759.31
-6781.84,3818.52
7568.25,4237.84
-6655.41,1211.43
4630.88,-244.767
-4405.55,-1493.7
4786.92,-1776.21
-3310.07,-3577.23
2818.71,-4379.18
-2154.02,-2845.78
1749.24,-1038.19
-134.976,1660.75
275.383,2389.22
-414.53,1953.74
-1452.9,1407.83
746.7,1554.3
-1030.02,1076.64
1646.23,1497.03
-1262.79,522.492
203.955,-879.096
179.229,-1713.58
786.432,-2052.97
312.357,-2821.72
-1348.24,-1828.5
577.955,531
-718.496,3100.54
1487.03,4071.12
-1371.43,2044.53
1214.3,64.5148
-2444.54,-1463.71
2723.22,-1368.29
-630.802,-3347.53
374.965,-3512.21
-43.2651,-3154.39
-847.944,-885.03
2620.67,1096.88
-2629.36,2397.48
3139.08,3106.74
-5881.95,2688.81
5501.79,2843.29
-6597.65,2632.95
8250.54,1303.67
-8180.4,-1995.61
8697.79,-2985.73
-9785.98,-4030.51
10570.1,-1723.61
-9035.71,-1083.33
8540.17,-207.213
-9553.51,728.532
8167.01,4219.11
-6839.43,4577.55
6295.35,3710.36
-5675.84,-440.729
4361.92,-3759.89
-3037.32,-5461.9
3403.31,-6530.25
-958.616,-5120.5
1317.46,-3630.21
-938.876,-625.628
217.999,1752.15
-400.445,5035.39
293.484,5972.15
-1725.71,6331.23
669.907,4245.27
-1717.57,1871.38
2886.67,-412.549
-2974.53,-3494.44
4007.8,-5071.64
-4002.23,-5124.28
4841.6,-2611.38
-3540.81,-1172.36
3857.64,993.745
-3497.64,973.35
2841.6,2054.38
-2369.23,1692.5
1417.15,1555.74
-1118.38,865.81
-546.176,314.548
2032.65,-867.465
-2098.75,-2117.85
4003.33,-2905.83
-4211.83,-3799.83
5066.63,-1983.1
-5904.38,-1060.38
6301,1056.7
-6802.99,2430.82
6603.63,3546.24
-7185.96,3342.26
6833.56,3377.9
-5959.43,168.382
6138.14,-2470.5
-6143.02,-5013.84
5104.51,-4388.04
-4362.8,-1392.04
4209.13,1873.72
-2658.37,2838.84
1865.59,2985.37
-3397.2,3567.65
2287.2,2943.65
-1858.93,1983.82
2460.4,-1711.66
-2431.07,-3855.93
2633.43,-5251.22
-2911.83,-4110.4
5128.44,-2169.27
-4690.52,-882.167
5372.41,-347.68
-6811.08,443.716
6601.45,2694.34
-6760.75,2724.93
7453.57,3711.43
-8167.44,1351.39
5773.69,1214.93
-5741.13,847.18
5901.29,1137.52
-4200.15,-671.201
2997.34,-1484.17
-2300.42,-1850.23
1591.87,-1304.91
297.248,-631.101
-700.243,-1318.12
981.102,-186.736
-2806.51,899.66
3257.63,2779.92
-2250.56,1718.24
2750.31,327.546
-2733.52,-2680.74
1868.63,-3519.87
-956.575,-3432.92
2319.49,-2790.03
-675.777,-2674.23
-461.648,-1631.42
70.569,1366.82
-1231.99,4843.56
1290.47,7287.9
-1750.94,5935.39
273.188,4190.49
-1342.91,758.827
1394.53,-935.986
186.056,-3158.11
-673.083,-4286.8
1029.17,-3946.7
-1729.35,-2281.15
3209,-423.24
-2559.2,589.121
3570.13,1098.43
-5164.58,735.582
4744.66,1646.03
-5766.71,1176.01
6432.2,452.886
-6156.03,-1633.72
5695.5,-2095.53
-6162.31,-1191.12
6571.14,883.432
-5639.04,744.85
5346.01,-152.589
-6884.84,-56.5365
4598.34,3111.88
-3854.3,4477.34
3368.03,5314.82
-2173.36,2067.55
297.86,-1160.4
166.218,-3480.88
-430.938,-4862.74
2656.73,-4259.37
-2915.57,-3356.96
3304.26,-1069.72
-4114.74,418.628
4841.79,3259.67
-4344.99,2986.95
3844.9,3509.13
-5637.34,1914.31
4596.34,1038.31
-3771.94,554.574
3778.89,-1176.11
-2885.05,-2590.27
2407.29,-2719.01
-2040.46,-1284.69
3326.62,-579.03
-3237.28,82.5303
2724.92,3.91158
-3965.8,1582.75
4178.9,3113.55
-4271.11,3119.96
4838.19,2332.22
-6622.87,873.188
6749.96,-845.747
-6803.45,-1892.56
7573.25,-1975.42
-7751.7,-2433.59
8184.57,-599.344
-9050.19,118.134
9072.04,1814.87
-8104.36,1136.55
7503.72,740.666
-7616.96,-780.384
6090.15,55.4909
-5069.71,-305.891
5542.29,-997.739
-4169.56,-2845.73
2257.14,-2986.4
-809.53,-1370.87
-226.147,1067.89
1472.84,2378.91
-2623.26,2131.06
1421.98,3978.95
-3313.29,3823.84
4125.29,3750
-3886.62,1601.88
4058.23,-993.708
-4537.93,-3597.79
3931.74,-3538.45
-2883.26,-3201.88
4242.43,-1782.7
-3669.59,-1068.13
2522.11,220.377
-2306.66,2474.42
2026.02,3014.24
-1556.63,2571.22
1254.8,685.013
-2195.25,-1820.36
2646.74,-2778.13
-897.959,-3025.73
1862.02,-3960.51
-2417.51,-2504.14
2668.27,-742.943
-3379.15,1797.03
4029.87,3874.54
-4639.48,4429.29
3597.5,4893.02
-5538.74,4436.43
5772.56,3178.7
-5702.04,-32.2085
5249.62,-1845.71
-5326.32,-4026.02
5570.95,-3418.08
-3672.23,-3797.08
4916.28,-3253.67
-4112.61,-2880.77
2704.06,-1669.17
-2126.32,821.512
1521.81,2797.48
-678.775,3077.08
-703.986,2726.66
205.99,1887.22
-1111.94,374.673
2497,-358.119
-2173.18,-2636.54
1756.7,-3397.77
-1795.76,-2919.21
2082.04,-567.891
-870.35,685.378
1003.02,1781.16
-1368.26,1623.96
289.786,2152.1
-303.485,2546.24
434.873,1123.17
691.127,-732.282
-910.011,-3178.85
996.122,-3124.06
-377.906,-2470.18
1330.83,-1043.69
-835.063,-63.3697
-339.145,1585.3
-512.86,3687.03
158.844,4521.78
806.924,3521.04
-1825.54,1787.19
2297.16,-1536.89
-3381.17,-3177.53
4657.61,-4277.24
-3052.69,-5747.55
4427.49,-4894.76
-4445.91,-4068.07
4463.61,-591.278
-4181.2,2143.86
4902.28,3796.77
-5408.73,3108.05
3239.71,3472.78
-4271.7,3051.25
3703.57,3697.5
-2536.96,1779.97
990.787,-947.516
-129.808,-2244.68
-411.893,-3676.08
1844.01,-3042.22
-493.183,-2792.44
873.446,-2398
-1395.65,-1233.75
605.362,1767.31
-225.47,2769.77
562.204,3630.63
26.4639,1282.11
-1899.73,164.321
2563.79,-950.178
-2738.96,-1997.64
4378.72,-2181.86
-4893.8,-3492.71
5429.92,-1761.83
-5926.49,91.1036
5915.76,3483.32
-6098.84,4446.76
5184.32,5154.99
-6539.35,3783.21
5003.93,2971.2
-4335.89,1002.42
3931.6,-612.59
-2519.1,-3298.68
1831.92,-5400.1
-225.469,-5640.88
1063.27,-5336.73
-26.3744,-3318.05
-159.259,-1039.39
14.2508,2285.47
-1079.18,4583.23
1005.85,5207.43
-1410.29,3623.7
292.245,2357.31
-742.494,-236.899
529.678,-1493.37
789.627,-3044.76
-1086.03,-3859.36
1092.42,-1932.28
-1962.31,522.664
2076.53,3775.51
-1787.69,4909.19
1198.46,4441.11
-2375.68,2872.71
1857.29,931.366
-1113.74,-2487.62
2024.81,-4299.42
-1074.34,-5963.69
100.179,-4971.78
785.536,-1917.64
-471.943,909.527
1937.85,2674.98
-3678.63,3738.54
2912.86,4015.64
-4291.24,3755.73
5020.15,2439.18
-5413.44,-530.183
5321.03,-2343.54
-6393.12,-3685.15
7295.54,-2037.79
-6009.35,-1557.44
6334.76,-411.331
-6366.6,-506.43
5250.33,1054.69
-4937.58,1665.32
5010.11,2088.28
-4792.37,1598
2626.18,1148.99
-2622.61,1160
3184.66,-250.3
-1499.3,-2191.17
2028.58,-4558.31
-2019.63,-4600.67
2223.87,-3402.64
-2125.31,-117.947
3428.4,1343.74
-4265.18,2415.64
3084.59,4455.46
-4953.59,5970.97
5628.78,5859.33
-4864.94,2031.9
5087.97,-2416.73
-6121.31,-6407.86
6452.09,-6025.92
-4723.77,-4650.63
6003.71,-1944.26
-5130.88,-885.51
4113.46,1431.02
-4527.85,3878.45
3458.43,5322.79
-2786.47,5262.65
1132.24,3599.28
-1925.53,563.49
1056.59,-1867.11
731.434,-3413.39
-29.8714,-4585.29
220.896,-3924.78
-480.964,-2973.91
637.64,58.2677
308.15,1141.99
-317.499,1604.68
-211.506,1906.13
-1837.57,3366.64
1782.73,3278.69
-1533.52,1414.47
2594.65,-1678.27
-3960.08,-4272.06
3718.6,-2894.43
-3263.15,-1497.86
4718.01,670.518
-4454.6,355.556
2614.36,1491.96
-3053.44,2334.27
1840.04,4076.2
-1145.99,4472.62
67.3096,3506.08
-736.745,1357.93
-993.126,-936.74
2416.69,-2024.05
-1347.54,-3797.69
2276.4,-3938.63
-2397.27,-4584.39
2423.01,-2451.48
-688.586,-1663.03
1672.93,-903.209
-1479.2,-643.935
-255.165,902.387
460.448,3377.63
-641.07,3747.82
754.349,2989.88
-1791.73,932.817
1512.07,-35.5596
-1338.57,-1034.66
1910.12,-317.943
-1120.62,-1017.16
27.3817,-535.338
244.729,-60.5893
-1377.17,1448.89
2222.39,3175.69
-3030.2,3702.19
3434.8,2539.79
-4413.41,-128.343
5750.58,-2648.38
-5063.13,-5722.49
6225.9,-6510.88
-6002.13,-6468.66
6631.99,-2656.56
-5893.5,-230.939
6212.66,2053
-6216.1,2946.23
5048.8,3666
-5072.71,3461.33
4632.1,2169.83
-4130.88,-463.97
3531.43,-2565.2
-3319.9,-3041.43
3082.22,-2180.19
-1900.13,-379.349
2155.41,1304.71
-1590.57,1703.23
703.87,1958.98
-1196.16,1980.06
845.918,1861.05
-258.114,1332.82
-209.069,-203.521
339.369,-1304.82
-112.519,-2183.2
1422.81,-2760.72
-193.384,-3807.12
72.0326,-2971.35
178.79,-2008.73
-405.044,415.041
952.153,2088.22
-1718.42,2850.74
1595.63,3297.79
-3129.87,3202.2
3911.98,1505.26
-3820.48,-1147.24
4577.87,-3174.81
-4157.16,-5916.42
4218.19,-4471.71
-3206.23,-3494.89
3221.23,363.329
-2512.56,2548.97
556.861,4559.62
-806.43,5997.62
-1466.42,6744.96
2205.8,4816.01
-3232.26,923.338
3127.76,-1538.77
-4017.8,-4844.1
5001.53,-3661.98
-4086.31,-4345.99
4900.39,-3174.05
-4546.23,-1448.57
4186.09,236.584
-3664.25,1746.4
2644.94,2995.28
-2727.11,2767.49
1620.76,1935.29
-1864.89,760.959
2023.36,-1948.34
-1070.51,-2524.45
1607.74,-3413.93
-2389.42,-2755.97
2611.93,-510.008
-3424.03,1990.59
4030.25,3645.96
-5496.38,5010.8
4333.01,5378.67
-5243.45,4724.62
6001.38,2653.77
-6105.05,-2562.05
6572.01,-5256.25
-7026.49,-6579.65
7846.06,-4684.77
-6058.3,-2759.9
7000.32,-773.325
-7160.87,724.642
6662.28,2308.02
-6240.34,2300.02
5549.56,2605.25
-5051.46,1528.53
3582.61,446.099
-3680.15,-562.839
3638.13,-815.153
-1584.9,-1987.9
1836.32,-2398.8
-1616.02,-1856.38
1439.78,-1680.41
-846.695,383.243
1145.42,1099.15
-1459.96,2107.83
-20.5717,2801
-898.347,4661.43
1895.95,4077.77
-1715.41,600.184
2389.78,-3102.31
-3122.34,-5351.21
4102,-5437.67
-2829.45,-5005.16
4685.79,-2993.86
-4418.83,-2225.95
4131.53,-169.203
-4456.66,2981.67
3690.58,5525.68
-3033.58,4524.24
1885.94,3487.02
-2527.06,549.331
986.519,-706.438
799.723,-1871.61
-860.435,-2286.51
1671.51,-2134.13
-2173.5,-2889.98
3776.69,-1799.52
-3466.47,-1298.12
3882.56,221.48
-4880.45,1211.31
3974.66,4045.03
-4155.8,3224.47
4486.6,1670.11
-3880.6,-277.664
3001.06,-2085.73
-2006.96,-3395.3
2625.54,-3821.73
-278.007,-4447.26
73.9579,-4570.45
-575.948,-2085.58
55.5502,2336.03
485.988,6316.31
-293.551,6185.05
-458.733,4819.06
-437.751,1407.67
-1308.49,-123.746
3197.36,-2325.42
-2234.85,-3841.67
3040.36,-5095.8
-3503.69,-4867.04
5033.23,-2056.04
-5903.88,1115.64
7021.77,4291.23
-7812.56,4160.74
6808.69,4541.79
-7694.31,2266.57
7824.03,958.056
-6862.54,-2336.55
6677.61,-4165.48
-6070.77,-5132.48
5720.51,-4274.49
-3541.41,-2687.32
3796.51,-866.105
-3307.29,66.1967
2072.22,2325.52
-1743.43,4071.93
197.668,3637.05
674.614,2406.01
-863.968,-633.283
126.003,-1719.07
-47.876,-2509.65
1529.51,-2388.8
-1680.58,-1230.43
1641.5,-182.378
-2786.59,1536.39
1997.83,4377.43
-2212.65,5659.02
2087.33,5004.68
-2729.74,2519.13
1191.61,403.918
-678.74,-2489.17
1649.54,-5112.79
-294.37,-6531.05
1208.3,-6357.29
-1192.73,-4875.77
2805.36,-2476.38
-1473.11,187.041
1005.33,909.824
-2866.08,3887.95
1857.38,5908.25
-3312.74,6624.2
3940.16,4974.75
-5376.03,2326.58
5376.81,-452.318
-6811.92,-3036.51
7908.77,-1998.22
-7548.21,-2329.94
7616.38,-1199.12
-8855.63,347.052
8535.35,2945.66
-7927.28,3653.1
8188.29,3204.91
-8105.54,-264.721
6137.09,-1565.24
-5426.04,-3459.26
5846.31,-3804.32
-3626.18,-4530.11
2537.39,-3774.94
-1456.58,-1399.31
416.925,1566.94
649.051,3205.16
-1480.39,3059.97
224.337,4305.21
-2609.11,3568.38
2393.14,4355.8
-2503.18,2783.22
2536.86,872.481
-3015.46,-1533.95
1490.86,-2151.17
-378.022,-2061.81
1711.62,-2158.22
-723.792,-2356.56
-551.236,-1818.25
123.972,744.736
-115.24,2118.33
332.296,3495.07
-480.262,2474.97
-1790.88,1556.15
1046.97,1730.74
-442.895,850.501
2204.66,-2291.54
-2435.3,-4496.4
2692.4,-5356.3
-3572.06,-3963.59
5102.47,-745.745
-4586.24,1141.55
4500.2,2888.59
-6507.93,3502.82
6402.3,4395.86
-6725.51,4020.05
6400.63,2728.1
-7047.22,31.5061
6187.37,-1257.08
-5998.77,-2910.73
6994.01,-2051.03
-5671.14,-1870.78
4152,-214.903
-4328.26,1752.42
3275.97,3775.08
-2675.12,3906.92
2228.58,2134.34
-2286,-42.6674
1379.71,-1966.1
-369.889,-2266.33
1462.06,-4582.7
-1165.4,-4975.23
1815.52,-4908.08
-1904.8,-2505.65
3516.42,-200.799
-3483.86,1858.71
3335.93,3728.07
-5171.18,3545.03
4738.4,3810.89
-5522.29,2581.03
6008.14,1403.77
-5832.32,-900.477
5396.56,-1100.36
-4895.31,-2472.51
4827.38,-1522.51
-2777.96,-2019.46
1627.75,-1142.28
-1592.97,1131.81
348.178,3492.07
1097.17,4707.81
-2406.16,3626.19
2420.44,1233.83
-3305.67,-1622.18
4727.66,-3028.83
-3559.11,-6175.31
5516.39,-6571.72
-4961.25,-6832.43
4984.66,-4004.88
-4721.65,-91.4201
4432.99,3980.27
-4275.02,6600.08
2371.55,7744.12
-3696.27,6532.88
2524.95,4619.35
-1957.07,1085.65
1548.29,-3581.69
-1285.12,-5943.83
1157.96,-5930.58
-494.076,-3403.54
1810.3,-914.644
-1413.6,1194.62
815.286,2516.19
-2428.48,4542.02
2458.59,4163.61
-2445.38,2134.82
2793.97,-762.801
-3621.54,-3901.64
4018.2,-4576.09
-3733.74,-4261.58
5486.56,-2919.67
-4704.85,-2211.76
4694.35,-457.126
-4817.81,537.153
4476.19,2796.33
-4259.71,3699.83
3728.45,3466.24
-5062.75,2872.54
3121.17,2778.8
-1749.48,1519.96
2249.9,-76.4633
-1289.73,-2896.68
485.707,-3613.12
-192.285,-2201.28
856.711,-1755.24
545.622,-557.073
-501.778,-539.583
-200.077,855.065
-154.51,2594.47
-82.5273,3666.96
524.848,2202.31
-942.213,475.193
564.962,-2205.81
-1326.05,-3149.51
3461.91,-2503.9
-2567.96,-3226.63
3042.47,-2330.3
-4531.13,-1109.36
4022.84,1455.11
-3010.15,2796.37
3054.59,3289.66
-3371.88,1788.26
1930.21,1357.39
-1258.36,-540.108
1337.02,-1895.21
274.134,-3937.65
-1863.34,-3565.65
1687.14,-220.474
-2445.6,2777.55
4066.33,4898.33
-5527.23,4997.42
3344.45,5716.92
-5435.19,4013.75
5617.04,3230.23
-4597.17,-428.806
4700.33,-4037.59
-4684.33,-6932.23
4775.25,-6864.65
-2077.28,-6020.58
3305.9,-4563.37
-2255.11,-2557.21
255.459,662.47
-1160.57,4872.31
1036.75,7194.8
-970.154,7660.86
-977.492,4513.61
-797.153,1487.28
761.682,-534.463
-970.361,-1125.06
1796.17,-2763.58
-2642.9,-2389.3
2685.62,-1124.27
-3120.73,803.47
4411.73,2727.89
-5469.31,3021.95
5143.72,3116.31
-6758.23,1510.77
6939.01,475.474
-6577.69,-1824.37
7620.32,-3832.84
-7242.57,-5830.18
7713.93,-4287.72
-7783,-1987.6
8057.86,234.77
-6993.12,985.371
5561.07,2723.95
-5702.06,2679.82
4142.96,4461.08
-3515.69,3924.34
1716.95,2654.82
-1320.68,334.397
-611.851,-949.673
1799.04,-1243.19
-1510.8,-2259.99
2821.25,-1022.83
-3455.16,-1193.9
2745.46,958.201
-3596.24,1133.69
3859.16,2978.97
-3635.71,2646.91
2291.32,1729.14
-2294.91,1238.7
1534.46,223.921
-367.972,-1704.97
620.953,-4532.73
-501.731,-4586.78
251.242,-3844.53
-28.0481,-314.914
1392.67,1690.63
-1990.65,2223.23
1378.41,2307.85
-3406.56,2806.31
3562.59,3079.42
-4389.32,2717.07
4974.09,1050.33
-6545.49,-359.499
6393.4,-469.181
-6487.87,-1833.35
8347,-1606.42
-8577.94,-1928.1
7700.96,-234.724
-8454.31,1149.5
7953.85,3615.95
-7095.2,2912.83
5848.41,2833.4
-6287.93,976.953
5752.88,-496.211
-3597.78,-2714.04
3627.34,-4898.99
-2248.69,-5950.51
766.778,-4713.77
-373.766,-602.327
1363.5,2282.81
-423.198,4489.19
-1171.53,3993.94
236.962,3688.44
-1184.24,3071.65
1194.86,1662.97
-1317.73,-3.81335
-203.417,-698.552
-157.135,-826.939
1080.52,-127.086
337.32,-477.882
455.525,-2372.87
-800.566,-2299.83
-510.224,-884.067
-132.911,1128.62
1060.15,2717.76
-1632.55,2778.36
1283.57,1417.92
-1626.58,653.877
3305.33,-2148.85
-2646.96,-4503.88
3300.97,-5799.15
-4782.53,-5496.03
5596.94,-1917.83
-5817.31,2031.44
7004.83,4911.4
-8352.3,6311.41
6585.52,7334.98
-8039.31,4766.67
7758.04,3116.01
-6987.83,-1833.85
6268.97,-4574.25
-6272.77,-5242.12
6067.33,-2999.03
-3807.88,-890.363
3806.68,313.959
-3641.78,437.019
1763.83,1775.64
-896.521,2804.82
-108.227,2572.27
1329.44,1647.07
-2640.73,-1468.52
2459.19,-2749.46
-2263.78,-3126.91
3526.99,-2646.42
-1926,-3188.25
2536.65,-2646.82
-2978.34,-2080.99
2537.18,723.879
-2191.34,2708.34
1010.48,4989.36
-1728.14,5615.99
-477.476,5812.83
1392.86,4285.58
-1051.61,-299.59
2163.94,-4054.18
-2242.12,-7135.09
2316.52,-6230.99
-1589.76,-4214.59
3274.86,-1564.44
-2918.89,1313.18
2362.98,3750.51
-2506.85,4162.94
1946.43,4725.65
-930.527,1884.74
-451.294,-1001.75
743.94,-3624.89
-1483.91,-4674.05
4205.84,-4112.17
-2987.65,-3515.3
4028.86,-2247.63
-5058.86,-518.669
5237.87,2038.49
-5128.46,2568.98
5769.86,3592.64
-7009.22,1628.47
5560.5,2731.8
-5546.01,2771.38
5451.94,1584.6
-4419.79,-726.906
3563.22,-2853.58
-3351.03,-3056.6
3316.63,-1884.94
-644.957,-1816.37
976.685,-2000.71
-1683.39,-1022.49
-124,796.054
221.845,3411.45
615.701,3435.47
-773.109,2597.08
572.037,-253.939
-1599.31,-1957.1
2567,-3329.12
-1283.74,-4255.62
2221.66,-4634.99
-2740.57,-3833.91
2272.62,-127.398
-2455.36,3218.42
3266.81,6441.06
-4273.74,5936.5
1198.15,5903.21
-1921.79,3988.2
1256.7,2454.18
57.9651,-600.62
-1153.75,-3913.01
2483.06,-5315.25
-2833.19,-5353.4
5210,-4152.67
-5425.54,-2336.17
6140.15,40.9486
-7680.81,2262.32
7719.81,4824.55
-8021.12,3856.48
8716.53,2750.12
-8626.04,-2027.19
8035.4,-4260.7
-7321.13,-5201.29
7857.25,-3780.91
-6488.13,-2980.01
6274.58,-722.802
-6110.08,2039.14
5030.29,4781.41
-4176.5,5991.94
3024.98,4800.36
-3555.41,3233.57
2090.38,706.745
-2080.55,-812.962
2905.21,-2385.92
-2234.41,-2973.96
3464.28,-3376.19
-3198.55,-3089.52
3581.46,-1900.76
-3522.73,-145.488
4418.79,891.232
-4914.33,1288.48
4296.62,1899.38
-4354.12,1155.19
5054.46,801.419
-4645.44,-1795.5
3665.63,-2241.57
-3614.69,-2358.93
3686.43,-1048.26
-2125.45,-631.887
1655.12,-397.899
-1309.09,489.747
-497.148,2350.52
754.583,3356.36
-2171.26,3408.53
2478.19,3228.4
-3817.26,1143.1
3369.66,565.768
-3169.26,-819.85
4937.85,-2543.54
-4463.84,-4590.45
3656.25,-4245.52
-4006.01,-2656.51
3830.33,1514.34
-2979.75,3468.25
2068.33,4755.14
-3046.85,4639.62
1757.39,2943.44
-1585.61,1729.03
1979.61,-2074.34
-1971.78,-4530.15
1949.49,-5199.69
-1895.56,-4150.07
3584.46,-2598.2
-2760.86,-152.838
2715.47,1439.69
-4599,3058.21
4507.11,4787.31
-5662.87,4651.9
6284.26,3526.12
-8114.82,1281.3
7444.11,404.302
-7521.54,-712.302
8964.01,-2029.36
-7763.37,-4248.69
7749.79,-4109.81
-8298.3,-3282.25
8052.53,963.426
-6321.64,2292.44
6060.15,2739.83
-5697.3,697.792
4219.46,69.3382
-2911.18,-718.358
2944.74,-2003.62
-1478.23,-2417.12
-47.3671,-2777.46
1380.78,-2185.94
-1702.08,-529.079
3666.03,1433.83
-4152.46,1777.82
3556.69,2963.52
-4573.74,2267.55
4238.42,2445.19
-4174.55,1457.6
4179.99,490.595
-4892.24,72.0023
4594.73,538.935
-2777.11,-1410.85
3513.5,-2591.66
-2837.4,-4820.49
1830.93,-4321.64
-761.043,-1077.25
651.299,877.031
-73.3969,2889.97
-639.622,2705.13
-532.287,2634.87
320.01,2074.92
-223.74,953.869
1209.68,-1995.95
-1613.1,-3152.39
1573.5,-4428.78
-2369.07,-2924.45
4274.06,-228.622
-5131.85,1518.88
5212.47,3670.05
-7196.33,4390.92
6840.93,5156.24
-7556.72,3324.2
6955.83,1993.64
-7321.3,-1308.24
6446.09,-1768.65
-5387.81,-3368.24
6418.8,-3883.51
-4640.97,-4662.01
3849.97,-3915.19
-2709.7,-2202.07
1604.63,930.51
-341.033,3155.28
-638.457,3119.67
-113.222,4102.04
-966.083,2675.3
848.09,2655.05
-879.145,822.612
-183.989,84.9021
335.898,-867.428
-1212.54,-982.468
2801.92,-1271.46
-2906.14,-547.926
3638.37,-253.748
-4570.11,-458.416
4641.85,1639.39
-5404,820.837
5944.16,1279.7
-5986.41,-7.23743
4522.66,556.949
-4087.99,584.646
3720.61,977.525
-3157.62,-224.551
1973.14,-1210.83
-1689.35,-1247.8
788.867,-523.911
299.526,830.687
-1077.32,535.305
1493.99,463.236
-3055.24,685.2
3417,-5.25919
-2610.58,-1786.16
4202.65,-2759.18
-4314.93,-3977.78
3682.34,-2683.48
-3902.18,-340.215
4460.13,2108.27
-4485.05,2888.56
3447.53,4134.7
-4440.74,4529.38
3758.8,4800.2
-3710.53,3349.21
3735.04,244.654
-3918.66,-2636.27
2695.5,-3841.6
-1197.34,-3305.46
2939.77,-2174.83
-2009.21,-1697.85
2331.69,-1735.37
-2622.8,-957.054
3226.43,-453.873
-2852.67,448.368
3344.86,476.57
-4430,726.536
4820.66,839.6
-4885.06,534.48
6708.73,-1567.98
-6451.45,-3401.86
6172.75,-2376.44
-6749.97,-1823.43
7464.41,1634.12
-7226.79,2471.57
6339.24,3528.49
-7271.34,3898.43
5284.24,5400.52
-3934.63,3599.94
3118.22,1321.74
-1953.38,-2791.59
1094.11,-6241.79
240.188,-6336.19
28.0498,-5614.97
3104.9,-3540.12
-3908.53,-1550.51
3630.22,952.029
-4633.92,3447.84
5218.61,5285.18
-5731.54,3536.32
5178.05,2653.66
