0,0
-8018.54,6612.56
4041.49,-7294.27
-7276.4,-3291.17
5883.51,-3663.71
-6473.57,1479.33
6242.39,1953.11
-6807.06,1379.11
6293.98,-1379.21
-6502.5,-1066.85
5355.52,3115.74
-5487.52,5137.34
4233.07,3713.73
-3885.35,-799.718
2490.05,-3424.3
-4294.18,-1045.27
3350.36,365.624
-3722.98,-697.11
4470.89,-4777.39
-4150.9,-5672.62
4225.78,-2096.59
-3553.88,202.788
4901.5,-1344.74
-5027.97,-1212.77
5401.86,1092.01
-7396.38,5525.53
7124.4,5836.45
-7200.13,1092.66
7227.98,-651.186
-7367.52,-605.738
6594.55,-889.124
-6587.79,-2552.89
6399.49,-3916.36
-5037.24,-3555.66
4580.1,432.43
-6100.07,5619.97
6115.72,6682.96
-5899.03,5127.75
5251.22,2100.8
-5887.48,-57.8154
4344.76,-483.059
-4335.73,-1868.38
5410.63,-4165.63
-4603.7,-6151.87
5381.21,-5669.42
-4628.43,-3463.3
4904.18,-22.205
-4838.08,2083.19
5957.64,3037.23
-6098.57,1704.58
4418.7,1157.17
-3894.83,235.587
2549.65,101.569
-1762.83,-601.512
1866.25,-1889.47
-2005.21,-1806.41
1697.82,-832.974
-1235.25,924.744
1578.92,1919.1
-1652.01,2469.5
1358.19,1954.37
-2902.53,2577.61
2891.38,1886.85
-2524.24,615.105
3476.12,-1427.76
-3737.08,-3430.52
5378.55,-3846.97
-4993.54,-5062.42
6471,-4157.14
-6047.69,-3004.63
6332.66,-795.323
-6399.96,875.775
6519.31,3298.8
-6377.7,3484.14
5718.47,3438.39
-7166.8,3505.15
5255.85,3158.16
-4140.17,904.951
4637.19,-1572.2
-3987.67,-3715.07
4147.67,-4205.54
-3854.8,-2758.11
4931.85,-1382.49
-4833.62,-266.746
4275.12,805.664
-5539.27,3120.51
4654.15,5466.5
-5507.91,5591.19
5776.18,3736.02
-5688.42,-675.566
4214.24,-3555.16
-4559.63,-5258.26
6064.51,-4619.59
-4794.84,-4914.9
4685.93,-2952.28
-5266.14,-111.549
4988.13,2388.18
-4169.97,3384.37
3354.54,3290.3
-4406.45,2881.12
2208.34,2245.4
-2848.87,1250.17
3990.47,-1940.13
-3493.26,-3782.43
4736.81,-4535.98
-5517.98,-3284.95
6126.01,-304.309
-6249.38,1533.43
7069.91,2723.54
-9404.57,3146.78
6852.91,6300.38
-7599.25,7144.2
8360.98,5793.39
-8919.43,715.268
7474.23,-1645.71
-7544.37,-4681.11
7630.35,-4554.26
-4904.98,-5455.59
5995.82,-6111.12
-4275.25,-5428.86
3411.66,-2553.1
-3363.87,1126.63
3063.69,2898.51
-2388.81,3597.12
1372.97,1882.9
-3854.16,2187.52
3332.03,2296.09
-2899.96,2144.77
3732.19,-420.762
-4689.28,-2973.3
4852.86,-2220.39
-5308.65,-1321.61
6325.69,1220.25
-6246.55,1995.6
6107.7,2667.43
-7419.28,1899.05
7300.15,1927.89
-7037.75,611.172
7049.26,-180.731
-5971.86,-2546.15
4706.99,-3320.38
-3720.35,-3338.25
4856.93,-3327.94
-3412.74,-2737.75
2714.88,-1188.54
-3814.3,1795.03
4160.27,3517.71
-4054,3583.4
2719.33,2488.43
-5170.13,3127.65
4923.04,2764.1
-5408.21,2417.66
5856.68,158.635
-6318.09,-3315.31
7060.49,-3657.93
-7397.27,-4379.62
8035.38,-2300.93
-7043.49,-1823.41
7417.81,-618.926
-8315.32,-115.476
6759.95,2278.67
-5870.92,3059.1
6134.97,2583.19
-6269.72,218.107
4771.63,-1859.65
-3863.01,-1927.41
3865.08,-2574.76
-3220.33,-2019.28
4169.31,-2088.16
-4956.22,-65.4783
4817.05,2463.13
-5027.93,3964.14
5692.58,3620.64
-5771.2,1669.2
5613.65,-75.6362
-7189.81,-646.778
8424.23,-176.224
-6904.03,-2236.95
7414.39,-3025.53
-7835.77,-3115.06
8407.51,-607.927
-7318.15,1009.34
7166.06,2048.91
-7005.79,1968.99
4895.72,2514.59
-5337.88,3172.74
5522.7,2622.95
-3982.31,-593.463
4622.21,-4540.42
-4242.48,-5620.69
3314.39,-4417.6
-1820.61,-2537.02
4307.94,-2811.95
-4156.15,-2969.18
3739,-1282.41
-5037.23,3984.5
5384.75,7454.66
-5087.95,5460.36
4781.91,927.269
-6466.87,-2342.75
6947.08,-2034.38
-6646.04,-768.42
8566.15,-1311.96
-7825.08,-3712.89
7469.26,-3445.86
-8443.67,10.6825
8913.72,4117.19
-7162.14,4048.43
7226.12,1009.58
-7504.37,-1011.75
5724.1,-61.9324
-5302.4,743.836
6769.16,-1295.74
-7180.38,-3533.83
6879.6,-2615.29
-5270.9,126.492
6273.3,954.495
-5632.03,-1079.32
5628.65,-2315.6
-6632.65,-218.97
5977.06,2807.45
-5978.61,3061.25
7074.58,61.9784
-7185.43,-1647.41
6408.25,-503.183
-6153.17,1935.22
6896.85,223.87
-5969.89,-3323.89
4837.26,-3858.08
-5879.96,-260.769
5538.88,4481.75
-5157.66,6112.04
4963.14,2894.34
-4967.3,-1977.77
4095.15,-2785.71
-5412.63,-93.5693
5217.17,2236.8
-3870.51,-106.315
4465.06,-4623.61
-5154.06,-4916.13
6428.79,-975.737
-5997.04,3024.12
6983.67,2086.67
-7530.21,-1030.42
5160.56,-1612.47
-6770.71,3050.96
7097.47,4972.14
-7103.63,1437.64
6689.55,-3033.86
-6586.31,-1924.79
4858.47,1194.57
-4199.58,1346.97
5292.48,-3313.38
-5600.89,-4777.08
4766.78,681.321
-4459.94,5411.54
4378.4,5014.79
-2709.24,-1085.21
2634.33,-5597.97
-5189.68,-2554.93
4480.52,3689.39
-4019.8,4326.86
5311.84,-280.378
-5087.88,-5886.43
5517.49,-5158.21
-7051.14,3434.39
7749.81,6392.32
-6912.84,2131.54
6689.45,-4847.85
-7458.56,-5081.28
5981.96,1659.72
-5848.19,6860.3
7892.43,1174.05
-6870.05,-5650.16
5478.79,-5421.12
-6288.04,1122.4
6140.44,5692.11
-4848.19,1749.69
5537.13,-3267.35
-6309.41,-2389.26
4752.07,3366.96
-5086.12,5087.54
4706.9,206.318
-5290.57,-3344.14
5331.94,-1977.8
-6080.74,1086.09
7444.92,416.642
-5064.82,-2596.7
5898.42,-3497.96
-5711.1,282.394
6395.36,2099.43
-5253.1,84.4526
5860.24,-1882.23
-6073.86,-351.142
4531.28,3495.97
-6249.68,3985.03
5958.89,-243.728
-6084.09,-4467.99
6201.25,-5632.47
-4936.54,-2767.05
4527.18,2164.43
-3535.93,3351.9
6024.51,-143.345
-5879.07,-2263.84
6021.03,-286.219
-7036.04,5476.68
5636.17,9000.15
-5962.67,4352.42
5566.75,-4408.16
-6062.61,-8049.87
5441,-4271.96
-4347.51,-177.696
5796.16,158.562
-3905.13,-1887.3
4750.3,-767.215
-4809.19,2986.07
4354.72,5215.75
-3235.17,3699.22
1521.45,2932.02
-2027.05,1347.35
-2046.16,1648.1
1941.07,-3329.7
-2693.65,-7490.88
3162.7,-6363.1
-3029.54,-1007.8
4053.38,2586.9
-3333.18,2577.62
3971.63,818.692
-3508.63,-317.691
2339.96,2506.08
-3281.6,4897.64
2496.86,4283.54
-2500.25,-408.391
2398.04,-5335.97
-2871.61,-5844.2
1748.89,-2767.08
-109.554,-445.844
1497.4,-55.4742
-1822.25,828.559
2423.12,1517.2
-3298.48,3697.78
2658.59,4369.49
-3593.36,2925.31
3851.93,618.017
-4720.23,-1294.6
4382.55,-2364.32
-4553.12,-3530.42
5757.63,-4542.09
-4944.94,-3672.7
4192.33,467.336
-3414.42,2640.6
3494.36,3335.24
-2545.17,1850.35
986.671,1819.03
-2620.91,3706.21
1204.36,4440.51
-500.629,770.643
357.728,-3635.88
-457.64,-5356.96
1419.49,-4727.65
-1836.48,-1468.3
3088.57,-765.419
-1945.48,-996.982
2982.1,-1985.7
-4623.64,66.5838
5160.23,2924.77
-5494.05,3846.17
6229.32,2902.94
-6318.94,-439.031
3849.73,-278.296
-4972.06,843.218
5829.1,2421.3
-4906.42,384.857
4045.39,-562.853
-2811.71,-1620.9
1114.56,-396.265
-691.242,1054.76
395.677,569.61
906.796,-588.611
-1826.98,-1878.52
1691.9,-267.025
-1187.67,218.734
2466.79,-621.371
-914.945,-3430.13
-247.76,-4294.24
862.225,-3373.69
-622.372,-724.068
2114.2,855.962
-3442.12,1704
3310.45,3432.14
-5030.53,4770.14
4884.31,5175.76
-5799.75,3411.93
5936.79,971.624
-6279.9,-1657.66
5708.22,-2260.33
-4190.31,-3693.64
6702.53,-5554.5
-5750.39,-6540.1
5535.89,-4192.77
-5487.41,565.076
5768.45,4191.65
-4552.09,4013.05
4501.73,1785.21
-6196.05,860.26
6227.67,1277.78
-5634.38,1030.28
6854.92,-1992.27
-6662.54,-5353.18
7285.76,-5659.32
-7868.55,-2829.41
8683.78,2279.09
-6913.55,3612.98
7138.27,2541.69
-8376.46,1155.28
7029.39,1935.04
-6538.63,1941.3
6919.91,1112.22
-6910.05,-1270.53
5293.6,-1833.24
-4500.59,-968.273
5207.52,-566.142
-3584.94,-1356.46
3171.76,-2349.1
-3697.25,-920.299
3559.75,908.465
-4132.44,1837.55
4304.72,1092.97
-4441.29,-143.1
3521.17,56.4642
-4083.96,1198.2
5725.83,454.54
-5740.64,-2374.65
5473.48,-3998.37
-6628.54,-2952.94
6598.15,535.357
-5192.94,1885.57
5622.67,1326.99
-6328.41,306.01
4089.9,1877.33
-4015.05,4049.82
2817.65,4488.22
-3439.56,2459.6
2929.55,-2.90676
-3289.08,-822.198
2751.5,-302.586
-1664.27,-33.2498
2431.82,-1983.76
-2511.49,-3523.69
1757.65,-3092.66
-2259.78,-496.55
3749.04,1550.82
-4824.63,2467.92
4751.95,2419.36
-6170.86,2002.79
7056.33,990.706
-7016.89,-1605.49
7671.66,-3855.21
-7261.1,-5084.39
7145.95,-3320.27
-6864.03,-926.172
7028.86,1278.15
-6295.91,1756.41
5455.65,2634.44
-6099.93,3787.21
4687.44,5197.71
-4862.46,4831.01
2978.4,2699.55
-3511.67,758.51
2466.97,-575.142
-1560.51,-964.581
3135.58,-2416.75
-2628.82,-3573.39
3889.91,-4705.91
-4226.88,-4190.12
4161.51,-1889.22
-3619.41,-76.3553
4709.69,748.168
-5231.44,877.597
4438.45,2356.51
-5472.61,3331.58
5468.19,3172.82
-4185.4,-762.347
2914.18,-3623.67
-3590.38,-3582.08
3920.62,-633.774
-2410.8,1641.47
1899.17,981.826
-1339.07,11.1159
-72.7293,594.579
-1402.13,3675.31
2214.41,4701.39
-1475.98,2362.55
1298.41,-1919.71
-2658.83,-3185.17
3079.91,-2026.82
-1582.14,-1590.2
3325.96,-2461.51
-4491.46,-3118.72
4656.74,-1091.35
-4035.84,1319.58
4263.06,2518.29
-4658.81,1853.98
3884.27,1733.83
-3532.28,1075.54
3023.78,-25.7665
-1904.94,-2101.64
2160.11,-3670.86
-2352.01,-2485.71
1889.46,-136.203
-1344.49,1588.76
2503.92,1050.62
-3375.16,664.701
2748.47,1460.11
-3291.24,2999.7
3732.29,2720.54
-4058.89,380.212
4379.75,-2368.33
-4442.41,-4155.02
5442.19,-3217.12
-4921.2,-1808.44
5664.48,-349.7
-6031.27,341.807
4138.82,2147.09
-4454.15,4171.14
3233.53,5486.24
-2655.72,4149.18
2265.92,825.668
-1274.86,-2935.7
718.855,-5499.71
528.947,-6345.13
662.17,-6640.4
111.507,-5090.05
1001.04,-2626.94
-521.824,725.118
1391.1,3095.19
-1568.84,4461.96
302.574,4579.48
-2356.91,4549.64
1947.2,4010.93
-3117.91,2188.06
3945.71,-38.9672
-3508.21,-2341.77
4024.35,-2416.3
-3379.4,-2814.03
3625.53,-1651.54
-2581.26,-1400.62
1168.52,-68.5409
-1085.62,2064.34
717.863,3894.88
77.4123,3752.31
-507.969,1325.84
718.698,-1548.12
-870.248,-4450.68
514.26,-4315
-380.948,-3853.38
1966.16,-2498.84
-1486.47,-1766.42
1784.7,-804.128
-1628.02,1070.24
-230.96,3597.3
399.168,4600.61
-1951.62,3716.28
891.716,2376.36
-1578.33,665.458
1698.63,210.578
-1337.95,-892.548
1527.86,-1559.47
-819.653,-2616.25
-91.3539,-2773.16
364.598,-1533.56
72.9345,410.885
548.457,1140.02
54.4717,1302.59
-409.874,1174.97
-1097.17,685.905
2492.03,281.703
-1507.5,-2460.15
912.653,-3263.16
-511.847,-2742.69
851.538,-501.117
104.876,1247.35
-720.346,1918.66
1323.6,1586.65
-2483.46,1639.13
2415.13,2519.68
-2983.82,2516.18
3787.08,1525.07
-4251.21,-623.142
2956.56,-546.659
-3317.83,-701.253
4424.18,254.994
-2795.8,-965.536
2323.6,-2391.04
-1046.67,-3590.41
1561.06,-3421.28
-235.009,-3322.6
-200.947,-2820.76
-72.9845,-106.36
-510.252,1933.76
525.649,4231.36
-622.208,3892.68
356.073,3299.34
-254.849,855.268
-405.64,-1333.77
1933.51,-3611.75
-2199.62,-4702.94
2067.9,-3155.61
-3727.01,612.579
5254.69,4438.12
-5585.94,5061.32
6804.6,3718.66
-7688.32,813.21
5593.69,878.433
-6294,844.346
5996.87,938.576
-5070.44,-2070.25
4238.56,-3276.53
-4107.9,-2248.22
3723.01,977.211
-2907.62,3133.73
3710.92,785.783
-3560.9,-3306.59
1826.06,-5442.69
-2003.71,-2630.36
2778.14,24.3004
-2395.75,2018.22
2856.1,700.461
-4513.99,-567.47
3591.77,979.637
-3763.91,2309.87
5245.55,2347.97
-6156.56,-50.7642
4552.25,-331.344
-5306.94,592.8
4981.61,2023.85
-4494.56,1990.07
3560.75,1841.64
-4337.18,2083.82
3856.3,2402.49
-2105.75,492.632
2146.19,-3681.55
-2156.04,-5393.48
2213.11,-4224.14
-2229.93,-1264.81
3284.54,363.595
-3193.39,740.788
2686.45,1326.71
-4738.92,3531.31
5214.96,4965.71
-5299.16,3363.83
5785.97,-604.39
-6946.14,-4146.85
8023.89,-5106.19
-7614.28,-4657.17
8842.56,-2857.15
-7518.82,-2174.62
6628.91,-81.2078
-7178.08,2651.21
6235,5943.77
-5601.68,6127.74
4047.72,4603.19
-4134.51,1832.26
1970.65,440.622
-1741.61,61.6665
2361.36,-1898.08
-1052.67,-3946.4
692.412,-5183.18
-309.37,-2545.89
969.851,115.849
-260.844,1393.03
1537.38,-53.0381
-2629.7,-1352.38
1712.34,-230.478
-1565.25,1286.11
3017.18,1196.34
-4070.65,-849.06
4111.48,-1497.4
-5566.37,-108.122
5465.52,2353.15
-4256.57,2455.51
4673.98,388.862
-4635.71,-1910.61
3005.65,-1167.33
-3391.9,1272.16
3600.04,2636.66
-3171.34,1565.12
3414.37,-965.573
-4690.2,-1433.49
5037.99,334.884
-3473.74,1056.46
4558.99,-1582.19
-4870.34,-4786.23
4307.13,-4897.53
-5126.72,-614.789
6629.97,3444.26
-6124.73,3269.28
6861.34,704.09
-8313.75,-580.43
7079.94,1575.31
-6075.23,2457.43
6769.99,-183.565
-5043.07,-4703.56
3845.45,-5730.93
-3660.23,-2284.99
4619.6,1727.42
-3647.87,2912.4
2092.1,2396.83
-3489.98,3048.47
2897.79,4538.96
-2196.25,4212.2
1989.59,1094
-2658.08,-2036.9
3246.47,-3420.04
-3861.28,-3350.72
4920.18,-3493.39
-3435.8,-3944.4
5432.3,-3816.27
-6353.95,-1641.88
6509.44,1734.29
-6063.74,3281.55
5937.41,2198.23
-7179.3,554.875
5373.21,967.82
-5170.02,2568.75
6182.96,2479.02
-4825.67,-1057.56
4469.82,-5283.7
-3407.35,-6325.63
2582.57,-2756.4
-2584.39,1841.5
4025.58,3002.8
-4192.85,1986.04
2020.62,3123.49
-2889.37,6183.76
3399.5,6429.97
-2930.64,1918.88
3931.97,-4898.71
-4885.99,-8285.49
5351.49,-6553.02
-3845.04,-3047.21
6255.57,-1608.88
-6266.97,-1487.72
6978.85,-119.46
-7443.81,2634.23
7141.33,4778.38
-6997.79,4084.37
6025.41,1832.66
-6014.23,-841.113
5523.24,-2312.46
-4815.03,-2772.22
5980.46,-2695.42
-4369.46,-2554.52
4319.13,-2006.2
-4448.41,-517.959
5099.24,976.986
-5201.65,2395.09
5003.77,2952.44
-5727.34,3039.31
6249.95,2195.02
-6578.87,635.071
7192.74,-1561.59
-6917.81,-3913.8
8462.68,-4796.09
-8256.75,-4153.53
9228.35,-2104.89
-7705.05,-1118.7
7570.5,123.68
-7713.26,1642.13
6440.28,4070.27
-6194.81,4943.14
5554.29,3673.1
-5138.44,764.827
4130.06,-1603.23
-3499.99,-2573.27
4769.44,-3676.81
-4452.93,-3985.13
4383.9,-3180.47
-4677.2,-186.362
5596.36,2182.19
-5869.09,3138.59
6258.9,2564.66
-7734.91,1994.9
7031.67,2481.83
-8059.42,1744.27
8533.38,-306.293
-8669.87,-3305.39
8464.06,-3319.9
-8986.2,-1449.94
8851.83,1432.47
-6729,949.313
6829.54,-1655.9
-6892.54,-3586.79
6061.08,-2599.96
-5699.76,491.569
5355.63,2397.6
-5083.47,2063.68
5545.2,-360.86
-6233.39,-1269.12
5563.39,410.929
-5052.4,2560.87
5612.84,2271.8
-6201.81,-126.647
5282.43,-1363.65
-6682.09,209.002
7145.3,3329.73
-7363.16,4487.35
6873.9,3452.28
-7740.85,1471.64
6775.74,375.785
-5838.31,-1267.51
6744.45,-3879.83
-4956.54,-6526.81
4564.61,-6303.63
-3629.59,-4062.32
3942.79,-1426.24
-2290.7,-713.155
358.834,1033.42
-1290.18,4603.04
-542.685,8069.25
656.793,8077.81
-1805.84,3665.86
593.557,-450.794
-2267.46,-2203.72
2441.6,-1607.36
-1049.4,-2471.46
2328,-4497.63
-2820.6,-4917.89
1862.04,-1390.67
-2030.61,3618.46
2273.46,5527.43
-1546.11,3561.38
-175.367,596.238
-2199.97,912.664
1443.65,2639.41
-1520.17,2411.6
2822.16,-1339
-3675.92,-5148.1
4460.74,-5761.86
-4403.08,-3177.22
5447.56,-208.436
-5346.62,754.081
4405.11,1177.7
-6152.27,2377.77
5445.9,4510.24
-4668.83,4266.06
5122.86,1924.92
-5230.53,-1637.1
3846.08,-3081.06
-4142.2,-2551.65
4715.5,-1843.93
-3982.51,-1379.98
2954.09,137.152
-2346.06,3086.96
2557.23,4760.54
-2550.53,3661.33
2041.94,456.026
-3657.46,-1335.36
2382.97,-430.464
-2756.03,1227.07
4729.15,377.543
-3722.53,-2801.11
4578.22,-4754.46
-4470.21,-4102.9
4221.73,-1544.19
-2398.75,-779.806
2389.92,-1404.73
-3314.38,-1188.94
2126.4,2091.03
-1534.36,5588.72
1811.3,5880.52
-1333.57,2201.82
423.786,-2365.09
-1002.51,-3780.54
441.563,-2284.92
795.86,-406.616
732.975,-1005.29
-1228.07,-1295
622.393,776.848
-1320.13,4150.48
1723,5476.85
-2716.61,3643.47
2774.44,566.901
-3694.46,-1611.45
4766.97,-2878.88
-3058.59,-4766.16
3476.25,-5712.2
-2860.36,-4942.17
3411.09,-2423.56
-2188.82,-735.984
2604.53,18.2257
-1857.45,922.104
-551.461,3792.94
-400.017,6688.27
433.682,5980.79
-413.63,1662.6
-293.423,-2896.81
411.457,-3688.45
-422.662,-2037.76
794.32,104.384
480.7,-188.867
-1207.28,-1284.52
1393.57,-969.163
-2343.48,1633.47
2495.81,4610.4
-2309.52,4616.95
2510.7,1584.92
-3410.86,-2757.45
3452.56,-4902.7
-2092.65,-5171.86
3877.37,-4610.42
-2696.57,-4250.95
2519.41,-2812.93
-2104.46,-268.18
930.38,3068.1
-886.623,5255.7
-294.955,5881.14
-587.795,5844.94
-1717.78,5421.86
1496.77,3406.59
-1381.97,-667.349
946.981,-4117.72
-1101.88,-5063.27
1395.33,-3165.17
382.351,-2039.84
787.019,-1942.02
-509.787,-2277.47
-600.496,-429.58
589.228,2559.4
-969.957,3688.28
525.797,3015.15
-1011.9,659.147
-799.946,381.387
1190.94,-58.2044
-382.869,-813.346
1972,-3425.92
-2145.09,-5349.88
2199.61,-3998.02
-3090.11,-685.591
3516.25,3348.55
-3700.38,4408.56
3204.91,4661.67
-4343.73,3727.39
3193.47,3908.09
-2174.08,1832.96
2540.56,-2078.31
-1659.59,-5987.74
374.872,-6969.36
1424.36,-4246.24
-1546.86,-459.084
3278.09,2084.51
-3463.47,2649.26
2099.8,4011.37
-3206.8,4895.93
2617.88,5024.73
-2172.35,1710.53
1670.04,-2041.03
-1627.18,-4637.57
1016.37,-4236.25
1826.49,-3844.3
-432.432,-4187.13
1603.23,-4433.83
-2465.38,-2586.41
2634.97,1957.39
-3277.15,4540.2
3537,5682.06
-4110.03,3570.18
2459.58,2234.67
-1781.81,552.648
2561.95,-1598.21
-1280.82,-4451.14
1268.64,-6044.26
-1566.64,-4085.9
1173.51,-263.213
-678.486,4301.19
1153.99,5437.98
-2146.87,5693.71
1162.66,4794.87
-2727.24,3688.74
3257.64,1095.89
-2788.38,-3753.24
4111.44,-7686.89
-4323.67,-8981.12
6124.49,-6113.52
-4217.38,-3409.79
5308.86,-643.227
-5345.66,718.751
3417.12,3750
-4479.38,6435.93
3578.37,7313.31
-3548.78,5390.44
2319.72,1459.14
-3012.48,-1444.46
2484.71,-2953.32
-1492.98,-3688.47
2968.94,-4533.15
-2537.46,-4069.88
2511.42,-2278.08
-2650.01,1277.8
3544.21,3707.14
-4895.86,4666.88
3327.86,5239.82
-5310.17,4388.26
4856.77,3472.01
-4180.99,-11.6145
4576.62,-3475.42
-3462.52,-6899.67
4677.27,-7888.83
-4242.23,-6654.22
4681.03,-3264.13
-3515.65,-450.388
2457.58,3047.5
-3638.95,6710.81
2744.71,8096.39
-3196.63,7591.76
1943.58,3898.79
-3729.3,234.994
3508.48,-2717.14
-3662.9,-4243.79
4846.11,-4117.62
-5136.6,-3011.67
6483.96,-943.921
-6139.3,593.682
5086.3,2577.97
-5960,2945.12
6602.97,3295.97
-7950.46,1351.86
6527.66,660.172
-5834.17,-1031.05
6771.18,-2615.69
-5610.93,-4777.7
4652.83,-4285.05
-3664.32,-2971.08
4193.32,-924.13
-3484.68,715.809
1651.19,2427.02
-2062.91,4644.94
917.233,5758.97
-2027.6,5564.74
1835.42,2871
-1612.78,-122.162
1092.13,-3304.86
-2239.11,-3254.86
4497.15,-3502.99
-3357.12,-3239.61
5247.76,-3574.68
-6621.92,-2759.63
7038.53,1150.21
-7428.32,3773.99
7355.6,5793.77
-8696.27,3697.51
8412.98,2547.43
-9720.15,611.988
8485.81,1380.98
-6884.46,-906.474
8334.37,-3327.9
-6608.7,-7368.39
6448.5,-8379.27
-5407.45,-4870.88
6076.42,-1086.94
-3853.78,1366.51
3366.07,1892.85
-4370.77,2791.04
3481.65,4013.58
-3852.74,4872.81
3847.87,3939.59
-3792.32,1364.92
3527.62,-2146.88
-4609.64,-3564.04
5892.37,-2107.58
-4999.18,-1119.45
6235.65,-87.7105
-6258.87,-56.4355
5247.38,826.092
-5074.25,1480.32
5894.56,2038.3
-5589.48,-28.7482
5015.45,-1168.71
-3650,-3139.7
4514.31,-4095.91
-3090.69,-5135.74
3701.35,-4888.7
-2332.74,-3122.78
2060.31,-878.278
-2231.17,2563.47
2421.7,3969.6
-2762.17,4827.49
608.026,5433.47
-2073.05,5382.64
1514.61,4144.5
-1123.21,1124.98
1574.84,-2547.95
-1955.84,-5130.41
3326.63,-5334.8
-1936.67,-4841
3696.27,-4006.4
-3062.45,-3027.99
2180.95,84.7385
-2819.48,3331.62
1964.44,5765.36
-1587,6075
721.6,3924.6
-1271.49,-453.669
848.419,-2819.95
520.395,-4924.02
547.779,-6096.29
-193.076,-4986.38
-433.371,-2598.96
672.838,1888.68
252.238,3794.62
-818.808,5707.09
-178.002,5297.25
-2588.42,4945.63
1895.71,3860.94
-1814.01,476.289
2096.66,-2847.07
-1876,-6016.31
2871.06,-5090.84
-2024.55,-4351.57
3415.81,-1906.57
-1699.11,-1932.98
201.3,-328.642
-1385.13,2345.36
361.058,5029.58
128.515,6851.13
-753.401,3900.56
-170.193,1485.22
-1091.72,-1750.05
532.054,-1991.75
1954.9,-3608.31
-975.218,-5027.33
2172.35,-5225.37
-2248.21,-4006.13
2484.97,90.4527
-2287.38,2602.65
3418.28,4469.55
-4814.92,2977.19
2907.09,3605.47
-3354.61,3105.6
3642.73,2014.37
-2743.46,-571.25
2167.06,-2965.53
-1756.71,-4107.02
1478.35,-3397.15
1078.27,-1713.6
-1231.76,-454.959
1141.23,1056.44
-1876.42,2370.24
1345.36,3498.12
-1407.62,2791.23
890.48,2411.11
-434.591,-733.379
-659.782,-2109.73
1996.66,-3565.91
-98.4664,-4940.58
1119.25,-5332.82
-1255.88,-4358.4
1708.74,-884.161
-1578.46,1506.8
2426.74,3971.1
-3605.84,3667.28
1918.4,4768.24
-3057.58,4551.38
2450,3893.67
-1994.27,1051.96
1293.3,-2390.89
-504.98,-3516.53
-107.022,-3854.66
1476.77,-2426.67
-774.504,-632.466
590.209,534.923
-1266.27,1338.44
150.475,3117.64
492.687,2688.06
54.0042,1201.74
287.167,-1880.64
-1150.26,-3852.77
1868.45,-4539.36
-1014.65,-4358.36
2633.28,-3300.89
-2859.27,-1723.41
2497.38,1528.3
-3019.81,3774.58
2575.24,6429.18
-3895.74,5554.21
2674.36,4424.89
-3383.62,1882.16
1944.74,278.156
-772.965,-1376.99
1445.2,-3163.63
-1173.7,-3671.3
1442.68,-3877.73
-793.653,-2014.19
1567.83,-419.699
-1262.63,1221.95
1241.63,1314.71
-2494.51,2101.15
2489.5,2387.57
-3204.08,1219.53
3779.56,-288.712
-3746.02,-2434.31
3645.9,-2015.96
-4366.9,-1826.93
5200.69,217.308
-4283.18,-140.36
4329.92,-483.179
-4428.7,-479.435
4077.24,538.081
-4257.61,1430.36
3817.71,2254.77
-3748.27,1675.85
2461.2,868.915
-3136.43,1039.5
3634.4,842.612
-2678.85,70.8791
3027.58,-1080.94
-4273.17,-1748.02
4839.87,-1999.96
-4925.24,-1295.69
5998.26,-277.682
-6066.68,-101.548
5180.21,1667.53
-5262.39,1891.97
5754.16,1730.89
-5993.5,-536.078
6613.98,-1870.18
-6526.49,-3592.12
6246.02,-2340.41
-4617.32,-1927.11
5661.99,-1269.76
-5220.33,-1547.4
4081.42,-350.895
-3915.98,2456.61
3476.19,3803.57
-3928.63,4690.54
3920.35,3161.25
-6707.55,2493.37
6086.13,2679.69
-6676.38,2403.29
7499.99,632.477
-6903.83,-2478.28
7322.65,-3748.33
-7844.64,-5000.6
9060.02,-2648.12
-7965.12,-2568.5
8873.89,-1328.69
-9241.08,-1719.26
8645.85,533.058
-8112.9,1383.06
8485.47,1502.79
-7618.19,258.229
6167.91,-1401.94
-6342.39,-1681.29
5384.5,116.71
-4329.41,1242.68
3921.04,2246.3
-5080.29,2939.62
4374.76,3258.97
-4257.58,2746.51
4380.08,1294.08
-5412.28,451.589
4470.51,-146.082
-5395.56,163.039
6666.74,-262.422
-4657.2,-2654.37
4904.52,-3727.71
-4631.15,-4190.85
4305.21,-1347.22
-3733.82,-578.861
5341.33,-333.895
-4942.48,-1832.9
2388.38,-67.5103
-2761.75,3340.69
2526.72,5769.55
-1133.49,4278.31
275.866,-673.94
-1330.22,-2711.14
539.066,-3363.01
459.745,-779.359
322.746,827.091
-834.644,838.773
-94.3875,1209.87
-1436.11,2311.11
1670.76,3449.17
-964.166,3259.35
1184.58,953.446
-3077.35,-1808.6
2791.9,-2697.31
-2118.19,-3635.85
3781.31,-3600.76
-2805.94,-3747.62
2436.57,-2385.41
-1457.1,-443.896
1733.75,1158.11
-1862.6,1048.29
607.77,1747.15
-1697.89,2609.19
413.303,3974.49
592.978,3485.52
-446.143,799.37
152.648,-1122.41
123.199,-3774.54
-246.091,-3037.7
1969.91,-2878.96
-1624.08,-1787.77
2796.04,-1241.4
-3579.47,280.612
3954.09,2917.3
-4611.36,3938.66
5024.62,4224.49
-6098.08,1695.3
5117.8,1307.8
-5318.43,-1031.99
6127.45,-608.177
-4578.63,-2976.86
4731.6,-4072
-3382.72,-3941.35
2409.14,-2406.59
-1763.43,609.79
1701.97,1752.09
-725.155,2331.89
-1086.77,2340.27
675.087,2610.73
8.6055,638.173
1417.66,-1816.89
-475.517,-5692.58
-617.68,-6094.79
1671.38,-4137.34
-2091.34,-185.914
3813.06,2607.76
-4040.88,3272.63
2482.33,4937.79
-4748.27,5981.46
3979.25,6742.09
-4036.26,4002.62
4054.95,375.982
-4765.16,-5025.34
4520.94,-5389.53
-1364.69,-6069.55
2937.74,-5475.78
-484.888,-5605.97
-118.614,-4655.39
804.841,-490.388
-1830.31,2713.7
2364.15,6227.7
-2489.74,5535.3
287.673,5013.37
-1417,2920.5
1219.46,1616.39
-670.614,-1343.02
595.769,-3336.49
370.39,-4368.46
-684.102,-4176
2338.66,-1342.02
-1989.42,-224.051
2574.79,1775.38
-3040.2,1862.08
2381.04,2477.24
-2422.55,1607.81
2545.26,512.856
-1656.49,-1375.09
378.559,-2378.3
101.502,-2046.58
235.344,-1103.51
1532.14,-1198.12
-2212.46,-1070.27
2132.49,560.202
-1985.84,957.23
2068.04,2022.85
-2313.47,1323.18
1292.95,1384.24
-1483.04,436.45
764.572,960.822
310.067,-61.8524
341.634,-1531.05
85.2078,-2234.69
-508.163,-2862.66
392.007,-892.107
640.021,-819.599
473.425,113.45
-1252.88,-142.443
-1497.38,2871.32
1820.98,5332.24
-3019.22,5727.21
3491.06,3322.88
-4559.62,-1075.46
4566.16,-2313.19
-5017.81,-3973.45
5958.26,-2212.68
-5472.09,-2583.64
5363.07,-1857.92
-6426.11,-344.922
5354.31,2649.22
-4760.04,4470.08
4752.26,4454.26
-5224.88,1626.61
2783.47,-928.971
-2566.47,-2146.06
2718.47,-3241.44
-1632.77,-3421.66
1741.21,-2812.31
-2600.05,-590.173
3247.87,1567.67
-3967.53,3135.61
3242.53,3675.16
-5450.26,4618.62
3245.04,5326.02
-4701.7,5304.97
5144.75,3449.5
-5179.85,-1073.84
4968.21,-3516.18
-5313.69,-5707.61
6083.76,-4255.52
-3909.09,-4658.35
4356.13,-3468.74
-3444.32,-3089.08
1020.06,1044.11
-905.58,5876.24
-466.458,7846.62
659.654,6649.02
-2471.07,2107.02
1432.85,-155.418
-2342.4,-2234.18
2901.29,-1301.35
-1467.42,-3157.88
1085.49,-3145.37
-1149.77,-2658.04
354.765,318.448
578.036,3386.56
-1058.41,4133.15
1162.95,4196.26
-3597.32,1800.64
4010.38,-141.179
-2999.93,-3530.9
3280.3,-3929.64
-2544.5,-4746.8
2678.37,-3100.77
-1210.8,-1995.21
1802.04,-1088.04
-512.035,-103.885
-1666.41,1978.23
709.144,5303.81
-1527.01,6408.35
2095.81,5047.99
-2300,516.713
1044,-1623.66
-2033.58,-2435.84
3692.53,-1041.83
-1266.94,-2349.02
1207.13,-4403.7
-744.482,-4442.26
22.9485,-1330.73
112.73,3304.27
494.235,5115.74
-802.93,4874.02
-682.136,1982.04
-946.64,1004.54
1567.28,-322.681
78.2645,-2612.19
1237.78,-4894.07
-1766.13,-6254.41
2171.6,-4806.19
-1586.54,-1928.87
3006.5,1108.41
-3086.87,2111.84
2628.08,3515.83
-3643.79,3482.62
2889.69,3452.82
-2944.06,2074.14
2514.52,-310.482
-2392.66,-2315.8
1753.98,-2534.35
-464.508,-1865.35
1386.34,-541.783
-1328.55,-52.2372
-47.0051,1359.75
-212.545,3089.3
-133.214,3277.1
-521.207,3433.03
-438.992,2310.32
-412.398,1490.97
381.707,14.0384
-639.917,-1303.33
1985.89,-4133.95
-1397.31,-5508.3
2057.47,-4863.2
-2646.06,-2747.36
3472.7,546.332
-3000.65,1157.34
3971.64,734.67
-5517.72,-168.397
3935.75,2173.38
-4506.04,3853.09
4358.54,3884.51
-3699.43,303.929
3441.47,-2648.02
-3794.49,-3670.24
3365.59,-1676.11
-1386.54,436.743
1479.18,942.126
-2229.63,756.225
1511.48,706.175
-3001.82,3380.22
3075.04,5212.16
-2526.74,4863
2064.81,1710.31
-2716.75,-2348.73
3173.91,-4544.81
-1954.72,-5754.43
3825.58,-5146.24
-2740.2,-4582.08
3468.47,-2667.36
-2406.93,-1532.42
2597.13,1126.28
-3393.05,2922.83
2348.11,4515.93
-1380.25,4375.96
296.909,1812.27
-325.336,-352.17
645.658,-2532.04
-994.273,-2341.29
946.957,-998.244
-550.95,328.207
1791.06,111.775
-1977.79,313.543
1940.2,666.894
-3157.35,2207.59
3542.94,3414.3
-4499.94,2246.62
3888.28,854.383
-4281.66,-1545.65
5241.1,-1835.38
-4409.6,-3221.46
6096.91,-3910.58
-4880.91,-4855.16
4997.26,-4593.02
-4928.72,-3645.17
5014.03,-219.717
-4278.59,2490.32
3308.33,4618.6
-4649.72,6211.81
3729.32,5417.88
-2922.7,2064.65
3028.45,-2070.92
-3799.09,-4611.6
4186.14,-4346.68
-4104.39,-2094.97
5712.55,-371.993
-4825.71,207.966
4712.76,805.502
-4919.8,1416.38
4920.39,3292.63
-4818.71,2225.66
5717.3,104.449
-5772.2,-3274.5
3857.49,-2843.1
-3181.77,-979.652
4410.92,1696.25
-2703,893.491
2979.82,-1565.92
-3341.61,-1896.14
2539.31,-1334.1
-2737.13,1636.39
2791.03,2537.1
-2368.79,1247.01
1869.13,240.002
-3247.77,391.811
4456.42,438.305
-3493.41,-353.545
4299.91,-2366.89
-5906.86,-4250.3
5182.22,-1701.5
-4950.3,375.871
5940.94,2773.31
-6119.05,2927.06
4236.7,3043.62
-4441.79,2459.06
3510.67,1516.19
-3062.65,-1053.95
2885.54,-2487.09
-2985.79,-3594.42
2448.24,-2594.98
-377.667,-815.704
1008.7,-1263.54
-660.391,-1010.48
-539.452,-206.667
-405.419,2043.12
1018.24,3089.92
-1302.4,3037.83
-109.229,1951.55
-2214.3,2684.02
2271.02,3442.85
-1730.98,1787.37
3571.21,-2071.53
-3211.53,-6483.94
3546.17,-6614.24
-3486.53,-4418.71
3861.97,78.9554
-2912.29,2066.27
2035.57,3526.3
-3769.1,4754.95
2049.41,6778.26
-1122.62,6079.23
1227.4,1853.94
-605.351,-4243.06
-701.951,-8267.15
1066.62,-7264.45
1447.57,-5624.53
1138.74,-3239.6
680.188,-2788.05
-975.651,-874.403
1166.92,1717.39
-2860.94,4961.28
3231.25,6074.16
-5026.34,4818.68
4687.26,2650.52
-5417.66,-25.3928
7034.34,-939.42
-6792.15,-3070.83
7567.51,-2537.71
-7519.6,-3508.44
7833.63,-1957.17
-6196.72,-1225.84
5400.81,1561.44
-5230.91,3480.34
3944.18,5561
-3373.29,4475.12
2752.15,395.155
-1773.87,-3655.8
1120.74,-6097.6
96.6848,-4987.82
1199.73,-3870.38
982.927,-2932.27
190.634,-3850.72
-1148.27,-1884.79
469.302,1784.46
-1569.86,6283.56
2036.37,7594.04
-3398.98,5004.41
2027.94,2492.28
-4646.99,888.396
4053.15,1698.39
-2067.6,-576.776
2902.96,-3103.5
-3483.2,-5456.54
3106.74,-4158.46
-2128.74,-1485.57
2977.25,976.035
-2566.87,1877.23
138.643,2369.97
-948.698,3436.1
755.082,2812.86
802.77,328.026
-151.964,-4041.02
-1077.14,-5158.84
1188.03,-4434.83
-744.905,-2055.06
3573.78,-968.322
-4563.36,-498.458
2448.84,2806.4
-4062.21,7114.57
4435.07,9149.9
-5292.33,6067.51
4123.51,1722.94
-6050.14,-2416.32
5506.25,-1882.14
-3669.21,-2773.57
6294.65,-4366.91
-5156.22,-6527.05
3890.29,-5281.01
-4106.06,-139.263
4102.41,4648.33
-2569.65,5702.66
1762.43,3425.96
-3686.84,1059.51
3178.03,121.563
-2357.94,-473.781
3297.99,-2723.24
-2846.45,-5150.08
3462.41,-5682.11
-4210.03,-3262.75
5549.27,1079.88
-3944.15,2978.93
3652.7,3355.24
-5640.6,3142.58
4469.95,3497.84
-4441.04,2423.27
5465.76,533.885
-5706.18,-2442.08
5055.23,-2778.24
-3360.58,-2728.78
4929.38,-2508.48
-3292.14,-3544.12
3472,-3412.53
-3277.6,-1066.02
2610.72,2227.23
-2757,4936.87
3040.7,5004.51
-3669.1,2867.48
2047.4,1255.7
-3037.6,1362.38
4515.88,19.7034
-2787.15,-3276.59
4755.75,-7516.76
-4198.45,-9637.79
5801.34,-6827.33
-5066.53,-2510.77
6114.99,2248.71
-6047.65,3808.3
4512.81,5459.4
-5588.43,5588.02
4306.67,5889.39
-4505.91,4040.75
4859.38,509.522
-4729.02,-4197.87
4234.17,-6626.6
-3247.33,-5531.26
4577.48,-3131.02
-3137.11,-449.151
2953.43,1826.84
-4139.58,3919.5
3523.96,4913.71
-4395.38,4430.01
4709.29,2129.11
-5514.52,-1643.56
7099.17,-4463.1
-6156.5,-6923.37
8127.79,-7472.36
-6815.46,-6965.69
7942.74,-3593.56
-7716.82,-478.344
7432.71,4032.25
-7670.19,6001.71
6154.23,8020.69
-9249.02,8158.81
7115.1,7783.58
-6699.01,3617.61
6383.61,-1218.06
-5648.74,-5938.05
6064.01,-7602.33
-4833.96,-6057.72
6558.02,-4066.25
-4467.38,-2857.8
5043.75,-1738.55
-5850.6,435.282
5231.07,4106.71
-5505.49,5565.25
5745.31,4730.93
-6915.84,1126.38
4027.42,-370.676
-5320.79,123.145
7451.26,523.388
-5964.17,-2217.16
6254.63,-3779.15
-6136.86,-4456.61
5963.55,-2532.99
-4890.12,-517.204
5366.43,1006.05
-6040.1,1432.18
4282.31,3068.91
-5397.29,4755.79
5367.49,5237.58
-4930.17,2477.53
4927.83,-1361.74
-7010.57,-3530.1
6366.4,-2660.46
-4999.69,-821.556
6410.22,-179.576
-6951.89,-1055.02
5928.29,826.897
-6576.28,2460.44
6390.19,4236.95
-6615.75,2581.96
6193.26,140.761
-5647.37,-3649.04
5340.35,-4256.49
-3570.08,-4647.99
4914.98,-4054.05
-4083.85,-2845.08
2454.99,-663.302
-3331.29,3313.87
2386.96,6457.77
-2177.98,7260.21
1651.87,4918.77
-3920.73,2623.99
3425.26,253.665
-3285.42,-2023.21
4789.53,-4922.29
-4179.99,-6790.16
6212.71,-6016.33
-7046.82,-3044.64
9076.59,1574.1
-8090.51,2599.43
7546.34,3288.66
-9322.53,2142.41
7600.73,3990.01
-7508.61,2990.3
7641.73,2583.66
-6394.25,-1548.18
5385.22,-4025.02
-3537.11,-5539.48
4529.46,-5045.82
-1672.66,-4617.87
2062.45,-4025.1
-1602.22,-640.118
460.006,1810.84
-69.1888,5522.49
-98.3144,5898.31
-615.758,4578.11
-198.13,1982.31
-1558.48,937.88
2288.96,-154.704
-2497.69,-1768.5
4511.33,-3538.89
-4600.24,-4801.55
5710.95,-2985.12
-4518.28,-2273.8
6685.59,-816.867
-6007.61,-1834.61
3865.31,67.8644
-4000.5,1526.15
3570.63,3685.39
-2900,2963.25
3187.87,986.679
-2995.65,-1239.34
2445.53,-2930.77
-1652.31,-2432.1
2360.53,-2950.34
-1329.57,-2283.1
925.927,-1608.5
-1974.26,1548.96
3013.47,4101.59
-3566.02,5313.89
3368.94,4330.69
-5979.82,1517.57
6149.02,694.129
-5298.56,-2544.34
7116.52,-4542.15
-6195.59,-6507.58
6458.82,-4762.53
-5387.29,-2829.55
4961.46,1005.2
-4453.5,2615.72
3143.02,4581.69
-5069.69,6294.64
3608.79,6553.05
-3413.05,5067.17
3369.24,-195.027
-2846.61,-5208.92
2122.13,-7536.42
-2320.4,-5889.02
4926.92,-3414.3
-2879.38,-2127.68
3717.13,-1564.14
-5156.07,122.137
5008.72,3706
-6479.62,5371.44
7117.68,5389.26
-8339.06,1790.07
5731.08,663.823
-6330.49,285.507
6148.86,1721.43
-4494.68,159.233
4784.68,-1396.13
-4991.11,-3788.55
3546.81,-2468.78
-1735.5,-546.598
1782.85,883.152
-1606.25,1465.2
-419.465,1556.9
57.5587,3048.02
334.614,1325.31
1129.46,-475.839
-43.4504,-4656.25
-559.217,-6117.68
875.734,-4553.75
-754.215,-1572.31
2597.66,426.787
-3941.31,2244.36
2673.48,5196.25
-4545.39,6802.97
4352.44,8141.38
-4960.23,4392.36
3627.12,827.679
-4893.31,-3086.54
4225.69,-3437.17
-2028.6,-3598.84
3704.27,-4137.01
-1396.47,-5090.43
773.704,-3949.22
-1257.68,-578.151
699.029,3002.27
996.522,4408.22
-2148.65,2217.27
238.448,1897.9
-1334.06,2024.89
1718.02,2075.46
-476.755,-448.234
177.027,-3368.09
208.166,-5461.1
-715.871,-3999.42
1940.01,-850.567
-1160.33,1496.7
2496.16,1984.37
-3778.64,1132.15
2018.31,2607.9
-2513.12,2901.98
3271.42,3265.23
-3071,607.114
1709.61,-1258.5
-1442.58,-2280.17
2331.51,-1821.31
-161.155,-2539.64
-200.806,-2887.37
776.804,-1605.28
-1374.15,-88.9704
1780.24,2300.5
-1660.64,2202.17
2399,1702.14
-2800.4,-230.821
1773.52,-519.343
-321.083,-1372.08
912.318,-2130.68
-247.678,-3161.09
-825.453,-2117.28
811.066,841.215
172.737,2242.25
1591.15,2077.79
-2505.92,4.24278
573.021,740.233
-1127.05,1649.5
1048.1,2453.04
-512.099,1000.11
35.2335,-649.125
-364.758,-1181.41
491.252,-1068.55
1277.96,-660.941
-257.783,-2779.89
510.659,-3969.79
-1276.39,-3651.12
571.453,-371.105
1207.65,2086.84
-626.247,2710.12
114.091,1832.43
-2503.57,1493.93
3412.86,1565.88
-2045.4,-1052.62
2880.8,-3437.38
-2722.39,-5662
2537.76,-3632.74
-1329.25,-951.951
1431.35,2162.49
-584.83,2758.7
-981.865,3479.95
-441.074,4855.57
-1230.98,5587.9
1758.02,5123.34
-1634.82,686.969
1734.89,-3198.08
-2566.34,-5916.31
3600.72,-4503.65
-928.649,-3915.21
1159.16,-2611.82
-321.796,-1688.89
-50.2149,-306.127
965.266,1438.1
-1465.4,1771.46
2230.22,1714.61
-3753,538.197
2780.51,746.241
-2767.86,-63.0446
3055.79,-175.125
-2173.86,-1533.73
1749.81,-1007.92
-1538.96,-741.584
1588.34,193.125
-385.9,339.892
-1833.06,575.785
1246.63,2161.24
-2616.39,4020.89
2553.14,5283.17
-2834.56,3033.73
3054.04,605.163
-3404.91,-3225.36
3392.9,-4148.5
-2315.05,-4554.57
2678.47,-3474.28
-1808.77,-2292.86
1165.54,-196.669
-1117.32,2374.02
1007.93,3759.41
-783.548,3585.83
-319.809,1349.41
119.89,-414.67
-465.381,-2447.94
-193.934,-2254.4
1261.15,-1894.57
-1527.22,-613.735
2247.54,622.393
-2983.14,1534.88
2796.47,2852.12
-3525.83,2515.57
4074.91,1672.18
-5724.56,403.96
4545.86,1086.99
-4676.15,885.788
5357.34,964.624
-4398.94,-1775.25
4094.99,-2420.23
-3097.21,-3290.5
2658.79,-2143.35
-1329.24,-899.125
849.772,-500.768
-1020.24,774.53
-388.834,2389.99
-198.17,4361.25
652.103,3544.17
-366.878,1924.55
130.283,-2301.16
-1293.43,-3586.34
2354.26,-3651.98
-1212.14,-3456.93
2487.16,-2334.44
-3246.44,-1532.98
3726.19,1646.25
-4775.94,3695.65
3957.01,5948.95
-4729.48,5003.37
2763.54,4305.51
-4216.37,2490.71
3350.49,1465.44
-2711.39,-259.191
2554.22,-2461
-1330.94,-3982.23
859.487,-4580.49
336.075,-3609.09
1608.6,-3259.25
-693.05,-2932.13
1070.4,-2413.33
-1678.49,77.2131
934.014,2593.02
-1179.85,3758.67
1619.77,3081.52
-3393.03,1670.46
3170.5,823.01
-3390.88,307.965
4024.35,41.0796
-3602.76,-1837.94
3579.02,-1883.11
-4691.35,-1227.26
4244.96,2099.79
-3736.72,4161.19
2820.05,5258.75
-3131.19,3837.33
1404.5,2392.28
-624.239,-540.663
2543.11,-4415.2
-895.687,-7429.21
1087.66,-8837.66
429.347,-6226.34
673.728,-2927.36
-10.1033,764.789
493.965,2977.53
-2010.8,5180.15
516.294,6676.57
-1890.89,6758.02
1712.22,4389.85
-2526.99,-401.692
2044.03,-3168.73
-2067.7,-5375.21
3322.31,-4102.98
-575.802,-3668.9
1006.77,-2865.94
-1082.27,-1139.3
796.394,1222.55
-739.139,3399.17
-207.957,4245.83
-184.773,4207.32
-1200.11,2566.71
135.968,1820.46
3.2323,-267.323
1011.69,-2351.67
-438.662,-4254.08
534.447,-4736.08
74.4377,-2892.58
597.368,-1134.93
692.532,391.167
-1014.24,902.011
-456.264,2007.36
345.16,3029.83
375.366,2050.26
-211.737,-300.733
-729.748,-1662.36
-111.325,-1232.96
-674.221,301.776
1660.23,1656.2
-1152.16,1298.03
685.861,535.401
-1945.85,987.897
1021.41,2439.01
-940.243,2542.12
1287.63,1095.57
-2047.99,-1321.72
173.813,-1254.66
421.791,-500.875
832.43,345.94
974.548,-1737.66
-1190.59,-4359.93
1133.09,-4459.64
-1470.32,-2738.17
1885.83,806.026
-807.885,1384.33
659.998,1715.86
-1598.08,1192.53
-294.083,2790.75
332.546,3568.82
-810.893,3136.4
593.286,1236.67
-2423.28,-852.502
2912.4,-580.438
-2412.64,-1281.57
3941.91,-846.468
-3364.1,-2399.52
1893.54,-867.961
-2710.13,921.033
2165.25,3060.52
-1084.78,3438.86
375.407,2092.46
-492.634,444.952
-568.804,-717.688
1828.44,-1466.77
-723.26,-4144.86
1354.67,-5400.4
-1393.66,-5364.27
1616.63,-1641.23
358.509,767.278
-117.647,2470.84
806.737,1956.74
-3434.03,1537.37
2158.8,3149.56
-2880.24,3727.73
4237.06,2460.31
-4385.97,-1162.02
4331.4,-2202.82
-5233.43,-2500.38
5766.74,84.9886
-4109.19,-242.644
3983.45,-329.237
-4808.06,-536.652
2741.21,2350.18
-1866.05,4777.73
1107.43,4733.56
-226.86,1880.39
-1008.83,-2206.89
728.426,-4113.73
136.791,-4893.61
2399.64,-4349.11
-1507.83,-4813.16
1439.46,-3130.11
-888.713,-1558.22
97.5605,2147.32
948.458,3786.74
-2327.39,4224.75
852.409,4418.24
-2539.63,3248.27
3015.86,2178.94
-3227.26,-1264.24
3191.08,-2384.15
-3508.67,-3050.44
3211.84,-780.469
-1696.19,-82.3903
1612.99,905.343
-1451.68,403.295
-188.768,1269.22
340.479,3180.54
-1704.98,2850.04
2529.02,2237.7
-3343.78,-718.816
2274.05,-1531.26
-1866.45,-2223.92
3046.51,-1711.07
-669.989,-3747.72
771.003,-4606.58
-481.897,-4141.52
-558.352,-1150.3
1323.4,2721.98
-2228.85,4205.97
2355.25,4693.43
-3886.99,3099.16
3564.48,2259.03
-3141.32,-467.857
3548.16,-2002.12
-2724.34,-4820.08
2130.44,-4487.29
-1019.63,-2879.47
942.108,354.617
593.799,3015.15
-1728.49,4060.51
20.849,5939.79
-1365.48,5256.21
1277.45,3663.24
-1163.25,-551.434
971.683,-3182.29
-768.62,-4909.43
1559.91,-4116.57
787.492,-3655.96
212.408,-4036.91
1855.42,-4081.25
-2979.25,-2435.04
3044.02,1867.72
-3100.6,3764.89
4341.11,3931.55
-4816.73,848.25
2572.07,-290.128
-2752.2,-154.033
3280.71,1111.36
-1153.55,-853.719
733.602,-2496.5
-329.721,-3358.55
-877.783,-961.96
2208.14,1974.03
-2421.54,3070.05
3054.52,3502.76
-5955.13,2455.08
4528.99,4054.95
-3921.59,2654.72
4945.85,1023.09
-4328.88,-3702.27
3764.97,-5554.02
-2690.82,-5737.32
4075.33,-4346.87
-1079.45,-3909.13
474.133,-2968.77
-187.872,-280.256
-606.073,2356.4
751.817,5326.32
-1483.64,4698.98
-111.989,4081.99
-1929.79,2479.45
1075.54,1674.16
-296.528,522.799
921.084,-2171.28
314.704,-4746.46
-1336.32,-4272.65
898.793,-1275.47
-446.887,1526.71
1205.1,3279.32
-2146.96,2372.1
1406.01,2141.65
-1676.23,1595.47
1652.01,537.56
-359.892,-2177.59
284.783,-4917.41
-215.678,-5663.32
1149.25,-4155.13
-113.445,-1537.69
1364.95,761.375
-1953.03,3377.7
-617.334,5107.46
-1247.47,6630.62
1448.17,5846.86
-2098.09,2617.2
1835.29,-913.267
-2987.37,-2631.94
4323.16,-3095.4
-2310.71,-5026.78
4162.54,-5679.71
-4817.36,-5183.72
4380.52,-626.098
-3584.3,3585.38
3776.61,6382.89
-4095.23,5093.95
1261.13,3752.49
-2806.4,2290.79
2112.23,1619.31
-439.953,-995.985
839.622,-4436.97
-528.338,-5506.59
249.563,-4874.75
700.425,-1325.36
1723.53,-323.769
-1655.55,8.79694
1212.97,-308.774
-3510.02,2184.88
3738.87,4536.63
-4465.59,4094.01
4917.56,2335.41
-6279.87,-1499.25
5997.65,-1587.14
-5885.61,-2233.39
8320.9,-1630.18
-7704.01,-3216.22
7001.16,-2168.79
-7958.89,-176.592
7091.38,3833.25
-6393.18,5548.87
4669.12,6064.07
-6096.37,4773.93
3089.58,4036.37
-1975.47,1386.78
3286.39,-3140.64
-1603,-8100
3231.12,-11103.8
-2640.3,-9053.96
4256.13,-4775.79
-2571.47,44.5201
3112.69,2273.9
-5449,5053.9
3663.59,7981.19
-6358.76,9870.84
6391.18,8675.85
-7334.48,1950.55
6740.89,-2894.38
-8570.11,-6761.87
9694.21,-4485.43
-8729.55,-2823.3
9679.8,72.3849
-9186.62,828.274
7658.61,2585.28
-7947.2,2961
7333.38,3875.69
-6676.63,1554.17
6053.08,-1654.02
-6272.27,-4175.68
6315.31,-5021.5
-3924.15,-5106.1
6152.75,-4492.59
-6463.1,-2893.6
6072.59,200.021
-6103.23,3201.12
5969.9,4826.86
-7540.34,4791.06
6122.26,4834.97
-8346.16,4359.41
8625.51,4015.29
-8951.41,329.081
9457.65,-2024.93
-9383.02,-4958.08
9351.65,-3827.11
-7599.6,-3517.08
10018.4,-2048.75
-8598.51,-2733.86
6705.62,-608.524
-6785.53,1593.78
6041.07,4784.17
-5215,4300.99
4345.69,1953.49
-5487.75,594.625
4263.81,-204.589
-3457.45,85.4523
5664.91,-2624.52
-3984.36,-6184.74
4423.55,-7314.69
-4734.19,-5097.32
5773.3,13.734
-3901.56,2450.18
4385.85,2993.25
-6244.01,1824.64
4783.63,3572.32
-5176.58,3732.63
5987.47,3232.51
-5883.5,282.531
4308.85,-2052.76
-4770.78,-2081.79
4784.67,-512.142
-2879.41,576.996
3744.24,139.518
-5111.83,2.41388
4046.22,1262.89
-4569.73,2251.81
5529.41,2097.88
-5525.64,-509.723
5599.19,-2739.9
-5914.25,-3791.93
8048.37,-3536.03
-5716.88,-5183.57
6357.14,-5318.8
-6780.42,-4357.88
6792.17,-177.068
-6697.9,2979.82
7587.13,4941.34
-8461.07,4374.11
5192.89,5190.91
-6757.18,5177.53
5862.23,4966.24
-4970.96,1118.05
4747.98,-2674.65
-4632.74,-4724.69
3889.86,-3446.37
-2335.54,-982.502
4731.73,-720.274
-3910.05,-2519.52
2915.78,-2616.74
-3637.92,140.969
4417.46,2529.85
-3216.32,3072.34
2884.5,978.009
-4974.35,-1082.16
5352.3,-1003.98
-4264.61,-1621.61
6365.35,-2041.13
-6080.07,-3581.23
5642.26,-2276.99
-5868.17,-734.381
5930.19,2087.53
-5109.32,2758.62
4731.89,2875.85
-5934.09,2333.31
4294.9,3364.53
-2906.08,2181.52
3342.65,-771.725
-3154.57,-3941.02
1918.99,-4298.81
-2025.39,-957.097
3604.91,1304.7
-2810.9,2028.03
3032.66,335.481
-4503.05,-312.86
3586.99,1349.07
-3462.96,1761.48
4467.99,748.94
-3739.87,-2718.57
3718.78,-4550.97
-3843.8,-4858.74
5999.31,-2679.21
-3589.64,-2835.82
3416.25,-1975.88
-4931.05,-104.871
2959.43,3786.81
-2874.54,7483.2
2559.08,6991.25
-3093.74,4489.67
640.502,2078.57
-1464.18,151.005
2634.66,-1592.64
-1750.53,-4174.49
2559.79,-6062.08
-2503.3,-5090.47
3789.06,-2292.43
-2740.32,817.077
3849.89,2459.31
-5503.49,2345.68
3834.87,3315.53
-4254.21,2844.97
4588.05,1623.35
-4031.33,-1204.24
3202.67,-2157.18
-2951.51,-3412.15
4208.97,-2704.02
-2598.56,-3152.52
2747.81,-3157.45
-2631.12,-1291.52
2053.43,1497.1
-1740.64,4377.38
1934.01,3728.35
-2714.73,2488.1
1803.12,685.702
-3772.29,826.065
5008.02,977.522
-3819.17,-1020.8
5237.23,-3224.66
-5857.88,-5152.41
6637.28,-2636.36
-5755.27,-1022.86
6810.33,1141.69
-6308.15,525.998
4316.39,2180.01
-4614.88,2820.14
3797.66,4122.63
-2456.46,2727.06
2364.34,-980.689
-1497.98,-4044.76
-46.3116,-4795.12
2048.31,-3184.25
-622.466,-2478.03
1779.81,-1407.01
-2501.3,-745.586
2464.57,1657.05
-1345.81,2110.52
1318.17,2348.3
-1267.98,474.818
-580.91,-444.521
1235.2,-248.746
-984.573,-617.298
2036.48,-1145.91
-1571.57,-1774.7
1551.44,-485.055
-1618.98,-196.37
2527.56,964.313
-1487.25,-439.27
869.09,-964.75
-1074.66,-782.723
264.188,1289.05
1237.02,2387.05
-1632.2,918.037
2110.36,-222.199
-2734.37,-1876.92
3830.16,-1676.5
-1964.75,-3026.44
3418.11,-3649.08
-3174.34,-4070.91
2880.12,-2156.36
-1703.66,67.374
1390.55,2556.28
-795.887,3252.62
-512.631,3540.37
-394.744,4102.44
-915.718,3399.72
1902,1615.56
-861.796,-2735.23
437.372,-4728.19
-576.527,-4505.92
1508.25,-1976.98
-71.1771,95.6583
558.492,529.901
-902.103,204.372
-513.191,1591.33
1192.66,2770.82
-1097.98,1576.51
2368.5,-931.068
-3049.7,-3876.83
2755.69,-4114.69
-2484.66,-2832.16
4288.07,-934.444
-1932.78,-1514.85
876.936,-1264.3
-1758.7,392.897
672.793,4081.81
-1035.72,5604.49
875.237,4472.01
-2036.45,2441.85
-405.524,1144.55
-121.73,2162.91
1948.39,489.101
-646.106,-2717.7
1268.2,-6607.97
-1926.6,-6520.09
1881.9,-2509.97
-7.9635,465.592
1659.99,2148.25
-2634.06,899.686
2169.02,851.974
-3107.85,1419.32
4251.76,1164.47
-2848.63,-1433.78
1924.55,-3400.4
-2592.96,-3368.64
2339.88,-687.133
-532.173,1842.2
1180.08,1898.42
-1976.71,1919.05
564.774,2379.46
-1768.95,3119.45
2288.04,3411.35
-3292.7,1569.9
3132.37,-575.31
-3994.33,-656.372
4695.87,-910.777
-2693.01,-2195.25
4913.14,-4298.78
-4975.22,-6575.78
5265.36,-4455.53
-4728.38,-2025.73
6489.47,785.507
-5933.49,1135.6
4321.4,2310.34
-5263.56,3410.37
5219.18,4358.52
-4844.28,2388.34
5206.19,-1286.57
-4608.88,-4371.15
3660.18,-4621.58
-2436.48,-2549.81
4723.47,-1021.69
-4216.16,-417.969
4215.36,347.107
-5776.71,2247.91
5768.77,4809.39
-5234.34,4465.83
4716.53,2755.68
-6774.03,429.317
6798.76,-185.674
-5611.07,-1640.51
7136.36,-3208.24
-6563.54,-4781.45
6257.02,-3034.9
-6435.92,-878.943
6634.8,2357.28
-5413.91,2260.78
4892.42,831.414
-5215.9,-112.174
3393.47,842.802
-2417.61,651.756
4034.86,-1618.65
-2844.47,-5495.48
2345.92,-7172.09
-3053.37,-3309.43
3996.9,1534.3
-3422.8,4955.42
3580.96,4232.01
-6596.66,3331.94
4662.93,4537.63
-6585.84,5589.38
6939.87,5560.58
-7140.97,1163.72
6540.66,-2490.7
-7958.73,-5017.69
8880.14,-3097.57
-6799.78,-2892.5
7957.22,-2261.68
-7667.73,-2618.84
6255.04,-833.067
-5229.93,1061.75
5005.55,2031.32
-4424.75,1469.11
3337.84,-5.65608
-4041.54,-128.42
4383.17,-302.261
-3670.53,-1159.06
4055.94,-2004.85
-5061.07,-1278.68
4422.07,1135.96
-5280.81,3783.88
5801.46,4861.94
-7343.28,3812.88
6293.67,3042.1
-7632.32,1757.66
8323.43,1162.1
-8269.76,-1783
8939.22,-3634.88
-7926.01,-5705.75
7726.74,-4224.77
-5651.84,-3157.72
6955.25,-1337.86
-5578.72,-1417.35
4033.73,67.0537
-4390,2215.83
3296.89,4014.6
-2843.47,4347.02
2238.02,1875.26
-3051.88,452.503
2979.44,-981.14
-3072.07,-567.847
4573.6,-1787.66
-3451.19,-3661.57
4122.43,-3926.17
-5116.52,-2581.84
6614.03,1078.69
-6087.06,2415.76
6701.35,2926.56
-8034.82,1263.23
6757.16,2166.61
-6348.27,1535.74
6699.88,967.675
-5153.18,-1978.09
4272.65,-3505.07
-3137.39,-3299.53
2656.78,-1711.52
-483.225,-426.245
152.457,236.12
-748.384,1283.56
337.726,1852.37
325.629,2739.47
445.378,258.555
-760.932,-1453.03
1441.37,-3617.76
-1817.98,-3492.32
4055.53,-3099.99
-3807.82,-2753.05
5025.01,-1180.55
-5812.28,180.755
5615.43,3678.57
-5969.95,3989.32
6915.46,3557
-7689.15,236.759
6448.32,-414.469
-6413.11,-533.297
6097.93,508.477
-3630.51,-966.149
3718.14,-3123.01
-2905.16,-3671.54
2083.67,-1997.26
-1067.48,1376.44
1870.57,1963.37
-1422.27,872.56
491.267,-464.932
-2173.5,566.209
2620.67,2220.97
-1955.52,2593.61
2986.3,-289.711
-4570.44,-2488.03
4746.85,-2545.4
-4357.37,-2156.51
6930.96,-1421.94
-7123.8,-2414.55
7012.04,-1336.12
-7062.93,-420.678
7037.26,1896.33
-7086.21,2190.13
5786.13,3106.59
-7030.96,3237.38
4970.59,4687.65
-4697.33,3806.89
4506.57,965.446
-3505.48,-2496.61
2764.29,-5062.61
-2340.83,-4529.02
3121.65,-3094.92
-1531.21,-2037.71
1300.76,-1565.83
-2039.08,319.279
1929.21,2819.03
-3105.14,5145.69
3904.13,4188.78
-4319.87,719.99
4352.22,-2765.54
-6148.96,-4095.02
7318.68,-2426.52
-6434.77,-1421.95
7574.73,-563.455
-8823.87,65.9755
7143.55,3546.81
-7546.65,5394.81
7942.23,6108.65
-9161.39,3028.75
7270.12,1132.19
-8333.76,201.055
7812.8,131.161
-5376.04,-2111.26
6224.86,-5086.41
-5458.58,-6631.33
5619.68,-5077.81
-4544.8,-1713.49
5299.98,558.243
-5076.53,1243.91
3579.9,2026.67
-5091.63,3411.3
5403.46,4587.64
-5442.8,3363.5
4548.49,923.962
-4890.95,-1842.91
4062.61,-2493.57
-2991.52,-2978.3
4485.02,-2536.31
-4004.1,-2121.32
2475.86,733.086
-2612.74,3906.89
1634.8,5612.18
-1475.96,4618.02
777.771,1611.37
-2802.16,669.514
1647.39,861.409
-603.079,901.151
1491.05,-1830.12
-1411.44,-4862.78
1584.37,-5380.37
-1366.78,-3502.46
2986.92,-606.454
-1381.16,-245.228
687.012,-373.364
-1806.34,-458.942
1174,1532.52
-719.684,2357.42
802.378,1736.4
-683.802,658.206
-1316.13,-39.7289
1585.12,526.456
-1596.2,634.087
3044.37,-565.372
-3627.13,-1713.79
3616.72,-728.858
-4957.15,1630.9
5212.55,3982.45
-4890.16,3176.47
4406.65,1393.44
-4716.26,-919.007
3701.09,-192.003
-2956.9,10.6436
4621.66,-953.137
-2840.4,-4722.54
2730.57,-6741.73
-2491.99,-4970.82
2165.03,-500.362
-146.229,3208.01
61.4326,3267.5
-1773.65,3242.15
-133.022,3141.35
-729.936,4485.28
1984.07,2907.26
-2173.37,-908.314
3343.78,-4961.03
-4727.76,-6182.09
5838.98,-3892.88
-4641.09,-1781.1
6241.94,38.1979
-7705.27,1097.5
6734.35,4058.15
-7928.74,5499.95
8150.79,5962.56
-8510.8,2177.6
7569.15,-1332.23
-6602,-4739.54
6787.43,-5333.81
-5022.54,-5248.34
5869.16,-4197.97
-4611.08,-2352.24
4846.17,-565.496
-4362.4,1415.36
5158.6,2333.96
-6176.33,3191.95
4936.17,3428.45
-5998.42,3378.46
7285.49,1244.89
-7411.76,-1894.3
8187.55,-3353.37
-7692.93,-3949.51
9383.58,-1806.23
-8907.95,-1728.68
9434.61,-359.829
-9288.39,-239.593
7271.26,3209.24
-7187.29,5483.01
6330.82,6731.36
-5784.84,4404.52
4374.73,404.563
-3530.89,-3468.34
2952.11,-5564.58
-621.97,-5595.42
1581.41,-5841.01
-427.188,-4194.9
1499.59,-2809.93
-1122.96,-213.494
1858.98,1147.29
-3052.2,3170.06
2711.67,4104.28
-5452.8,4276.63
5625.7,3761.91
-6508.45,1249.62
7347.85,-1187.54
-7348.77,-3829.41
8076.72,-2991.96
-8274.02,-2905.84
8544.53,-402.808
-8176.97,107.656
6463.66,2562.22
-7580.89,4924.35
6103.41,7347.03
-5099.62,6035.98
4605.02,1088.49
-4446.03,-4132.28
3996.02,-7637.79
-2698.76,-7439.54
4495.12,-6376.2
-2342.88,-4707.95
3637.66,-3190.32
-5019.16,642.544
4616.63,5344.16
-5957.18,8231.64
6319.85,7654.79
-7206.66,2733.76
5482.28,-204.99
-6894.8,-1804.14
7936.95,-988.202
-5659.42,-2933.25
6217.63,-4359.25
-5527.9,-5114.52
5390.38,-2138.72
-3234.7,493.943
3515.59,2333.06
-3037.94,2323.45
927.345,1665.1
-1475.2,2881.32
642.447,2913.06
106.955,2378
324.494,-40.4747
-1064.77,-1657.1
2154.18,-3491.25
-547.489,-4432.14
3113.62,-5861.71
-2827.79,-6009.8
2583.84,-2528.17
-3382,2073.78
4857,5650.04
-4922.34,4604.42
4325.43,2905.59
-5093.87,634.406
4394.27,508.984
-3541.99,-922.464
4382.84,-2848.1
-3763.08,-4978.05
3079.68,-4213.32
-1834.4,-850.198
2061.11,2622.29
-410.607,3578.64
301.347,1920.96
-1583.47,313.92
21.652,7.83005
568.808,965.932
1034.81,-451.869
-733.447,-2136.52
1812.69,-3950.39
-2462.6,-3093.19
3789.54,-1202.48
-2769.11,-390.483
3727.11,-459.117
-4874.11,-522.287
4375.59,1981.92
-4885.33,3295.24
5921.11,3839.71
-5550.4,641.688
4437.66,-1204.06
-4468.77,-2636.37
5200.38,-2068.03
-2636.66,-2797.12
2669.14,-3652.28
-2760.43,-1950.24
1677.5,961.769
-1949.31,4878.71
1984.7,5888.06
-2050.5,4073.34
263.327,1874.55
-1735.81,1082.03
2946.71,-525.482
-2008.47,-3059.36
3545.43,-6322.49
-3865.91,-7595.2
5071.82,-5016.62
-3644.64,-2218.5
5909.51,98.7488
-5398.29,-287.089
3403.77,1394.88
-4489.51,3742.15
3742.85,5681.72
-3564.82,4460.59
2549.98,2650.51
-3193.83,-115.528
2249.37,-810.793
-379.72,-1025.98
614.442,-2614.09
-215.829,-2699.65
-1102.62,-1436.77
566.58,2298.78
122.23,3985.47
-113.956,4162.93
-767.827,2786.3
-876.521,1218.07
1229.79,-410.43
302.207,-3293.73
1861.08,-7364.05
-1824.92,-9334.36
2883.09,-6721.48
-2707.42,-2043.08
3905.68,2492.94
-3613.87,3835.25
2691.8,4217.38
-4653.31,4359.04
2647,5810.08
-2437.46,5115.4
1893.87,2126.16
-1726.37,-2906.79
748.846,-4790.39
314.51,-4442.54
1076.69,-2809.66
1317.26,-1370.86
-1797.93,-1044.34
692.562,1413.88
-1595.04,3280.69
1085.29,5646.56
-329.169,3978.15
-235.96,1365.13
-1121.46,-501.69
958.294,-1822.73
556.441,-2772.13
1120.19,-5408.31
-276.131,-6077.33
20.788,-4756.63
1179.53,-953.218
667.225,1474.29
-1076.6,2432.88
328.631,2260.61
-2372.22,2697.49
1932.33,4379.41
-2902.6,3572.24
3485.16,2292.44
-4707.97,76.8502
4017.4,-1049.4
-4369.07,-609.509
5265.33,-475.961
-4438.84,-1573.94
4524.52,-1916.92
-5090.91,-1828.53
3820.96,1724.55
-4042.23,3682.68
3661.86,3781.24
-3202.4,1191.48
2704.1,-1747.17
-2586.89,-3799.22
4139.83,-4771.95
-2774.21,-5079.32
3290.27,-5483.42
-2981.99,-3804.86
2356.3,-585.972
-3752.43,4978.76
4129.26,8237.5
-5563.64,8391.46
4440.09,6713.8
-6852.55,2477.91
6797.5,-112.855
-6453.97,-3704.26
6684.71,-4560.36
-5831.11,-5321.92
6172.09,-2777.66
-4330.57,-919.668
3774.85,1462.11
-3098.73,2250.05
2487.21,2644.38
-2716.08,2454.25
969.846,1191.75
-299.657,818.471
142.384,-1265.61
-535.197,-1598.96
2005.58,-2959.19
-1293.56,-2861
3121.43,-3408.43
-3210.66,-3165.8
4235.18,-1576.6
-5506.84,302.813
6038.32,3205.14
-7730.18,4217.86
7246.74,5870.58
-8527.34,4671.85
7382.63,4383.05
-7054.4,633.114
7473.72,-2179.73
-7093.45,-5295.68
5907.78,-4843.15
-4494.68,-2589.05
5624.56,-1046.64
-3591.99,-942.557
3074.45,-946.162
-3851.61,787.153
3065.65,2645.67
-2762.64,3572.94
2658.33,1240.61
-3213.42,-1378
3416.59,-2713.66
-3784.93,-2149.13
6204.35,-1335.01
-5346.78,-2240.02
5956.52,-2836.27
-7752.05,-1857.54
7776.96,1773.34
-7205.19,3805.31
7680.3,4917.81
-8926.13,3053.33
7023.96,3196.64
-7569.95,2250.79
7863.53,1183.48
-6672.48,-2414.54
6608.1,-4395.57
-6278.12,-4260.14
6313.57,-1877.34
-5211.84,710.13
5411.65,1443.01
-5615.34,1229.47
3514.03,1873.41
-4058.61,3116.18
5325.42,2352.71
-4311.46,-1311.35
5711.44,-6018.29
-6607.86,-8038.38
7529.65,-6068.16
-5428,-3797.53
6830.81,-837.655
-7525.5,882.51
6093.75,4516.76
-6611.74,6947.88
5434.03,8176.66
-5863.63,5361.24
4314.76,2201.01
-5147.98,-1375.43
4368.49,-2216.6
-3002.76,-2315.84
4002.22,-3102.59
-2603.04,-2693.79
2226.9,-2386.68
-1756.85,-303.218
3390.63,593.824
-3986.32,886.314
3401.93,840.907
-4470.51,1156.39
4626.44,1835.53
-4514.79,399.951
5988.26,-1522.87
-5525.62,-4421.81
6941.58,-5079.66
-6521.78,-5105.65
7179.53,-2667.68
-5760.73,-1390.84
5296.86,1037.92
-6683.44,3792.99
5580.15,6817.68
-5255.44,7426.25
4106.71,5308.29
-4232.29,952.263
3098.43,-2193.08
-2658.11,-4108.76
4227.74,-4833.42
-3003.91,-4263.93
3515.52,-3196.92
-2657.27,-830.214
3034.7,1441.61
-2164.87,1855.9
2862.26,1308.3
-3765.99,251.169
2652.85,96.1839
-2508.16,432.541
3868.92,-557.306
-3173.31,-2876.54
3307.01,-2951.35
-3765.52,-1668.78
4589.48,745.644
-3003.01,1106.33
2770.78,-257.465
-3605.14,-691.998
1756.51,1917.85
-2413.79,4645.04
2734.78,5579.25
-1743,2091.66
1120.52,-2286.35
-2059.72,-3750.44
1766.74,-2704.77
-58.4759,-1124.05
1911.51,-2175.85
-1812.88,-3685.22
951.424,-2809.6
-1501.31,1052.84
2193.48,4377.93
-2014.18,4525.13
1148.01,2361.6
-3113.83,-24.6945
2847.38,-474.124
-2155.84,-1124.23
3587.33,-1809.23
-2628.43,-3839.42
2511.31,-4293.26
-2048.19,-3097.3
2910.96,-1014.67
-2181.91,845.035
1677.23,2400.03
-2657.43,3743.89
1293.59,5024.08
-1491.06,4681.88
1265.44,2489.78
-2167.1,118.922
1893.82,-1622.66
-1016.07,-2476.7
2393.99,-3271.42
-1315.95,-4247.1
1947.29,-3615.46
-2135.78,-1549.26
2366.95,1330.86
-1265.6,2482.56
1427.94,1894.94
-1624.65,303.372
734.85,21.9138
-649.043,-241.201
2390.84,-1599.38
-725.164,-3965.04
204.269,-5012.84
415.836,-3307.94
276.23,-122.636
1308.28,1843.87
-839.303,1653.41
-788.513,2244.36
-431.014,3149.71
-152.335,4704.32
1081.6,3626.56
-1656.13,873.711
1947.12,-1953.57
-2305.57,-3332.67
3950.45,-3371.5
-1933,-3996.54
2600.92,-3435.14
-3326.2,-2346.04
4391.42,602.82
-3481.72,1365.79
3775.65,1904.88
-4080.34,1075.91
2576.56,1194.72
-1305.89,420.611
2158.24,-1817.92
-701.5,-4511.93
222.557,-5317.7
306.6,-2615.74
-33.2275,593.374
210.302,3478.44
311.968,3392.45
-1397.6,2687.79
522.211,2150.73
-1455.43,2983.68
1469.12,2715.05
-1981.92,757.109
1931.1,-1260.33
-2517.46,-3076.17
3309.88,-2289.82
-2303.53,-1781.67
3928.86,-1235.54
-3217.85,-2489.64
2921.74,-2471.07
-2595.76,-2153.14
1044.35,350.445
-410.022,2675.97
193.624,3262.63
-1029.94,3425.84
244.208,1819.62
-245.358,585.863
1175.82,-2043.98
-1507.65,-3541.96
2219.46,-4287.28
-2623.26,-2731.66
3668.76,-482.588
-4314.85,1946.82
4538.54,3817.68
-6343.66,4291.48
6541.84,5058.11
-7935.55,2338.42
7639.99,1225
-7185.42,-2262.47
6967.74,-3553.85
-5141.74,-5205.91
5858.38,-4592.34
-3765.66,-4122.1
2784.93,-1506.15
-2688.11,2163.12
2150.97,4207.41
-1625.02,4833.48
973.349,2442.01
-1321.4,1045.44
738.342,-862.927
-533.019,-1185.82
2658.94,-3454.72
-2344.2,-5343.08
3800.89,-5250.86
-4339.95,-2700.65
5905.83,1688.25
-4508.6,2357.27
5882.96,2031.12
-8239.82,492.846
6562.6,2241.6
-6523.8,3606.85
7416.79,3569.01
-6139.71,-492.094
5504.7,-2994.95
-5339.94,-3652.73
5603.68,-1771.01
-2868.44,-1152.95
3224.37,-2091.75
-2606.33,-2636.54
793.566,-403.7
-234.143,2967.87
2245.21,3387.04
-1520.81,1186.2
1427.5,-3419.36
-2019.1,-4354.28
3322.31,-4011.4
-1400.27,-3462.13
3232.48,-3005.73
-3858.81,-2253.88
3969.93,744.97
-4241.47,3460.27
4486.08,5760.69
-5003.59,4314.08
4222.68,3157.78
-5976.83,1191.21
5513.86,1038.87
-4282.66,-263.636
4582.87,-2386.79
-3214.07,-3925
2406.59,-3593.93
-1556.82,-1579.07
2700.89,209.94
-2085.84,356.969
1917.53,-472.268
-2411.82,-94.0981
2452.06,453.795
-2245.69,519.477
2987.04,-457.525
-3435.94,-1654.93
3365.9,-2060.87
-2723.09,-2002.93
3781.25,-1236.93
-3972.93,-629.606
3141.74,1579.56
-3872.05,2633.25
3576.52,3793.79
-2994.36,2153.57
2417,384.822
-3379.7,31.5823
1596.29,1408.55
-772.136,2026.32
1424.53,207.45
-1040.47,-2217.03
333.562,-3410.67
513.877,-2028.18
1646.95,-1419.65
-188.778,-2201.78
-259.626,-3423.23
-1107.59,-2064.05
892.144,1587.17
-323.6,3916.43
1051.8,4021.19
-369.67,1214.2
-1329.6,-474.635
425.864,-728.295
105.305,-436.857
1969.02,-1988.95
-2153.01,-3552.23
2036.55,-2517.32
-3372.55,1219.68
4359.73,5302.2
-4186.59,5035.2
3865.27,2803.08
-5766.14,-320.888
4618.3,83.325
-3254.44,-496.225
4087.79,-1243.27
-2538.17,-3870.52
2037.4,-5222.1
-1810.71,-3946.45
2190.5,-833.894
35.9992,919.57
-561.547,922.02
192.658,1285.67
-1116.85,993.618
1076.62,1947.75
-606.855,706.497
-501.276,480.308
341.798,-326.156
-678.418,-340.183
2941.58,-872.324
-3287.28,-2062.76
4242.7,-2087.86
-5500.57,-569.619
5458.17,2255.19
-5964.24,2769.21
6986.7,3035.26
-7721.29,527.919
6490.27,1298.37
-6674.12,1334.02
7269.16,1047.31
-5269.76,-2548.96
4908.9,-5595.92
-4475.64,-6021.09
5027.2,-3260.72
-3944.03,688.261
4636.4,2127.16
-4881.73,2461
3211.03,2180.66
-4399.76,2966.42
4214.74,3672.27
-3933.28,2122.68
4362.94,-480.543
-5311.84,-3427.87
6084.25,-4210.21
-3714.67,-5451.46
5413.36,-4792.96
-4945.87,-4028.81
4753.62,-706.414
-4573.81,2831.47
3893.65,4959.54
-3871.41,5153.2
2092.09,4430.03
-2657.06,3251.38
1888.54,2171.13
-676.683,-821.536
1172.91,-4194.93
-1066.41,-5393.49
752.943,-4388.68
641.145,-1275.9
1191.04,700.64
-788.004,1024.5
556.58,606.939
-1863.07,1795.87
1787.6,2183.79
-726.776,683.204
2122.89,-2606.4
-1967.71,-5653.29
2460.69,-5004.99
-2658.39,-2335.25
4542.83,846.032
-4084.1,1488.74
2368.88,2501
-3525.06,3747.23
2724.66,5813.9
-2459.13,5164.26
2686.51,1809.13
-3627.75,-1615.92
2626.43,-3800.97
-2149.26,-3546.89
3881.74,-2718.86
-3333.38,-2105.88
3374,-661.065
-3045.49,435.699
3242.89,1298.13
-2057.06,165.84
1997.15,-1268.37
-2568.81,-2686.37
2078.62,-1246.51
-630.903,-1068.49
1441.65,-1298.96
-922.14,-1205.48
-572.323,-316.715
1199.1,2036.85
-1527.81,3061.43
1710.27,3028.53
-3879.07,2200.73
2099.6,3399.1
-2188.36,3713.46
2186.28,3038.22
-1865.36,76.0885
773.423,-1644.61
-1121.31,-2024.74
1083.91,-1662.79
2236.18,-3069.13
-1343.47,-5187.81
1956.32,-5873.11
-2539.5,-3540.79
2761.1,1526.72
-1660.3,2546.37
2349.89,1995.64
-3642.97,-88.2789
1121.66,1529.92
-813.159,3590.2
252.306,4513.36
1070.49,1488.63
-2643.9,-2312.95
2896.49,-3781.84
-2711.75,-3415.94
5365.51,-1115.26
-5583.42,-1245.21
5714.34,301.985
-7307.75,1415.08
5405.1,4775.82
-4665.98,5637.2
4148.54,5346.58
-4502.58,2037.21
2362.54,195.758
-1338.13,-1775.09
1888.26,-4495
331.122,-6456.5
-369.349,-7278.58
1095.85,-4009.05
-141.878,-512.367
872.569,2919.92
-806.816,2712.17
-1147.52,3295.54
-421.003,3616.8
-1814.34,4701.38
2891.84,3979.13
-3100.43,-10.4748
3915.16,-3530.47
-5167.29,-5785.64
6248.76,-3874.49
-4853.8,-2700.48
5559.73,-621.106
-6005.97,-25.8078
4409.95,3056.6
-4918.33,5479.31
3990.05,6745.83
-3485.37,4426.01
2009.3,507.418
-2481.97,-2355.46
1904.15,-3796.53
-478.513,-3599.13
2358.58,-4397.13
-1789.1,-3708.82
1202.48,-1727.18
-1344.64,1762.7
2354.23,3771.04
-3594.19,3972.71
3342.83,2698.14
-6101.14,2156.38
6350.14,2072.81
-6032.08,-151.288
7748.8,-2530.46
-8373.51,-5333.01
7777.8,-3331.93
-7750.01,-881.74
8921.13,2038.28
-7672.36,1169.26
6223.97,1150.91
-8426.43,2101.74
6546.11,5852.97
-6803.31,6818.82
6065.69,3866.39
-5680.53,-1045.06
4113.13,-4619.34
-3367.98,-4713.23
5177.13,-3998.64
-3282.52,-4179.23
4454.17,-5400.48
-5263.73,-4598.91
4764.15,-417.878
-4953.18,4333.94
5690.92,7039
-6504.73,5568.23
4377.9,3693.42
-6435.94,1662.13
6407.06,635.54
-5467.11,-1545.76
5824.25,-2905.36
-6134.57,-3728.95
5778.16,-1236.12
-5116.72,1245.65
5168.26,2747.34
-6016.95,3433.75
4663.08,3446.49
-5167.88,2891.6
5916.36,879.234
-5289.6,-2496.13
5330.2,-4724.99
-5492.63,-5512.08
6289.55,-3682.72
-4378.57,-2567.93
5399.87,-1557.28
-6509.61,109.646
6275.11,3051.91
-6313.69,4145.5
6484.97,3578.1
-6940.92,735.937
4758.88,-280.634
-4501.28,-543.459
5269.23,-197.713
-4123.96,-1054.82
4725.61,-2395.93
-4436.83,-2808.13
3888.72,-548.7
-4391.99,2128.7
4950.59,3553.58
-5414.58,3605.53
4049.69,2521.44
-5680.34,2966.36
5474.8,3161.04
-5177.52,1220.07
6099.66,-1735.83
-6398.32,-5782.7
7669.03,-6312.31
-7058.35,-5438.75
8311.59,-2836.77
-6956.12,-1513.88
6919.44,485.973
-7952.11,1359.65
6693.67,3834.07
-6801.34,4842.51
5175.83,4839.94
-5731.87,2941.07
3908.81,1090.96
-3858.7,-633.431
4958.38,-2652.92
-3720.13,-4567.87
3639.98,-4616.2
-2994.24,-2861.51
3169.99,-566.67
-3269.69,2103.19
2475.83,3855.65
-4225.76,5257.28
3038.18,6269.69
-4001.98,5396.53
4422.33,2055.16
-4631.1,-2965.42
5403.28,-6251.21
-5222.38,-7540.63
5990.42,-5416.73
-3232.33,-3864.56
4207.25,-1686.69
-4471.4,-164.46
3440.57,3337.76
-3388.83,5576.6
2385.51,5745.88
-2478.77,3328.16
1551.19,-196.697
-3072.72,-1104.94
2350.32,-580.614
-1700.1,967.164
3404.97,-496.464
-4134.58,-1226.52
3968.65,-1149.7
-4860.44,229.368
5943.92,2603.44
-6693.63,1840.95
5907.63,1610.37
-7856.94,787.731
8055.85,1678.58
-7244.36,-339.992
7686.43,-1560.5
-6489.85,-4549.98
5891.81,-4967.61
-4982.38,-4399.72
5570.66,-2862.35
-3634.88,-1569.66
1075.76,863.708
-1924.09,4889.27
85.2326,8114.48
-23.9026,7847.16
-841.057,3734.06
-575.347,124.428
-1304.27,-2299.28
2030.01,-1909.21
35.3042,-3206.37
1012.49,-5054.42
-396.286,-5494
9.48744,-2695.69
446.568,1490.43
-134.356,4675.04
-119.053,5388.99
-2182.67,3966.83
90.701,4089.36
-468.091,2910.33
1707.48,542.807
33.5608,-3990.4
-433.96,-7096.58
912.145,-6856.66
-61.5085,-4348.14
2178.35,-1492.24
-2532.51,710.637
893.28,4271.33
-1499.76,6381.01
1521.89,7129.99
-1698.19,3723.41
318.746,-162.076
-693.835,-3287.74
-178.198,-3885.19
1670.35,-3128.8
-842.817,-2630.3
2187.34,-1669.06
-3758.17,392.988
3318.82,3918.27
-3561.31,4837.08
3797.17,4133.87
-4778.63,372.245
2593.54,-891.666
-2155.21,-1236.24
2752.06,-1070.53
-802.94,-3042.77
1724.78,-5538.95
-952.411,-5820.28
45.9677,-3030.28
-408.983,2187.41
968.238,4744.58
-1372,5547.27
-297.721,3707.73
-1455.52,3214.38
2184.43,2094.29
-2268.42,-18.9945
3098.54,-2662.31
-4176.98,-5173.06
5619.33,-4696.9
-5231.83,-3331.92
6870.43,-282.744
-7698.94,2300.67
6478.56,5920.68
-7570.65,6225.75
5720.65,6315.15
-5541.27,2842.23
4130.63,72.094
-3719.29,-2630.99
3611.21,-3568.67
-803.144,-5228.34
1217.21,-6646.93
-563.58,-5602.04
-13.0812,-2545.71
445.12,2935.77
266.164,4491.8
-317.503,4923
-1574.54,2761.5
-1015.16,2650.29
1125.3,2393.2
-2660.24,1248.91
3921.16,-650.566
-4079.61,-3549.98
4294.94,-3149.12
-4572.28,-2253.42
5842.53,490.803
-5105.37,-65.4588
5109.73,-465.329
-6634.32,-141.085
4138.77,3261.91
-3576.59,5746.15
3237.84,5520.38
-3485.13,2047.82
2151.69,-1600.92
-1517.48,-3336.03
2493.6,-4847.72
-880.428,-5076.22
1067.58,-4413.52
-1010.55,-2596.92
2321.67,-480.069
-1944.2,1547.87
3011.31,1829.04
-3764.67,2208.55
2506.93,2787.96
-3934.52,2683.98
5194.87,1612.06
-5218.6,-1409.65
5021.14,-2000.03
-5443.34,-1224.88
6173.94,1369.08
-3931.21,573.462
4093.87,-1010.97
-5379.27,-2405.41
3961.3,462.535
-3318.1,3853.07
3669.47,4332.73
-2621.9,2031.7
2278.53,-1952.42
-2831.01,-3559.02
3134.59,-3267.29
-1263.45,-2687.29
3103.75,-3815.59
-3158.83,-4242.31
3046.96,-2302.25
-3395.12,1073.72
4880.81,3997.2
-5585.07,3957.73
4559.15,3060.48
-7024.06,2108.28
6089.78,2855.22
-4381.11,518.897
4556.69,-1634.3
-3716.45,-4583
3891.12,-4973.37
-2922.48,-3824.65
3000.35,-1240.1
-1781.98,365.627
-223.382,2485.17
-747.234,5380.79
-434.596,6652.11
798.973,6100.23
-1240.66,1364.08
803.86,-2182.65
-1684.97,-5019.1
2406.8,-5327.33
1046.86,-5604.5
-273.893,-5879.79
1256.43,-4312.63
-1416.35,-302.351
769.268,4599.75
-1955.93,7193.57
2247.07,6903.12
-3996.71,3475.4
1746.49,2109.28
-2763.16,1468.75
2722.1,1288.3
-693.479,-1831.34
1215.65,-5669.62
-1631.11,-6779.37
970.877,-3377.52
709.011,1358.16
-1227.64,4288.9
1229.04,4455.58
-2929.82,2933.61
1543.31,2451.9
-1889.59,1156.64
3257.38,-494.473
-2454.4,-4359.12
2154.82,-6405.45
-866.011,-6892.14
1525.01,-4614.57
699.574,-2082.07
-760.696,904.073
-782.405,4365.13
-22.9904,6151.54
-455.384,7100.44
-803.727,4399.58
-593.068,2408
613.283,-131.809
-463.403,-2035.45
3140.96,-4761.35
-2441.65,-6680.02
3448.16,-5743.98
-4248.59,-2418.56
5155.38,3365.4
-5072.32,5123.58
5526.9,5699.1
-7322.02,3740.89
5559.55,3180.11
-4986.7,1589.81
6195.75,-1804.02
-4384.29,-7027.71
4708.93,-9451.89
-3498.94,-8160.61
4751.95,-3732.16
-2788.05,720.314
3189.13,2731.75
-3338.75,3217.85
1667.72,3917.46
-3156.82,4887.66
2968.98,4833.89
-3197.8,2642.16
2853.44,-957.023
-3699.02,-3112.55
4930.69,-3850.61
-2978.16,-4082.27
4582.26,-3421.5
-4584.76,-2833.29
4612.1,-241.47
-4818.73,1987.85
4359.17,4020.15
-4306.67,3572.23
2640.06,4010.33
-3188.92,2829.44
2667.34,1455.38
-1695.08,-1327.26
2210.37,-4910.31
-1588.89,-6072.68
1233.89,-5058.31
-358.616,-1180.12
2560.14,286.834
-1685.32,-20.886
1604.07,-848.713
-3931.09,1137.24
2633.63,4610.62
-3555.95,6253.41
3860.22,5290.97
-5648.8,975.306
5322.74,-829.116
-5403.27,-1938.41
6950.58,-2109.31
-5111.51,-4376.78
4726.72,-5090.07
-5568.13,-3903.03
4319.14,870.373
-3027.61,4935.89
3333.06,6061.24
-3876.16,4423.1
1765.17,1982.95
-2099.26,-5.90051
2601.5,-2449.18
-2420.4,-4284.13
2861.56,-5230.43
-2855.31,-3239.14
3848.72,-482.54
-3270.61,1940.65
4363.06,2376.29
-6036.9,1651.22
4846.06,2520.67
-5299.49,1734.22
5562.24,1596.52
-5374.68,-755.323
4347.38,-907.367
-4748.66,-536.508
4727.49,1225.3
-3362.84,751.376
2083.75,118.897
-2177.82,172.731
263.26,1541.86
233.636,3074.98
-342.779,1712.05
1659.7,-656.853
-1749.87,-4428.18
1398.56,-4706.42
-580.205,-3402.84
2049.68,-2180.26
-769.481,-2250.39
182.16,-1593.62
-179.22,-232.021
-458.062,2694.45
1521.58,4174.72
-2743.08,3426.7
1249.12,3027.67
-2798.13,1854.63
2313.1,2252.2
-2142.93,1165.84
1995.81,425.638
-590.262,-1640.3
-48.1864,-2392.52
990.182,-2859.02
-404.326,-2541.29
1262.89,-1804.22
-2395.05,-577.51
3045.03,1982.28
-3052.86,1935.29
4100.26,1851.52
-3978.36,-937.448
2663.28,-1451.45
-1184.39,-2585.85
996.481,-2151.99
391.048,-2419.58
-496.314,-2371.56
1132.89,43.1715
-1965.64,1722.74
2329.32,3973.59
-2371.19,3124.88
1789.34,2212.62
-3406.73,761.105
2380.9,1616.69
-882.505,586.287
1590.66,-1170.97
-483.946,-3480.12
-490.601,-4352.57
2226.26,-2412.44
-2155.08,-1295.96
4077.68,-533.836
-3806.61,-1120.25
2267.64,618.139
-2703.13,2604.54
2630.76,4524.01
-1810.46,2710.81
900.261,326.886
-1572.17,-1783.3
1193.13,-1999.26
915.129,-1671.2
470.868,-3301.6
-212.692,-3638.29
179.506,-3150.52
154.701,-149.742
1190.26,1002.12
-1157.87,1988.22
228.741,2542.25
-2983.8,3775.37
2928.42,5350.89
-2207.76,2781.19
3611.61,-1207.4
-4234.33,-5405.94
3810.74,-4651.75
-3527.84,-2240.22
4101.78,820.014
-2670.18,675.114
1484.11,402.315
-2075.92,1587.94
1579.07,3253.88
-313.029,3520.96
-126.842,518.449
-609.06,-2666.06
-421.022,-4356.34
1040.05,-3364.83
2180.77,-3209.58
-1077.72,-2682.71
1444.54,-2321.29
-2984.89,204.364
2734.4,3211.27
-4002.36,4519.74
4297.48,4713.77
-6069.28,3165.59
5074.04,3362.47
-5323.64,2105.72
6210.1,300.924
-5946.74,-4009.08
5455.48,-5298.26
-4730.59,-5444.33
5321.56,-2318.14
-2840.77,75.1004
1247.35,2217.58
-2057.91,4210.6
-252.004,5518.41
33.0096,5551.05
-689.333,2465.71
1084.45,-772.453
-1065.31,-4357.97
1054.84,-4789.81
840.92,-5702.46
634.323,-5458.06
1173.49,-5648.12
-1445.37,-3599.54
1946.85,1039.1
-2406.35,4766.09
2823.16,7024.82
-4656.75,5348.56
2622.52,4436.12
-4797.62,3241.33
4000.9,3465.38
-3477.13,1582.85
3423.58,-553.204
-2412.79,-3557.8
1489.67,-4256.72
-132.661,-2964.14
1303.99,-2471.47
477.671,-2109.46
-376.966,-2393.08
-146.532,-764.479
-90.0356,1374.73
225.558,3141.19
-364.016,2574.59
-523.765,1205.11
328.111,-416.182
406.086,-1718.21
485.517,-2516.82
12.611,-3558.15
1367.25,-3510.62
-1674.88,-2723.55
1743.65,-386.066
-1643.67,2395.68
1312.81,4538.74
-2259.77,5590.63
1131.33,5374.08
-1679.88,3505.09
2022.86,308.524
-2992.39,-2033.94
3251.41,-3261.1
-2747.49,-3275.63
4278.27,-2356.92
-3493.75,-2636.36
4655.69,-2106.19
-5798.04,-41.6973
5120.16,2997.67
-6335.21,4943.71
6482.34,4806.12
-6314.96,775.04
5328.79,-1483.13
-5449.96,-3569.15
6094.96,-2858.78
-3596.34,-4061.45
3401.51,-5034.85
-3772.74,-3714.91
2802.89,285.8
-2213.56,4275.97
2239.21,6140.7
-2191.93,5115.75
-286.79,2225.25
-1017.4,1539.14
549.18,19.972
-33.7118,-1146.16
831.798,-2721.24
-2802.64,-1996.63
3082.58,739.702
-3068.3,2651.75
4858.6,2391.72
-5699.53,-55.0236
4269.84,-780.282
-5470.73,-2.19736
6845.68,1091.11
-6259.46,-1150.76
6795.49,-2779.53
-6669.73,-4454.13
6418.95,-2252.51
-4592.05,-1089.04
5289.14,-210.152
-4538.6,-1099.69
2746.74,-654.966
-3637.6,2333.15
1947.02,5892.33
-1675.3,7275.31
457.917,5440.31
-2678.46,3627.12
1292.62,1348.35
-1039.01,309.752
2384.8,-2560.27
-2222.22,-4972.91
2865.62,-5733.77
-3962.37,-3828.05
4361.3,768.226
-3423.19,2205.19
4468.82,1993.37
-4596.14,-494.843
3025.76,-600.955
-3480.28,-554.792
4201.83,-77.4684
-4264.55,-1089.2
2623.76,-1643.01
-2278,-513.29
2091.49,1523.52
-739.801,2463.49
-45.4648,1607.04
-920.178,1259.61
-576.823,803.782
-840.625,1745.86
1029.05,2359.8
-1531.22,2463.68
1326.98,1998.74
-2363.8,1410.79
3823.32,-461.211
-3559.26,-2833.45
3135.69,-4090.25
-4166.33,-3119.88
4468.64,542.422
-3131.61,989.154
4294.46,959.261
-4150.38,-1387.1
2217.87,-532.951
-2038.24,871.531
1365.19,1795.34
644.07,-352.339
-709.672,-3557.31
1101.9,-3852.16
-1821.84,-2056.42
3629.13,1700.78
-3475.69,1796.73
2047.21,2427.97
-3767.56,2176.99
1520.94,4872.23
-90.4304,5622.9
304.455,3629.16
-66.1819,-80.6102
-1353.27,-3736.6
1903.96,-4439.87
-966.441,-5188.63
3863.05,-4924.83
-2991.72,-4802.92
3163.61,-1858.34
-2468.81,870.47
3155.76,3274.69
-2707.41,2331.67
816.588,1167.07
-1931.15,1657.07
980.718,2257.97
1158.84,1625.43
-417.365,-1315.8
191.37,-3630.27
-308.652,-3787.69
1374.65,-2262.27
1017.33,-2236.19
-214.189,-1880.69
-41.3703,-1325.74
-2202.96,2744.48
2089.46,6964.91
-2530.2,7476.39
3344.38,4320.53
-4332.91,-982.398
3460,-3013.74
-2656.6,-4049.88
4909.07,-3646.42
-2686.33,-6129.93
2639.9,-6176.99
-2634.42,-3732.83
1960.88,2144.44
-291.148,6358.09
-396.376,6352.51
379.058,3925.98
-2700.82,205.682
2977.98,-1454.88
-1656.9,-4073.85
3372.83,-5318.05
-2699.97,-6387.58
2763.87,-4261.12
-1752.84,-896.847
2200.42,2571.29
-942.679,3635.93
-572.499,3903.61
-475.617,4086.08
-1125.98,3885.75
1259.4,3108.91
-530.944,-775.87
456.454,-3255.95
-632.955,-4309.42
2139.65,-3254.83
82.2112,-2426.57
286.54,-2001.46
471.465,-1970.38
-1742.53,223.224
1549.83,3235.56
-1647.16,4267.14
2975.34,3248.55
-3357.36,-629.54
2836.21,-2252.69
-3356.66,-2780.45
4166.3,-1984.01
-1696.62,-2679.16
1818.2,-3392.34
-1978.8,-2779.19
2193.51,601.414
-1749.45,3440.85
1678.17,3749.93
-1891.87,2800.81
-812.4,1783.53
168.576,1929.08
187.045,1786.73
413.28,582.253
-250.711,-1715.48
-400.007,-2641.5
1254.11,-2981.39
219.451,-3130.64
1587.69,-3676.01
-2017.25,-3194.2
1839.27,-584.657
-1662.3,1980.47
2119.72,3066.24
-2606.03,2419.13
912.741,2466.5
-1833.3,1947.01
2341.34,2053.35
-971.913,-768.867
779.539,-3567.87
-1006.88,-4109.49
-135.354,-1836.36
558.964,1974.54
315.936,2967.08
-253.645,2701.35
-1116.45,1634.02
-741.36,2754.62
790.363,3138.51
300.614,831.531
-178.871,-3023.26
-572,-5786.69
1245.17,-4845.59
-822.19,-2159.78
2921.5,-100.47
-1947.43,-692.391
1245.68,-767.859
-2378.26,176.662
1214.09,2935.78
-433.273,4161.01
75.0454,2961.41
-918.457,1017
-1206.17,308.533
2413.9,-129.346
-755.464,-1462.87
1069.61,-3138.24
-1572.81,-3686.04
1847.14,-1404.36
-2073.62,789.666
2865.4,2806.79
-2652.74,2265.3
994.303,2507.13
-1804.41,2982.61
792.435,3320.61
741.326,901.13
-318.353,-3042
26.2668,-5142.24
-348.983,-5011.2
1919.55,-1874.09
232.077,-1088.55
-25.4405,-1144.05
243.435,-1457.63
-1322.87,575.108
1122.68,2989.17
-1483.86,4129.92
2384.89,2853.59
-3163.74,-577.12
2327.87,-1265.46
-2815.46,-1418.68
4824.03,-442.191
-3892.17,-1594.06
3144.23,-1749.67
-2940.86,-1294.2
3187.6,295.546
-1817.52,1196.33
1240.6,1293.37
-2008.49,1792.19
33.7885,2974.78
636.593,2983.87
92.2825,429.466
302.129,-2163.09
-356.35,-3713.82
709.235,-3264.27
992.656,-2926.76
62.5914,-2481.6
973.162,-3456.06
-2469.81,-1604.63
2416.53,2431.51
-2449.95,5225.19
3501.16,4953.61
-3592.05,889.008
2555.92,-1558.83
-3281.86,-3309.48
3786.94,-1433.26
-2164.17,-1284.85
1963.97,-1093.39
-1799.67,-805.906
1835.94,529.886
-1777.93,2715.39
817.384,3385.03
-153.196,3329.61
-947.728,959.512
-890.187,481.082
732.781,82.1665
494.983,-497.004
1512.94,-2487.07
-1721.6,-4500.78
2359.88,-4226.38
-2170.01,-3212.9
3795.38,-1335.87
-2885.73,-1588.7
2362.58,-474.829
-2500.44,1206.41
2115.98,3293.43
-2234.81,3755.38
1637.81,2880.36
-2315.09,1044.9
973.878,-149.344
-621.892,-40.2263
1478.13,-354.43
-638.839,-1074.45
89.8261,-1575.99
-55.4553,-850.434
480.416,-195.839
132.374,83.9775
26.0685,325.068
-1626.62,1347.36
1433.32,2558.49
-1210.36,2580.91
2173.33,36.9228
-2053,-3217.18
1743.36,-3937.34
-1463.75,-3034.22
1664.15,-594.149
-23.0845,-508.038
501.929,-1090.46
-1899.57,-428.471
397.405,2572.45
202.013,4773.17
1092.65,3108.91
-775.648,-988.523
-583.596,-4474.23
-173.932,-3272.86
528.041,-579.888
1242.48,1138.48
-838.073,573.444
-966.987,532.227
601.726,2180.9
-1796.51,4101.05
2874.43,4211.66
-3729.8,1833.18
1840.07,-167.445
-3118.43,-844.096
5457.06,-1512.81
-4163.58,-3297.69
5199.28,-4696.47
-5437.06,-4762.08
5893.25,-2106.73
-6000.33,-18.7824
7325.79,1500.79
-8548.26,1457.69
7172.93,3235.03
-7391.44,4001.79
7985.65,3115.66
-7990.35,-296.106
6337.61,-1732.97
-7472.88,-2307.79
7250.09,110.518
-4746.7,392.714
4128.78,261.879
-4903.81,488.961
2863.7,3021.39
-2909.18,4669.63
2219.37,3463.53
-1200.07,263.586
-332.077,-2924.29
-694.131,-2270.18
1349.97,-1147.94
1733.4,-1662.95
-2003.72,-3827.66
1903.02,-4927.94
-1954.55,-3169.43
2211.88,652.713
-1537.3,3144.42
637.526,3987.63
-2667.28,3851.88
995.1,4189.4
-1243.75,3295.66
1678.52,1110.62
-1755.8,-1510.23
1618.01,-3092.61
-2218.64,-3252.48
3895.74,-2731.54
-3391.54,-1475.71
2911,-544.193
-4352.88,2849.32
3885.82,6343.09
-5736.05,7164.79
5967.21,5548.39
-6391.72,112.927
6109.89,-3449.53
-6140.18,-6232.49
8321.06,-6174.67
-6941.09,-6293.19
7487.1,-4554.83
-7273.15,-2319.3
7239.29,1738.25
-6488.76,4431.1
5055.29,6162.92
-6041.07,5868.97
3566.52,4893.24
-4039.16,2404.59
3303.15,-504.786
-3184.67,-2649.5
3243.76,-2948.89
-3178.33,-1844.67
3956.1,-744.212
-2102.23,-904.913
2355.34,-2360.56
-3924.49,-1101.06
3251.24,1728.22
-3717.64,4358.82
4609.35,4129.83
-5217.31,716.751
4925.85,-1674.23
-5189.93,-3400.14
5917.01,-2129.82
-5223.51,-2052.49
5469.17,-1739.95
-5302.38,-1813.51
5486.19,-628.536
-4951.11,542.788
5040.63,2388.91
-4770.33,2580.8
2635.67,2572.73
-2603.26,1669.18
2678.11,-286.146
-1157.97,-2404.99
1219.97,-3242.96
-360.297,-2487.38
564.407,-630.767
224.317,293.651
-443.333,213.176
-553.788,1626.36
-650.473,3369.66
559.081,5744.27
-194.752,4746.09
147.427,1313.55
291.718,-3247.73
-666.852,-6337.15
2287.45,-6787.95
720.223,-6885.32
1666.93,-6168.46
-1405.28,-4325.37
944.888,404.471
-554.202,4049.41
809.444,6086.93
-486.468,4589.66
-2973.53,3722.9
2273.95,3611.06
-3453.95,3245.03
5431.82,616.696
-6492.29,-3252.65
7203.36,-4296.55
-8253.62,-3253.64
9760.62,477.952
-8607.22,789.629
9268.35,896.213
-10911,-746.216
9947.73,1207.51
-8925.4,993.213
9394.91,822.373
-8715.98,-1963.09
7120.25,-3030.25
-5846.8,-3168.33
6745.08,-2825.03
-4468.11,-3003.61
3163.41,-2333.65
-2837.98,8.72168
1284.57,3182.14
-1043.89,5150.88
282.025,4508.36
-1663.63,3843.05
330.912,2414.47
-212.467,1421.03
1115.82,-949.073
-918.024,-3543.3
1093.31,-4920.77
-1449.79,-3473.75
2509.12,-834.912
-2499.06,1922.08
2901.09,3372.45
-4225.3,3228.28
3800.44,3561.23
-4470.95,1501.49
4557.23,19.0626
-3908.11,-2912.65
3624.28,-4311.98
-2356.73,-4850.91
3173.18,-3630.88
-1429.35,-2871.65
785.167,-643.693
-1118.8,2191.48
-241.654,4505.43
485.292,5670.47
-2179.97,4237.68
2508.82,2146.35
-4322.55,161.978
4405.51,-571.983
-3243.27,-2630.96
4339.47,-4074.86
-3650.98,-5454.76
3518.41,-3314.16
-2830.61,-438.128
2991.38,2918.06
-2451.27,3896.04
421.333,3955.69
-1530.69,3510.37
-199.992,3810.19
1289.21,2167.04
-877.258,-1962.08
1228.52,-4043.72
-1820.97,-5671.33
2604.91,-3646.61
71.7347,-2944.16
459.455,-2188.87
-317.92,-1247.99
-1046.67,1510.24
1957.66,3934.73
-3398.05,4839.22
3730.14,3425.64
-5597.23,830.994
5500.88,451.961
-5943.78,-1379.16
7731.18,-1376.83
-7698.22,-2623.77
6819.4,-1563.75
-7095.56,-67.7679
6893.92,2603.41
-5878.01,2576.04
4580.04,2649.15
-4507.19,1081.97
3384.95,717.595
-1263.89,-1379.55
990.662,-4473.46
1375.12,-6456.01
-1574.64,-6643.93
2342.97,-3213.87
-614.218,-773.337
2047.56,1511.51
-2444.95,1094.55
1187.4,2742.7
-1302.24,3282.89
364.739,4234.85
-267.047,3413.84
-1626.4,1916.15
2255.05,877.143
-3241.14,-408.644
5048.84,-625.292
-4459.57,-2646.81
5194.58,-2186.82
-6468.11,-1367.92
5903.71,1459.84
-4246.13,1822.74
4479.7,1223.52
-4341.82,-868.109
3891.31,-1480.28
-1694.37,-2519.87
2975.54,-4503.08
-982.564,-7169.48
262.798,-7126.17
524.325,-3150.05
-602.289,1613.28
2495.87,4863.75
-3530.13,5446.87
1906.38,5546.54
-4833.67,5293.82
4935.36,4725.21
-5183.82,1931.29
5316.6,-1571.05
-6490.3,-3848.86
6684.52,-2366.68
-5454.52,-1475.92
7374.09,-1024.4
-6884.66,-2231.91
5933.49,-1250.6
-6878.79,712.555
7147.95,3269.18
-5626.07,1979.83
4699.01,-251.614
-4679.83,-2851.62
4149.73,-2688.73
-2942.93,-1680.98
3856.45,-2137.5
-3300.67,-2282.36
2891.65,-2036.09
-2880.58,-342.153
3279.51,1824.78
-3619.7,3495.56
3103.65,3475.97
-4872.51,3318.92
3620.38,3190.21
-4247.9,2257.19
5059.12,1128.25
-4873.52,-1965.73
5253.54,-2614.47
-4878.37,-3596.75
4831.63,-2296.59
-3028.93,-1826.35
1156.5,254.327
-1645.68,2702.53
722.372,5116.73
18.4602,5214
-1520.45,2695.91
2693.73,-816.083
-4716.13,-3689.34
5806.88,-4197.19
-4685.31,-5540.16
6367.34,-4702.44
-6282.02,-4082.02
6600.73,-617.847
-6578.69,2171.45
7134.61,4059.28
-7643.25,3578.57
4532.96,3872.95
-6582.68,4328.89
6378.7,4772.79
-5223.88,1459.1
5660.44,-3054.8
-5371.84,-5383.14
4083.68,-4281.74
-3289.06,-1199.45
5116.68,579.515
-5375.33,173.944
4678.17,557.377
-5213.44,2255.44
5282.75,3999.75
-4413.88,2847.26
4904.53,-947.006
-5736.64,-5074.49
5835.64,-5682.47
-4617.6,-4441.94
6655.77,-1874.5
-5480.9,-607.521
4353.2,1666.1
-4684.82,2707.59
3678.14,4394.67
-3594.53,4249.83
1405.85,3813.2
-2038.41,3203.83
1572.73,1793.66
275.541,-1487.64
-171.017,-4946.09
1948.93,-6736.98
-3002.97,-5327.92
4358.15,-1430.97
-2971.92,36.1677
4873.82,396.436
-6128.99,-190.468
4682.99,2052.07
-4742.18,3937.52
4986.09,4285.48
-5592.38,1336.59
4561.33,-1159.16
-4112.58,-3410.59
5035.07,-2827.04
-2937.92,-2811.6
3889.02,-3409.11
-3788.48,-2292.14
2092.9,18.04
-2783.84,3551.03
3359.45,5576.16
-3204.14,4932.04
1992.01,3056.97
-3348.15,1454.71
4264.94,-529.495
-3209.96,-3831.73
3609.82,-6353.61
-4074.19,-6115.1
5737.1,-2721.66
-5690.73,900.923
6719.03,3597.03
-7330.67,3994.86
5213.12,4416.96
-6660.86,3692.32
6430.29,2952.46
-5732.45,-625.781
6790.84,-4099.64
-7378.7,-6060.08
6391.57,-3606.5
-4192.75,-1688.61
5819.82,-614.109
-5200.82,-1531.59
3868.19,-755.947
-4232.67,2483.01
3316.59,5007.46
-2528.21,4579.37
343.874,2547.66
-1393.78,159.784
283.431,250.228
587.426,694.439
-8.52051,-370.787
918.175,-1391.89
-2085.21,-2775.41
1385.55,-1665.55
-424.657,-171.623
1072.49,869.898
-1172.3,591.21
90.3331,1581.9
-938.009,1991.53
1380.37,1366.47
-785.701,-391.653
449.325,-3344.48
23.0078,-3709.01
610.381,-3185.64
833.804,-2259.12
1122.79,-2621.24
-3171.87,-1003.84
2743.09,1877.63
-4846.94,5820.7
5423.66,7827.42
-6948.6,6146.16
6591.2,3748.63
-9084.37,625.942
9835.12,-533.175
-8288.48,-4262.42
9540.39,-6302.37
-8557.31,-8404.78
8644.29,-4773.03
-7681.9,-1250.54
8627.84,3226.9
-7612.07,4047.66
4657.73,3998.63
-5299.33,4306.39
3538.17,3980.25
-1952.53,1609.8
1555.28,-2420.36
-949.304,-5015.26
148.638,-5500.81
846.093,-2592.11
578.281,-707.381
-79.454,459.196
-599.771,1444.58
147.205,2487.93
-695.642,3503.77
24.9217,3741.93
-846.747,2342.42
-830.145,1241.69
130.071,434.831
780.487,-1138.28
1271.17,-3126.22
-987.099,-4676.12
719.394,-3714.19
-94.8528,-1843.83
79.0742,78.9346
495.939,1038.54
-2107.61,2282.67
1442.31,3528.57
-1871.28,4818
2737.59,3100.04
-3438.33,-885.12
4574.82,-4604.3
-5616.31,-6429.38
6795.4,-4598.65
-5320.84,-2782.56
6627.6,269.946
-7999.23,1919.14
6926.19,5104.43
-7013.29,5747.07
5933.82,5688.94
-6635.99,2896.81
4994.46,987.027
-4924.79,-780.385
5091.42,-2157.21
-3332.19,-4007.1
3105.55,-4557.82
-2273.15,-2875.56
1573.57,-193.756
-731.886,2228.29
1926.95,1649.19
-2265.7,267.22
814.242,-600.503
-1276.48,256.144
3542.86,-626.597
-3316.84,-2709.74
3806.37,-4247.72
-5422.53,-2807.35
5530.03,1270.79
-5038.76,3722.89
6092.65,4203.02
-7804.72,1944.21
5938.52,2702.33
-6371.41,2241.81
6450.4,2383.03
-5070.56,-946.326
4083.89,-3186.89
-4552.24,-3511.46
4773.5,-1516.89
-1353.2,-714.617
1568.43,-1996.7
-1084.59,-2394.75
-810.428,-893.898
1824.7,1712.02
-2186.94,2834.87
2564.49,2644.95
-3978.35,1132.04
4100.01,565.132
-3185.79,-680.424
4477.37,-2448.82
-3687.16,-4801.15
3848.03,-4473.99
-3991.37,-2995.5
4461,660.745
-3542.96,2743.4
2241.12,4821.69
-4316.28,6569.16
2992.5,6827.09
-2591.01,4780.62
2526.35,-249.116
-2771.18,-4723.89
2286.44,-6029.92
-1482.33,-4632.58
3230.76,-2917.39
-2051.93,-2198.9
2674.28,-1651.97
-2909.37,-483.024
2914.36,1880.4
-3354.17,3142.8
4443.78,2018.19
-5993.56,-232.147
5269.95,-1631.13
-5479.14,-1361.09
5827.17,351.172
-5777.22,993.246
5847.55,1777.03
-6869.91,1062.67
6088.8,1950.77
-6078.37,1358.34
5522.54,1591.1
-5800.79,729.808
4750.97,1170.12
-4730.92,517.892
4137.77,-65.711
-3444.14,-409.107
2407.66,-1111.76
-1212.59,-1308.32
2048.74,-2156.26
-593.034,-3684.14
-584.609,-3281.2
-108.042,-559.515
-87.4769,1983.19
-218.213,3955.63
613.493,2985.04
-1866.89,2052.31
1291.67,1144.26
-2425.71,1139.87
3355.77,58.3154
-3556.35,-2162.65
3638.55,-3449.47
-4301.14,-2856.38
4886.62,570.646
-3654.35,1466.22
4379.25,2300.35
-5123.99,-122.575
2973.99,722.177
-2805.27,1643.79
2456.59,1874.39
-638.74,460.662
782.528,-2596.26
77.1574,-3645.62
-846.12,-3147.55
2183.71,-1015.44
-1575.36,-633.302
1906.75,139.399
-3212.08,1062.02
1908.24,4075.37
-1139.18,5454.31
694.512,4520.45
-788.122,1351.4
-697.018,-2033.78
1690.66,-3937.58
535.564,-5696.28
1815.24,-6839.7
-486.344,-6818.59
914.365,-3899.32
-291.395,-494.586
1163.45,2816.42
-891.746,3651.47
-1873.97,5487.65
479.617,6866.74
-1542.25,6695.75
2397.83,4018.72
-3639.18,-1175.2
3976,-4560.34
-3590.29,-6242.6
5620.83,-5090.88
-4227.2,-4288.74
5584.95,-2716.15
-5664.04,-1124.79
6084.86,1416
-5760.31,2394.9
5839.21,2922.93
-5587.93,1302.82
4226.53,24.6976
-3541.31,-1546.84
4553.25,-2716.51
-4109.65,-3370.34
3950.09,-2231.23
-4151.9,643.144
3979.88,3564.62
-4247.45,4606.98
4180.65,3507.87
-4394.09,1468.44
3128.38,337.628
-2825.03,-565.781
4063.92,-1965.28
-3628.25,-4020.68
4511.29,-4719.96
-4436.58,-4107.85
5784.29,-1383.71
-4479.51,448.32
5013.43,1031.43
-4909.76,352.818
3713.1,732.725
-3938.34,1060.72
4054.2,1435
-2806.72,58.5685
2096.21,-423.227
-2906.5,-401.067
3015.68,856.971
-1385.82,782.333
697.391,-294.449
-725.686,-474.082
-252.848,394.826
1627.33,1278.33
-2249.21,1140.06
2136.08,870.971
-2994.59,287.759
2958.21,534.427
-2455.72,-396.51
4398.19,-2314.19
-3642.56,-4569.79
3544.95,-4484.25
-3744.14,-2920.44
4337.03,167.635
-3395.05,980.126
2235.73,2150.23
-3478.33,3292.82
2540.49,4680.43
-1547.25,4066.13
1294.1,491.768
-1392.46,-3412.54
1474.4,-5586.8
-521.168,-5295.12
1927.8,-3880.4
-900.909,-1313.99
824.557,809.631
-1633.85,3461.39
1035.16,5407.02
-2840.34,6355.34
2336.29,5840.29
-4645.89,4051.96
4450.88,1731.88
-4528.91,-1625.8
6352.04,-4793.92
-6259.16,-6895.41
6799.65,-5370.96
-5888.15,-3561.09
7636.7,-990.636
-7050.48,-614.779
6379.85,947.869
-6938.69,1944.96
6179.42,4083.28
-5532.16,2762.68
4783.48,311.74
-4397.5,-2638.59
3129.44,-3214.69
-1793.27,-2150.17
1671.71,-434.589
116.396,478.006
-1934.32,1097.78
1030.88,2989.86
-1211.57,3652.49
1433.56,4012.4
-2273.78,1915.27
1641.06,635.904
-1949.83,-834.377
2384.1,-1799.57
317.068,-4494.19
1052.65,-6527.18
543.774,-6952.6
-522.201,-4332.57
1154.25,487.592
-1275.19,3308.31
2331.21,4409.67
-3644.9,3123.2
2060.24,3511.79
-1829.42,3450.9
1396.69,2695.95
-557.336,-845.373
-449.54,-3344.17
1580.56,-5208.29
-1512.25,-4066.32
4311.68,-1625.41
-4418.97,-224.733
5014.96,1804.82
-7604.49,3211.09
6603.18,5411.76
-6935.92,4036.44
7597.64,2633.72
-7814.68,-1682.62
6963.06,-2654.72
-5299.87,-4444.52
6684.58,-5478.98
-4055.42,-7608.36
3412.26,-7056.51
-2651.81,-2416.78
1882.21,3443.08
-616.769,7307.33
-98.9669,6425.94
-1958.44,5007.48
-472.288,2672.15
-696.127,2729.54
2143.54,641.701
-2099.21,-2373.39
2713.78,-4806.74
-3598.56,-4840.52
5463.15,-2272.39
-4745.07,-612.398
6220.91,755.409
-7322.95,566.306
6342.11,2570.76
-7059.06,2888.98
7985.65,2926.5
-7530.73,-416.646
5794.34,-1681.08
-5394.23,-2148.18
5366.3,-1110.73
-3053.34,-1616.27
2052.62,-1666.71
-2216.68,-607.246
1307.54,1451.35
336.92,2744.1
-842.689,1536.24
849.896,348.532
-2720.64,-343.759
3965.25,-401.994
-2780.63,-2279.76
4428.89,-3751.76
-3977.18,-5206.46
3924.96,-3298.25
-3179.78,-514.345
4773.92,1244.71
-4522.07,1417.29
1960.49,3085.15
-4394.71,6156.72
4148.25,8353.63
-3429.7,6001.39
3856.07,168.116
-5571.3,-4139.15
4902.36,-4815.31
-2347.34,-4166.1
4726.58,-4197.5
-3717.59,-5778.73
4202.4,-4490.17
-3809.71,-1455.64
5133.19,1962.81
-4091.69,2962.63
2996.45,2603.67
-5245.51,1982.2
4541.18,2210.79
-4114.64,1749.64
5468.29,-553.979
-5062,-2618.62
3973.8,-2711.59
-4435.81,-994.35
5126.68,1591.17
-5167.97,1449.53
4310.84,2086.99
-5713.64,2915.35
4929.09,4609.41
-3341.54,2895.11
3083.03,-500.486
-2708.74,-5320.31
2319.71,-7216.83
98.631,-6763.63
505.86,-4782.99
1472.1,-1887.4
-1976.14,357.741
2301.5,2834.56
-4261.63,4761.14
3742.59,6058.14
-4698.26,4701.48
4143.31,3184.41
-5599.51,154.59
5541.44,-1140.3
-4517.17,-2879.94
4101.71,-2691.04
-3437.33,-2319.86
3963.74,-1017.02
-3197.35,152.598
2235.89,1602.74
-2743.11,2778.35
1692.42,3507.78
-1790.19,3200.64
484.681,1307.58
-299.505,-516.668
703.705,-2482.23
-837.053,-3001.41
1749.9,-3630.4
-1638.52,-2835.9
3612.27,-2818.92
-3660.52,-2838.71
4014.27,-1080.44
-4730.26,1249.52
3715.34,4594.82
-4854.91,5383.82
4390.27,5032.21
-5062.82,1835.48
3864.99,578.625
-2947.57,-1796.91
3178.43,-2198.76
-1251.37,-4017.89
602.789,-4705.55
901.292,-3338.26
-2411.73,-641.451
4477.1,3084.7
-5654.9,4635.9
5540.58,5397.85
-7495.36,3900.04
7230.48,2775.02
-7067.02,-1096.5
7637.57,-2842.35
-7075.29,-5350.55
7216.65,-4246.03
-4598.13,-3775.95
4984.5,-2423.82
-4423.98,-1009.3
2515.75,2269.22
-2714.4,5535.77
2172.48,5839.73
-1818.15,4278.22
79.7154,617.016
-469.186,-1162.67
328.652,-2514.63
686.534,-2982.59
421.895,-3956.66
-911.571,-3453.93
912.002,-920.266
-1875.27,2703.24
2674.05,5096.91
-3171.38,4177.27
2055.41,2458.58
-3963.46,531.797
4553.81,-872.074
-3516.75,-2864.46
3607.55,-3998.4
-3714.87,-4338.42
4233.32,-2108.06
-3239.95,-569.811
3511.84,1001.36
-3302.3,1174.52
1745.31,2335.27
-2493.95,3629.68
1850.31,3361.74
-1960.01,2110.32
1037.43,452.822
-1911.61,-173.893
1856.21,-330.684
-536.413,-394.017
1728.5,-2172
-2931.01,-2559.26
2410,-780.853
-2652.49,1566.23
3685.2,2733.67
-3521.91,1038.25
3227.28,85.9092
-5029.29,-60.7371
5888.12,345.651
-4219.58,-1343.97
4902.8,-3702.27
-4934.89,-5651.94
5029.22,-3522.38
-4079.29,-600.207
6008.79,938.256
-4958.11,224.087
2463.38,908.892
-3259.54,2535.05
2491.27,5089.72
-2210.2,5006.94
1041.28,3450.08
-1473.17,1046.51
61.983,-381.661
2218.65,-1387.31
-1797.62,-3227.91
3731.79,-5243.47
-4511.76,-4886.76
5065.44,-1727.4
-4907.84,414.668
6697.7,2769.78
-7047.07,1772.99
4796.09,2661.1
-4492.97,2175.91
4822.01,1526.44
-3591.61,-2424.64
3603.01,-5394.65
-2762.43,-6226.64
2809.93,-4070.4
-1594.5,-262.834
1304.37,1981.74
-1318.66,4363.29
-558.339,4641.64
-1372.62,6235.61
1218.67,5615.91
-2179.6,3590.43
2324.83,-126.768
-2949.28,-4475.01
4810.79,-6415.65
-4385.09,-7048.15
5941.47,-4727.51
-6690.27,-1152.77
6939.6,3231.4
-7331.76,4797.74
6455.01,5737.32
-7059.33,3443.85
5234.63,2780.05
-5779.6,941.054
5434.35,-1086.63
-3794.99,-4424.78
3700.27,-6537.47
-2372.72,-6474.52
3709.37,-4145.88
-2302.65,-868.601
2334.6,1125.92
-2145.18,2618.98
249.797,3045.36
-1145.97,4382.78
171.259,5004.3
-12.7116,3516.27
1063.02,559.703
-1754.72,-2697.72
577.479,-3098.63
-102.829,-1710.97
799.862,168.933
-254.023,785.519
383.982,830.045
-1092.07,2226.03
371.217,3122.72
-585.577,3297.35
1099.34,792.14
-1155.46,-2886.71
475.82,-4322.56
444.388,-4490.37
1592.3,-3416.43
355.676,-3258.59
-530.364,-2929.55
626.842,-2099.26
-1376.02,918.381
2129.77,2724.58
-3671.28,4033.38
3564.31,4489.62
-6183.66,3946.14
6517.31,3578.51
-7641.09,883.279
8616.77,-1067.3
-9470.19,-3294.27
9193.69,-2215.61
-7529.66,-2421.71
8941.54,-1419.7
-8554.76,-2557.71
6969.3,108.429
-6650.9,2217.15
6210.28,3803.12
-4566.97,2170.89
3631.46,-951.257
-2748.15,-3046.05
2421.51,-3699.47
-780.026,-2628.82
1396.33,-2798.33
-961.091,-1420.32
-464.405,586.367
-3.4549,3885.49
274.358,6116.24
31.927,5195.61
-652.671,2386.21
-902.549,-431.825
1147.01,-2206.91
342.012,-3963.13
775.764,-5082.59
-85.3771,-4893.98
545.544,-2387.3
503.834,542.26
-123.642,2287.85
496.902,2559.26
-2248.69,2374.94
1572.13,2416.65
-1884.17,2186.34
2710.46,381.754
-2740.6,-1986.75
3844.85,-3841.38
-4194.7,-4305.94
6939.06,-3880.29
-5409.86,-4248.04
6427.08,-3144.34
-6722.84,-1703.64
7440.68,1538.03
-7585.92,3182.96
7826.81,4244.53
-8152.83,2616.69
6296.99,2974.9
-6502.72,2247.75
5901.09,2483.77
-4484.95,-49.2668
3702.84,-1823.21
-3162.25,-2300.86
3031.43,-2055.16
-213.207,-1534.38
396.896,-1989.95
573.603,-2534.76
-1189.24,-2082.36
2017.11,153.56
-1982.79,482.98
3024.95,704.844
-2713.3,-720.865
2463.43,-1321.38
-2139.09,-1362.51
2639.04,-1163.26
-1220.42,-1725.64
989.682,-1837.31
-2237.18,-362.64
2169.06,2466.57
-2210.12,4612.87
1752.49,4252.11
-1890.54,2612.52
830.691,821.723
-1110.55,-653.118
1927.38,-1637.96
-2172.96,-2227.2
3044.98,-2765.54
-2633.78,-2682.25
2952.41,-1158.61
-2595.13,40.9691
3234.95,1390.9
-4340.2,2017.26
3987.32,1806.91
-4649.9,1280.23
5989.16,-851.705
-4710.49,-4099.77
5801.52,-5304.98
-6422.44,-4931.96
6303.47,-689.203
-5730.13,1930.46
5263.24,3511.79
-4954.07,3003.42
3018.42,4234.31
-3315.76,4151.37
2139.63,4620.12
-1468.9,1770.51
-327.436,-2119.21
868.92,-3820.19
-1967.17,-3831.92
4203.32,-977.223
-3835.45,293.803
3778.41,1863.17
-4465.42,832.487
3974.76,750.227
-3697.68,-715.87
3696.73,-1051.72
-3802.54,-1170.49
2966.43,-440.282
-1528.51,-454.63
1682.81,-1995.32
-96.2997,-3871.99
-147.516,-4082.7
-570.61,-772.37
969.905,1946.56
-531.223,3649.3
50.4723,2579.13
-2313.86,2276.3
1726.09,3284.78
-2754.09,4347.81
3080.19,3918.62
-4429.2,1771.25
4531.6,-912.982
-5437.32,-2747.05
6168.49,-1857.68
-4772.81,-2810.55
6578.43,-2276.4
-7470.51,-2249.74
6685.22,-537.224
-5970.06,839.216
6208.7,1729.28
-5615.42,218.304
4447,-41.1194
-4028.82,-354.807
4549.75,-746.628
-2854.29,-2862.44
2044.59,-4354.4
-1187.56,-3428.24
191.639,-313.437
378.202,2930.53
-990.477,5363.4
280.48,5923.55
-2574.27,4514.46
2912.49,3363.5
-3571.16,671.022
3816.85,-1587.41
-3375.8,-3868.46
3242.05,-3784.43
-1687.28,-4224.47
3680.07,-3770.34
-2179.31,-3452.14
2369.85,-1937.17
-2450.25,856.195
2320.48,2893.64
-1785.23,3102.77
628.621,1856.49
-1577.4,1184.01
1851.33,825.093
-1027.67,468.151
2708.28,-2245.72
-2697.75,-4172.66
3213.28,-4238.32
-3676.5,-2756.75
5391.56,415.436
-5653.15,2445.83
4875.05,4602.47
-6626.48,5872.72
6329.68,5955.44
-6050.61,2408.83
6711.62,-1551.6
-6980.66,-5938.04
7363.6,-6110.06
-6258.44,-4981.17
7237.75,-2688.15
-5026.44,-1950.96
3938.27,-92.2673
-4195.42,2232.88
3304.72,5061.1
-2742.5,5135.33
980.978,3076.4
-1139.95,-208.822
-480.201,-2376.35
2253.68,-3147.41
-685.215,-4564.87
1599.21,-4138.18
-1259.34,-3788.37
1804.42,-1166.95
-2583.22,1358.29
2455.04,3761.64
-2835.45,4909.32
1150.07,5327.18
-2232.82,4790.38
1273.9,3496.36
-1131.18,606.475
932.317,-2858.86
-124.753,-4855.5
401.194,-5418.5
1311.76,-4117.92
253.047,-2400.84
-332.454,-1069.82
638.343,619.635
-940.878,2295.76
1379.36,1950.61
-1392.09,1467.3
2258.25,-646.005
-2826.94,-2104.97
3982.36,-2680.94
-4123.84,-2772.96
6588.38,-2626.22
-7010.29,-2073.55
7166.22,986.451
-7510.42,2816.78
7614.55,5634.08
-7959.56,4293.23
7377.17,3144.68
-8318.89,786.449
7798.04,317.021
-5649.81,-1814.29
6331.34,-3779.86
-3357.11,-6786.4
3093.32,-6635.56
-2021.75,-3660.38
3056.08,-936.649
-973.673,1740.06
42.6797,1756.28
328.286,1606.49
-388.406,1557.2
287.003,1396.82
-485.47,421.893
392.317,-244.799
-320.93,-1759.22
674.814,-1860.62
458.88,-1472.87
-230.124,-846.766
842.141,1031.59
-1561.05,1597.45
1592.52,1276.69
-782.858,240.175
-476.994,-222.598
-594.724,629.896
615.487,2691.37
729.48,1602.46
-619.217,-1079.3
1077,-3918.34
-2200.51,-4094.16
3094.52,-1594.35
-3222.87,353.652
4831.9,762.234
-5909.54,-38.8428
4614.38,1224.63
-5827.91,2566.38
6754.18,3825.05
-6534,1240.84
6071.64,-1516.4
-6501.22,-4161.79
6442.59,-3354.56
-3736,-3497.59
4381.16,-2902.06
-3697.12,-2399.59
1763.5,667.004
-3077.65,5355.41
2277.97,7674.55
-1997.95,7319.23
496.514,3712.18
-1826.46,896.23
1692.68,-1242.87
-493.922,-2986.99
2010.35,-5875.49
-2192.66,-6611.62
3023.93,-4830.77
-2621.43,-1391.37
4870.51,2355.67
-5011.83,2875.76
3972.29,3786.2
-6333.96,3827.96
5781.57,3495.2
-4709.19,639.471
5090.42,-2570.05
-4625.7,-5506.22
4473.99,-4270.06
-3040.22,-2648.37
4622.97,-1534.71
-3051.48,-2037.13
366.421,-258.859
-782.81,3731.46
-304.856,7414.41
822.327,7863.24
-3003.77,5102.1
1871.67,1655.65
-4042.04,-804.014
5706.59,-1578.03
-4118.47,-4584.17
5281.63,-6147.76
-4768.94,-6798.82
5131.6,-3892.66
-3951.53,-1426.01
5797.29,536.963
-5931.08,1003.5
3533.23,2487.06
-5060.1,5040.07
4598.62,6143.33
-3854.8,3102.43
3150.3,-1397.61
-3316.86,-4135.8
2646.08,-3713.28
-1899.81,-1483.21
3570.33,-431.112
-4034.77,-596.042
3047.83,555.872
-5608.28,4218.73
5908.64,7114.72
-5697.53,6460.8
5249.68,2497.35
-6648.48,-2478.96
6801.53,-4953.77
-5940.03,-6195.73
9389.64,-6297.44
-8418.29,-7107.81
7501.84,-2932.02
-7245.75,791.996
6938.46,5713.4
-5771.55,5844.32
3797.35,4705.24
-5013.29,3148.95
2481.37,2408.2
-320.619,697.885
-403.29,-2306.82
1723.77,-5271.23
-3120.76,-5008.47
4519.7,-1097.93
-3613.9,429.19
6110.52,1676.25
-7345.4,55.1104
5472.03,1039.35
-6023.52,2688.37
6347.39,3732.47
-6058.02,1658.12
5261.27,-98.275
-5938.6,-1626.56
6193.2,-1015.76
-4379.09,-1413.78
4773.17,-2914.77
-4300.41,-3168.19
3424.1,-1940.26
-3323.33,465.411
4614.54,2178.67
-4564.34,1802.71
4235.02,614.023
-4793.98,-249.337
6003.2,-1254.82
-4731.73,-3155.86
5871.25,-4500.54
-6751.98,-3940.99
6945.81,-367.549
-7397.18,3078.18
7678,5891.37
-9185.08,6075.23
6673.96,7102.23
-7763.66,5735.03
7494.5,3903.22
-6558.71,-1517.9
6361.34,-5877.41
-5509.78,-8315.57
5740.83,-6746.12
-2218.67,-5203.25
3239.11,-3384.59
-1342.26,-2292.08
-414.299,60.007
605.17,3841.52
-1754.56,5298.27
2049.72,5134.84
-4227.95,2460.13
3787.59,402.539
-4459.68,-851.331
5847.74,-1469.02
-5585.85,-2885.85
5589.04,-2096.84
-6399.12,-1191.54
5843.67,1941.88
-5071.48,3295.24
4495.1,3689.7
-5302.59,3136.71
3521.46,3083.16
-3413.41,1467.1
3066.86,-236.367
-1913.01,-3680.76
1502.68,-5547.57
-130.112,-4702.51
1613.7,-4184.9
1009.46,-3217.92
-9.76343,-3788.58
-1415.79,-1536.58
484.413,2140.98
-2037.06,6557.93
2669.92,7621.69
-4633.93,6384.22
3641.05,3753.69
-5798.48,1719.47
7140.88,308.422
-6937.49,-3853.19
8255.09,-5477.21
-8914.29,-6579.89
8129.93,-1714.14
-6619.89,1842.43
7460.5,4576.13
-7514.03,3498.5
4524.05,3214.1
-4088.79,1816.96
3793.65,-84.075
-1789.18,-3312.89
295.847,-5926.53
689.253,-4956.94
-350.257,-3339.85
2588.89,-702.949
-1594.09,-889.828
823.003,537.392
-2146.42,2424.74
1122.39,4702.86
-336.294,4347.18
-468.218,2338.58
-959.388,410.648
-1181.86,738.894
2199.63,2148
-1470.53,817.435
1677.63,-866.369
-2256.58,-3028.19
2128.19,-1875.83
-1076.66,-722.341
1170.98,358.443
-1042.28,693.433
-840.591,1364.99
696.897,2118.37
-861.96,1950.45
1932.89,462.592
-2920.43,-1654.1
3833.83,-2897.87
-4089.53,-3870.01
5517.83,-3512.31
-6151.51,-2649.53
6720.96,-646.042
-7314.04,1551.33
7757.05,3567.73
-7767.58,2654.38
6672.95,2746.91
-7483.76,898.988
6517.36,1026.76
-6391.88,-113.485
6439.21,-431.972
-5790.78,-1381.58
5519.38,-1182.12
-5263.48,169.246
4653.6,1619.86
-4141.25,2006.4
3398.75,1105.33
-3863.97,1154.26
2328.52,1517.81
-2040.1,1912.52
3672.25,397.993
-3500.47,-3039.24
5179.67,-5971.5
-5370.55,-6549.09
6205.96,-4127.95
-5498.77,-1336.69
6924.53,721.611
-7096.58,1279.26
5497.65,3355.94
-6175.12,4321.97
6823.09,4823.8
-6995.15,1929.2
5390.25,-249.012
-5970.25,-2266.92
5560.29,-938.097
-3983.32,-421.038
3093.93,412.377
-2517.78,1430.59
1509.84,1783.26
-487.562,1490.84
-345.356,101.666
426.958,-544.282
-1265.46,-1112.6
1616.91,-955.563
-230.034,-2184.72
1032.57,-2780.54
-950.388,-3569.44
428.001,-1599.35
640.629,216.852
-671.744,730.461
1375.61,350.417
-3794.29,978.488
2289.57,3752.23
-2433.42,4804.48
3014.47,4193.96
-2622.24,-739.237
1422.55,-3185.73
-1534.21,-3837.28
1388.47,-1509.24
986.748,-787.33
-1225.34,-1342.75
788.986,-232.554
-2637.11,1933.89
3879.34,4532.06
-3938.23,3730.58
4109.55,1928.26
-6385.29,-1169.84
5359.7,-707.891
-4299.74,-847.752
6452.41,-2347.59
-4801.64,-4831.41
4685.22,-5217.45
-5042.23,-2547.63
5590.67,920.315
-4089.97,1995.9
3681.52,1749.91
-5472.45,1372.26
4785.9,3007.69
-3536.37,3416.72
3990.98,1386.69
-4405.39,-1977.7
3492.85,-3219.46
-3850.67,-2360.43
5127.48,-440.089
-2857.43,-312.291
2363.86,-74.9616
-2723.75,552.906
2104.19,1747.15
-2010.31,2500.32
2162.34,1443.35
-3208.43,229.465
2555.13,-14.0627
-1328.67,-446.896
3560.37,-2390.46
-2125.9,-5280.31
2305.27,-6379.29
-3164.56,-3776.45
3209.97,590.16
-1624.94,2814.92
2071.75,3518.81
-3187.62,2193.41
1495.27,3416.31
-1258.88,3732.14
978.425,1928.98
-232.93,-1637.72
-977.881,-4554.28
2540.77,-5251.94
-2342.23,-2862.45
4915.49,-497.35
-5457.24,659.183
5335.74,2330.69
-6810.1,1935.78
6897.86,2982.78
-7122.86,2029.86
6824.63,1799.96
-6696.77,-103.007
6608.75,-1092.1
-4694.44,-4352.9
6113.37,-6278.03
-4639.03,-7400.49
5217.58,-5297.09
-3569.69,-1065.83
2265.86,2859.03
-1831.27,5864.83
195.028,6343.47
-2260.78,6748.66
1480.42,5749.92
-2220.04,3908.46
2276.7,210.914
-1681.52,-4173.03
2492,-7155.99
-2591.69,-7322.94
4534.4,-4603.41
-4387.75,-712.835
5424.59,2411.7
-6166.69,3874.96
4987.61,5182.78
-6025.34,3584.7
6615.15,1852.83
-6351.56,-2347.27
5157.93,-4289.11
-5075.46,-4357.27
5732.52,-2775.7
-4486.44,-1900.62
3866.02,371.058
-3870.48,1814.02
2397.9,4085.19
-1478.61,4626.84
170.071,2284.56
26.9102,-210.231
-2334.75,-1483.81
3190.47,-1679.68
-2556.84,-1717.74
3527.27,-1294.54
-4260.82,-1099.9
2875.08,1973.39
-3814.22,3938.6
4221.29,5289.36
-5027.9,3222.71
2072.5,2475.42
-2661.12,2044.39
1985.73,1614.17
-721.585,-956.24
1799.23,-5208.72
-2159.15,-6569.1
2618.97,-6422.42
-641.291,-3350.41
2624.93,-2306.54
-3726.92,-830.309
2224.34,2508.11
-4777.2,6228.95
5488.79,8014.24
-5843.62,5219.83
5118.28,1593.79
-8249.36,-1386.14
8298.42,-395.074
-7605.68,-1614.55
9625.92,-3179.66
-9419.61,-4981.56
8652.29,-3212.08
-7765.54,400.031
8553.66,3858.58
-7738.44,3052.5
5150.32,2644.96
-7782.22,2791.09
6312.65,4820.84
-4430.99,3841.86
3999.16,975.319
-3319.96,-3307.89
2402.46,-5405.88
148.559,-6072.81
1408.13,-6555.17
807.521,-5929.42
-2772.65,-3105.07
3869.48,2037.92
-4807.54,6088.24
5224.4,7570.49
-6144.4,4960.37
4248.67,3176.97
-6025.13,796.827
6398.43,173.315
-5408.47,-2509.26
4755.53,-3492.95
-4181.41,-3594.72
4604.6,-1466.85
-3050.13,101.065
3885.07,527.204
-3702.8,169.795
2245.21,-208.664
-2077.93,1088.5
1239.44,1420.42
-1477.07,1847.51
2352.38,808.906
-2590.59,-773.237
4268.76,-2819.2
-3864.08,-4017.65
5161.38,-4043.76
-5942.1,-3158.32
6194.29,157.17
-7058.49,2820.71
7527.24,4985.7
-7973.44,4606.47
7251.89,4370.33
-7764.19,1701.82
7639.01,27.0034
-7141.27,-3601.06
6663.76,-4527.31
-5024.8,-5027.26
5593.6,-3269.54
-3105.94,-1451.65
2791.03,124.042
-1896.94,1302.2
372.364,2195.94
-622.334,2914.89
-934.639,2633.88
2617.16,1548.57
-2723.43,-1106.41
3742.33,-2880.41
-4057.92,-3627.05
4548.4,-2117.8
-3290.86,-2079.4
4275.02,-1822.89
-3945.13,-1599.38
2925.32,1500.73
-2542.51,3840.43
2604.21,4854.46
-2541.77,2800.66
1910.01,-670.04
-2545.74,-2241.77
2664.55,-2344.4
-1193.57,-1190.73
2376.56,-1674.03
-1830.26,-1966.3
1823.96,-1838.51
-2618.78,-182.783
4171.65,1510.59
-4671.55,2114.6
4249.57,2434.76
-5538.23,1364.17
7520.88,177.255
-6579.93,-3304.33
7542.22,-5329.38
-7595.06,-5352.53
7603.61,-1961.1
-6149.26,-73.0378
6916.26,1384.49
-6803.5,741.198
4654.78,3194.17
-4289.93,4531.34
3769.65,4728.96
-2482.97,1610.22
318.288,-1950.96
-722.662,-2870.46
525.193,-2002.13
1404.26,162.91
-601.515,-633.581
1234.28,-874.162
-2081.08,-1377.4
1775.49,96.1154
-405.312,145.355
449.457,-168.302
-390.358,-921.383
-1557.78,-302.716
2892.48,1001.6
-2109.59,37.5321
3342.43,-1572.96
-3869.05,-3640.8
3621.43,-2193.27
-3213.59,-485.65
3165.87,1584.15
-2423.77,1238.15
790.821,2155.07
-1129.21,2563.56
-156.257,3799.46
956.118,3566.55
-2065.5,1128.43
2205.59,-830.96
-3932.88,-2305.81
5095.55,-1354.61
-4188.85,-1851.8
5616.87,-1772.87
-6411.91,-1953.15
5740.98,162.243
-5271.8,935.604
6337.24,788.224
-5510.39,-1379.23
4203.46,-2126.5
-4301.42,-954.948
5240.46,138.363
-3716.2,-1014.99
3761.8,-2447.3
-4525.03,-2215.76
4032.32,402.022
-3791.93,3442.66
4189.62,4368.29
-5172.44,3407.53
2490.06,3320.08
-3497.04,3393.27
4382.01,2775.67
-3946.78,-17.8642
4204.03,-2961.72
-4951.77,-4258.94
5502.34,-3340.7
-3261.79,-3111.16
4938.64,-3302.44
-5734.98,-2686.21
4690.45,706.367
-5427.07,4742.22
5214.64,6467.58
-5153.74,3933.19
3928.43,895.136
-5416.86,-1718.7
5943.54,-1797.18
-3210.85,-3885.71
3592.98,-5718.85
-2804.77,-6409.81
2293.45,-4002.92
-1812.99,623.176
2013.19,4785.39
-1109.54,5712.06
-1458.88,5112.47
774.96,4172.5
-2892.92,3003.96
3600.9,1358.55
-3511.22,-1733.83
3953.76,-3567.15
-5254.43,-3541.12
6716.39,-1276.54
-4738.26,-707.716
5572.58,-793.089
-5187.03,-2403.11
4776.42,-703.988
-4935.33,299.594
5312.17,1652.99
-3993.23,534.489
3195.95,-1119.24
-2631.87,-1507.23
2564.26,-1063.21
-832.098,-680.33
1528.3,-1446.45
-2282.1,-915.089
950.92,313.916
-1187.79,3380.71
1633.26,4681.52
-1897.62,3635.47
1853.68,1842.2
-4315.2,949.068
4756.12,463.717
-3853.36,-1581.34
4888,-3651.46
-4510.89,-5819.12
5226.19,-4388.08
-3202.43,-3370.72
4646.36,-1504.46
-3937.68,-1459.69
2002.01,180.316
-1410.22,1781.45
796.072,3192.68
130.388,2641.25
-1086.05,1279.46
1599.23,405.071
-3359.84,-760.294
5702.1,-1231.17
-5642.74,-2913.18
5613.96,-2115.23
-6781.11,24.9526
7539.73,3462.88
-6627.64,3607.41
6665.61,2614.86
-8228.29,557.403
6650.13,1247.11
-5967.48,1145.1
7526.82,-526.526
-6057.96,-4569.08
6018.12,-6162.63
-5501.74,-4951.99
5874.7,-1503.06
-3747.8,598.644
3038.79,1376.59
-3949.1,1690.59
2233.93,3326.6
-1171,3915.52
1528.33,2181.43
-1189.24,-1209.42
47.2386,-3808.76
-259.922,-3644.52
695.326,-2367.78
1106.86,-914.404
-711.167,-491.394
569.911,747.877
-1319.78,2286.7
1357.78,3405.08
-1854.15,2965.32
1152.3,1192.13
-2698.75,423.342
3106.7,-135.271
-2473.32,-510.235
3632.82,-1458.95
-3914.31,-2563.68
4348.28,-2189.99
-4522.8,-1781.66
5916.89,-888.644
-6099.31,-680.342
6369.02,523.41
-7269.87,1412.99
7456.98,2724.43
-7488.38,1478.62
6844.89,737.658
-7598.32,-414.736
8046.64,-844.674
-7325.38,-1300.8
7907.84,-1380.31
-6267.86,-3347.11
5756.55,-2496.02
-5879.41,-1175.39
4658.45,2287
-3547.53,3822.4
2216.59,4131.14
-2048.85,3143.85
316.595,1914.02
1288.82,82.7339
90.7614,-3617.98
882.347,-6317.58
-862.798,-7829.12
1760.03,-4094.95
-938.256,-1043.87
2367.19,1861.84
-827.896,2523.98
-1194.7,3014.18
-130.546,4459.09
-1170.47,5195.98
3172.46,2793.37
-3245.25,-2557.75
2968.5,-5106.07
-3242.85,-5144.42
4376.08,-1046.5
-2264.86,406.595
2115.9,600.944
-2740.46,463.323
905.321,2252.09
291.154,3524.69
-1329.52,4116.06
1368.11,2420.57
-3658.16,210.826
4064.92,-988.681
-3269.52,-3938.4
5229.15,-4561.75
-4793.15,-5833.74
5330.84,-3806.76
-4644.92,-1757.15
4496.79,495.369
-4379.69,1305.87
3104.82,2830
-4587.67,4418.32
3031.63,5977.97
-2756.43,5369.9
1551.64,1575.1
-1626.88,-2069.02
622.69,-4303.26
-640.549,-3449.56
2633.21,-2186.71
-2299.91,-1380.54
1736.18,83.5217
-3237.81,2483.13
2701.13,4719.93
-3660.7,5441.81
4170.9,3450.99
-4980.25,-201.212
4897.19,-2804.86
-4848.08,-4707.65
6632.51,-4954.06
-5783.37,-5481.02
5832.82,-2942.59
-6744.72,417.739
6342.78,4902.13
-5190.23,6035.54
5070.67,4408.7
-6362.81,966.608
4960.82,-465.292
-3582.36,-2143.27
3907.1,-3537.79
-2769.29,-4418.31
2393.63,-3424.68
-1899.29,-168.499
1566.52,3692.9
57.2678,4771.07
-1822.51,4280.49
-85.9244,3814.62
-1276.75,2879.72
1839.11,1706.86
-1058.77,-1718.54
1357.41,-3892.63
-2065.39,-4461.42
2669.7,-2648.51
-356.06,-1816.06
1457.23,-2348.01
-867.559,-3395.33
-95.5558,-1368.97
260.703,1543.36
-140.733,2746.3
257.597,3194.13
-2295.46,1616.8
955.542,1583.93
-469.51,1604.13
1513.85,335.318
-497.091,-2365.05
-887.223,-3144.42
637.642,-2303.71
-1358.18,663.077
3013.42,1908.94
-3812.98,1879.65
3276.27,2944.09
-6268.82,4193.87
6701.71,5415.56
-6864.46,2722.87
7553.85,-1990.88
-7817.56,-6913.51
7908.21,-6139
-6796.12,-4700.08
8648.91,-1527.58
-7339.33,-1545.5
6235.92,-652.702
-6576.9,954.759
4825.58,4213.15
-4052.11,5879.57
3306.96,4584.72
-4525.2,1874.62
3065.56,-910.593
-2639.86,-1781.36
3329.31,-2844.78
-2786.54,-2338.98
2836.28,-1314.65
-4053.62,648.495
4640.79,2695.62
-5350.12,3272.9
4781.05,3358.81
-5786.35,2070.35
5069.94,2178.7
-5610.48,305.833
6663.95,-1753.06
-5877.49,-4946.98
5245.57,-5139.54
-4116.59,-4023.7
4628.71,-1167.96
-2644.05,-241.047
1449.67,529.78
-1452.96,1176.68
-1025.74,3134.26
900.786,5355.09
-3142.56,5558.43
4087.92,3415.58
-5015.45,-319.684
4624.94,-2132.14
-4271.27,-4225.84
6598.77,-3852.88
-6876.53,-4053.24
6615.55,-1980.78
-7187.99,706.158
6907.41,4445.87
-6905.64,5647.12
5645.42,5590.5
-6118.18,3329.07
4833.79,1114.44
-4441.51,-2137.08
4439,-4859.74
-2109,-6740.08
1810.49,-5816.42
-908.018,-3285.87
2846.49,-428.102
-1529.26,1119.66
1015.69,486.511
-2467.03,2262.44
1343.7,3750.4
-2128.22,5057.43
2393.44,3705.27
-3526.57,1205.39
4496.5,-1460.36
-5009.66,-2935.58
6376.73,-2535.87
-5521.99,-3353.29
6104.07,-1701.85
-7577,-698.442
6889.65,3424.73
-6265.45,4958.91
4663.08,6267.5
-5338.07,5077.62
3465.29,2916.95
-1921.81,-1306.64
2251.06,-5730.13
-327.703,-9037.92
36.4247,-9280.22
2760.7,-5855.04
-2329.47,-2686.15
5039.02,-467.03
-6018.94,1082.93
4701.16,4272.71
-7126.25,6804.71
7286.06,8049.6
-8003.15,4796.91
6205.22,1445.7
-8642.35,-972.081
9039.09,-237.404
-6736.88,-1830.7
7766.38,-3325.57
-7457.77,-5113.92
6434.77,-2604.81
-5492.06,402.79
5691.85,2753.05
-3621.49,1917.23
2269.16,30.2003
-2866.56,-288.185
2099.08,619.363
-212.504,455.619
1040.78,-2350.99
-1161.65,-3942.61
634.528,-3826.74
344.633,-794.817
1516.83,961.274
-1732.55,1602.43
-286.888,2751.2
-993.633,3789.99
921.63,4577.27
-358.352,2388.65
991.159,-852.65
-995.407,-3691.83
583.763,-3765.5
876.406,-3471.66
359.799,-3135.14
259.334,-2330.14
-1354.52,-455.092
1677.95,3127.61
-2545.05,5662.65
2909.15,5898.12
-4579.54,3278.13
3134.08,554.539
-3112.42,-1768.97
4576.85,-3681.05
-4032.89,-5117.73
4992.78,-4507.6
-5149.34,-2950.41
5165.04,70.4104
-3522.6,781.457
3448.71,1392.22
-4219.54,1028.33
2818.21,2683.57
-2781.5,3426.3
2124.93,2122.42
-1369.28,-764.885
652.276,-3168.3
-939.346,-2618.25
1605.31,-978.072
-61.8672,614.29
-407.341,397.264
-932.9,1375.6
-406.73,2649.7
-652.329,4427.91
1061.84,4939.94
-1963.83,2919.62
1805.84,212.469
-2558.88,-2274.01
3849.22,-4218.63
-2472.07,-6258.01
4249.04,-6743.32
-4233.61,-5364.55
4508.66,-1488.96
-3409.14,1571.12
3733.87,3735.73
-4479.66,3205.27
2485.3,3662.99
-2724.96,3319.71
2174.33,2532.87
-1764.62,-105.247
984.579,-2212.99
-971.501,-2321.94
491.883,-1180.63
1086.42,403.697
-626.68,388.605
310.106,998.943
-1856.48,1612.06
1666.49,2923.5
-1400.7,2530.4
1292.13,707.891
-737.062,-2068.05
-162.115,-2885.35
1545.83,-2929.08
-538.12,-3021.93
2051.99,-3313.57
-2328.64,-3106.23
2490.24,-1157.56
-3457.07,1845.8
4154.16,4374.61
-5108.33,4381.62
3058.49,4660.25
-4116.67,3022.37
3987.55,2145
-3366.63,-1262.78
2467.57,-2794.66
-1472.45,-3708.29
737.755,-2957.4
1043.21,-1699.1
-2016.76,-146.176
2683.89,1283.24
-4502.28,2749.29
4536.31,4741.54
-5691.59,3095.58
6241.57,1639.32
-6274.56,-2715.34
5257.53,-3729.46
-4593.23,-4052.11
5701.36,-2794.61
-3421.59,-3186.11
2505.24,-2337.77
-3067.58,400.811
2352.98,3596.7
-1770.47,5619.17
738.833,4156.82
-2090.12,3248.19
-236.942,2247.38
132.897,1969.31
125.039,837.532
-249.66,-1223.81
924.04,-3019.31
-1861.92,-2857.52
3210.66,-1804.86
-2464.43,-1105.78
3434.91,-699.95
-5043.49,-268.715
4108.34,1811.1
-3474.9,2365.31
4459.95,1333.17
-3831.91,-1993.89
2267.32,-2709.19
-2571.79,-2032.15
3223.4,308.215
-1932.32,-415.442
936.413,-799.026
-1437.64,696.051
1.9447,2845.27
1062.06,4880.63
-1085.7,2797.32
-193.787,915.18
-2093.98,-322.008
2021.41,288.351
-1140.1,435.849
1796.86,-570.821
-183.283,-3052.48
-396.909,-3950.13
754.815,-2811.89
-1081.9,-675.663
2347.36,890.608
-3474.4,1381.86
2155.84,2860.01
-2931.65,3776.52
3361.96,3928.03
-3081.47,1425.77
1732.02,-1002.04
-2127.29,-3416.62
3196.26,-3487.42
-2359.2,-3782.96
2210.37,-2568.31
-1845.43,240.042
2015.5,2020.64
-1855.69,3027.56
1133.29,2255.44
-1649.73,1523.77
210.897,1392.94
-616.655,1171.66
1672.36,-75.5837
-852.256,-2425.63
1463.58,-4005.16
-2129.62,-3371.66
2767.33,-705.977
-1709.67,755.711
2469.11,803.257
-3844.78,957.535
2174.63,2645.11
-2785.78,5020.7
3209.47,4965.18
-2559.41,1054.16
3112.8,-3443
-3953.83,-6104.95
5297.66,-5317.55
-3127.16,-4292.21
4904.98,-3490.52
-4525.32,-2727.47
3892.91,76.5193
-3973.72,3287.93
4412.68,5759.49
-4976.49,5386.82
2767.99,4279.92
-3257.01,1941.1
2825.26,193.568
-1349.02,-2759.15
2435.15,-4953.43
-1468.36,-5376.67
975.726,-3550.54
-271.849,44.4602
1778.85,1201.57
-2153.75,2040.42
698.466,2710.28
-1363.33,3729.35
2121.64,3135.4
-2434.5,938.898
2889.39,-2937.24
-3795.37,-5374.3
5008.32,-4365.59
-3869.3,-3728.96
6256.36,-2375.68
-6057.21,-1930.09
5352.51,753.419
-6154.39,2763.97
5268.84,5093.38
-4495.17,4382.7
2601.31,2996.87
-3155.35,794.985
2854.11,226.96
-1416.61,-1313.47
527.618,-2947.34
841.012,-3229.49
-1889.15,-2347.42
2166.4,497.763
-1223.3,1578.65
2649.41,1871.64
-2785.34,-572.968
1453.32,-521.629
-1289.11,-556.032
1449.28,-340.796
-443.948,-1129.12
129.429,-2165.61
1077.97,-2034.25
-396.106,-1623.05
2062.13,-944.424
-2279.81,-1315.98
865.633,977.405
-2400.32,3037.51
1198.34,5840.58
-588.367,5835.6
26.1802,3831.17
274.186,855.457
-1760.79,-1575.96
3859.92,-3831.71
-3393.49,-6126.92
4098.72,-6338.61
-4812.84,-4233.21
5517.22,1255.65
-5794.27,5030.88
6899.43,6559.51
-7653.51,3656.03
5331.2,1590.25
-6195.64,-591.491
6859.09,-1922.74
-5873.74,-4234.41
6068.15,-4870.3
-6061.24,-3708.5
5925.8,-494.952
-3824.42,1555.01
3405.28,2149.7
-3916.17,1345.22
1173.09,2846.39
-2281.68,4692.89
1387.01,4719.36
-219.722,2182.15
520.409,-2405.37
-1635.77,-4324.11
1450.08,-3443.85
533.23,-1682
648.518,-2081.97
-1237.53,-1836.42
-631.362,424.034
-167.926,4508.17
884.888,7047.21
-407.343,4532.77
-293.062,598.452
-1887.24,-2600.89
1743.8,-3032.78
1215.46,-4288.85
360.038,-5818.25
1501.44,-6541.54
-2681.31,-4102.58
3628.86,836.694
-2529.58,3844.95
4219.46,3385.02
-6652.61,1678.33
4836.45,2863.61
-6471.11,4779.27
7079.03,5824.2
-7145.54,2632.11
6865.34,-699.736
-8824.9,-2809.8
9761.09,-1328.13
-7972.84,-1037.82
8928.87,-1663.8
-8377.33,-3605.07
7866.56,-2836.8
-7232.27,-1760
8114.94,361.409
-6303.14,-165.839
4419.62,174.366
-3942.62,-305.12
2681.54,827.87
-280.661,-381.092
-661.487,-1529.16
1496.73,-1530.77
-4041.06,-262.568
4936.43,2984.03
-5788.65,3040.66
6011.84,3128.11
-7743.74,1292.05
7080.41,2255.31
-6893.41,964.273
7970.22,-53.2667
-7688.2,-3264.44
5985.82,-3640.13
-5556.51,-2154.94
5653.16,152.389
-3352.38,888.091
2271.82,618.702
-3193.9,1328.55
1749.32,2446.71
-2178.39,3479.95
2156.01,1828.88
-3189.36,19.2911
1988.06,-734.726
-1611.16,-760.501
3656.23,-1732.72
-3107.54,-3431.85
2877.1,-4086.6
-4152.46,-2513.06
4241.78,1157.68
-3722.92,2732.69
3458.36,3852.93
-5099.17,3292.01
3278.28,4258.97
-3557.5,3810.18
3747.43,968.464
-3904.34,-2236.72
2426.63,-3603.99
-2820.22,-2431.14
3139.12,632.666
-672.044,777.805
31.428,-419.562
-1016.95,-375.619
-2080.84,2589.13
1998.34,5320.63
-2497.5,5223.9
2882.73,1704.65
-4382.21,-2151.27
4252.06,-3062.98
-4171.87,-3137.19
6926.12,-2782.02
-7511.04,-4557.69
7251.56,-3408.15
-7744.97,-1342.09
7608.35,2882.55
-7084.55,5003.04
6141.55,5610.97
-8318.69,4300.22
5040.42,4363.01
-4188.44,2109.27
3703.95,-357.26
-2986.07,-3294.91
1610.42,-3404.09
-1211.31,-1369.19
2032.37,-365.279
63.4615,-742.874
-705.497,-2804.75
-368.987,-1201.31
-288.606,1873.2
1252.22,4025.35
-780.878,2298.99
495.408,-576.075
-1435.13,-2614.2
385.573,-1723.85
1154.82,621.668
104.944,-83.0654
663.63,-1688.07
-1877.29,-2077.03
84.3467,940.469
426.466,4208.79
-197.861,5183.04
469.024,3048.89
-3430,1377.15
3446.61,433.163
-2679.33,-397.608
5036.74,-2922.94
-5330.88,-5830.74
6153.64,-5549.12
-6151.19,-4003.43
7999.58,-658.47
-7216.38,278.533
6956.22,2293.62
-8420.25,2778.27
6993.42,5087.68
-5871.95,3567.21
5471.65,1073.35
-4805.74,-2878.67
3096.37,-4148.9
-747.263,-3601.87
1069.14,-2534.4
852.256,-1677.9
-2086,-959.557
2833.31,1423.01
-3009.56,2484.44
3463.93,3826.49
-4155.21,2198.39
3111.83,1916.09
-3763.63,674.88
3551.7,185.448
-2463.1,-1193.79
1424.71,-1105.99
-675.508,-639.355
883.637,-420.678
357.331,-428.828
-1210.06,-1295.91
1909.63,-1207.38
-1922.31,-1501.95
1853.75,-26.2687
-1307.04,-183.821
1033.43,70.7943
12.5475,-823.791
-965.364,-824.02
1099.71,-494.271
-587.856,-474.547
1780.25,-488.941
-3808.43,-425.908
3274.81,1730.86
-3803.79,3126.04
3735.83,4146.59
-4552.94,2370.97
4291.82,1400.5
-5346.17,432.303
5429.88,-327.166
-3252.08,-2811.45
3221.19,-4610.45
-2917.65,-4758.53
2912.36,-2672.37
-1527.83,-291.239
2506.13,1269.56
-2535.58,1441
544.772,1949.11
-980.348,3234.32
866.382,3365.81
-442.202,1285.72
-14.8788,-1312.99
-348.999,-2073.22
47.1255,-1922.47
1015.96,-716.529
743.124,-1018.31
-1255.61,-1776.04
764.445,-885.297
-963.368,1444.51
1358.31,2997.08
-1909.08,2845.46
1535.55,1702.98
-2594.81,499.439
2435.44,311.802
-1181.79,-1501.32
2017.38,-2675.73
-1760.79,-3938.36
1805.9,-3333.08
-1830.73,-1040.55
1768.97,1249.2
-383.016,1841.91
13.3457,1438.73
-551.729,1081.64
-633.267,1498.97
2551.99,285.486
-1520.82,-2966.91
2304.26,-5310.12
-3348.01,-5090.23
3598.73,-1131.17
-2264.94,2666.36
2666.6,4215.49
-4242.11,3838.19
3280.96,4381.38
-4485.31,3951.21
4818.37,3003.96
-4298.14,-204.7
3687.72,-2909.93
-3730.97,-4341.92
4686.76,-4139.65
-1658.73,-4043.19
2758.85,-3719.16
-2472.31,-2761.82
2314.4,-151.119
-2519.85,2537.69
2817.88,3331.18
-3477.39,2741.05
2594.3,1621.34
-2981.99,1148.81
3843.67,3.95349
-3019.97,-2151.67
4149.41,-4478.25
-5031.09,-4869
4985.42,-1895.19
-3865.93,590.048
4539,3286.04
-5363.09,3365.14
4323.87,4085.71
-4449.91,3141.14
3685.54,1793.91
-3086.27,-809.886
2312.67,-2719.13
-1161.2,-3812.97
1231.11,-3234.33
595.007,-2236.47
44.7026,-1894.32
260.118,21.1366
-1310.63,1120.43
1286.94,2592.85
-341.683,2000.11
-328.176,815.837
-455.326,-284.427
-402.198,334.24
2355.57,-461.389
-1565.22,-2528.43
2733.48,-4437.52
-4475.12,-3570.65
4790.96,857.771
-5017.38,3534.95
6055.35,4644.91
-7196.21,2749.33
4939.27,2760.47
-6457.48,3241.54
6456.31,4114.08
-5549.8,767.847
4377.97,-2258.07
-4788.51,-4434.03
4540.56,-3482.07
-1737.8,-2499.93
2890.44,-2874.82
-2537.13,-2763.05
462.958,-1229.23
-1221.61,2518.38
1374.72,4353.03
-1550.87,4152.58
-22.7318,2428.61
-2365.83,2414.98
2713.7,1645.17
-2208.49,-529.662
3581.49,-3968.29
-5361.5,-5822.48
5439.64,-3373.95
-5215.18,-112.607
6759.11,2842.97
-7444.75,2662.59
4712.82,4475
-6152.06,4951.66
5120.5,5885.6
-4716.26,2935.41
3718.6,-550.049
-3764.17,-3791.29
2495.44,-3960.57
106.507,-3270.65
451.506,-3337.6
1088.57,-2973.47
-2317.03,-2151.11
2249.8,1636.72
-2807.2,3853.93
2650.09,5421.89
-3363.8,3431.9
1489.2,1730.55
-1286.83,-16.788
1734.98,-1674.73
220.049,-4360.57
-587.333,-5124.76
907.038,-3599.79
-1142.83,-1167.6
2328.47,2198.39
-3186.18,3615.6
2162.52,5452.73
-3779.56,5798.91
2469.66,5962.42
-2809.23,3218.48
2560.37,-721.815
-1842.58,-4847.16
1307.09,-5994.41
154.22,-5232.77
1676.81,-3942.61
454.596,-2782.24
-1038.79,-2223.5
1063.78,-24.5073
-2002.74,3225.65
2487.47,4901.8
-3490.03,4007.85
2299.01,2783.62
-3178.27,806.765
2403.63,445.221
-2356.55,-466.238
2665.81,-882.643
-2384.77,-1557.53
2209.88,-1688.53
-1422.15,-1353.74
2029.38,-683.658
-2186.02,-120.556
1039.91,1394.28
-1367.24,2763.75
1031.23,2092.69
343.513,221.44
-736.123,-1897.6
305.664,-2597.11
-362.465,-1210.65
586.726,-23.0282
-478.219,205.041
-433.814,783.922
43.8045,1189.39
-631.499,3035.17
1793.58,2536.54
-1649.73,384.51
1858.96,-2647.02
-3630,-3782.35
4519.32,-2791.84
-4037.39,-1441.68
5160.01,599.419
-5717.89,743.823
5825.83,2449.55
-5375.08,1250.28
5554.62,566.907
-6007.16,-1265.97
4000.02,-198.351
-3827.96,1469.93
2886.21,2959.96
-1002.26,1951.53
512.7,-71.8638
-256.081,-1130.22
-47.9712,-2171.88
1452.05,-1766.52
-822.248,-3264.46
1110.37,-3413.52
-1129.82,-2436.47
147.519,1505.33
1792.06,3495.81
-1856.55,3615.99
2011.43,1460.51
-3859.29,-642.573
4547.91,-1082.88
-3986.79,-2653.69
6285.69,-3009.86
-6530.25,-4171.38
5657.15,-938.714
-5716.04,2343.2
6012.31,5100.66
-5431.57,3684.56
3480.53,2999.44
-4927.06,2609.37
3366.34,2948.87
-1276.52,1651.31
1053.24,-2333.14
-267.64,-5727.16
-355.116,-6249.22
2470.33,-4090.67
-528.223,-2834.15
2263.29,-2183.46
-2790.77,-2062.56
1648.15,476.838
-2549.32,3511.97
3704.5,4809.66
-3229.15,2708.43
1484.84,569.899
-3022.25,-79.114
3168.2,726.615
-1574.05,-375.977
1311.65,-1807.67
-1963.21,-1824.54
1507.98,-63.5176
-1398.03,2909.3
1544.1,4076.11
-2348.22,3193.88
1481.03,1662.95
-1336.47,-390.334
1935.53,-2462.52
-538.682,-4236.03
1581.26,-5295.39
-1524.72,-4857.01
2620.45,-3320.43
-1906.65,-1400.32
3152.06,406.002
-5039.26,2656.51
4650.89,4821.25
-5479.1,5787.88
5429.18,4044.94
-6163.55,185.341
5413.45,-1637.32
-6002.69,-2700.13
6873.32,-907.802
-5885.07,-1375.83
5699.98,-479.925
-5476.43,-694.414
4599.55,1091.85
-4344.33,2513.97
2873.39,3683.88
-2571.14,3213.19
637.176,1465.48
206.934,-198.496
-1103.15,-2278.36
2621.67,-3226.53
-1448.93,-4733.2
2052.6,-4470.94
-1683.35,-4020.6
2092.12,-1737.71
-1100.88,-250.667
881.506,1326.26
-1162.54,2541.76
-768.157,4508.64
-396.932,5725.45
28.0514,4233.97
289.346,1258.37
-1035.02,-2391.84
1086.09,-3082.8
-45.8553,-3281.82
1644.96,-2632.66
-280.589,-2903.37
-1356.02,-1477.43
1389.69,1556.43
-1636.51,4339.85
2590.75,5266.22
-3887.89,3667
3250.87,2085.7
-4796.44,160.834
5973.17,-1425.54
-4584.35,-4394.56
6033.35,-6202.95
-6033.08,-6235.99
6741.48,-2577.79
-4768.45,-426.722
5700.96,985.671
-6019.26,682.959
3603.06,2403.79
-3321.45,3819.82
3708.38,3796.23
-3441.43,1292.47
2040.26,-1264.45
-1693.37,-2330.49
1955.22,-2367.56
-622.166,-1644.41
455.163,-1207.44
-814.129,784.597
660.325,2126.53
-1369.92,3625.03
1559.91,3439.2
-2203.12,1933.9
1811.31,434.703
-3028.54,-816.179
4982.66,-2347.16
-3830.27,-4703.01
4937.44,-5844.82
-4994.81,-5301.7
5693.88,-1509.25
-4898.41,745.982
5735.07,2217.92
-6269.87,1467.75
4593.67,2414.94
-4564.56,2980.37
3284.91,3710.95
-2771.16,1883.74
1408.7,363.256
-1721.68,-754.918
565.853,-585.084
1905.26,-201.121
-2318.64,-856.681
3205.22,-1176.01
-5280.6,-450.885
4539.77,2400.25
-4930.81,3135.9
5523.73,3279.35
-5380.75,-274.105
5100.97,-1957.24
-4477.5,-3496.21
5295.42,-3971.48
-3880.34,-4867.12
3323.74,-4312.69
-3344.01,-2183.88
2988.57,1677.41
-2172.19,4985.66
1305.19,5446.91
-2708.54,5507.59
908.36,3568.43
-1567.11,1303.9
1832.86,-1287.53
-2515.48,-3080.79
3381,-3005.29
-3490.85,-1817.29
4610.26,-414.753
-4288.95,-19.0157
4959.6,-56.0915
-6370.37,205.356
5624.67,2604.1
-6126.97,3185.38
6338.64,3143.4
-6241.12,238.485
5135.48,-1504.02
-4755.37,-2701.66
5390.33,-1939.28
-3653.81,-2803.95
3411.47,-3006.09
-2770.45,-2423.34
2174.24,-592.479
-1292.1,1680.82
267.377,3114.93
389.637,3474.81
-1480.85,1966.84
1239.31,825.783
-1271.04,-867.844
2269.12,-2129.95
-1991.35,-3069.07
2212.01,-2302.88
-2037.92,-970.808
2149.06,1100.35
-1492.5,2039.9
-156.806,3545.91
-582.01,4086.38
-19.4672,3974.2
34.0915,2504.89
-256.133,-972.526
1271.61,-3872.3
-1313.33,-5267.49
2127.04,-4541.09
-141.335,-4154.72
1121.67,-2639.69
-926.962,-1623.44
115.78,1178.55
132.421,3415.72
-375.377,4057.36
102.747,3495.18
-2269.75,1636.92
2042.23,1042.25
-2567.11,330.99
3577.82,-1247.71
-4212.64,-2003.56
4559.77,-1205.74
-5931.83,141.902
5723.6,2867.64
-5821.67,3458.59
5078.81,3037.09
-6520.51,1849.07
5058.67,2291.62
-4126.54,279.531
4954.32,-2002.66
-4520.9,-5697.61
4348.61,-6389.61
-3321.46,-5098.49
3699.93,-2409.4
-1710.29,-145.609
170.219,1147.35
-1090.18,3639.57
-104.469,5107.9
-1170.58,6060.48
285.573,4423.78
-1785.76,2641.54
-193.39,1328.47
-712.329,437.39
3253.59,-1533
-2756.78,-4128.32
3644.61,-5690.46
-3863.63,-4594.65
4722.73,-1215.34
-4515.36,836.375
4132.71,3369.25
-6041.05,4113.63
4365.49,6239.02
-4234.85,5770.48
4031.44,3038.9
-3634.01,-1840.96
2858.15,-5187.52
-2570.87,-6657.94
2676.13,-4769.63
414.21,-3013.06
-1306.16,-1167.82
1781.83,1871.04
-3795.25,4839.76
4618.48,6155.96
-6006.84,4436.52
5439.87,1759.7
-6928.88,-1520.27
7122.21,-2041.01
-7371.55,-2514.68
8947.37,-1745.72
-9212.37,-2260.71
8997.46,-78.0824
-9030.51,802.262
8686.79,2564.31
-7900.86,2005.81
6254.94,1840.14
-7321.33,1322.88
5662.51,1938.6
-3731.8,588.392
3484.47,-1747.32
-2040.82,-4534.17
2698.44,-5650.98
-1288.28,-4591.02
1776.65,-3472.33
117.608,-1756.99
-1232.24,-199.595
962.232,2509.19
-1265.19,4760.94
1460.08,5792.97
-1929.23,4276.66
914.822,2185.83
-1609.69,-279.181
2180.22,-2246.92
-2109.31,-2395.23
2143.29,-1666.22
-1602.35,-58.8997
3206.34,1026.12
-3194.86,422.066
4318.16,-656.99
-4796.25,-1208.15
5111.03,-1210.37
-5208.14,-958.516
6565.87,-929.532
-6182.49,-2334.49
7462.37,-2326.45
-7699.97,-2362.9
8671.3,-442.238
-7713.14,-402.367
7618.92,-176.541
-8072.66,-665.798
7082.16,1547.46
-7252.17,2908.94
6478.8,4501.87
-6495.39,3910.88
5294.28,2225.1
-4376.11,-686.533
3177.18,-2154.35
-1759.07,-3310.98
2272.43,-3728.36
-1050.03,-3106.99
-104.188,-1581.87
356.437,1208.83
36.6349,2394.27
374.163,2776
-1361.17,1618.24
408.403,1117.6
-814.807,525.893
791.233,-30.7791
-150.119,-2350.47
1225.41,-4431.36
146.255,-4866.23
-109.745,-3869.9
1075.33,-1019.1
-305.521,728.11
-918.73,2560.73
-736.649,4021.98
-283.927,5435.1
1032.35,5136.85
-1757.21,2994.15
1924.34,-265.315
-3126.28,-2310.43
3220.45,-2652.7
-3829.75,-2274.1
5992.32,-1638.41
-6069.5,-1193.04
5873.67,1243.18
-7168.08,3223.41
7945.73,4406.15
-7659.27,1398.45
6595.19,-1408.26
-7675.42,-3773.84
8756.47,-2971.23
-5401.32,-4504.91
5591.59,-4586.31
-4991.89,-4367.69
4014.43,-1502.07
-3001.29,1576.21
3308.46,2629.05
-2339.48,2492.59
-71.1719,2345.99
-1328.19,4131.23
-528.515,5512.78
2167.11,3766.89
-2236.32,-939.453
1049.71,-3200.12
-2349.84,-2308.72
3591.73,867.229
-1153.45,1154.92
1099.4,-1325.59
-2947.72,-2145.59
1978.25,351.081
-591.374,2024.01
1865.8,2094.74
-1311.45,-1124.32
433.866,-3549.45
-407.341,-3499.44
1428.39,-3343.41
734.137,-2737.31
150.701,-3248.09
-1366.03,-1554.49
1181.26,1615.95
-1909.4,4875.39
2435.47,5446.49
-4360.34,4548.43
2553.01,3430.3
-4568.07,3020.46
6491.9,2012.04
-6953.2,-1702.85
7452.61,-3684.6
-8416.28,-4629.54
8867.49,-1907.98
-6897.71,-1352.14
7385.96,-241.661
-7729.16,-536.29
6111.07,1804.15
-5436.23,2698.51
4340,3097.47
-3647.39,861.473
2064.33,-1228.3
-1560.11,-1966.86
1219.59,-2339.96
361.465,-1396.95
-1298.09,-1348.07
1048.75,460.065
-1890.82,1458.88
1515.16,3011.16
-1369.44,2964.86
615.291,2254.48
-2287.15,1848.29
297.498,2546.21
504.54,1740.6
-258.694,-1129.74
1125.99,-3846.68
-1303.89,-4936.64
1916.65,-3214.44
-1192.61,-1037.26
1774.03,308.612
-2620.46,407.331
823.63,2328.08
-1513.59,4405.43
835.272,5850.7
-394.754,4027.69
-334.913,867.738
84.4482,-2961.43
-1501.05,-4503.88
3557.76,-4131.4
-2964.94,-3526.88
4430.61,-2229.98
-5170.88,-584.598
5149.61,2718.39
-6264.87,4341.05
6615.89,4963.77
-7271.13,2235.15
6067.32,642.007
-6409.56,-1112.13
7060.31,-1358.03
-6099.81,-2676.9
5578.15,-2426.4
-4718.82,-2148.61
4435.19,-461.973
-3192.4,824.93
2945.61,1372.84
-2973.88,1759.02
2112.42,1547.89
-1722.26,811.499
2075.43,-1229.33
-1796.04,-2262.31
2710.21,-3116.43
-3403.52,-1654.44
4505.81,-189.249
-3555.48,194.263
4053.24,143.091
-6044.4,545.595
5661.11,3334.66
-7000.12,4873.29
7526.62,5005.86
-6900.9,601.372
5861.52,-2007.3
-5745.2,-4226.47
6256.33,-2916.92
-4093.64,-3136.28
3902.61,-3040.83
-2701.05,-2542.5
1649.5,-1038.65
121.37,1100.27
-322.576,2290.68
454.553,2525.46
-2619.38,1787.39
2079.25,2426.04
-2641.23,793.364
4687.22,-1237.37
-4706.4,-2977.07
4824.16,-3135.33
-4829.7,-1655.96
6217.26,-279.418
-5749.32,-750.255
5022.76,-105.67
-6083.56,1172.01
6160.48,4092.55
-5401.76,4193.52
4829.64,2725.01
-5638.4,-326.917
3832.6,-605.503
-3870.38,-696.537
5844.83,-1262.14
-4123.54,-2682.06
3451.8,-3820.36
-3528.67,-1941.63
3893.75,172.867
-2920.14,1018.42
3341.35,35.1061
-4970.74,-233.797
4465.48,1437.51
-4822.08,2984.22
6371.59,2236.38
-6592.25,-1263.27
6701.36,-3311.37
-7931.83,-3852.67
9065.32,-1461.3
-7507.82,-436.871
7932.74,163.356
-8499.4,-270.584
6765.84,2493.35
-6340.72,3453.45
5666.06,4521.08
-5256.66,2289.89
3438.66,477.109
-2300.71,-1510.61
1866.45,-2530.52
1190.23,-3826.69
-2149.72,-4397.28
2516.37,-1992.97
-3962.89,833.94
4738.3,4699.85
-5474.42,4587.86
5601.06,3982.09
-7022.54,1680.69
6064.27,902.176
-5501.66,-1101.29
5543.32,-2815.27
-4355.6,-5687.06
4468.53,-5707.96
-3339.97,-3771.9
3894.18,-860.102
-2648.93,1897.36
1680.45,2655.44
-3342.09,3460.99
1889.76,3978.58
-3861.07,5065.48
3076.57,4904.38
-4054.65,3670.96
4623.26,253.76
-4458.51,-3723.04
5333.43,-5747.55
-5417.48,-6504.29
6318.95,-3468.48
-6474.97,-968.28
6873.07,2137.49
-6884.74,3032.65
6159.01,4039.55
-6908.76,3519.87
6856.27,2168.65
-5509.61,-1811.41
4851.96,-4996.93
-4532.77,-6272.74
3986.19,-3892.31
-2834.68,297.917
2779.03,3821.9
-2031.33,4486.64
-290.248,5171
-1225.92,5515.9
-40.1573,4541.43
217.839,2517.35
-779.148,-1370.51
721.731,-3700.45
-1522.86,-4095.57
2736.1,-2197.29
-788.206,-1757.67
860.693,-1626.46
-368.513,-1936.06
-596.197,-226.699
205.852,1745.12
-528.423,2574.54
1119.03,2298
-3316.14,716.653
2249.58,935.48
-1999.78,839.297
2978.36,-329.35
-2693.78,-2724.15
2783.07,-3572.19
-3079.86,-3364.13
2761.46,-334.515
-1542.13,1281.59
43.5683,2719.87
-810.182,4117.47
-1509.3,5405.37
1579.07,5295.35
-1456.81,2332.51
1936.93,-1601.53
-3128.4,-4814.78
3328.32,-4511.39
-1371.01,-4394.51
3098.79,-3243.25
-2422.05,-3270.59
1603.96,-257.439
-1759.06,3326.83
1394.06,5404.32
-35.2511,4373.36
-1192.84,723.75
861.597,-1751.86
-1113.09,-2908.44
2936.15,-2641.01
-1736.69,-3356.99
2104.69,-2772.52
-2409.18,-1499.91
1914.68,2180.32
-335.295,4037.62
-492.478,4394.51
791.779,2777.35
-2671.79,1378.33
3298.36,-14.5013
-3214.25,-1859.42
4658.9,-3001.52
-4697.6,-4360.72
5558.52,-2520.52
-4739.18,-1601.83
6482.35,-151.414
-5588.62,-1385.64
4770.15,-466.688
-5183.92,505.437
4644.97,2218.84
-3996.98,2718.03
3450.54,1319.05
-3842.84,498.653
2622.48,322.936
-1428.65,251.691
2745.9,-1577.86
-1797.06,-4060.47
2504.7,-5485.6
-2995.37,-3874.58
3945.5,-716.374
-2887.82,1404.69
3251.65,2467.3
-5968.16,3430.64
5167.56,5216.5
-5329.3,5069.98
5728.2,2757.69
-6214.9,-1246.06
5816.01,-3461.14
-5989.68,-4321.78
7546.81,-2829.41
-5919.85,-3219.27
6431.77,-2473.63
-6570.4,-946.923
5730.6,2171.31
-4909.21,3458.71
4938.25,3200.22
-5163.28,758.755
3414.4,-843.127
-2244.38,-1667.45
3249.96,-2387.58
-1608.62,-3735.53
674.524,-3471.57
-586.726,-956.66
-781.41,2901.13
919.75,5803.94
-1764.51,6050.74
763.054,5231.91
-3207.36,3686.15
3373.06,2047.23
-2886.62,-1424.72
2948.78,-4294.88
-2409.23,-6970.4
2549.85,-5713.42
-757.201,-3687.87
2235.6,-1522.28
-1282.35,-284.992
1000.7,131.786
-1965.57,1893.47
922.858,2935.18
-1297.7,3383.41
1452.24,1839.16
-2634.9,483.157
1924.82,-246.031
-2088.53,452.293
3668.4,-75.7558
-4759.63,-1171.79
5705.95,-1165.79
-7192.04,-869.004
8260.62,1281.65
-8779.54,1894.3
8397.79,3024.12
-9696.69,2668.68
9376.74,2626.7
-8312.67,-629.699
9651.56,-3246
-8515.81,-6710.98
8432.5,-5866.86
-7323.19,-4211.78
7351.79,-639.452
-4711.12,125.968
3051.36,1198
-3601.22,3685.66
1568.08,6265.52
-547.072,6832.56
-16.1054,2841.68
-191.499,-1769.61
-1594.3,-4786.17
2290.6,-3523.61
-641.245,-2099
1592.85,-501.14
-1627.67,-413.485
1652.02,211.379
-1404.8,852.655
592.61,1652.07
-243.608,2323.2
-1289.92,2168.19
398.457,1802.96
162.472,-89.0296
1364.05,-2826.03
-991.959,-4761.82
827.437,-3883.58
-583.453,-1854.15
1121.66,370.428
176.699,156.189
-1604.58,141.391
-78.628,2315.79
-458.6,5195.96
1306.09,5521.5
-1021.43,1384.7
1665.96,-3952.25
-3107.46,-6523.78
3558.93,-4971.52
-1587.75,-2481.62
3392.41,-458.31
-4165.61,240.31
3517.34,2115.91
-3942.81,4079.34
3225.33,5557.93
-3162.19,4481.06
1266.08,2847.29
-2229.48,375.109
1651.65,-421.993
504.181,-2826.18
548.867,-4875.19
625.264,-5005.28
-1054.89,-4027.01
2253.68,-1074.76
-537.465,-563.303
353.441,119.284
-1552.48,530.392
31.5786,3986.15
1300.04,4559.29
-1307.61,2394.48
2654.53,-2129.96
-4063.75,-5624.46
5086.23,-4784.39
-5046.61,-3185.14
8017.4,-644.885
-8983.82,-44.9604
7929.65,2827.19
-9293.72,4999.08
8947.19,7612.57
-8448.78,5237.96
7279.5,2217.32
-8217.89,-1703.22
7111.45,-2776.43
-4676.68,-3958.4
5642.42,-4759.62
-3378.99,-5816.92
3218.74,-4499.09
-1649.72,-1842.03
2029.23,422.525
-731.844,1902.3
-839.722,1393.35
-197.054,2590.76
-28.1014,2633.13
250.039,2261.44
891.37,-340.733
-2119.53,-1716.97
1847.48,-1754.43
-1815.04,-848.14
3502.73,-228.521
-3734.17,-825.468
3838.48,283.033
-5684.81,2126.44
4957.54,5579
-5141.9,5150.32
4365.52,3534.55
-4418.93,-779.358
2966.25,-2287.8
-2272.6,-2548.53
3628.01,-3137.93
-845.411,-4959.67
-315.056,-6043.63
1518.25,-4942.58
-2162.05,-1159.15
3676.22,2660.44
-4512.59,3798.56
3825.46,4746.66
-6063.8,3551.12
5847.59,3035.06
-6654.04,1202.35
5975.52,132.365
-6032.28,-1291.9
5609.74,-998.38
-4569.02,-2302.11
6122.29,-2420.06
-5794.45,-2601.16
4406.79,-688.71
-4707.25,3048.1
3749.44,5024.82
-3471.68,4443.78
3008.45,2033.41
-4267.69,27.7407
4903.91,-1174.42
-3846.18,-2161.61
4445.75,-3754.45
-4662.05,-4800.13
4578.15,-2973.79
-4744.02,-361.254
6459.36,2592.62
-6601.24,3400.47
6065.73,3207.26
-7093.25,1871.78
6859,472.957
-5912.06,-2844
6340.72,-4121.57
-6187.36,-4287.14
6036.42,-1490.14
-4591.37,1012.26
4535.31,2510.85
-4171.08,1708.19
1881.27,2687.58
-2867.4,3924.49
1500.11,5090.64
-317.258,3793.63
-374.118,-545.052
842.725,-3602.55
-1620.87,-4911.02
3427.59,-3884.06
-1783.77,-3407.97
3010.85,-3202.56
-3678.89,-2576.06
3678.22,394.459
-3781.74,2793.5
4816.2,3525.19
-5029.74,2125.31
3533.7,692.75
-4758.74,221.471
4555.11,831.807
-3070.08,-837.918
3828.62,-2286.69
-4449.82,-2797.45
3789.78,-543.567
-3553.72,2297.46
3511.06,3724.26
-4358.9,3236.9
2300.37,2992.54
-3926.69,3724.33
4057,3544.73
-3497.02,1479.67
3316.81,-2187.32
-3748.48,-5057.33
4937.75,-6042.85
-3194.75,-6617
5528.29,-5606.09
-5805.64,-3752.9
5627.36,22.4538
-5540.9,3232.45
5869.58,4678.92
-6233.29,2996.6
4295.96,2714.18
-6079.16,2850.45
5213.33,3661.95
-4270.27,1806.15
3790.43,-886.779
-2996.64,-3915.99
2315.23,-3349.05
-680.594,-1502.82
1307.19,52.5337
-720.685,765.546
-670.574,492.356
762.378,1671.85
-1086.8,2010.43
1824.81,2251.77
-1639.68,761.702
1604.1,-1074.23
-1024.69,-3559.94
1304.01,-3964.35
516.344,-4487.8
-86.0183,-3492.51
546.073,-317.133
-1750.2,2703.99
2027.12,5081.58
-1651.78,3928.13
974.17,1830.82
-1515.38,-630.397
1249.28,-1144.64
688.286,-2740.99
-1044.6,-2989.68
1910.85,-3621.81
-2905.4,-1833.42
3705.08,1781.88
-4759.84,3796.24
6219.52,5090.65
-7747.32,3160.73
6967.25,1806.86
-7866.01,-910.089
8979.67,-1990.02
-8098.72,-4561.43
7715.2,-3818.96
-7017.41,-3123.87
7249.63,-123.876
-4801.85,315.394
4071.69,-326.09
-4206.4,106.146
2008.81,2110.73
-2261.7,4137.21
2031.32,3619.69
-1435.71,1316.81
147.65,-1614.4
-251.721,-1723.53
1169.48,-1754.47
-431.325,-1203.5
1299.82,-2357.77
-2076.45,-2605.04
2346.36,-769.089
-3476.26,1961.76
4048.84,4780.21
-4509.64,4641.42
3717.01,3284.17
-5143.78,634.051
5681.69,-1200.96
-4952.67,-3463.13
5059.66,-3383.39
-4711.98,-3405.08
5303.62,-1753.11
-3481.22,-1380.14
3155.94,-838.585
-2816.46,88.6748
1678.5,2065.23
-1814.07,3780.94
1484.3,3047.35
-1820.62,1412.44
831.936,-238.016
-782.977,-707.843
1551.87,-1317.68
60.7,-2020.9
74.917,-2868.41
-709.721,-2454.02
661.859,-164.465
-1111.13,2598.99
1138.76,4344.91
-1334.22,3718.31
644.317,2748.22
-2037.05,1660.02
2421.38,-311.573
-1492.12,-2526.29
2546.23,-5301.51
-2899.23,-5832.39
4141.21,-3978.53
-2513.26,-2039.34
4094.74,-379.3
-4463.06,-148.707
3711.89,1680.55
-4727.67,3371.86
3573.86,5188.34
-4222.69,4554.51
2920.15,4075.26
-3093.52,1402.13
2859.24,-891.976
-670.955,-3568.04
627.312,-5400.85
-125.469,-4635.43
-1160.74,-1973.24
1764.07,2001.96
-813.932,3123.75
852.572,3193.64
-1402.67,1760.03
54.2463,2100.19
1284.53,-43.3069
-740.071,-3127.7
1758.25,-6459.29
-2588.47,-7259.15
4073.26,-3565.55
-2993.5,63.9917
4601.77,3154.82
-4547.48,2134.38
2706.94,3040.21
-3694.8,2713.35
2824.96,3622.21
-1623.36,2071.5
445.371,273.833
272.622,-1239.61
-2073.02,-1366.2
4010.02,73.1285
-3916.06,-680.055
5863.92,-1546.64
-7163.54,-2257.44
6831.07,489.938
-7121.44,1817.05
8367.33,2692.34
-7179.69,-668.254
5872.05,-2445.54
-5860.54,-2991.89
7238.97,-1944.64
-4926.14,-2812.37
4845.2,-3680.7
-4470.11,-3436.65
4086.15,-1225.2
-3178.91,1744.8
3584.96,2987.28
-4663.11,4253.76
2004.21,4956.4
-3346.4,5521.32
4010.94,3893.74
-4277.7,297.913
4225.17,-2302.72
-5582.95,-3136.14
6072.19,-1439.29
-4312.17,-1490.85
5459.21,-2339.61
-6725.38,-2796.89
6221.9,164.617
-5909.27,2803.11
6578.31,3622.28
-6038.46,660.138
4628.74,-2129.94
-4690.46,-3821.33
5920.23,-3501.11
-3552.02,-3950.7
3533.83,-3717.08
-3332.6,-2312.63
3341.02,103.73
-3355,2653.55
2771.88,4542.64
-3068.68,4976.14
963.646,5007.26
-1472.43,4317.97
481.746,2649.4
24.4655,-186.566
6.84912,-2670.03
1168.16,-4459.46
-1121.31,-4026.88
1994.74,-1817.93
-1541.01,88.4245
2024.45,1344.65
-2850.22,1571.66
2523.7,2866.3
-3499.77,2701.39
3405.54,2483.72
-2641.93,-261.887
1593.61,-2502.88
-1663.33,-3756.88
2634.97,-3977.14
-1529.79,-3107.48
2284.37,-2599.44
-1628.39,-1384.8
1481.63,-212.411
-3134.75,2331.21
3023.91,3952.83
-5062.33,5222.73
4339.2,4918.3
-6608.29,3930.93
7440.62,2088.68
-7149,-2133.61
7302.23,-3377.63
-9304.46,-4128.34
9751.77,-1282.79
-8244.16,-498.928
7950.5,765.207
-8090.64,296.182
6543.49,3019.68
-5767.26,3511.79
5108.96,2205.38
-4325.22,-1141.57
2529.26,-4097.12
-1501.67,-4007.11
912.88,-2472.28
1567.22,-534.457
-1153.11,-203.95
20.0739,881.813
-1357.74,1726.59
1058.2,4070.6
-1136.08,3783.49
498.383,2404.4
-849.712,764.871
-1185.34,433.883
2102.07,200.959
-1093.76,-1401.6
2413.06,-3694.84
-2839.91,-4685.83
2787.12,-1923.55
-2713.59,657.421
3734.4,3120.4
-4073.76,2364.4
2292.86,2046.35
-2321.08,1719.48
1577.8,1974.07
-938.841,755.607
454.197,-932.761
432.94,-3091.52
-1707.46,-3692
3325.61,-2440.25
-2335.84,-1927.37
3011.75,-259.596
-5461.25,1832.01
5015.47,4316.74
-5134.88,4191.36
5438.24,2660.94
-6637.77,-413.506
5939.85,-1029.04
-5132.85,-1692.01
6518.1,-2457.64
-6103.18,-4304.15
5551.83,-3815.03
-5553.99,-1007.94
4971.22,3200.85
-3737.99,4527.47
2555.23,5064.15
-4709.36,4253.1
2272.54,3559.15
-1725.45,2520.32
2369.29,-834.271
-2006.66,-4250.76
2310.31,-6197.77
-1722.59,-5063.7
3784.51,-3745.11
-2363.18,-2751.91
2967.65,-2245.25
-4175.97,195.433
3558.27,3985.94
-4060.87,5767.74
4528.43,5975.26
-6351.9,2574.48
4776.39,949.421
-4767.35,-618.303
4709.46,-569.565
-3656.04,-1915.47
3169.18,-2062.84
-2178.52,-1928.12
1647.5,-734.385
-492.476,604.801
-367.677,1457.27
414.182,2362.6
-1808.16,1953.33
2502.69,1113.72
-2025.72,-1503.84
2098.02,-2619.95
-2007.78,-3502.66
2211.77,-2071.82
-1974.95,-647.724
2178.42,140.817
-1458.57,109.722
99.293,1086.28
-365.58,2614.12
-876.049,3983.84
814.675,3853.18
-1713.29,1439.79
1247.66,-698.342
-1972.94,-2118.06
2129.41,-985.916
-562.372,-1211.63
426.402,-1390.8
273.011,-2078.89
-1334.02,-1203.73
593.793,834.378
-72.7307,2283.8
1400.54,2049.87
-2940.02,392.844
2962.35,-135.778
-4578.51,71.0164
5622.95,473.908
-5317.52,-1050.86
6154.39,-2141.18
-6506.16,-2901.29
6958.53,-1278.95
-5456.82,-424.088
5510.16,249.915
-6861.94,847.264
5013.14,3496.76
-5399.58,4396.6
5177.85,5429.22
-4924.57,2940.48
3185.73,739.049
-2719.53,-905.881
2929.02,-3150.12
-1246.7,-4772.89
1653.49,-6071.37
-1097.39,-4412.29
1062.46,-967.321
-334.017,2595.05
885.233,3758.29
-2101.17,3727.95
948.919,2324.23
-1832.12,1385.4
2885.24,-13.6765
-2687.71,-2887.73
3793.35,-4507.44
-4151.84,-4781.08
4372.05,-2096.91
-3001.04,-128.905
3236.03,1737.46
-3581.71,2360.57
2430.51,3678.44
-2726.88,3649.88
1917.17,3459.02
-1181.73,915.539
159.804,-1854.52
551.095,-2912.47
-717.639,-2923.8
2923.18,-2364.74
-2184.93,-2486.98
2699.66,-1195.3
-3002.34,-549.712
2800.45,1690.46
-2033.99,2264.07
1680.37,2166.64
-3089.92,1757.99
2423.45,1922.23
-1045.59,552.93
1610.4,-2177.24
161.63,-5113.64
-80.9194,-6089.52
582.048,-3999.45
1019.78,-2141.76
586.775,-255.684
-950.754,482.625
-810.661,2820.83
1092.61,5165.77
-1805.9,5806.12
2385.85,3553.98
-4013.11,568.28
3378.65,-1495.75
-3768.29,-1990.23
6090.85,-1908.28
-5274.55,-3732.52
6285.5,-3133.89
-7013.31,-2149.27
7542.67,761.248
-6023.83,1162.56
6579.34,579.512
-7367.16,-1008.67
7164.48,-722.326
-5404.77,-1214.49
6822.61,-2517.09
-5270.46,-4785.48
4393.37,-4367.34
-4184.99,-1425.42
4125.7,2503.39
-2948.54,4339.33
1837.02,4847.43
-3791.46,5136.53
2302.05,5272.4
-1720.8,3881.48
2242.1,57.17
-2793.19,-3474.65
1842.99,-4739.25
-1569.19,-2742.36
4106.12,-1651.28
-2443.82,-2299.29
3483.62,-3160.1
-4768.94,-2267.8
4930.1,818.95
-5188.44,2599.82
6075.25,2438.19
-7237.51,-70.8228
6155.6,-320.311
-6654.76,304.247
7792.36,1334.79
-6734.47,-991.548
6073.63,-2457.8
-6306.32,-3619.64
4679.25,-656.183
-3573.22,2098.07
2343.06,4727.06
-2762.06,5231.76
-138.69,5181.34
871.231,3587.71
-1857.13,298.067
3279.81,-2823.61
-3641.75,-6078.4
3724.74,-4987.21
-3175.69,-4217.46
5353.19,-2011.08
-5237.7,-1038.72
4481.95,1384.38
-4365.63,3245.04
2899.53,5213.77
-3128.04,4732
1378.89,2732.97
-2288.92,657.364
1974.4,-1450.68
-830.071,-1941.06
1957.35,-3555.21
-1242.16,-3807.65
2412.28,-3599.47
-2455.37,-2866.32
4277.52,-1651.34
-4927.84,574.134
4065.35,3278.87
-5629.02,5831.36
6476.65,6763.6
-7262.25,3002.65
7767.19,-527.553
-8394.43,-4133.98
8028.52,-3112.41
-7179.79,-2223.99
8237.16,-1081.09
-7593.82,-1277.45
5960.44,974.976
-6077.04,3140.29
5615.5,5446.8
-4285.82,3998.12
2999.96,104.928
-3106.22,-3414.07
2142.94,-4804.52
-95.6735,-4424.09
983.294,-3869.57
345.485,-2683.1
-467.335,-1533.31
-614.427,1551.23
902.161,3202.45
-59.1254,3296.98
-926.238,1644.91
-1919.96,1616.91
1553.16,2562.15
-2676.52,3167.79
3232.76,1956.1
-3495.72,-1029.43
4011.95,-2632.7
-3746.55,-3605.25
5072.43,-2396.28
-4824.34,-2452.74
5406.82,-1719.32
-6041.6,-557.113
4945.83,1903.77
-4354.05,3449.99
4797.33,4235.34
-4263.39,1443.83
2758.55,-784.601
-2303.78,-2371.09
2242.02,-3269.54
-594.89,-3541.47
376.318,-2427.1
282.396,-369.127
-1323.38,2831.09
2209.09,4677.1
-3544.53,4330.41
2284.26,4317.44
-4808.62,3040.32
6023.4,1699.11
-5489.02,-1560.64
5914.41,-4100.21
-5667.81,-5609.82
5454.17,-3532
-4153.19,-2204.8
4641.34,-42.0368
-4615.19,412.969
3492.85,1852.29
-3069.01,2949.08
2755.02,2276.02
-2062.83,242.143
1194.54,-2383.81
-2915.99,-2385.56
3103.84,-1392.89
-882.363,-367.276
1958.07,-1500.04
-3470.19,-695.224
2398.23,2259.99
-3939.97,5027.14
4729.56,5775.09
-6169.96,2900.96
5036.27,1059.02
-6473.06,306.758
7051.61,1187.24
-6304.62,-542.69
7053.2,-2837.95
-6987.08,-5477.68
5829.52,-3993.73
-4710.96,-1428.49
6012.6,1399.14
-3816.02,336.026
1532.97,-158.919
-2047.44,114.589
656.669,1682.06
373.085,2596.83
-93.636,193.563
-265.78,-978.058
-1077.33,-1250.76
1782.67,590.901
-1002.92,422.188
1557.18,-402.48
-2575.1,-1112.65
693.76,934.712
-357.196,3305.91
-82.397,4579.51
436.022,3770.45
-2162.01,977.759
2771.37,-812.714
-2064.98,-3252.73
3836.14,-5448.24
-2067.4,-6941.13
1449.28,-5348.38
-1477.98,-1893.3
2199.23,2516.86
-1093.22,3801.22
-3.74854,4344.78
-1842.17,4494.94
-82.9886,4958.34
652.001,4126.37
-1040.43,-57.9565
948.722,-3808.93
-2014.24,-5034.81
3274.56,-3114.29
-1759.73,-1620.8
3312.61,-827.855
-3294.68,-1232.86
2439.24,-572.919
-2407.49,736.017
2494.07,2128.13
-2265.68,1942.21
393.293,2120.63
-1470.26,2331
398.644,2942.84
593.474,1438.33
128.208,-1553.32
379.03,-3853.5
-1503.52,-4084.03
1472.48,-1052.35
-631.57,465.251
886.551,1130.08
-1365.07,453.794
119.109,1713.65
422.514,2576.92
-530.742,2385.92
1348.66,-14.6871
-2624.85,-3154.33
3043.08,-4046.01
-2717.42,-3993.15
4751.38,-2119.17
-4903.27,-451.352
4460.46,2395.48
-5277.14,3599.77
4616.29,4427.56
-4771.98,2988.26
3605.23,1988.52
-4610.58,1223.85
3834.69,1414.3
-2346.41,-170.981
2741.37,-2875.15
-2434.12,-4657.68
1881.74,-3726.92
-1234.36,-730.266
2946.32,744.461
-1802.92,320.237
1193.96,-1316.59
-2470.36,-637.482
2733.65,1165.84
-1832.85,1293.46
2730.46,-183.21
-3734.76,-1690.54
4553.38,-2213.43
-5200.65,-978.157
6393.87,886.592
-6693.49,1040.42
5035.25,3113.68
-6540.46,4107.47
5542.81,5768.56
-5034.45,4102.58
4975.05,1274.69
-4888.94,-2486.67
3252.77,-3258.07
-1355.59,-4269.92
2671.37,-4557.59
-944.251,-5235.84
-118.874,-4276.44
412.301,1095.21
-1461.66,4666.73
2018.88,6723.68
-2779.49,4307.09
1066,1026.61
-1541,-1454.07
1491.96,-2005.9
-548.532,-2785.67
878.717,-3079.44
-493.119,-3058.78
-437.815,-1769.29
2145.06,577.702
-2241,1871.19
2046.63,3176.2
-3754.32,3813.2
2072.82,4336.17
-2078.29,2671.38
1506.61,1034.82
-1630.71,-1423.73
686.701,-1027.47
-105.169,-148.167
600.158,-200.186
668.319,-1760.69
-1393.68,-3143.43
1776.38,-2330.61
-2335.87,-422.607
3607.74,2029.43
-3313.12,1117.64
2920.93,336.062
-5053.92,68.6768
5995.69,232.426
-5056.88,-190.786
4938.83,-881.872
-4830.78,-1784.77
4791,-1306.24
-4370.9,-1144.54
5077.17,-284.092
-5402.54,20.901
3919.27,2206.16
-5036.43,4683.73
4666.55,5717.82
-4529.75,3379.03
4536.12,277.841
-5745.79,-1985.43
5294.27,-2627.74
-3188.84,-2432.2
4231.87,-3336.83
-4193.93,-4479.25
3950.85,-2299.22
-4029.03,927.149
4988.75,3500.32
-5124.24,3520.26
4756.45,1901.78
-6070.2,45.9695
5827.26,-765.812
-4909.83,-1911.66
6255.34,-2964.55
-5869.22,-3995.42
5307.82,-2421.74
-4957.24,-43.9111
5299.5,2690.88
-3649.13,1521.64
2446.94,1542.58
-3558.25,1468.84
1848.39,3212.28
-914.212,3884.51
1110.49,837.647
-175.435,-2418.06
-1004.5,-4213.62
1908.34,-2466.13
-545.482,-1231.12
1302.09,32.0878
-1094.2,-1035.73
423.359,-553.976
-266.661,566.614
-264.236,2333.34
1693.46,2998.54
-3352.8,1516.12
3845.12,-216.396
-3901.96,-2622.19
5611.65,-4274.96
-4750.27,-5065.55
4843.89,-2563.39
-4784.51,-775.713
4787.33,2637.56
-4143.48,2734.13
2048.03,3360.41
-3113.54,4198.47
828.585,6070.25
106.098,4973.71
-227.549,283.929
770.418,-4278.06
-1899.05,-7269.6
3360.93,-5573.58
-2164.53,-3799.15
4967.9,-2145.96
-5744.17,-1544.83
4644.01,994.873
-5218.53,3996.28
5021.84,5799.83
-5296.16,4570.29
3927.36,2341.98
-5755.29,377.239
4939.23,-165.196
-3916.95,-1189.82
4829.92,-2135.94
-4226.01,-4181.49
4422.46,-3446.5
-4214.68,-1469.71
5107.51,231.39
-5420.62,1901.99
3276.59,3314.6
-4114.08,4280.7
3464.48,4853.58
-2779.67,2378.38
2052.69,-263.954
-2632.16,-2424.38
3341.67,-3926.66
-2318.77,-4398.41
3395.27,-4598.6
-2988.65,-3739.29
3395.52,-562.315
-3705.24,2883.21
2624.59,5464.1
-3251.95,6437.01
1511.94,5043.22
-2170.1,2049.58
2268.4,-403.394
-1099.76,-4237.49
2285.05,-5777.54
-1339.07,-6625.95
842.804,-4611.63
314.813,-748.652
-1498.54,2875.34
1963.29,5907.64
-3381.57,6907.12
2187,6998.39
-4070.2,4900.31
4104.71,1608.78
-4121.54,-3747.5
4358.97,-6657.92
-3479.35,-7746.15
3764.8,-4651.59
-872.676,-2310.52
2142.4,-919.662
-1917.8,-284.066
394.687,1132.31
-1557.84,4167.16
1251.73,4978.71
-441.61,3400.41
-338.381,-221.639
-1521.34,-1293.53
1848.49,-1362.44
-544.736,-780.767
2449.33,-2240.2
-3964.43,-2784.32
3483.28,-184.952
-4213.92,2358.02
5559.58,5051.96
-5891.89,3385.09
5088.77,1471.42
-6347.89,-2.7168
6215.13,-141.635
-5068.38,-1696.03
5751.74,-2799.6
-5334.6,-4400.25
5092.57,-3282.5
-2640.01,-2202.61
4110.25,-1868.03
-3428.62,-1565.39
966.486,330.1
-1586.74,3371.82
779.547,5860.88
-578.872,5081.83
-549.254,2604.15
907.071,310.398
-1357.18,-1898.38
2220.25,-2599.43
-1452.34,-4297.21
2048.09,-4720.72
-2374.22,-3214.99
2034.38,698.642
-1917.9,4667.17
1806.67,7106.12
-2763.93,5897.74
833.733,3451.56
-810.952,-109.946
1266.66,-3893.55
62.1142,-6396.2
509.252,-7170.76
314.333,-5076.95
694.853,-2230.92
-150.271,384.006
1214.46,1529.84
-2365.99,3002.77
696.014,4715.67
-1969.99,5950.32
2093.63,4542.76
-3007.63,830.194
3560.11,-2973.27
-5003.75,-4355.36
6487.22,-2677.8
-5198.78,-1838.77
6137.04,-832.302
-7212.28,-650.759
6181.34,2000.07
-6151.15,3375.57
6405.8,4206.93
-5900.89,1914.77
3802.38,606.17
-4001.63,-1153.32
3766.68,-1280.33
-1490.05,-3182.1
1299.57,-4643.8
-544.95,-3177.69
-353.159,-918.424
1338.44,2540.67
-257.525,1973.7
-167.321,806.332
-1801.48,57.657
271.512,2208.5
597.65,3194.41
-450.196,2164.44
892.199,-849.455
-2300.63,-3128.35
3459.27,-2682.85
-2971.96,-2307.18
4846.4,-1347.44
-5916.34,-1107.07
5018.36,1094.45
-5732.48,3148.85
5185.34,5190.2
-4833.66,4161.93
3430.73,3023.1
-4566.04,899.229
4732.4,-827.719
-2354.64,-4298.07
2762.68,-6970.08
-1830.69,-7240.04
1865.8,-4304.3
-836.917,397.826
751.812,3551.1
-166.01,4454.79
-1862.06,3904.21
1249.87,3763.58
-1541.61,2407.66
2191.04,-166.952
-1935.02,-3308.29
1561.73,-4809
-2152.67,-3789.38
3561.23,-949.147
-1810.75,567.503
2223.08,1092.79
-2933.14,1361.49
895.137,3877.36
-1710.37,4882.03
1162.35,4227.55
-690.533,1275.72
-355.059,-1897.13
272.367,-2570.71
1027.49,-2677.85
608.43,-2894.46
421.12,-4625.47
-787.147,-4409.48
646.476,-2374.77
-943.06,1943.84
2316.9,4152.32
-2762.07,3917.88
2043,2723.85
-4888.31,1448.96
5278.81,1506.32
-5513.25,-182.638
6671.4,-1822.58
-6352,-4339.75
6344.09,-3312.96
-5182.6,-2242
5771.24,-142.201
-5406.48,312.186
3827.6,1961.72
-4171.56,3142.88
3279.36,4036.22
-2514.29,3425.49
1452.9,1597.67
-866.745,-1018.41
493.671,-3343.2
1073.66,-4176.39
-1472.25,-4167.8
2455.7,-2045.73
-3271.26,1075.76
2818.24,4321.21
-2508.3,4765.25
2898.87,3330.31
-3305.48,-76.4848
1873.01,-1344.36
-1084.71,-2642.39
2661.22,-3692.58
-1778.17,-5023.66
1371.89,-4477.11
-1420.18,-664.083
1780.69,3268.18
-1392.44,5459.57
800.348,4321.11
-2478.74,3114.59
1030.61,1738.49
-2138.86,1326.99
2937.25,463.827
-2273.07,-2280.08
3280.1,-4166.72
-3456.44,-5269.06
5673.74,-4115.35
-4185.11,-3349.66
5934.01,-2974.65
-6568.91,-1800.3
5931.77,1210.23
-6349.05,3901.58
6306.29,5952.04
-7365.99,5212.39
5534.47,4593.96
-5993.2,2592.57
6229.04,604.595
-4751.17,-3703.83
5084.23,-5669.04
-4282.15,-6253.13
4864.2,-3950.93
-3393.49,-830.949
3319.09,1380.26
-3121.59,3462.38
985.061,4867.89
-1338.81,5531.6
1511.82,3498.19
-1099.37,-444.509
1153.88,-4772.11
-1234.04,-6543.74
2674.11,-6124.13
-1429.96,-4308.17
3188.6,-2296.23
-4314.16,263.561
3894.76,3817.63
-4218.7,5925.17
3627.11,6146.72
-3829.18,2853.32
2451.5,425.146
-3227.85,-2077.65
3080.59,-1941.88
-752.576,-3365.9
682.077,-3584.16
247.867,-2842.27
-801.1,-769.56
2241.59,1897.76
-3337.12,2735.56
3483.55,3491.56
-5358.29,2129.06
5021.51,2465.2
-5328.24,962.326
5790.83,-302.699
-4932.11,-2746.97
5308.81,-4005.66
-5002.76,-4221.88
5379.47,-2674.2
-3904.79,-1069.22
3551.95,457.163
-4426.07,2289.57
3951.36,4020.51
-3892,4082.61
3546.18,2290.69
-3485.86,-719.837
2697.38,-2144.65
-2636.24,-2662.16
3459.53,-2176.82
-2414.5,-2016.57
2681.6,-1499.72
-2543.04,-240.059
2390.28,1451.65
-2266.79,2551.41
1990.6,2650.52
-3016.06,2015.23
1746.17,1467.28
-2750.65,1959.97
3726.79,976.247
-2280.61,-1879.4
3075.24,-4126.84
-3650.97,-5043.5
3921.14,-2819.91
-1992.83,-1616.75
2170.72,-410.478
-2355.82,47.6438
419.552,2840.82
55.1754,4959.76
-29.7649,4692.23
-13.5245,1970.72
-1807.07,-1169.95
1672.95,-1932.94
-2282.35,-2133.21
5050.89,-2009.59
-4422.12,-3062.72
4071.87,-1993.56
-4731.55,-244.978
4462.39,3150.89
-3474.31,3397.4
2764.72,2100.45
-3748.56,709.327
2619.55,520.234
-1384.1,104.633
2245.16,-1333.9
-1581.66,-3876.63
1094.52,-4529.5
-889.292,-2383.89
1752.06,-322.82
-784.802,1945.96
492.074,1912.51
-1760.65,2310.55
1559.92,2777.24
-2695.88,2473.16
2635.29,2030.54
-4183.76,1269.73
4069.43,652.746
-4111.17,-392.446
5007.17,-960.206
-5392.83,-2117.2
5848.44,-1396.24
-6975.65,-449.375
6484.09,1504.83
-5838.31,1245.48
5380.71,906.545
-5764.78,-84.4867
4432.52,873.134
-3266.08,1.36172
4546.64,-2269.61
-3687.55,-5358.32
2986.35,-6374.54
-2792.53,-3402.91
2194.97,1586.65
-1810.1,5175.92
682.606,6020.22
-2606.02,6347.85
56.5543,5873.65
-914.287,5087.48
737.969,2813.74
-496.459,-1754.67
-612.686,-4622.77
-637.852,-4553.92
2233.86,-2760.71
-837.002,-864.607
1602.7,-844.758
-1926.16,-158.35
1297.21,1125.22
-2467.49,2338.54
2989.66,2284.29
-3575.06,417.799
1963.39,-376.106
-2046.8,-706.096
2754.49,21.9011
-1161.59,-2073.05
891.824,-2416.48
-1052.62,-2890.24
-224.3,-899.087
2213.18,1208.04
-3954.52,2390.32
4009.86,3764.12
-6165.46,4217.47
6048.39,5193.34
-6730.08,2464.06
8235.97,-525.515
-8518.72,-4973.94
8048.34,-4894.76
-7268.4,-3841.1
8190.67,-815.758
-6455.11,-276.206
4705.62,1285.04
-4272.94,2207.81
2787.85,4202.66
-1867.48,4321.02
873.049,1449.32
-38.1122,-1705.19
-184.417,-5004.34
1183.69,-5330.21
265.692,-5291.86
670.314,-2395.22
138.412,-934.458
-675.597,1487.64
1105.04,2822.94
-2646.86,4190.68
2983.31,4610.41
-4939.1,3382.27
5147.16,2838.15
-5271.06,-1100.12
6276.24,-3321.49
-5691.92,-5606.7
5550.39,-3685.74
-5271.87,-1159.83
5585.12,2120.88
-4402.6,2660.89
2539.3,2566.71
-2691.5,2432.76
1799.37,2347.87
-235.391,751.857
-692.099,-2281.52
1137.96,-3822.96
-1931.53,-4234.99
3506.51,-2988.14
-699.755,-3196.75
1440.02,-2524.12
-2136.56,-1278.24
1075.8,2177.24
-720.589,3874.27
1082.91,3176.27
-1895.96,1458.88
-1554.63,2355.94
768.561,5009.85
-475.775,5188.59
2556.54,1357.27
-2422.31,-5380.61
1495.41,-7290.69
-1402.85,-5346.52
3236.72,-1227.17
-1178.7,428.769
880.911,-252.979
-2349.13,568.54
1560.86,3070.71
-466.25,4293.89
750.091,3190.53
-545.263,-842.392
-1395.42,-3646.63
2279.95,-4053.23
-1491.09,-3354.63
3616.1,-2356.4
-3133.22,-1495.94
3099.83,51.4562
-4147.46,2253.06
4923.83,3609.01
-5806.98,2717.55
4879.58,2998.36
-7429.84,2804.2
6804.5,4362.92
-5499.75,2150.08
5167.97,-697.984
-4490.06,-4261.86
3828.72,-4902.33
-1709.38,-4464.93
2900.03,-3639.1
-571.451,-4123.45
-241.283,-3236.06
358.062,-19.9517
-1480.65,3164
3105.53,5223.75
-2702.53,2223
1479.06,231.294
-2520.55,-1663.32
2804.24,-936.756
-508.962,-1557.72
-194.241,-2005.49
695.356,-1792.34
-1951.44,626.151
2993.99,3594.69
-3174.8,3967.13
3603.1,3608.98
-4617.04,665.553
4175.37,155.21
-3881.73,-1656.64
4807.42,-2105.78
-3757.36,-3099.4
3108.51,-2565.34
-1131.16,-2156
1759.04,-1215.7
104.856,-1233.41
-946.452,-1518.17
146.882,1147.94
-1764.4,3194.32
3084.93,3804.84
-2758.61,1169.3
2789.85,-1501.97
-3007.93,-2935.69
2887.73,-1788.64
-1343.44,-1693.47
2759.19,-2688.35
-3769.23,-3082.08
3380.68,-1230.53
-2751.62,2510.45
2435.79,5195.3
-1927.59,4636.09
1526.13,2239.1
-4295.32,230.515
3430.92,130.086
-2260.18,117.84
3687.45,-1432.24
-3702.2,-3091.49
3728.73,-2705.21
-3206.48,-2210.8
4182.91,-484.043
-4193.45,225.54
3345.78,478.39
-3417.62,1408.37
3721.13,2045.38
-3664.46,640.583
4756.54,-1111.18
-4261.96,-3318.98
4421.79,-4453.43
-3613.35,-4085.31
5011.69,-2777.42
-4749.61,-756.835
3154.89,3024.23
-4007.89,5993.95
3222.72,8517.09
-3904.21,6771.95
1887.78,4137.59
-1535.33,372.021
393.889,-2092.38
1684.74,-4824.46
-287.272,-7366.2
2756.43,-8201.94
-2373.9,-7267.38
3508.66,-2464.61
-3060.97,1318.14
4895.16,4058.83
-6245.21,3790.77
4253.52,4252.64
-5158.05,3890.84
4865.13,3261.99
-4006.78,-186.206
3755.69,-3380.36
-3315.86,-4856.02
3360.09,-4102.6
-2007.9,-1645.2
2791.87,177.083
-2994.13,1385.55
2049.66,2967.08
-2736.14,3947.65
3300.07,3265.29
-3113.75,1319.98
1980.91,-1056.56
-2966.42,-1912
3664.62,-1533.11
-2844.32,-2056.97
4511.01,-2702.01
-4967.62,-2686.18
5065.7,-549.286
-4634.24,1167.23
4823.76,1985.32
-4846.35,478.065
3788.69,131.944
-5013.23,621.336
5166.82,1992.04
-3019.1,475.999
2990.49,-1863.85
-2197.2,-4669.66
1643.21,-4295.68
-45.9504,-2688.56
-44.2395,-434.734
1481.32,1276.13
-4421.32,3302.6
4341.43,5842.16
-5935.75,6657.25
6051,5934.47
-7230.33,2073.1
6717.36,-248.919
-7880.98,-3119.15
8867.47,-2885.21
-7172.46,-4408.77
7035.85,-3611.18
-6939.47,-2151.92
6745.49,1018.01
-5637.18,2188.1
5760.04,1417.35
-5556.91,-443.151
3930.17,-1823.88
-3269.31,-1528.1
3836.54,-1821.35
-2762.26,-2724.56
3931.71,-3980.81
-4698.92,-2693.28
3926.28,1038.81
-4356.52,4536.35
4507.18,6431.97
-7011.98,5951.01
4795.52,5729.6
-6302.59,4864.57
5966.6,3988.81
-5509.09,168.821
6347.96,-4117.83
-6254.99,-7475.47
6805.83,-6765.22
-4642.72,-5596.31
6348.27,-3385.2
-4205.4,-2301.15
3180.89,-313.726
-2961.47,1727.62
2683.16,3688.75
-2191.96,3497.75
84.5811,2126.47
308.192,601.105
-1831.15,495.383
2755.63,348.358
-2888.49,-479.042
3684.25,-102.73
-5450.96,-80.172
5239.58,1956.68
-4749.12,2028.46
5316.82,1667.13
-5939.52,-75.078
4106.82,872.968
-3725.94,937.775
3949.32,914.498
-2492.38,-2187.39
1958.48,-4469.78
-704.825,-4414.38
249.962,-3116.34
2030.38,-1214.59
-1741.98,-1263.23
725.333,-66.7279
-1641.13,799.7
923.383,3757.05
-933.703,4589.1
-613.795,4872.97
338.463,2650.31
-1669.49,122.416
3708.69,-2790.76
-3889.88,-5463.61
5477.33,-5313.17
-6151.84,-3753.92
6708.2,652.923
-5911.56,1597.62
6516.44,2987.17
-7961.96,2644.32
5994.12,4476.08
-5828.02,4894.92
6305.04,2745.02
-5751.06,-2201.33
3897.71,-4780.75
-2680.52,-4753.45
3074.83,-2398.68
-967.045,-271.639
1454.08,-586.097
-1340.02,-162.06
-317.369,1122.5
-350.504,3259.75
971.842,3867.06
-653.244,1878.52
303.207,-1535.34
-921.067,-2940.38
1375.97,-3073.97
359.467,-2676.43
518.926,-2527.37
-971.895,-2483.01
466.349,530.715
-1358.47,3626.87
991.526,5651.06
-1314.77,5589.04
-930.455,4289.99
-368.796,2477.71
-104.663,649.273
635.283,-1576.43
-790.002,-3736.72
1180.22,-4203.6
-1539.81,-3244.84
3816.71,-2357.48
-2494.95,-2507.63
3208.39,-2722.39
-4806.1,-841.809
4107.81,2470.15
-4061.37,3590.91
4795.62,3047.01
-6370.4,659.839
5405.24,145.339
-6122.27,1018.79
6830.5,2099.2
-5891.64,-623.104
4901.36,-1836.27
-5986.2,-1766.06
5232.1,1195.96
-4413.96,3787.6
3262.62,5037.83
-4169.99,4325.22
1819.2,3279
-931.059,928.093
1593.25,-2040.22
-386.664,-5300.85
673.821,-7471.44
1023.82,-6363.57
-306.444,-5140.91
1808.56,-2953.75
-178.755,-1393.61
-1682.32,2036.61
1086.7,5144.75
-1035.09,6630.34
715.639,5037.67
-2561.82,1689.59
1621.42,-244.136
-2978.41,-668.964
4041.96,507.498
-3113.23,-825.355
3740.83,-1712.56
-3638.22,-2392.64
2576.56,-22.0838
-2032.71,1734.29
2236.37,2681.41
-1658.4,1703.13
-492.505,155.856
1048.65,-59.7343
-369.776,-525.86
2398.77,-2722.38
-2102.05,-5248.84
2430.07,-4938.98
-2713.81,-3430.91
3295.81,334.242
-3391.83,2890.14
3529.29,4097.29
-4748.98,4069.8
3816.35,3643.79
-3435.37,1678.13
3517.18,-830.063
-4141.4,-3245.27
3443.24,-3124.65
-2200.52,-2495.48
2889.37,-1138.86
-587.943,-1174.18
-228.643,-318.253
-864.419,1662.26
951.194,3248.64
-1464.73,3749.7
649.269,1728.6
-1397.16,1004.78
502.754,582.995
-386.724,1027.65
2960.29,-1201.46
-2547.27,-4284.24
3341.72,-6522.95
-3845.27,-5799.55
4749.38,-1308.45
-4135.29,945.124
4485.46,4045.55
-5597.11,3721.58
3833.51,4633.86
-3196.73,3735.72
2435.9,1547.61
-933.692,-2402.77
431.062,-5345.65
498.085,-6025.14
-621.455,-4335.93
3723.46,-1592.25
-5008.42,490.955
4396.34,4628.3
-5925.5,6427.78
5995.56,6987.83
-6530.19,4067.82
5944.86,374.966
-7193.76,-2631.99
7165.28,-2770.07
-5102.55,-4328.77
6691.77,-5282.81
-5093.19,-6419.07
5740.85,-4620.91
-4394.25,-1787.12
5292.38,783.367
-3978.51,1694.71
1481.74,2351.59
-4121.44,4433.62
3133.33,6869.31
-2607.1,6490.28
1992.41,3036.38
-1736.41,-1087.69
768.466,-3679.08
-355.083,-4232.19
2246.71,-4271.75
-1320.58,-4380.66
911.537,-2690.21
-1701.01,1523.11
2166.57,5017.75
-1390.2,5532.68
1358.68,2854.14
-2859.23,-787.993
2223.54,-2938.75
-1627.24,-3585.1
3331.93,-4010.14
-2626.24,-4624.31
2979.05,-2795.03
-2975.65,-383.681
2460.68,3384.7
-1590.22,4402.85
308.042,4198.91
-883.815,2324.1
-1261.49,1494.94
3286.29,-108.988
-3108.37,-2435.04
4077.94,-3922.74
-5042.13,-4083.46
5881.31,-933.866
-5287.49,234.646
6657.35,1790.91
-7488.46,1147.19
6022.07,3138.59
-6302.24,3634.34
5317.92,4049.41
-4531.61,1202.07
2982.22,-1216.59
-2352.47,-2634.85
1843.37,-2667.75
175.21,-1514.84
115.45,-2173.42
-40.4667,-1635.5
-1259.15,-524.473
732.58,2073.99
715.739,2076.57
-612.465,1284.51
290.561,-924.789
-1841.3,-1254.95
2238.82,-424.757
-2277.38,-798.904
3756.72,-1521.31
-5151.85,-2162.72
5452.22,38.3304
-6325.47,2371.76
6328,4550.61
-6444.59,3003.25
4583.01,2365.45
-6232.46,1164.1
5145.07,2224.2
-3741.91,1670.16
3753.33,-488.721
-2183.31,-4034.43
1351.63,-5310.92
292.095,-5131.65
727.111,-3942.08
1369.69,-2346.5
-2339.33,-1276.18
2367.55,2137.95
-4635.78,5249.16
5142.79,7066.75
-5337.19,5012.84
3953.69,2239.92
-4983.13,-796.541
4690.59,-1165.81
-3140.81,-2992.07
3653.15,-3611.82
-3583.55,-3206.27
3091.7,-1266.78
-1837.58,1388.33
1611.55,3320.95
-1867.79,3371.19
342.803,2819.29
-1443.78,2731.14
1284.78,479.758
212.942,-2002.35
1160.56,-5662.26
-1618.72,-6477.98
2848.69,-4784.98
-2348.53,-2318.53
5035.2,-835.617
-6692.98,261.44
4953.43,3349.27
-5724.78,6105.39
5939.63,7782.23
-7192.28,4458.38
6518.9,1283.78
-7729.62,-2278.93
7697.88,-2956.09
-5482.76,-4367.04
6544.47,-4473.82
-5313.25,-4507.32
4614.72,-1885.32
-3694.3,1260.76
3574,3279.33
-3158,4104.81
1135.18,3290.73
-2401.38,3208.71
1752.52,3011.76
-516.268,359.196
771.038,-3131.87
-206.808,-5253.58
-6.23468,-5109.39
1207.6,-2817.74
1043.24,-1685.85
-245.34,-1498.31
-842.695,-116.299
-213.554,2661.48
461.407,4738.76
-309.245,4575.47
-725.47,2084.12
-626.424,381.112
-329.182,75.0482
1617.17,-967.677
266.437,-2526.1
-42.9461,-4376.11
-1135.99,-3114.43
863.249,471.048
-1018.77,3572.03
1901.21,4394.93
-2919.37,2805.87
1473.3,1669.72
-2581.33,1500.86
4013.59,522.538
-3834.45,-2636.76
4314.54,-5263.21
-4963.85,-5818.79
5614.41,-3174.04
-3234.17,-1239.28
3832.48,560.115
-4830.14,1189.92
3216.3,3135.75
-4205.35,4560.08
3223.36,4997.75
-3628.8,3107.38
3089.25,754.336
-2964.29,-1413.89
2370.94,-2266.47
-988.949,-2685.29
1339.49,-3303.25
-874.324,-2651.26
224.816,-999.252
-667.547,2169.51
1207,4589.97
-1799.08,4661.91
325.69,3524.38
-2034.67,2487.23
2695.34,-34.224
-2245.3,-2702.65
4338.58,-6013.12
-4163.53,-7164.28
5169.28,-5073.6
-4403.05,-2874.59
6101.47,126.114
-6424,990.896
5193.34,3549.64
-6312.67,5276.44
5453.3,6927.46
-5668.47,4879.74
4015.72,2584
-4935.37,-684.43
3619.57,-1529.91
-1795.17,-1664.43
2202.93,-2638.97
-866.732,-2600.03
-102.607,-2050.17
457.668,-123.263
161.224,846.478
522.349,625.508
-910.092,-670.026
-172.094,-95.7693
601.469,149.916
-407.717,305.208
1004.17,-938.808
-1911.24,-1959.95
2176.3,-1182.05
-3234.85,529.511
3739.5,2383.33
-3637.47,1975.05
2663.78,1961.71
-3850.48,1080.05
3288.35,1762.48
-2770.16,713.194
2801.73,-250.004
-2313.03,-2085.97
911.7,-2086.71
141.388,-949.866
-252.927,-98.6889
1780.07,-207.026
-2815.88,-557.94
2301.02,1096.91
-3904.41,2466.27
4388.42,3875.24
-4567.73,2205.11
3555.04,505.818
-3085.81,-2067.15
3884.65,-2868.11
-2939.93,-3719.5
3466.5,-3733.72
-3259.22,-2699.93
2779.03,-605.586
-1834.92,1232.34
1323.34,2734.93
-1568.75,3995.28
-434.202,4841.32
-900.006,5151.36
1090.04,2535.18
-1382.97,-654.919
1847.89,-4111
-2135.69,-5014.21
3521.29,-3176.93
-2659.03,-1784.79
3405.53,-951.268
-4116.49,6.33966
3666.1,1607.65
-5296.27,3814.28
5668.76,5681.22
-5814.46,3265.32
5451.7,675.879
-6761.7,-2680.89
7181.1,-3830.29
-5262.83,-4687.83
6098.57,-4710.4
-4925.03,-4071.71
4920.69,-1458.99
-4850.73,1063.17
5105.53,3444.67
-5744.22,4109.27
4510.97,3800.6
-5195.03,3392.18
3178.71,3273.51
-1980.71,968.951
2645.93,-1591.03
-2956.99,-3800.32
2384.73,-3641.5
-1585.4,-1243.08
3610.83,-490.703
-2715.24,-998.456
1593.78,-484.29
-3110.21,1898.72
3243.83,4157.64
-2863.17,4085.27
2678.18,991.342
-2932.02,-2237.38
2763.3,-3066.06
-1558.38,-4193.3
3847.98,-3722.83
-3281.71,-4396.43
2398.01,-2783.38
-2168.06,490.583
1065.48,4249.15
217.751,5823.82
-2405.12,5897.21
714.079,5006.69
-2603.47,3520.22
4684.42,350.96
-4916.71,-4549.19
6220.38,-7145.52
-6528.87,-7157.24
7787.56,-3352.63
-6085.06,-994.099
6525.35,1508.65
-7644.66,1848.83
6453.42,4613.79
-6094.91,4598.82
6223.68,2891.88
-5475.24,-1058.02
3297.43,-3326.07
-2844.34,-3732.26
3413.4,-2777.53
-1115.28,-1621.16
1417.43,-1886.41
-1242.15,-37.7107
719.056,1848.98
-1327.81,4138.83
1171.13,4176.8
-2108.75,2561.07
1247.68,1085.63
-2906.88,959.43
4232.51,700.512
-3361.53,-901.876
4264.37,-2988.61
-4576.25,-5315.83
6005.03,-4560.05
-5027.12,-3670.18
6018.68,-1534.48
-6210.99,378.921
4946.33,3461.3
-5319.54,4823.07
4245.86,5300.88
-3722.26,2411.15
2818.59,72.0733
-2754.05,-2143.06
2028.57,-2958.58
771.947,-3768.13
-570.18,-4708.87
1413.93,-3931.08
-2580.11,-781.358
3546.03,3534.39
-3948.19,5193.67
4759.47,4734.35
-6338.04,1465.32
4608.95,1022.85
-4931.59,335.575
6192.16,-429.578
-4675.44,-3200.18
4202.1,-4306.8
-3480.59,-4185.73
3690.86,-1218.18
-2085.71,996.251
1171.26,2161.32
-2236.48,3329.61
633.685,3909.91
-146.253,3925.23
431.779,989.601
-200.297,-1732.66
-41.7294,-3866.27
-575.738,-3662.55
2361.06,-3380.28
-1441.19,-2634.39
1916.73,-1802.73
-3814.27,957.716
3743.91,5330.43
-4918.86,6805.61
5403.08,5305.3
-7506.22,1395.18
6355.38,-748.257
-7023.07,-2037.33
8313.58,-1711.8
-6459.9,-4158.48
6166.18,-4358.49
-5343.67,-4731.18
4678.55,-1300.68
-2809.36,1089.59
2242.27,2404
-2498.8,2897.2
329.5,3004.24
-353.996,3213.09
-63.916,1480.96
548.06,327.392
-1189.72,-2303
1386.89,-2051.63
-171.155,-2699.43
650.291,-2005.95
544.454,-1563.17
-2633.77,373.489
3724.88,3147.42
-4871.45,3923.69
5403.93,4020.36
-6529.11,1787.29
5865.22,1018.63
-6166.83,-788.599
7220.86,-1317.64
-6418.12,-3703.84
5819.06,-3277.66
-5462.48,-2242.61
5088.39,850.408
-3605.67,1897.52
3270.35,1489.58
-3349.5,800.08
1642.2,183.405
-1238.87,855.663
1956.59,-832.918
-1574.08,-2406.62
1018.05,-3093.01
-953.255,-1963.5
1923.93,-351.71
-710.079,14.2779
1534.66,-801.791
-3144.48,-635.191
1627.7,2344.22
-2709.39,4890.56
2458.04,6258.32
-3076.1,4366.43
2322.26,1567.2
-3337.92,-167.901
4009.19,-1628.06
-3029.07,-2802.99
3471.61,-4216.73
-3752.13,-4792.68
4113,-2407.46
-3416.89,-56.4296
4750.11,1718.13
-4240.15,1539.86
2582.4,1718.34
-3194.32,924.259
3103.87,686.491
-2265.77,-1534.92
1331.96,-2095.67
-24.2504,-2075.49
-587.322,-886.551
2238.73,574.095
-3663.82,927.003
3932.4,1548.28
-6185.05,2606.11
5232.12,5014.85
-5688.95,4436.5
6697.81,3191.16
-7189.83,-1044.93
5741.58,-2327.26
-4814.02,-3777.88
6225.32,-3764.76
-4270.26,-4988.04
3268.03,-4108.06
-2854.27,-821.148
1870.42,3461
-1129.51,5830.57
378.179,4157.13
-1545.72,2741.35
-259.584,574.374
79.5676,-9.59556
1689.17,-2071.81
-1508.63,-3957.88
2247.83,-5328.07
-3932.57,-3243.39
6113.48,-15.3212
-6044.03,1799.84
6968.1,2569.33
-8312.46,1262.15
7573.17,2699.57
-8480.19,1902.57
8981.58,1991.78
-8637.89,-919.114
6911.61,-1074.39
-6445.4,-1261.99
6563.3,662.624
-4356.76,-88.0557
2710.95,-325.869
-2405.46,293.234
1338.12,300.089
481.365,1059.66
-1348.44,-328.707
2313.41,-1047.18
-2958.26,-1398.24
3888.13,-1018.13
-2892.67,-2152.94
3615.38,-2216.51
-3031.84,-2976.79
2982.23,-1693.02
-2464.57,83.9341
2783.32,1421.94
-2018.37,1685.12
420.722,1797.3
-1493.67,2587.39
1342.49,3490.18
-1258.11,2783.69
1657.16,3.93628
-565.425,-2689.1
539.338,-4590.68
676.518,-4357.61
1381.92,-3851.47
-1271.5,-2843.24
1282.8,-297.657
-1581.79,2409.49
2176.85,4016.43
-2316.77,4065.34
3581.92,1584.62
-4240.39,-1560.14
5557.99,-4134.4
-6211.47,-4651.36
8067.61,-4037.32
-6615.92,-3816.58
8242.31,-1723.5
-9374.55,253.931
9446.5,4594.42
-9346.82,5762.44
8703.93,5844.84
-9984.79,2170.72
8991.33,877.332
-7613.35,-1939.47
7961.6,-3160.33
-6059.19,-4636.02
5904.39,-4664.77
-3958.75,-3528.35
2910.25,-1543.41
-3.56128,-332.566
329.174,71.237
-500.209,1189.49
-942.679,1854.46
545.952,3611.96
-1381.25,2989.55
1118.89,1646.37
-1969.02,-188.471
1704.71,-478.721
-188.503,-1068.59
1452.28,-2357.87
-1368.61,-3835.77
615.886,-3345.72
-1301.73,-427.343
1064.02,2172.02
391.374,3717.11
-483.011,2562.18
-1376.74,1641.35
1217.17,1399.49
-2002.97,592.841
2322.3,-1119.28
-3291.99,-2253.61
3102.44,-1694.67
-3080.68,-378.851
5797.21,78.3384
-4840.4,-1806.12
5340.16,-3361.92
-6461.06,-3576.36
6426.01,-993.977
-5943.37,495.876
6390.51,2349.31
-5971.83,1514.27
4639.84,2567.82
-4153.52,2510.69
4048.87,1913.45
-2604.19,-1087.3
699.102,-2694.39
-304.343,-2331.91
-458.082,92.8062
2105.72,3095.09
-3365.7,3785.99
3726.67,3905.9
-5529.51,2328.68
7099.41,497.325
-6200.36,-3745.97
7028.05,-5852.08
-5984.73,-7182.68
6867.49,-5235.12
-5602.85,-3426.11
7179.76,-1159.26
-6101.7,-273.721
5216.05,1527.06
-5409.79,3414.27
4403.86,5025.36
-4284.29,3669.6
3728.3,791.76
-3646.04,-1788.27
2507.27,-2468
-756.159,-1499.6
1513.22,-498.632
-667.023,-951.82
349.074,-955.22
-142.58,-194.682
387.926,471.038
-419.795,2242.62
462.353,2129.59
-1172.83,2072.16
1460.03,577.123
-1652.82,-1085.02
2893.6,-2701.82
-2288.74,-3732.05
2766.74,-2886.59
-2302.68,-2297.36
2741.91,-117.705
-2311.26,-162.335
2302.78,902.287
-2938.22,1445.21
1409.8,3467.28
-610.578,3734.37
-949.907,2311.63
3003.95,-1174.65
-4551.62,-4012.23
5483.02,-3706.61
-5745.71,-2733.73
7329.91,-81.3648
-8917.66,1097.01
8337.93,3254.26
-9262.9,3627.75
8018.42,5335
-7934.37,3377.76
7377.19,1986.4
-9046.4,-746.766
7389.95,-1023.96
-6023.59,-2278.92
6530.51,-3731.75
-4335.47,-4599.4
3041.34,-3677.69
-1781.82,-1422.83
2084.43,569.866
-2308.8,1726.32
-423.43,1917.13
-1070.38,4224.88
541.429,5467.44
-769.804,4463.27
1123.66,1277.87
-1606.72,-2222.3
163.076,-3863.02
-52.92,-3442.95
1944.8,-2968.93
-1516.85,-2239.26
126.054,725.092
-1374.95,4273.16
1396.1,7439.51
-1913.06,6588.88
365.758,3108.11
-1865.05,0.226624
342.44,-1111.19
687.192,-1582.09
668.213,-3154.06
735.366,-5173
-215.924,-5895.16
1454.75,-4989.7
-699.973,-2507.03
3235.97,-887.512
-4851.19,804.868
3229.08,3362.51
-4307.62,5557.6
5237.97,5755.8
-6409.4,3079.72
6546.58,745.402
-8302.43,-919.537
8396.88,-352.757
-7329.19,-1824.86
8081.96,-2035.9
-8331.56,-2962.6
7259.58,754.567
-6442.69,3451.41
6656.68,4485.6
-5498.34,2014.93
3701.5,-1225.95
-4158.43,-2756.18
4674.47,-2527.51
-1915.85,-3046.44
1907.96,-4075.5
-1230.74,-3333.02
764.692,-1829.08
445.663,566.774
684.846,1094.45
-1376.09,1194.52
-55.6254,2058.96
-1819.4,3856.18
3058.65,3483.37
-2243.87,436.806
2617.62,-3254.08
-2723.96,-4997.3
2687.88,-2891.79
-959.645,-1405.1
3186.33,-1090.33
-4165.67,-1487.88
1873.17,1847.56
-2034.15,5635.23
1753.36,8231.92
-658.238,5598.02
-1273.4,1050.24
1575.06,-3215.51
-2564.25,-5016.36
6170,-5361.08
-5368.89,-6454.3
7456.51,-5789.65
-7833.29,-3670.21
8933.81,442.756
-8126.88,2203.62
9247.13,3988.98
-10434.5,1669.51
8682.3,2378.5
-7935.27,915.402
8249.25,-160.203
-6862.43,-3032.84
6114.92,-3702.22
-5021.51,-2275.66
4349.42,396.301
-2545.71,2294.87
2120.71,1943.1
-2475.64,2184.55
501.51,2549.58
-697.013,4114.14
1307.8,2779.89
-1173.39,-84.5231
1150.4,-3119.81
-936.795,-5092.55
2405.34,-4620.98
-227.563,-4520.32
1350.15,-3928.49
-1488.31,-2438.33
244.44,1248.88
-451.501,4358.53
358.26,5702.04
416.329,3507.82
-3271.51,1763.4
2276.6,1237.15
-3246.44,738.394
5608.96,-972.603
-6279.92,-4304.92
6719.34,-4878.01
-6871.13,-3334.63
8965.25,-288.548
-8596.11,550.173
8536.14,1525.29
-10333.2,1016.96
8551.39,3870.83
-9383.16,4760.89
9928.92,4401.77
-8664.09,249.303
7585.52,-3214.45
-6846.79,-5589.31
6687.71,-4436.16
-5019.44,-3040.1
4455.64,-1075.37
-5247.06,2050.49
3737.88,5450.29
-2630.24,6996.85
1100.57,5848.87
-1665.24,2769.25
436.502,-740.909
-1067.86,-3032.64
1772.49,-5142.62
365.631,-5978.71
1.75513,-5207.19
530.104,-2506.55
-227.523,1326.86
-172.099,3988.2
25.5731,4097.48
-1910.13,4007.6
-931.657,4031.5
-92.3355,4332.67
1054.71,2926.66
-920.096,-1457.01
463.474,-4606.75
-638.123,-5374.69
548.931,-3516.83
2488.06,-2520.71
-1681.98,-2174.29
1527.28,-1959.57
-3087.68,1150.32
3754.25,4165.52
-5434.58,5392.18
5593.61,4956.48
-8584.63,2575.45
8267.66,1894.49
-8191.88,-283.726
10356.3,-2010.55
-10556.4,-4905.31
10197.4,-3758.78
-10714.7,-2098.99
11211.4,1349
-9844.18,1741.06
9108.52,2451.29
-9498.52,1881.22
8010.93,3115.15
-6180.95,1390.75
5922.34,-2011.3
-4936,-5633.47
4337.18,-6434.21
-2457.5,-4303.25
3197.66,-1124.41
-595.141,635.939
-705.287,1158.34
-213.751,2837.58
-706.563,3710.09
619.234,4815.74
-1059.94,3366.56
500.679,1633.69
-918.569,-190.627
1068.27,-1675.97
359.062,-2918.33
479.352,-3809.28
153.742,-3732.95
-685.552,-1178.94
998.565,1844.72
-768.432,2914.64
1393.98,2869.12
-1874.53,572.376
480.533,49.7923
468.261,-520.045
69.6452,-1872.68
2362.81,-4971.58
-2214.3,-6779.47
3174.61,-5867.74
-3741.84,-1630.56
5700.18,2437.16
-6264.42,3854.75
6262.74,4558.99
-9549,3994.06
8867.19,5731.17
-8433.7,3514.73
8847.34,969.968
-8845.58,-3779.01
8166.96,-4938.03
-7624.39,-4209.76
8505.28,-1460.95
-6524.5,-550.359
5536.44,826.722
-5336.27,1831.39
3282.95,3769.16
-2134.19,4116.33
2051.52,1130.34
-2314.36,-1591.89
656.812,-3297.67
176.977,-2748.34
1956.41,-2711.57
-741.121,-3426.59
365.035,-3245.15
-675.183,-759.877
355.141,2117.38
-344.418,4136.7
-325.896,4178.09
-1296.1,3046.57
186.85,3020.76
-1021.59,2082.93
1592.24,418.23
-55.9584,-2821.28
-988.835,-4872.79
698.489,-3999.16
-870.491,-799.517
3116.3,1138.97
-3644.8,1564.18
2327.89,2340.35
-4262.68,3588.82
4627.03,4611.01
-4773.92,2191.43
5031.38,-1144.79
-6194.78,-4141.97
6935.19,-4196.02
-5435.63,-4356.84
7062.77,-3366.43
-6731.17,-2851.81
5651.48,66.8062
-5819.5,2831.01
5349.04,5132.15
-5101.07,4862.2
2337.24,4472.46
-4560.17,4300.7
2840.07,4663.58
-1397.06,1944.62
1995.09,-2945.95
-1779.46,-6214.03
670.052,-6013.47
1379.7,-3153.41
85.6364,-1438.52
637.74,-1014.01
-2352.97,-271.814
578.222,3405.29
-658.902,6146.87
1073.3,5927.67
-1852.87,2410.74
350.504,-1433.68
-899.099,-3501.93
1403.34,-3926.34
-235.333,-3428
863.418,-2587.36
-1954.33,-401.689
2033.36,1996.57
-2484.65,4329.96
2142.07,4482.47
-3063.49,2987.63
2222.8,1628.75
-4303.08,534.378
6431.37,-1186.17
-6825.05,-3035.75
7428.63,-3647.12
-7554.84,-3472.25
8875.87,-892.006
-9074.54,272.824
9464.82,1991.57
-10840.6,2157.87
9518.67,3991.02
-9386.68,3300.98
8840.72,2646.38
-8801.29,-569.405
9046.26,-1965.08
-8901.3,-3593.85
8830.53,-3493.38
-6473.06,-2851.02
6034.91,-2172.83
-4805.07,-1382.64
4518.88,730.934
-4570.56,2564.18
2905.1,4257.04
-2581.31,4348.53
1130.74,2945.72
-1317.96,786.986
783.539,-561.834
-164.184,-1439.38
1159.35,-2937.93
-561.407,-3067.2
621.415,-3435.07
-53.9196,-1856.09
-24.4792,263.834
-795.912,2844.13
618.616,4655.48
-1423.12,4475.5
1406.28,2469.05
-1837.24,-807.632
2207.12,-2992.27
-1156.72,-5412.8
1141.57,-4558.11
-688.175,-3209.62
1132.69,-935.15
795.222,453.618
-2452.48,1773.36
2446.01,3460.11
-4912.98,5613.31
4593.76,6209.04
-6410.89,3893.67
6268.98,1307.92
-7685.33,-1942.72
8328.59,-1714.58
-7451.66,-3173.91
8447.18,-2820.75
-7588.79,-3863.73
6722.13,-2654.98
-6197.64,-1479.13
5570.64,1995.22
-4101.07,2779.88
2847.8,2431.51
-2767.08,1780.44
1620.4,-332.029
-244.566,-1789.42
607.627,-4116.21
373.065,-4425.61
-1148.6,-2893.02
1075.72,1020.64
262.945,3075.37
-1407.31,4472.54
-174.783,4747.31
-1174.88,4967.73
1264.92,4513.8
-2027.42,1532.44
2752.98,-1486.26
-3056.87,-4426.78
3374.42,-4822
-1695.87,-4327.9
2875.59,-2747.58
-1648.69,-2120.03
1640.81,-102.48
-1677.4,1193.92
1729.01,1854.59
-942.924,1876.03
-1240.12,1309.08
757.147,1391.56
-1006.96,1337.16
2686.17,-390.562
-1878.39,-3528.27
1597.51,-3806.4
-2356.32,-2231.76
4005.54,-38.7729
-3601.28,891.355
3833.09,414.453
-5253.73,1037.03
4018.36,3720.83
-4121.39,4861.81
4824.26,4075.35
-5301.86,-131.26
4152.11,-2789.48
-3652.1,-3813.29
5054.56,-3540.58
-2626.05,-4133.06
3001.14,-3369.31
-3534.26,-2248.53
2815.94,1168.22
-1376,3703.24
911.144,3202.07
-1958.38,3226.23
332.614,2743.74
-910.212,2575.4
2494.01,-56.5711
-1440.05,-4213.93
2162.08,-7139.78
-3141.3,-5629.74
4657.59,-1798.14
-4071.39,1678.05
4785.45,3390.19
-6533.21,2975.99
5695.01,4420.53
-6766.04,4242.39
7413.58,3593.93
-7006.5,-575.888
5184.83,-2830.49
-5182.08,-4183.52
5720.48,-2876.29
-2950.83,-2801.62
3425.48,-2200.97
-3920.11,-364.792
2220.49,2245.59
-1558.16,4691.65
990.841,3475.18
-1122.77,940.892
979.156,-1991.68
-1986.11,-1630.94
3913.47,-2304.1
-2176.99,-3775.67
2926.28,-4869.69
-4232.27,-4526.28
5113.31,-607.903
-5302.51,3138.86
6299.3,5791.22
-7766.96,5121.71
5004.42,5573.86
-6555.48,4756.22
6141.11,3918.99
-5640.99,-253.411
5919.61,-3580.39
-5330.32,-5437.33
4576.75,-4672.46
-1247.08,-3523.91
2496.39,-3079.48
-1630.51,-3624
518.143,-1563.7
286.221,2021.78
-1985.27,4854.09
3385.93,5048.38
-4142.97,1769.16
3422.81,-848.413
-3722.98,-2886.06
5352.7,-2808.62
-4368.71,-3588.01
5585.35,-3184.6
-6338.43,-2456.21
5933,1024.36
-5675.09,4103.51
5001.58,6416.11
-5884.91,6241.33
3997.83,5429.6
-4787.13,3325.67
4358.98,3.13306
-3312.16,-3417.69
4303.12,-6169.83
-3534.75,-7280.55
4950.69,-5491.84
-2765.81,-3885.23
4165.27,-2639.42
-4447.42,-564.561
3834,1951.24
-4921.8,4773.62
5224.31,5553.11
-5451.06,2964.96
4723.67,410.768
-5752.13,-1950.5
6188.58,-2006.47
-4815.23,-2662.35
5200.8,-2546.85
-4200.81,-2945.95
3383.16,-370.755
-2852.3,1699.64
3107.54,3615.8
-2661.32,3406.2
-247.547,2952.57
-355.817,3414.41
-783.805,2540.27
2430.06,706.9
-2790.39,-2280.05
3317.71,-3909.78
-2534.38,-4912.16
4502.97,-4089.35
-4010.75,-3896.16
3127.17,-1342.44
-3506.63,1808.36
2152.39,5485.52
-2088.9,6436.22
2314.24,4271.65
-2572.73,251.508
1734.97,-3309.16
-619.928,-5637.56
2581.44,-7499.64
-1607.78,-7013.07
1774.62,-4840.18
-2489.53,984.816
2836.18,6637.52
-3420.24,9200.32
2644.34,8423.74
-6072.3,6009.5
4920.12,4153.46
-6135.3,819.359
7330.02,-2378.25
-6698.4,-6166.47
7579.08,-6923.28
-6630.34,-6312.71
8464.06,-2758.12
-7206.03,-823.697
7639.86,444.539
-8128.06,1253.22
6785.06,2999.43
-6969.47,3297.78
7441.79,2614.02
-6773.66,-606.805
5669.94,-2783.09
-5226.67,-3590.99
6396.4,-3034.19
-4495.49,-2965.82
4146.31,-1819.51
-3781.9,-255.502
3280.49,2839.54
-2649.31,4221.42
1211.47,4565.48
-2115.43,4581.63
-250.009,4123.08
502.093,3009.7
-705.011,558.196
1751.23,-2333.51
-1505.09,-4868.36
2084.96,-4754.84
-89.6682,-5137.52
1947.2,-4350.25
-1046.59,-4068.8
255.406,-1560.19
-241.22,2159.47
-212.922,4821.78
1082.18,4713.22
-1791.4,1848.7
-564.789,824.021
-557.378,555.83
1432.06,907.613
18.8699,-1859.26
-866.378,-3157.74
45.4941,-2180.03
-1377.88,1244.65
2804.69,4509.27
-3181.73,3704.4
2114.01,2380.41
-4093.26,891.572
3764.05,1391.92
-3656.45,261.256
4470.25,-1306.62
-3551.39,-4490.7
2402.51,-5035.68
-1431.5,-3742.79
2456.04,-1505.45
-1158.1,44.0204
-448.054,958.713
-555.761,2869.12
-450.246,4063.96
760.257,3931.96
-676.934,1238.23
-173.424,-1010.24
-510.501,-2021.06
1084.35,-1552.84
522.678,-2479.56
-760.972,-2484.64
744.399,-923.982
-2026.98,1975.29
2188.02,5359.61
-3301.49,6437.78
3329.33,4698.13
-4885.12,1500.2
4336.48,-256.492
-3570.17,-2903.69
5252.17,-4527.41
-3864.28,-6539.05
3757.68,-5451.13
-3276.89,-3286.57
3489.27,894.366
-1670.01,2939.47
286.945,3549.38
-1299.49,3838.48
127.725,3594.01
-573.628,3047.99
192.376,-183.49
35.1718,-2126.2
-640.68,-3546.82
698.932,-2497.4
1832.17,-1939.49
-1551.81,-1406.59
1936.76,-1192.37
-3047.06,-204.646
2904.12,2520.16
-3967.56,3473.26
4010.92,4256.34
-6198.76,3476.02
5922,2810.21
-6138.77,845.211
7178.83,-1903.83
-5973.24,-5477.64
5790.74,-5825.91
-6288.71,-4304.96
6044.92,318.793
-4394.16,2661.13
4446.79,2654.38
-4482.55,1434.92
2924.31,1891.16
-4075.8,2656.77
4358.05,2100.75
-3823.97,-652.467
1995.47,-3114.33
-1659.51,-2855.74
2073.08,-1058.82
-486.87,878.095
835.892,1052.75
-1540.08,56.945
-124.699,586.981
-1138.53,2032.77
775.476,3555.14
-694.801,3621.55
134.612,2180.93
-794.021,529.764
853.074,-1785.22
-64.7055,-3142.69
114.857,-4024.99
-1100.24,-3095.85
1667.09,-600.662
156.406,198.815
466.568,-76.2147
-297.788,-1129.32
-693.445,-176.651
-361.819,1592.38
216.864,2355.04
379.799,1141.57
-2291.59,623.754
2296.43,977.502
-3265.21,2382.28
4542.35,2931.52
-5633.56,1090.34
4774.94,123.093
-7053.91,-162.48
6948.37,1878.17
-6418.52,2151.29
7002.16,1405.75
-6610.53,-1569.04
5013.29,-1492.99
-5447.3,-1935.37
6868.96,-1555.69
-5310,-3165.91
3996.13,-3710.06
-3351.49,-1801.2
3174.42,720.251
-2169.65,2340.54
1158.64,1865.56
-2426.58,1473.15
625.654,1845.01
-726.981,2839.7
1109.88,1920.84
-984.523,101.652
676.604,-1309.06
-1408.54,-2163.28
2458.23,-2130.91
-1294.66,-1992.26
1419.52,-1636.31
-1906.58,-344.757
1722.12,2267.13
-1740.71,3819.38
1860.72,3409.47
-2383.78,1470.61
1281.4,500.834
-1743.62,100.803
2139.3,24.9597
116.715,-2120.5
-209.553,-3821.42
929.764,-4497.78
-1057.63,-2533.04
3288.87,-492.618
-4388.96,1122.91
5189.13,1816.25
-6559.75,2004.05
6998.27,2716
-7634.39,1254.84
9707.55,-212.647
-9799.93,-3692.68
9909.08,-3686.94
-10866.5,-3033.1
11147.5,867.737
-9664.79,1737.32
8154.41,3654.05
-8817.64,3771.59
7468.65,4800.07
-6961.62,3791.87
5553.1,1005.21
-4126.23,-3053.18
2762.82,-5221.44
-1502.04,-5116.85
2645.92,-4260.38
233.709,-3135.53
-467.309,-2754.8
129.193,-228.046
-649.939,1659.86
689.516,3705.45
-1318.09,4062.65
-473.955,3433.12
-319.12,2664.5
-331.666,2270.11
1173.76,-334.581
-839.119,-3270.05
1134.87,-4038.69
-2294.8,-3062.71
1945.55,855.04
-667.621,2608.79
33.9,3681.77
-1318.81,3250.64
-216.287,3256.07
1696.13,2003.36
-1987.15,-803.172
2734.47,-4482.56
-3077.46,-6537.23
4808.76,-5712
-4712.43,-4214.07
7666.55,-1567.57
-8287.2,35.5465
7395.35,3494.24
-8239.51,4751.52
7846.39,5605.75
-8110.48,3343.36
6132.51,1957.07
-7396.52,618.63
7770.48,635.684
-5081.78,-2331.37
5262.61,-5000.72
-4611.85,-5862.5
4560.32,-3474.39
-2708.36,-367.988
2986.61,1197.97
-2539.74,2291.47
565.603,2733.68
-1613.99,4305.59
1756.8,4678
-1130.71,2175.71
1006.41,-1768.89
-1403.04,-4358.37
1621.02,-4705.67
-326.253,-3593.44
2631.65,-2787.55
-2872.71,-1849.43
2415.24,350.334
-3014.76,3100.97
2610.29,5463.37
-3464.38,5059.72
2760.14,3065.16
-3616.65,395.986
3114.81,-1096.43
-1933.98,-3317.78
2555.29,-4029.79
-1381.44,-4989.3
969.037,-3507.51
-916.456,-503.534
22.8278,3034.53
562.985,5382.86
-2454.91,5289
1451.52,4710.42
-3436.86,3255
3726.38,997.208
-3608.3,-2757.88
4475.62,-5100.21
-5007.9,-6245.48
5798.35,-4134.95
-3732.52,-2347.02
4489,-785.801
-4945.24,438.557
3440.34,3158.07
-4046.95,4800.8
4152.96,4638.05
-4445.38,2070
3575.84,-702.453
-3633.76,-2349.88
3769.25,-2390.17
-2423.84,-2107.35
2579.91,-1671.89
-3466.76,-22.2158
2906.88,2529.35
-2875.82,4389.7
3258.13,4499.57
-4233.47,2784.53
2057.63,2163.22
-2470.45,891.035
3835.09,-1294.23
-2694.5,-4394.95
3245.64,-6652.01
-2076.85,-6323.1
3796.38,-3956.26
-2189.68,-2451.4
3606.28,-1930.03
-4611.43,-527.591
3308.67,2472.23
-3605,5378.31
3641.76,6246.07
-3619.19,3661.9
3063.17,526.023
-4427.31,-2046.73
4341.48,-1486.5
-2744.23,-1645.05
3009.44,-1779.89
-1808.12,-2319.46
1605.94,-1046.42
-1500.76,1145.19
1548.22,2909.88
-722.828,3217.08
331.101,493.137
-793.909,-1204.92
814.208,-1970.58
652.84,-2411.03
1548.64,-3723.84
2.24308,-5059.69
47.9646,-4801.61
-357.07,-2150.34
1378.83,1444.06
-1001.68,3141.77
289.203,4339.73
-1285.48,4151.51
-332.582,4620.78
720.02,3398.31
-1100.67,504.946
2446.11,-3180.63
-3448.11,-5307.79
5463.08,-5463.51
-4337.49,-4228.02
6901.44,-2669.28
-7982.25,-1105.07
7483.56,2617.62
-8817.46,4649.05
9682.4,6200.24
-10440.6,3277.21
7973.44,2703.1
-8029,353.972
8165.75,-617.712
-5051.86,-5355
5116.5,-8091.95
-3944.46,-8045.01
3757.76,-4548.37
-898.84,191.686
820.617,2017.43
-954.736,3739.15
-1550.51,4243.93
984.985,5918.48
-963.31,4279.34
1298.56,1550.12
-1495.29,-2642.55
35.4849,-4253
1293.4,-3407.73
-397.138,-2420.93
2184.85,-1043.76
-3435,338.31
2658.77,3304.07
-2363.93,4583.24
3050.51,3693.2
-3126.48,-47.438
1782.18,-2054.8
-2049.6,-2601.28
3097.8,-1955.44
-1009.93,-2878.61
1996.63,-4446.7
-1230.75,-4382.6
1429.98,-2450.74
183.627,-25.428
-806.162,2019.37
-151.261,3602.2
-1760.06,4415.75
1219.04,4913.45
-2113.7,4493.63
2417.7,2430.99
-2684.91,-409.168
2716.9,-2723.78
-2488.6,-4574.71
3598.12,-4761.11
-1933.69,-5211.19
2217.47,-2671.55
-3302.64,1105.29
2596.32,5562.42
-2103.02,6987.51
673.086,5092.25
-1845.88,1724.29
1191.52,-1029.51
-1011.16,-2233.1
2132.66,-4336.85
-1054.72,-5350.37
1656.31,-5737.17
-1873.91,-3509.89
2458.83,241.9
-2016.76,2902.66
3302.78,3893.53
-5918.71,3678.79
4125.01,3954.27
-5472.59,3645.3
6546.75,2152.52
-6624.26,-1969.11
6240.21,-3278.15
-7003.5,-2646.56
6891.71,627.689
-5818.5,1836.23
5772.91,1476.82
-6702.36,211.66
4982.3,1818.67
-3478.04,1602.57
4034.46,671.68
-2625.14,-2769.51
900.886,-5279.33
119.771,-4750.92
69.8676,-2938.32
1875.58,-528.968
-1259.99,-116.676
1317.07,972.779
-1984.12,1426.35
1057.12,3253.3
-1002.23,2683.65
368.957,2256.55
-1216.05,1059.58
-1049.1,1599.35
3017.3,2006.07
-2651.32,25.3893
4034.27,-2203.13
-4459.6,-4577.01
4575.75,-2930.42
-4108.88,-1614.59
5725.37,-98.8628
-5036.22,-629.701
4226.78,419.558
-4242.96,1426.36
3352.25,3318.11
-2455.31,2830.98
2082.55,435.013
-1471.57,-2591.86
1049.31,-4412.83
692.552,-3528.91
116.804,-2705.91
1105.79,-1572.9
-1757.3,-249.582
1091.33,1650.46
-1401.8,3220.47
2141.38,3997.97
-2482.31,2530.76
1690.26,1127.46
-980.03,-1030.03
1887.08,-3518.43
-870.451,-5509.96
785.223,-4908.1
12.9899,-2245.41
515.464,1315.69
90.4304,3430.96
-840.418,4096.08
-758.902,4876.14
-1231.68,4948.08
1111.45,4099.19
-342.156,282.672
772.408,-3815.07
212.291,-7154
-68.8835,-7036.59
2566.88,-5485.73
-1341.41,-3458.51
2960.26,-2108.75
-4507.68,182.909
4644.42,3888.15
-5673.28,5937.16
6243.59,6108.1
-7430.91,2641.17
5823.93,682.461
-6914.01,-1327.12
7444.67,-718.644
-6058.02,-2255.24
6187.89,-2440.15
-5515.98,-2470.92
5254.93,-718.334
-4171.88,731.645
3451.49,1596.11
-2924.78,1570.42
1087.82,1462.68
-797.295,1653.35
1107.46,256.444
-197.803,-1114.74
1017.63,-3621.63
-1645.91,-3704.18
2436.92,-2869.2
-2165.27,-1081.62
3853.15,-250.471
-5344.92,954.802
4949.12,3071.36
-6658.83,5030.19
6379,6394.84
-6925.83,3145.88
5822.72,1363.9
-6001.68,-2735.43
6350.11,-3134.4
-4192.79,-4716.54
4055.92,-4450.92
-2667.91,-3570.88
2150.66,-1983.29
-238.404,-65.6208
-408.265,893.102
1360.26,2304.41
-3814.47,2807.96
3734.91,4344.77
-5008.7,2861.66
5921.12,533.082
-5401.98,-2977.89
5295.26,-4254.04
-4883.84,-3210.21
6100.01,-1227.99
-4544.18,-1284.24
4423.54,-1026.66
-6395.89,603.933
5387.64,4793.24
-4875.78,6749.91
4180.11,6357.68
-4389.81,2489.28
2776.69,-1118.18
-2511.09,-3375.9
3453.86,-4564.32
-2193.55,-4656.76
2254.27,-3704.98
-1886.66,-1535.58
1853.05,938.452
-1285.59,2576.71
2324.33,1791.26
-3960.95,1424.94
2444.93,1146.99
-3134.27,1364.68
4713.13,13.6418
-4861.4,-3229.71
5763.58,-4378.33
-6428.16,-3486.39
7712.73,-450.542
-6436.59,245.996
6386.38,541.594
-7029.08,-628.858
5956.35,1806.32
-6214.55,3344.16
5136.77,5475.47
-4483.46,4467.1
2249.7,2338.33
-1825.49,-180.956
1093.04,-1778.39
1050.47,-2867.9
-1480.35,-3326.97
2500.36,-2053.9
-3636.93,-1115.53
4471.42,1259.55
-4655.97,1549.97
4506.76,2268.15
-5051.71,1652.2
4473.79,1786.99
-3737.09,-453.46
3909.86,-2836.86
-3952.37,-4629.82
3170.29,-3636.9
-1728.28,-1662.63
2643.6,-219.385
-1700.18,414.007
348.346,625.508
-1830.25,2718.14
694.764,4492.52
-1622.33,5236.21
1663.48,3012.86
-2853.81,694.156
2184.77,-421.083
-3643.78,3.17966
5531.63,-199.387
-5112.39,-2212.88
5136.35,-3425.82
-6136.11,-3364.2
6718.45,213.563
-6773.53,2301.78
7364.75,3204.39
-8600.07,1635.11
7320.55,1283.17
-6895.47,-439.662
7674.84,-1593.92
-6201.9,-3928.66
5519.63,-4060.61
-5193.12,-3071.78
4643.94,-389.518
-3281.33,1733.17
2221.96,3003.1
-2409.17,3429.55
-642.316,5715.52
1058.23,5835.33
-1731.9,2850.02
2800.4,-1074.01
-3925.99,-5423.78
4179.98,-5074.99
-3293.01,-3415.33
5956.97,-1616.78
-5521.26,-1889.24
4257.53,38.3172
-5407.97,2623.9
4790.11,6235.89
-4673.41,5848.7
4925.88,2521.99
-5163.76,-1602.71
3091.32,-3906.42
-1448.67,-3878.14
3286.32,-4051.61
-2574.04,-4379.21
2637.78,-3092.34
-3375.46,219.512
3592.49,3819.52
-2536.21,5048.37
1599.35,3885.42
-4424.82,2649.97
2747.29,3034.14
-4182.37,3464.32
4659.27,2155.51
-4002.96,-1166.07
3909.53,-3567.89
-4011.67,-4558.2
5305.16,-3049.05
-4138.43,-2694.09
4072.42,-2208.59
-4197.8,-1512.26
2915.99,1307.44
-1961.22,2950.19
1828.01,3860.6
-1617.02,2005.55
-561.446,354.04
1886.83,-1608.73
-2281.6,-3560.83
4580.19,-4374.35
-5268.89,-3835.29
5536.64,-180.499
-6762.48,3329.78
7487.07,6282.9
-8873.06,5274.29
8035.23,4696.47
-10741.9,3608.7
9207.78,4711.81
-7320.13,1336.32
8086.81,-2880.56
-7028.36,-8352.83
6074.61,-8480.31
-3547.62,-5616.69
4740.64,-1906.24
-2186.65,-494.081
909.579,-80.624
-917.266,1345.12
-447.533,3083.45
1600.86,4268.86
-1688.24,1431.34
1266.52,-356.8
-2693.97,-2456.48
2586.2,-1642.36
-910.569,-670.652
1243.89,-234.645
-1362.22,431.738
127.781,1985.93
-272.597,3688.36
711.107,2926.31
-553.403,1006.5
-686.688,-814.644
-299.68,-145.099
1067.78,40.2681
268.744,-932.763
1331.54,-3303.43
-1743.9,-5095.77
2805.79,-4062.27
-2556.98,-1472.83
4563.54,-72.2106
-6109.82,987.04
4827.67,3124.26
-6806.64,4878.41
7160.1,6028.45
-6637.18,3037.88
7312.96,-876.218
-8574.29,-4791.04
9141.02,-5245.16
-6466.08,-6519.3
8166.05,-5957.35
-7535.48,-5264.56
6181.98,395.218
-6457.37,6371.05
5429.09,10194.8
-4554.77,8884.82
1524.86,4559.98
-2278.94,359.722
1973.78,-2449.18
-4.25188,-4636.77
1280.99,-7162.39
256.773,-7482.36
-373.312,-5809.59
1930.23,-1300.67
-1.27338,1904.71
286.993,3589.62
-1086.01,3798.02
-953.789,4205.97
387.477,3538.34
188.189,972.949
-213.722,-1546.4
49.6719,-3717.33
1199.93,-3565.99
638.483,-3216.16
343.709,-2836.4
228.419,-2234.48
-2164.31,906.848
2633.42,3708.04
-3331.71,5510.49
3587.79,5326.38
-5235.42,2924.78
4834.51,1511.27
-6285.74,-590.868
8571.81,-2794.08
-6556.64,-7016.56
7000.27,-8097.71
-6238.25,-7042.57
7438.46,-1924.66
-5953.16,778.34
6944.74,2057.06
-7178.28,1409
4351.5,2508.36
-3932.6,4300.09
3080.16,4754.51
-2997.92,2592.67
2493.92,-689.074
-2618.65,-2519.05
2468.79,-3098.99
-400.075,-2046.27
1068.74,-1261.77
-380.174,-1507.99
-369.842,-156.439
-887.725,2507.75
357.649,4520.18
-528.434,5637.79
268.649,3652.26
-731.076,286.199
1350.64,-2849.68
-393.052,-5726.05
1416.63,-6962.88
-841.413,-5962.57
1507.65,-3714.96
-131.216,-1065.44
411.335,1751.62
-1160.91,3381.31
183.973,5697.35
-1384.18,5712.55
648.004,3391.21
696.767,-1050.75
-1602.9,-4938.36
2584.34,-5922.42
-2456.33,-4019.5
4586.87,-1681.86
-4141.18,-341.945
4379.3,1081.31
-7118.25,3263.22
6857.31,6840.48
-7694.6,7529.13
8350.66,5075.02
-8434.86,-1246.33
7808.94,-4667.91
-8021.07,-6574.08
9167.59,-4216
-7274.24,-3099.19
7412.6,-1383.06
-6605.39,-399.524
6827.52,1050.96
-5684.73,1603.8
5354.52,1355.27
-4732.79,-376.989
2901.35,-1285.82
-2319.03,-1436.6
2590.8,-1728.46
-1212.44,-1161.53
1366.87,-193.699
-1826.96,1428.82
935.717,3197.45
-1122.2,3647.61
810.367,2179.75
-2108.05,1150.29
1197.62,1037.01
-1389.38,2150.13
1667.92,1798.49
-822.026,-1032.1
2238.46,-4499.94
-2607.78,-6791.64
3742.16,-5587.77
-1089.25,-4166.26
1990.4,-2290.54
-791.541,-1965.57
-141.012,-45.7177
412.022,1745.48
-1099.25,3727.47
1576.51,4451.3
-3670.25,3714.96
4144.27,2542.5
-6084.35,1132.61
7196.19,-9.24734
-7037.54,-2118.84
7561.91,-1347.06
-9357.23,-670.618
9270.04,2837.74
-8637.58,3150.33
8312.57,2694.2
-8391.62,300.877
6660.44,394.707
-6316.24,107.424
6893.75,-545.558
-5437.59,-3805.42
4924.87,-6058.24
-3696.51,-5657.86
4192.25,-4091.38
-1514.15,-1936.53
2411.83,-1492.34
-4074.64,56.7343
2699.9,2207.25
-3953.22,5252.24
3547.65,6564.2
-5280.38,5733
4612.77,4087.2
-6423.49,1813.41
7329.3,-370.497
-6631.48,-4005.99
7492.55,-5510.13
-7659.28,-5988.39
7925.42,-2104.49
-5995.96,-42.4238
6270.23,2542.66
-6147.85,2502.09
3941.7,3281.92
-3827.84,3751.42
3012.26,2821.25
-2024.05,-122.436
1213.79,-3160.6
269.765,-4458.02
-398.465,-4511.64
2669.47,-2841.82
-1842.39,-2430.31
1390,-40.6718
-2373.36,2082.81
1067.23,5289.97
-1211.92,6655.01
112.639,5503.16
-152.404,2281.86
-1305.98,-466.362
2271.77,-3341.92
-1407.91,-5655.93
3262.29,-6554.92
-3258.82,-6321.08
3027.43,-1565.22
-2800.08,2143.78
3678.81,5220.98
-4006.91,4867.98
1633.06,3934.18
-2033.01,2417.11
1312.55,953.035
-1253.85,-1238.43
559.945,-2975.77
271.975,-3355.18
-449.045,-2975.01
2852.53,-1684.8
-3188.61,-748.441
3215.96,892.779
-5096.93,2967.38
4420.33,4255.77
-3743.99,2585.93
3923.48,527.526
-5262.07,-1626.74
4578.03,-629.563
-4043.2,159.361
4593.79,107.817
-4120.07,-2346.77
3837.14,-2914.73
-4273.1,-991.333
3863.03,2504.98
-2901.52,4189.65
2225.01,2778.78
-3495.76,1088.85
1473.36,254.74
-1494.12,741.895
2695.46,887.583
-2244.75,-988.482
2134.8,-2825.29
-2103.89,-3593.69
2939.76,-3282.01
-2582.7,-2194.27
3726.57,-1070.49
-4807.85,954.366
2988.19,4076.07
-3869.95,5787.27
4082.21,5517.1
-5000.18,2518.25
3760.51,-14.8695
-4306.69,-1726.12
5396.08,-2209.16
-3868.78,-4358.7
3269.31,-4257.37
-3329.47,-3024.42
2768.49,994.3
-1804.5,4082.89
466.619,5171.2
-147.596,4288.14
-2548.21,2753.55
2491.01,1032.14
-2374.13,-1508.35
3099.66,-3193.89
-2704.21,-5619.99
3052.06,-4099.79
-1721.38,-3291.49
2634.84,-936.965
-1121.16,-375.491
-928.67,1288.31
1044.03,3169.17
-2513.31,4456.19
2860.98,4452.3
-4312.33,2085.89
4431.33,1179.88
-5863.92,-815.277
6811.08,-233.631
-6305.69,-1747.77
6202.36,-1719.29
-5954.29,-1702.7
5590.5,-204.321
-4058.67,240.414
3849.99,649.254
-2996.56,-94.1821
1277.51,-119.138
-852.66,460.633
1409.99,-557.616
712.076,-2716.4
-270.044,-4931.99
547.318,-4147.96
-934.524,-1480.44
1605.84,1902.34
-871.649,2353.49
30.0953,2286.74
-1456.33,2478.63
1133.48,3562.92
-1032.59,4112.13
1129.28,1740.53
-665.15,-1780.02
-449.926,-3973.86
-46.0633,-3140.28
2299.79,-1729.49
-682.709,-880.654
917.473,-615.667
-1085.33,-512.027
1141.93,367.237
-1331.59,958.036
1249.33,1609.15
-2559.13,1618.23
2573.2,1530.63
-2022.54,866.583
3477.01,-1948.4
-2886.71,-4497.47
4158.07,-5332.88
-4850.59,-4278.89
5519,-1486.85
-5223.17,1283.48
4714.71,3859.88
-6255.98,4850.2
6404.68,6098.91
-6093.5,3482.91
6341.09,-20.3247
-6530.91,-4579.55
5758.2,-5406.22
-4347.45,-5095.99
4821.63,-2750.23
-2816.71,-764.459
1415.71,2227.04
-2972.27,6439.6
1667.3,8248.46
-1760.98,7220.16
610.643,2447.35
-1611.4,-2000.6
463.392,-3859.27
94.768,-3416.54
2114.84,-4003.25
-261.581,-5502.12
1152.59,-6452.33
-371.282,-5616.87
1127.75,-1570.43
-549.11,1486.02
13.1921,4071.48
-1690.71,4740.75
-1378.81,5444.97
1384.58,5759.72
-1957.02,3836.46
2109.32,1043.98
-3669.37,-1104.16
3518.97,-2001.73
-4216.67,-2145.45
5772.99,-1552.54
-6468.81,-1426.21
7020.57,428.064
-7690.08,2448.39
7199.02,4526.9
-7975.94,3409.8
7481.87,1621.44
-8335.02,-1663.27
8212.16,-2776.99
-6950.75,-4105.14
9335.63,-4593.34
-8170.93,-5762.56
7495.89,-4322.69
-7246.71,-1757.77
6264.28,2560.16
-5932.42,5081.08
4374.99,6379.35
-5139.18,6102.2
1833.48,6237.37
-1578.01,3869.53
287.03,866.608
958.836,-3497.39
-1460.8,-6572.82
2334.51,-5405.46
-1893.44,-3246.07
4628.13,-310.944
-5267.97,203.528
4197.19,2291.52
-5673.66,3792.1
4720.32,5905.86
-4641.99,4396.28
4153.3,1934.99
-4130.96,-2170.78
3363.75,-4613.04
-1906.84,-4729.85
2514.55,-4846.6
-787.674,-4002.48
938.239,-2173.24
-2046.41,1197.7
2386.6,3974.27
-2436.42,5620.38
1512.94,4388.11
-4031.79,3233.79
3263.06,2278.83
-3905.6,838.179
5654.81,-1413.54
-6215.92,-4130.58
6609.51,-3624.2
-7221.57,-1896.4
8105.31,1032.23
-6963.99,543.674
6524.97,1044.16
-8105.66,867.471
6941.45,2939.92
-5855.86,2998.98
5494.19,1335.92
-3966.33,-3289.87
3327.93,-5881.58
-1568.09,-6188.81
2186.21,-4591.84
402.201,-2464.2
-2434.06,240.108
2430.02,3689.07
-4326.45,6045.37
5035.86,7264.41
-5900.45,5184.69
4181.63,3626.44
-5711.3,813.387
5718.2,28.9204
-4261.49,-3850.76
4041.56,-5351.24
-2992.18,-4909.44
3042.73,-1730.2
-998.857,694.303
880.177,1656.66
-919.149,1687.82
-1902.02,1231.75
1598.07,3094.58
-1827.19,2467.81
3006.84,809.345
-2819.1,-2929.22
1578.75,-3788.64
-1280.08,-3221.9
1118.53,-1323.05
1434.87,-1136.17
-3367.12,-385.556
2831.32,1570.09
-4321.96,4167.62
5662.16,5383.8
-6568.81,2233.26
6336.57,-582.459
-8653.6,-2493.26
8279.08,-296.786
-6937.96,-613.593
7375.2,314.501
-7740.53,-863.184
6430.18,543.583
-6144.1,1797.15
5494.78,2767.47
-4099.71,1394.55
2092.69,-743.136
-1747.72,-1430.83
673.008,-870.331
1587.65,-946.793
-1011.81,-2532.81
1369.17,-2493.11
-2892.47,-1735.92
3182.69,1151.23
-1941.63,2233.13
2120.4,1377.12
-3219.61,67.9702
2369.68,1161.06
-1899.68,1300.64
2620.92,507.975
-2210.93,-1469.01
1579.91,-2545.21
-1158.79,-1742.04
1822.57,-769.872
396.343,-408.123
-283.171,-850.537
-1073.02,-32.4191
281.175,2197.89
-190.11,3907.6
900.114,2998.01
-1070.92,953.959
1029.68,-1229.22
-1973.56,-1345.32
4499.93,-2011.54
-3752.23,-3435.35
4930.92,-4867.42
-4964.3,-4829.02
5834.97,-1432.77
-4681.05,567.575
5898.16,2455.08
-6993.09,1900.71
6401.17,2160.83
-6338.79,1022.45
5903.49,1198.92
-5114.86,-522.05
4627.4,-859.906
-3982.42,-930.416
2906.03,-335.472
-1933.3,974.177
1745.38,638.873
-979.036,417.806
710.246,-110.69
-1234.9,18.0177
1379.78,404.859
-480.437,-240.323
1016.52,-2564.38
-1040.73,-3114.84
1855.46,-2796.33
-1326.83,-1911.22
2796.14,-698.864
-2463.91,-1152.55
1918.33,-356.571
-3213.05,1345.52
2996.29,3515.61
-3225,4308.36
1542.7,4670.11
-1890.1,2920.6
1103.55,1432.88
-354.965,-1341.69
116.078,-3085.06
274.323,-3288.43
-1106.56,-2598.9
3072.73,-1218
-2639.76,-1071.93
2984.78,-561.307
-4563.77,1096.68
4336.22,3537.61
-4728.17,3143.48
5082.06,1954.49
-6623.16,-773.326
4432.8,-289.372
-3904.2,796.613
5044.88,683.75
-3891.7,-1928.67
2672.02,-3224.55
-3440.57,-2466.52
3741.76,-50.9552
-2842.65,1502.97
2404.55,1243.93
-3064.9,1039.67
1041.86,2046.25
-1446.81,3635.27
1281.09,3448.13
-2021.51,1723.55
2040.08,-1042.76
-2641.4,-2745.33
3257.64,-2801.78
-1955.71,-2915.84
2370.18,-2084.07
-4022.99,-297.022
3711.91,2232.1
-4982.98,4891.21
4806.72,5433.68
-5143.95,3398.82
5372.54,899.173
-6355.13,-2355.33
6578.5,-3298.85
-5650.58,-4867.73
6198.77,-4708.23
-5030.75,-4047.94
5485.06,-1523.68
-4745.24,717.869
5277.06,3383.8
-5322.15,3170.38
2757.08,3189.63
-3315.49,3256.92
1004.58,3309.42
495.2,2128.59
-331.878,-287.027
1459.09,-2598.3
-1885.18,-3971.68
3400.92,-3649.45
-2987.64,-3116.55
3656.94,-1667.97
-4844.91,250.669
4756.45,4123.8
-4399.17,4913.36
5564.35,3651.92
-5087.18,-895.22
4383.06,-4049.17
-4288.55,-5346.74
6250.02,-5680.79
-4232.06,-5146.96
4417.51,-3140.83
-4352.09,109.681
4141.75,4664.68
-4133.02,7077.2
4399.66,5559.15
-6092.89,2828.12
4716.19,770.437
-6064.16,91.9898
7269.23,64.3563
-6346,-2035.34
7546.76,-3579.36
-7628.89,-4583.09
8936.16,-3126.12
-6415.95,-2533.9
6987.11,-1669.61
-7597.85,-1699.29
6273.52,1916.72
-5831.19,3183.17
5813.77,3636.9
-3783.8,961.414
1910.35,-1358.64
-958.125,-2310.69
178.549,-2087.28
2264.2,-2314.78
-2888.85,-2994.18
3506.65,-1309.07
-5555.47,1704.91
5810.47,6672.5
-5576.08,6599.7
5628.41,4390.49
-7584.42,65.1998
7053.46,-2242.54
-5361.31,-4425.36
6357.28,-4566.39
-4632.31,-5583.38
3701.71,-3671.15
-2427.74,-956.832
2256.58,1870.59
-1178.67,3410.72
-402.015,3310.78
-298.98,3741.75
-623.766,2370.83
648.155,641.456
235.801,-2737.88
-1356.94,-3336.69
804.993,-2693.31
259.088,-189.703
2147.61,46.4131
-3126.99,-917.034
3598.97,-549.425
-5760.86,861.733
5675.08,4126.97
-6560.99,4135.3
6543,3295.11
-7952.75,601.163
7342.49,194.838
-6635.06,-1162.31
7413.01,-1817.08
-6511.48,-3672.72
5252.52,-3631.29
-5298.48,-2169.04
4957.23,1290.48
-3430.37,2652.92
2163.71,2919.31
-2995.32,3255.91
1064.93,2995.38
-985.626,1920.18
1832.85,-1619.66
-1072.47,-4798
37.1248,-5561.36
340.491,-2944.13
1039.14,-119.314
-24.4505,950.923
426.804,-139.38
-1622.3,58.0808
812.404,2145.4
-1542.26,4104.28
1667.47,4894.39
-2993.49,3059.17
1963.23,937.342
-2471.48,-349.275
3786.58,-1333.65
-2111.9,-2823.92
3070.4,-4007.35
-2630.49,-5083.23
2740.75,-3074.88
-1621.36,-1345.05
1682.02,964.99
-2002.75,3496.68
501.74,5519.82
-228.356,5435.6
-62.3978,3044.69
220.668,-974.496
-976.848,-4206.78
1623.13,-4571.47
-395.42,-4594.48
2855.34,-3925.45
-3162.05,-2742.25
2927.8,204.927
-2774.95,3170.34
2580.61,4789.87
-2332.96,3752.21
1020.26,2394.35
-2326.92,642.617
973.487,1004.49
238.563,271.976
-93.0277,-1561.45
705.486,-2999.73
-2202.76,-1992.86
2270.7,744.915
-478.271,1023.64
1791.59,-17.7727
-3038.91,-2765.26
1397.33,-1187.23
-230.318,173.348
893.682,941.604
323.234,-867.666
-1217.96,-2804.14
1623.68,-2049.43
-3153.23,271.295
4626.75,2553.48
-5316.71,2238.04
4676.46,2531.15
-6488.35,1635.41
6278.83,2766.34
-5987.46,2327.63
5457.96,1652.33
-6173.8,-323.067
5011.78,-769.468
-2794.44,-2288.28
3313.1,-3256.86
-1891.19,-4349.81
2018.05,-3388.09
-1297.41,-1207.88
1857.01,-766.921
-852.243,63.5446
-1026.3,882.288
-312.675,3454.29
738.381,4864.52
-638.381,4453.17
864.148,648.34
-1888.29,-2347.93
1146.28,-2589
-1582.86,-1461.47
3495.95,-31.9736
-3704.79,-539.235
4272.14,-321.201
-5691.5,869.24
5085.01,3155.53
-4557.1,3518.47
4295.03,2258.21
-4822.19,-1642.07
4267,-2764.8
-3312.6,-3111.23
3168.72,-1969.39
-881.46,-2089.18
-486.067,-1095.43
619.323,-419.836
-2170.21,1633.12
3614.63,3104.4
-4570.23,2015.04
4755.24,1906.54
-6668.95,78.4798
7202.41,255.652
-7555.45,-1225.64
7885.32,-1404.97
-7948.36,-1970
7533.26,171.121
-7278.92,1147.16
7287.89,2244.09
-6216.71,868.665
3229.58,851.007
-4029.81,2132.19
2262.63,3910.71
-1576.26,3998.35
1820.75,1008.01
-2109.6,-2083.51
1686.99,-3851.91
-814.276,-3235.64
2209.72,-3857.17
-1291.36,-3957.84
834.481,-3216.42
-1777.82,-152.722
2659.79,3050.95
-3364.23,5039.66
4435.11,4207.29
-6590.5,1216.5
5720.44,473.495
-5679.18,-1529.44
7447.46,-2870.6
-6375.58,-4787.33
5570.45,-3177.91
-5670.69,-391.279
5451.49,3899.27
-3683.55,4221.72
2323.2,3525.37
-3967.15,2468.68
1595.4,3792.28
27.7487,3891.38
-476.086,288.469
3083.31,-4391.46
-4238.68,-7661.38
4212.93,-5410.62
-2836.64,-2181.52
5326.36,761.869
-6125.61,655.779
5407.87,1241.24
-6199.31,2092.83
5754.64,3919.46
-5347.55,3039.62
4155.53,1475.37
-5318.6,-795.817
4515.41,-1462.95
-3279.65,-2011.13
4394.56,-2874.53
-3388.29,-2797.8
2492.91,-1524.55
-1998.36,-438.396
3127.42,164.039
-3444.08,74.3221
991.303,1215.2
-2514.14,4799.81
2719.82,6399.71
-2339.53,4136.7
2492.5,-325.343
-3739.39,-3974.19
4051.47,-4556.76
-3300.24,-3539.74
5315.21,-2980.03
-4936.22,-2810.07
3621.73,-179.912
-4500.56,3001.53
5069.3,6465.62
-4731.06,5423.37
3017.81,3188.36
-4331.84,201.276
3005.8,-841.704
-525.628,-2875.12
975.017,-4500.76
-125.807,-5006.41
-544.135,-3190.46
2109.03,269.364
-2823.81,2179.23
3301.34,3522.33
-6085.07,3964.46
4480.32,5510.53
-5020.04,4775.53
5415.78,2687.9
-5781.87,-1983.96
5202.38,-4291.06
-5100.74,-5094.59
6022.62,-3912.15
-4270.29,-3052.17
3492.06,-1236.49
-4134.07,1147.02
2640.66,4921.24
-2497.16,6289.43
2291.16,3986.96
-2367.49,269.337
1356.73,-3575.95
-2169.96,-3874.26
3170.18,-3071.07
-1743.9,-2807.18
2088.97,-2263.24
-3410.16,-29.5846
3295,3224.13
-3783.66,5902.18
4199.97,5672.31
-5477.22,2312.25
4120.14,518.266
-5543.56,-1007.48
6041.62,-395.564
-4648.95,-1563.18
5068.62,-2502.56
-4946.18,-2629.07
4444.67,-1005.51
-2585.07,-302.552
3811.51,-374.889
-3247.03,-2216.56
979.945,-1286.95
-990.196,1780.66
761.563,3386.31
13.0567,3350.35
-180.946,653.838
-742.18,-731.956
417.773,-732.621
607.474,-445.462
248.932,-1514.43
-461.401,-2382.82
-542.381,-1714.07
583.572,591.674
836.109,2310.72
-1191.55,2520.08
1079,1910.83
-3200.61,1252.56
3232.84,1024.96
-2393.25,-551.343
2919.14,-2581.78
-2164.14,-4116.75
2623.91,-3585.12
-1581.46,-2713.74
2410.99,-1103.31
-1944.06,-857.479
-54.7527,1568.56
-416.32,3713.81
-333.137,5655.66
1295.34,4863.28
-3421.98,2220.88
3499.58,268.768
-5046.52,-1648.9
6746.19,-2350.15
-6349.5,-4083.65
6890.33,-3411.74
-7767.53,-1696.95
8415.31,2005.19
-8703.41,3304.34
8740,3658.76
-8916.95,1032.19
6506.83,839.121
-6397.93,133.94
6034.49,430.655
-3833.74,-2289.86
3623.48,-4692.19
-3453.49,-4599.77
2940.63,-2441.97
-1804.22,1129.87
2855.69,1567.14
-2963.1,1049.73
1125.63,691.114
-2509.89,3168.92
1334.14,5212.73
-1422.57,5077.42
1460.1,2526.62
-2887.21,-1323.82
3142.48,-2474.05
-2544.96,-3318.33
4490.54,-2965.17
-4804.7,-2763.73
3285.65,-706.377
-3857.93,2437.64
3167.13,5069.28
-2336.71,5002.32
406.447,4103.59
-2411.44,3084.58
1474.71,1799.03
784.581,-2657.4
347.41,-7838.65
757.859,-10817.3
-1168.2,-8431.02
3388.15,-2858.95
-3096.74,1983.67
3889.9,4575.92
-6536.44,4653.03
5274.25,6134.43
-8081.09,7357.91
8548.13,6620.53
-8937.7,2104.11
7784.34,-1885.71
-9498.62,-5083.27
10593.1,-3952.64
-8707.63,-3203.2
9359.89,-1002
-9531.17,-91.8048
8015.84,3220.5
-7833.08,4406.21
6397.79,4666.23
-6450.26,2267.08
5404.57,101.784
-5209.63,-1472.9
5061.98,-3377.19
-2779.92,-4551.18
2772.3,-5227
-2783.58,-4068.58
2814.95,-1260.77
-2284.18,2272.48
1836.74,4233.12
-3037.67,4910.77
1194.91,5261.13
-2968,4534.66
2741.6,2808.84
-2642.07,-836.864
2322.24,-3350.77
-2402.02,-4190.55
1750.94,-2393.73
282.398,-1012.85
303.807,-525.544
-99.3369,-1036.82
-1818.36,744.202
1595.7,3695.99
-3012.19,5214.56
3027.35,4701.58
-4216.29,1419.72
4456.44,-1485.7
-5390.14,-3345.5
6969.92,-2998.12
-6371.27,-3456.1
6560.92,-2308.78
-6996.36,-1674.24
6359.97,1021.99
-6191.29,2970.24
6763.81,3760.19
-6918.72,2517.73
4778.01,1920.89
-4809.17,264.649
4483.91,-731.887
-4142.2,-2323.2
3071.52,-1807.65
-2569.55,144.988
2079.55,2029.35
-739.045,2546.38
472.489,711.107
-1535.31,-557.283
1159.3,-1030.22
-1304.58,-75.5241
1537.19,-108.444
-1588.29,379.186
1717.27,-130.476
-2208.84,-576.428
3921.14,-817.02
-3479.79,-2207.9
4193.14,-2666.22
-5206.72,-2315.07
4740.45,708.43
-4489.58,1854.71
4316.44,3354.82
-4499.78,2703.2
2367.87,3492.31
-1685.2,2921.29
2047.09,580.991
-867.268,-3103.58
-492.7,-5442.99
1094.65,-4185.27
-1261.47,-1201.82
2729.6,2003.17
-3062.76,2552.9
2149.36,3830.15
-3503.15,3480.33
2599.35,3760.77
-2155.38,1758.17
2191.73,-1543.05
-1653.04,-4657.58
629.559,-5230
1669.54,-4512.29
76.4063,-3662.3
990.504,-2637.69
-1910.32,-1128.52
1574.35,2445.01
-1791.22,4140.07
1883.82,4670.65
-2491.96,2562.75
417.011,1582.72
-51.6314,704.029
529.693,-544.231
1525.65,-3530.14
-2034.1,-4839.56
2569.19,-3495.06
-2973.15,-957.265
5113.8,2264.28
-5723.27,2793.58
5145.25,3417.85
-7485.9,3997.39
7565.53,4764.88
-6832.74,1797.72
7854.79,-1985.07
-7687.02,-6295.23
7576.15,-6244.31
-6059.49,-4901.58
8463.41,-3003.79
-6306.53,-2994.76
4631.02,-979.674
-5629.66,2723.7
4808.87,7185.73
-4877.12,8078.35
3368.15,5451.34
-4331.11,1694.68
2366.8,-921.039
-1021.53,-2451.59
2652.07,-4451.31
-2301.61,-5447.24
2222.19,-4812.11
-2001.36,-2081.25
2698.52,934.723
-1937.16,2666.47
1488.24,3301.61
-3132.62,3028.41
2830.54,2448.4
-3320.77,862.781
4156.98,-2226.26
-4022.67,-4715.78
4285.93,-4304.22
-3745.21,-3095.74
4628.18,42.2797
-3167.72,586.758
1495.67,1621.25
-2411.91,2969.32
1430.48,4725.03
-1699.63,5098.97
877.669,3687.99
-827.684,693.517
-227.819,-1680.81
1062.99,-2563.34
-259.117,-4186.67
1783.65,-3646.7
-1577.33,-3355.26
1350.94,-948.622
-1176.79,1764.91
665.807,3482.95
167.015,3453.94
-1964.91,2344.76
1077.41,1569.02
-2058.27,1342.06
2742.73,-97.1905
-1751.46,-3345.03
2378.67,-4840.89
-2840.96,-5070.31
3173.22,-1788.59
-579.035,-365.046
814.616,-102.993
-650.372,-938.834
-1859.26,1225.5
1695.12,4102.29
-2719.39,5632.21
3348.85,4848.98
-5398.52,1437.18
5751.09,-333.458
-6478.79,-2239.18
8882.59,-2694.12
-8068.38,-4565.26
7699.58,-3443.56
-8312.28,-1769.57
8232.3,2318.82
-6951.71,3636.12
6752.28,3649.92
-6990.65,1949.26
5065.46,1373.01
-3435.83,-664.598
3980.64,-3300.93
-2914.21,-5997.63
2795.3,-6310.66
-1793.36,-2907.47
2200.47,634.695
-429.181,3102.08
-5.53015,2796.29
-1606.59,2732.06
577.222,3022.06
-1521.74,3688.42
1208.19,3107.77
-1336.14,1026.57
1364.16,-1294.09
-2099.45,-2646.94
3982.05,-2718.41
-3416.97,-2888.44
4363.15,-2600.6
-3817.11,-2430.29
4017.45,-1308.69
-4215.58,-82.6754
4953.8,1513.32
-4791.19,1283.11
4258.6,1290.83
-3514.19,-281.819
3739,-1464.09
-2457.49,-3643.57
1767.08,-2869.85
-1366.27,-1109.97
789.223,1260.9
910.827,2816.92
-2622.4,3110.22
2750.86,3201.63
-5048.38,3816.11
5482.27,4141.33
-6091.82,1335.55
7426.11,-1501.09
-8006.48,-4919.67
8534.31,-4441.29
-7477.25,-3678.16
9634.94,-2008.59
-8342.3,-2592.52
6344.37,-391.692
-7584.15,2340.63
6521.67,6623.95
-5958.7,6572.53
4735.65,3630.05
-4216.23,-648.461
2623.77,-3713.41
-748.094,-5197.03
2107.9,-6556.35
-938.821,-6267.15
375.131,-4476.07
109.904,2.9153
73.908,3844.84
652.228,5994.95
-1821.34,5641.69
-570.84,4575.52
-1234.51,3736.87
530.237,2196.34
130.625,-909.86
-150.802,-3336.45
-330.048,-3139.33
968.33,-1820.52
486.621,-360.243
1407.77,-1274.31
-1782.95,-2860.72
827.362,-1724.6
-1918.97,1703.74
3333,3617.82
-3350.73,2979.08
4615.82,-669.969
-5577.42,-3511.06
6315.71,-3552.65
-4770.37,-4121.56
7555.19,-3733.5
-7921.43,-4328.4
7699.47,-1725.42
-8097.78,2144.33
8201.18,6544.31
-7921.57,6797.81
6730.29,6286.73
-8707.77,3638.06
6905.24,2771.85
-5785.52,565.106
5615.1,-2319.06
-3324.66,-5282.68
3070.69,-6052.3
-1308.96,-4969.91
3016.96,-2854.87
-1345.38,-1559.3
1081.81,-1440.74
-900.921,256.184
-402.688,2083.16
1118.1,3326.33
-1146.65,2591.73
149.613,1404.55
-912.817,-231.482
1212.91,-1184.2
-161.443,-2400.27
1365.2,-3889.9
-1669.33,-3116.91
1082.42,-734.817
-1626.93,2853.68
2043.69,4729.98
-2641.35,3802.68
3127.47,1740.78
-4665.31,194.6
5364.95,-954.384
-4809.82,-2140.65
6130.8,-3594.19
-7175.02,-4791.19
8099.43,-2496.53
-7207.85,-798.793
8367.95,1982.69
-9182.62,3089.01
7534.25,4644.03
-8457.56,4047.43
8298.17,2879.28
-7575.91,-1303.1
7922.23,-3856.95
-6765.31,-5269.67
6635.99,-3974.27
-4031.43,-3202.88
3910.43,-2281.78
-3219.81,-1161.1
1196.79,2054.71
-786.486,5485.86
832.307,6471.4
-98.7552,4152.81
-2235.29,192.978
1341.65,-1352.38
-1993.84,-1925.51
3203.41,-1272.44
-2085.77,-2361.97
2175.45,-1788.29
-2336.86,-926.441
2020.11,1333.96
-520.151,1665.9
415.089,-24.7319
-63.7127,-2052.13
-1417.86,-2337.65
2308.19,-985.118
-1788.08,-228.465
2540.64,156.458
-3155.1,-832.178
2836.55,116.868
-2017.26,-82.372
2346.07,408.324
-2046.25,-150.665
671.675,343.488
-794.651,1255.05
-642.718,2725.54
1533.76,2819.76
-3091.42,2471.83
3361.18,2205.65
-4248.43,648.048
5696.12,-487.733
-5428.08,-3659.33
5155.53,-3849.27
-4670.96,-3939.82
4525.31,-975.108
-3166.94,558.132
2634.9,1976.73
-3146.38,2443.91
1094.2,3666.3
-239.282,3063.4
1062.92,-998.918
114.314,-4298.61
-1393.9,-6513.84
1877.05,-4153.59
-644.689,-1825.84
2118.11,44.2257
-1576.17,-96.8535
-1143.35,2106.96
748.579,5625.88
-1607.43,7182.64
2289.55,5327.79
-4163.31,1203.04
2686.46,-947.76
-4244.82,-1423.74
6006.99,-272.129
-3593.8,-2183.47
4002.34,-4090.89
-4881.6,-4428.49
3978.68,-175.954
-2248.37,1892.38
2759.54,2144.15
-2937.6,703.749
513.012,107.809
-179.885,1313.98
1390.9,555.718
-274.736,-1588
-414.136,-4525.68
246.082,-4177
86.1506,-2045.49
729.672,698.467
826.434,1089.19
-2359.46,1933.55
1184.74,3238.46
-3103.1,4447.82
4099.57,4852.3
-5448.89,2560.27
5051.21,247.076
-6242.54,-1367.17
7419.81,-1366.48
-5556.59,-3361.93
6576.88,-4382.34
-6561.46,-5129.01
6393.01,-1801.33
-5927.67,777.157
6540.73,2882.67
-5710.11,2393.51
3826.91,1724.23
-4412.82,1742.56
4313.53,1642
-3043.34,-307.955
2884.98,-3291.3
-2027.57,-4738.58
1797.76,-3932.66
-886.324,-1184.86
529.503,2394.41
-543.655,4085.66
-990.832,4849.48
416.278,4306.66
-986.647,2641.51
942.594,1110.61
-743.263,-1683.06
712.49,-3213.38
-232.501,-4682.08
1703.26,-4941.1
0.202026,-4843.46
-179.756,-2325.61
569.852,987.464
-510.002,3525.06
418.759,4500.23
-1105.71,2188.11
464.897,912.964
-848.73,-720.385
952.019,-618.297
-54.7349,-1088.61
-385.355,-1616.57
1486.79,-1762.79
-2134.56,-1295.21
3533.47,-398.709
-3371.86,429.786
4722.67,965.388
-6253.33,445.219
5757.83,1871.22
-6563.12,1925.18
6061.62,2687.94
-5476.59,1251.96
4927.14,774.221
-4478.33,-734.293
4243.92,-837.881
-2418.22,-2898.56
2377.58,-4172.5
-1589.81,-4213.51
1391.56,-2934.58
71.1975,118.176
-21.5125,1212.4
424.604,2414.66
-1436.94,1715.32
472.174,2034.07
49.6024,896.539
-146.147,-353.261
1262.52,-2074.95
-2780.57,-1966.32
3280.44,-307.087
-4034.66,1097.38
6038.78,1728.81
-8189.08,1398.14
7004.45,3108.81
-8826.57,4581.71
9291.88,5375.95
-9286.68,1410.01
8673.52,-1469.64
-9457.12,-4493.04
9166.04,-2926.51
-6892.6,-3136.35
7556.23,-2880.3
-7094.38,-3327.65
5097.33,-1088.03
-4017.83,1535.6
3649.64,3033.38
-2850.86,2773.06
887.87,539.625
-1797.61,479.958
882.303,241.043
467.057,-274.98
-530.864,-1579.68
-709.31,-1121.51
114.019,707.75
-518.342,2909.37
962.648,3588.3
-1839.36,2573.16
430.695,1725.39
-1809.82,1740.31
2083.76,2100.75
-2058.34,483.951
2072.96,-1631.61
-2244.67,-2839.22
2103.97,-2426.3
-331.571,-2589.5
2433.95,-2942
-2822.2,-3088.48
1872,-1466.32
-1316.57,947.638
849.534,3068.56
-493.623,2860.1
-1010.83,2563.92
278.294,2580.08
-1587.88,2828.16
3116.61,1043.94
-3332.48,-2016.93
4532.78,-4509.68
-5560.87,-4796.45
5739.41,-1346.9
-4591.62,992.912
5371.45,3026.87
-6858.69,1997.71
4899.74,3997.84
-4814.19,4134.79
4784.68,2992.87
-3608.12,-751.806
2519.36,-3933.45
-1923.72,-5367.04
1811.77,-4404.32
684.832,-2443.07
-48.3783,-2446.92
675.084,-709.812
-1207.93,579.293
265.987,3415.19
171.036,4074.15
-1092.23,3300.74
831.582,1111.12
-3039.05,1.20996
4771.4,-731.836
-3336.84,-2644.38
5338.62,-4564.7
-5613.01,-6034.2
6161.79,-3081.63
-6850.22,160.433
7145.72,4596.78
-7420.26,5553.72
5312.51,6843.47
-5937.43,5736.83
4860.8,4353.37
-3298.36,-232.502
2955.05,-4968.43
-2550.8,-7417.84
1289.03,-6348.87
1874.8,-3372.55
-1054.85,-1076.82
3380.46,-248.52
-4273.34,-11.8178
4188.21,1957.9
-4632.54,1801.53
5995.85,832.375
-6239.06,-2446.99
5516.55,-3142.42
-6334.15,-1344.32
7138.07,1988.39
-5082.83,1887.76
4415.63,1574.49
-6556.68,1089.67
5248.57,2794.47
-4670.67,4171.24
4015.56,3191.31
-3776.93,875.231
2412.84,-632.994
-2022.33,-1608.98
3716.53,-2633.44
-1782.86,-4666.31
2419.35,-6233.48
-2193.1,-4906.24
2485.54,-2090.16
-1300.01,825.303
3625.07,1162.45
-5218.48,819.205
3697.29,2057.25
-3809.83,3407.45
4192.15,3333.73
-3744.29,-69.9812
3820.75,-2583.6
-5125.49,-3186.44
5482.6,-355.679
-3817.24,888.528
4101.66,1206.35
-3713.89,-389.354
2113.51,287.096
-1064.96,1022.03
616.62,1735.76
1133.6,1122.1
-2498.45,-1082.05
2594.35,-1506.42
-2823.46,-1202.62
5361.72,-1581.01
-4244.22,-3221
5755.49,-3678.88
-6635.15,-3746.15
7285.67,-543.738
-6807.93,927.846
7168.96,2072.09
-8517.27,2497.18
7030.22,4224.58
-6526.51,4395.26
6792.36,2804.65
-6154.85,-1692.91
5986.12,-4599.02
-5448.7,-6133.93
6283.79,-4841.09
-3436.11,-3450.96
3012.18,-1240.3
-3230.62,1616.36
1929.71,4981.26
-2702.18,7277.36
2642.55,5853.71
-3723.78,3424.98
1836.74,405.096
-2113.25,-1376.7
4427.45,-3907.68
-2258.29,-7519.39
3885.62,-9352.73
-3819.3,-7654.54
4512.91,-2001.43
-3258.25,2333.2
3550.31,5390.69
-4811.55,4703.7
2726.03,5410.88
-3207.27,4925.69
2702.41,3020.76
-1221.48,-804.966
-157.102,-4621.14
546.265,-5692.86
-749.573,-3723.19
3521.69,-1170.63
-3146.86,238.557
2928.7,2389.92
-5169.66,4087.31
4698.88,6038
-5174.08,4705.75
4366.92,2321.69
-5137.08,-1119.81
4597.55,-2192.01
-2924.58,-3930.86
5261.74,-5613.64
-3708.99,-7540.98
4024.04,-7029.8
-3017.7,-3824.41
3257.89,273.607
-2100.9,3389.59
1410.33,4334.31
-3640.88,5274.09
2500.21,5422.26
-2270.52,3907.94
2849.93,309.565
-3534.65,-3353.84
3213.99,-4004.57
-3045.07,-3000.7
5356.51,-1434.4
-4648.61,-751.245
4314.03,429.61
-5520.52,2699.27
4971.24,5742.67
-5150.17,5260.35
4994.13,3026.44
-5226.76,-1143.78
4372.76,-3302.75
-3037.81,-4341.97
4684.14,-4422.09
-2568.79,-5487.2
2039.71,-4487.29
-1318.33,-2405.13
1139.06,998.75
510.637,3253.4
-1937.05,3445.93
1351.63,3636.69
-4310.39,3835.67
5006.82,3057.32
-5383.4,313.766
5891.58,-2060.67
-6061.93,-4393.15
6544.29,-2941.97
-5837.74,-2126.04
7086.94,-597.114
-6947.56,-801.632
4967.13,1424.05
-5164.06,3453.69
3959.02,5851.23
-3227.6,4613.87
2469.45,1448.31
-1900.6,-2417.39
1080.8,-5330.39
1243.92,-5431.6
-219.86,-5846.35
969.087,-3963.07
-741.756,-1436.01
572.424,2237.46
-323.67,4318.99
305.52,5173.61
-437.85,3389.29
-1904.56,2059.04
2545.36,492.61
-2338.46,-2229.48
4066.16,-4327.16
-4397.45,-5240.04
4730.39,-2221.36
-4602.76,946.073
5726.82,3773.28
-5940.79,3444.29
3952.54,3661.31
-4940.07,3087.32
4432.19,3326.51
-3767.63,987.941
3591.83,-1954.03
-2853.09,-4582.61
2056.11,-5157.73
177.36,-4086.62
1504.88,-3545.39
-19.4945,-2978.52
-879.221,-1672.53
644.38,1213.57
-650.219,3050.11
1016.42,3515.83
-1888.6,1943.22
108.918,1499.44
-290.433,1554.63
457.476,1210.69
-138.164,-349.761
-1170.02,-945.188
711.818,-96.7997
-1012.01,1093.14
2035.01,1734.67
-1521.1,277.12
942.414,-442.604
-2159.13,-398.89
2461.74,436.178
-1603,-337.741
2710.8,-2370.23
-1852.27,-4446.06
1330.74,-3682.67
14.2115,-1934.32
1697.1,-1005.91
-1035.24,-1060.65
-474.155,-681.022
146.386,1377.43
-674.12,4120.17
914.92,5186.77
-1373.98,4007.16
-457.479,2708.25
-893.753,1575.62
1316.62,892.822
-299.496,-1599.53
1225.36,-3772.07
-787.694,-4425.49
666.935,-3229.32
418.514,-888.586
331.839,652.324
-652.611,974.351
-826.76,1911.84
715.969,3282.88
-1052.41,3054.47
1692.36,1078.25
-1329.75,-2360.26
135.907,-4051.71
704.355,-4470.05
255.992,-3284.5
2736.76,-3670.73
-3350.74,-2691.95
3091.53,-173.455
-4388.85,3452.38
4529.28,6423.87
-5630,5488.1
5274.67,3807.38
-7623.6,1253.29
7778.37,1217.03
-6989.91,-1273.31
7322,-2085.46
-7522.93,-3742.64
6788.62,-2482.97
-5629.68,-613.387
5657.88,1423.3
-3897.91,1696.1
2574.24,957.599
-2583.02,437.841
1829.26,79.7926
-869.57,-1276.83
1100.71,-2927.85
-1059.19,-2519.47
605.44,-1559.11
221.161,714.873
1258.35,870.885
-2011.22,236.672
792.517,380.776
-1809.53,1973.86
1911.54,3239.54
-2916.25,3067.68
3329.04,1764.17
-4161.33,-282.719
4308.48,-883.553
-2963.1,-3118.61
4046.4,-3627.05
-3849.84,-4086.05
2978.86,-2023.82
-2460.39,748.548
2457.33,3024.98
-1788.22,3438.91
198.492,3214.05
-932.79,2843.02
166.47,2054.57
1047.21,-233.019
-940.633,-4181.72
1984.82,-5820.02
-2546.81,-4939.25
3361.73,-1471.41
-813.05,372.675
948.177,845.056
-965.977,-168.008
-98.7012,880.395
-27.2182,2389.59
-379.937,3223.63
724.489,2365.6
-1724,326.014
1418.37,-254.234
-909.19,-1291
1970.47,-1035.85
-1874.01,-1237.53
1547.7,-236.597
-1711.73,28.3169
994.587,1412.54
-224.903,1978.41
-346.656,1185.94
78.7931,1525.22
-479.214,643.336
1683.64,-1196.36
-442.129,-4569.92
1286.12,-6551.4
-1561.89,-5711.26
1954.03,-2300.65
392.354,402.559
50.5245,1442.37
-1429.59,1802.73
248.627,3014.18
-652.339,4818.9
-11.8663,4334.51
-529.573,2508.55
-344.299,523.784
-377.791,-1112.58
689.241,-1318.35
1071.96,-2007.65
-549.06,-2577.56
267.358,-1838.69
-901.995,-184.247
344.196,2442.15
-116.681,3740.23
-484.779,3160.59
-1215.99,2563.29
541.591,2310.2
210.471,80.2643
729.705,-3105.17
495.427,-6975.56
-818.193,-7846.74
1832.19,-5375.37
-1418.6,-1629.98
2819.35,1749.19
-3877.1,3271.03
2710.65,4721.57
-3695.82,5169.73
2553.81,4994.27
-3798.94,3143.35
3689.82,897.002
-4512.54,-2264.95
4932.04,-3502.37
-3311.89,-4340.25
3780.01,-3253.25
-3471.58,-1047.09
2108.2,2381.47
-2093.6,4489.4
1113.89,5070.02
-983.434,3496.51
-213.497,1386.2
-597.948,490.024
1653.82,-1442.06
-369.78,-4083.27
1389.36,-7371.12
-1152.16,-7033.02
2772.37,-4951.25
-2312.58,-551.806
4208.75,2465.99
-4909.93,3116.64
4181.42,3707.13
-6270.3,3343.35
5782.87,4610.38
-6058.4,2383.6
6332.16,1025.88
-7350.45,-1144.29
6961.09,-1475.86
-5157.32,-2147.4
5294.03,-1556.02
-4226.76,-1999.95
3158.09,-823.321
-2273.72,1189.93
897.308,2618.91
-217.111,3020.88
-516.996,1622.22
116.059,663.387
-252.901,-1037.18
1403.86,-2621.82
433.864,-5078.57
-395.461,-5387.77
822.085,-5105.76
-845.16,-1353.76
1897.67,1926.75
-3094.45,3566.56
3366.15,4724.76
-5372.91,4408.75
4961.85,4319.31
-5898.01,1695.49
6051.8,1.09375
-6051.46,-3233.71
5075.74,-3000.85
-3985.34,-2720.62
4565.88,-520.332
-2992.5,-135.028
2106.12,37.4172
-1128.54,532.927
-1316.07,1715.52
1807.67,2785.5
-2780.56,2258.51
2562.57,2113.67
-3243.25,-276.769
3917.58,-763.143
-1682.56,-4002.4
2137.35,-5195.01
-1246.59,-5765.29
394.686,-3494.35
1250.47,-398.332
-2666.84,2767.74
3242.87,4893.09
-5474.1,5949.44
5178.44,7048.37
-6808.08,3983.11
7643.05,1290.45
-7372.83,-4762.83
7668.34,-7173.83
-6300.33,-7934.66
7089.66,-4773.39
-4201.73,-2252.16
3179.98,1162.7
-3333.11,3743.67
1934.49,5900.61
-1463.78,6345.08
-478.849,4176.61
858.954,1868.45
-2883.96,-970.839
4060.33,-2687.22
-3410.03,-4650.44
5183.54,-5297.36
-4629.42,-5016.57
5842.62,-2285.2
-5340.77,-142.372
5660.7,2132.43
-6175.12,2856.7
4180.2,4032.85
-5413.02,4300.35
5178.01,4308.07
-4789.06,1367.22
5159.31,-2136.77
-4896.64,-4860.54
4377.34,-4955.25
-3199.67,-3364.5
3457.07,-1189.5
-3415.77,884.266
2060.42,3421.36
-1962.97,4857.08
1981.1,4418.55
-2024.36,1803.46
1360.78,-1612.73
-2758.51,-3039.03
3419.98,-3492.19
-2980.23,-2774.46
4716.17,-2656.67
-4748.34,-1408.07
3966.58,1627.28
-4438.3,3597.57
4740.8,4547.92
-4931.91,1623.48
3581.6,-51.0932
-5132.65,-866.733
4184.82,1904.27
-2482.74,1622.49
2247.89,283.805
-1554.01,-2223.24
-590.119,-2611.78
1095.09,329.971
-1818.06,1942.79
3299.13,2615.85
-5144.09,851.3
3844.77,853.812
-3795.28,528.511
4497,612.03
-4381.04,-1196.9
3977.65,-2106.54
-4577.97,-2503.09
4666.46,-1671.19
-3043.81,-1216.72
3678.58,-1667.68
-3877.7,-1058.6
2586.13,1251.8
-3767.61,3701.88
3520.11,4591.22
-3971.61,3334.24
2346.06,1863.33
-4058.78,1739.01
5478.52,1513.82
-5111.34,-469.598
5573.61,-3106.04
-6371.61,-4731.64
7067.02,-3666.54
-6293.9,-1993.38
8037.04,-70.7771
-7927.03,328.9
5992.23,3056.01
-7169.78,4250.82
7128.32,4874.39
-6862.39,1933.68
6007.47,-495.876
-6654.1,-2144.68
6387.3,-1583.66
-2996.67,-2607.9
4109.39,-5166.17
-3416.1,-6428.97
2241.97,-3836.77
-2167.89,2104.49
1057.67,7213.76
-530.29,8390.11
-1321.03,6383.5
-484.318,3347.15
-191.736,966.008
1535.98,-1455.71
-868.367,-5207.76
976.066,-6741.39
-912.881,-6421.79
1731.69,-3251.54
-219.908,355.62
120.246,3516.64
-717.026,4991.42
-938.018,5698.63
997.493,3529.83
-1847.83,-383.396
3308.77,-4237.9
-2982.84,-7257.64
3713.83,-6007.96
-2954.14,-3647.4
4119.75,-175.602
-3598.22,1338.24
1836.07,3747.92
-2225.9,5102.69
999.228,6753.65
-296.54,4835.75
-1209.29,1585.58
1438.21,-1947.73
-2713.7,-4319.8
3973.25,-3222.25
-3800.17,-2668.24
5227.75,-344.425
-5075.06,313.386
3959.42,2635.6
-3523.31,2318.04
3494.82,1924.05
-3132.31,-522.644
1841.47,-2080.16
-1848.29,-1656.84
1754.47,-1383.88
71.7725,-1117.69
561.023,-2930.61
-518.324,-2590.68
344.148,-1351.44
96.7997,629.936
2192.45,-204.512
-4030.67,-162.283
2911.67,1029.83
-5096.41,3288.68
5846.93,6281.92
-7143.57,5286.88
6992.63,3334.46
-8463.99,161.421
9289.86,-1500.31
-8050.19,-4583.56
9310.42,-5566.4
-9016.68,-6181.62
8351.03,-2331.81
-7458.97,529.977
8046.94,3507.5
-7133.34,3877.77
4202.75,3643.28
-3801.99,2806.26
3937.24,995.605
-2703.12,-2994.65
2520.13,-6540.91
-1529.04,-6546.05
1529.22,-4074.62
562.009,-276.207
-564.33,2211.58
50.7609,4112.91
-2608.06,5990.93
1692.94,6929.79
-1463.51,5017.81
1390.88,1371.89
-2024.19,-2999.57
1230.83,-4325.78
-762.789,-3522.55
1610.95,-2139.35
612.328,-2677.3
463.008,-2981.63
-725.017,-1816.57
-180.657,1242
879.748,3717.55
-962.145,2850.41
-173.066,1307.79
-1671.16,-344.921
1063.21,995.131
590.616,1153.4
-56.8585,-396.45
1662.5,-3749.04
-2951.1,-5098.7
3693.66,-3993.72
-4216.44,-1186.3
5949.3,2008.83
-7158.7,3215.33
6118.19,5146.27
-7821.48,5074.86
8352.54,4815.2
-8615.42,834.199
7513.12,-1414.41
-7873.21,-3563.77
7515.99,-2234.75
-5646.36,-2258.24
6208.01,-1920.62
-5494.99,-1455.58
4596.23,-207.273
-3478.34,1378.06
2924.38,1597.99
-3073.48,1160.79
1611.76,477.31
-2089.37,777.609
2954.91,19.3686
-1407.51,-1542.09
1505.9,-3018.13
-2326.01,-2753.31
2757.88,-959.745
-2939.13,542.769
4297.98,846.295
-5294.18,997.079
3138.36,3408.32
-3917.55,5512.79
3837.46,6232.89
-3927.32,2445.43
2796.99,-1235.33
-3733.95,-3346.77
3469.06,-2400.98
-579.838,-2427.32
1301.29,-2928.97
-1354.95,-3456.83
466.528,-2078.56
845.529,561.19
-1242.16,1701.35
1928.38,2425.74
-3708.01,1744.79
2440.23,2184.37
-2736.72,1944.75
4184.32,-229.015
-3304.13,-3799.51
2973.29,-4603.71
-4134.52,-2704.54
3972.14,1431.14
-2647.06,3360.82
2425.6,2743.35
-4033.6,1837.64
2458.36,3245.04
-2502.97,4379.81
2311.32,3440.95
-2016.64,-420.56
1321.49,-4069.66
-1705.29,-4924.01
2417.12,-3446.85
17.1072,-1565.68
258.16,-405.668
-1234.46,526.892
592.805,1441.26
-1522.39,2910.97
2199.33,2486.72
-3149.53,1775.15
3001.6,303.531
-3959.28,-579.626
5126.3,-1442.11
-5292.76,-3100.78
6174.48,-3110.84
-7056.18,-2133.06
7060.48,1285.25
-6062.64,2000.82
6627.38,2628.38
-8104.34,772.322
6037.07,2116.26
-6631.4,3268.18
6037.78,3466.39
-4889.75,1088.08
3331.98,-1258.24
-2218.24,-2827.97
1967.48,-2770.61
96.107,-2637.65
51.6768,-3194.73
33.653,-2037.56
-1544.8,1.07093
1333.83,3487.57
-416.053,4445.49
889.27,3018.42
-1005.35,-530.517
-250.173,-2003.24
682.337,-2966.8
552.598,-3248.23
427.747,-3322.8
-818.357,-2938.32
734.396,902.239
-638.614,3741.62
1277.12,5289.99
-1427.33,3568.49
-1134.27,2247.81
-175.485,1846.55
228.578,1181.24
1652.52,-860.499
-1486.87,-3678.85
2071.15,-4321.28
-2925.2,-2995.11
4570.86,-286.028
-4523.14,831.809
5776.57,-53.1262
-6665.22,-569.395
6144.15,750.555
-5818.22,1179.97
7552.45,631.356
-6961.64,-2936.14
5469.75,-3599.54
-6123.71,-2638.25
7625.69,573.119
-5833.89,892.945
4806.2,1372.56
-5332.14,1316.06
4206.12,2554.34
-4442.09,3726.7
3726.88,2402.43
-2928.92,669.049
1758.75,-1070.46
-1631.02,-1391.63
2607.23,-1350.97
-2176.55,-1246.74
2244.86,-1127.89
-2926.41,-873.837
3127.11,168.547
-1736.9,184.433
2622.72,-534.692
-4299.66,-701.441
4142.21,452.959
-3825.64,727.626
4003.1,-296.204
-3425.18,-2029.78
3996.09,-2512.71
-4283.35,-1873.66
5125.65,79.6256
-4149.37,111.919
3342.28,-44.8449
-3892.93,-161.427
2824.42,2028.42
-2558.24,3330
2130.18,4306.61
-1780.95,2987.91
-225.715,941.468
1045.98,-902.433
-1627.06,-2023.33
3556.58,-3154.7
-3431.63,-3773.03
4942.13,-2660.29
-5474.89,-1818.74
6392.77,562.142
-6735.18,1223.87
6826.75,2254.97
-7972.47,2074
7628.76,2718.3
-7016.68,841.76
6411.86,-38.4812
-6270.32,-2178.32
6020.61,-2420.5
-4774.91,-2537.06
4677.83,-1964.14
-3340.84,-1100.67
2447.69,290.648
-2368.89,1901.14
1608.99,2855.4
-2128.75,3320.67
863.283,2628.97
-2142.39,2976.57
680.569,2664.17
-398.993,1648.56
1509.13,-936.638
-1927.69,-3835.9
2308.52,-4779.52
-1251.45,-4563.89
1993.06,-2999.4
-1097.75,-2191.01
963.228,-494.771
-1328.74,1113.47
764.314,3250.04
-513.43,3786.78
-479.186,2805.69
214.53,1296.72
-2521.35,575.092
2638.92,478.193
-3086.31,460.395
4577.58,-179.349
-5117.23,-1672.15
5487.81,-1058.71
-7160.36,787.373
6561.82,3523.14
-6965.17,3642.86
6920.31,2870.94
-8042.84,386.318
8014.27,-190.734
-6654.72,-2423.12
7484.68,-3466.73
-6274.64,-6056.17
4935.1,-5333.39
-3885.17,-2906.06
3625.55,757.653
-2331.08,3410.21
615.049,5034.99
-1358.29,5786.19
-1341.66,5026.04
2468.38,2396.15
-2697.3,-2254.22
2474.32,-4441.65
-3941.75,-4297.68
4919.43,-705.861
-3725.24,923.148
4134.62,1144.87
-4740.21,439.479
2767.17,2194.19
-2768.46,3646.17
2538.42,4084.21
-2775.43,1626.94
1001.5,-807.55
-1365.91,-1680.85
2031.3,-2388.89
354.18,-2812.21
1034.29,-4680.68
-1498.81,-4470.71
1468.38,-2526.16
-1434.53,615.816
2384.82,2032.1
-3187.09,2626.54
2702.59,3218.85
-5885.1,4848.04
6879.25,5359.45
-7615.23,2408.8
8578.41,-1516.37
-9951.63,-5231.01
10325.5,-3956.77
-8910.28,-2965.29
10719.3,-772.557
-9522.15,-2025.65
6976.23,693.719
-8452.82,3713.03
7134.12,7965.6
-5900.92,7028.56
4407.48,3450.22
-4565.7,-906.057
2470.66,-3690.34
-193.675,-3800.49
972.106,-5524.8
798.927,-5899.33
-1337.64,-5386.48
1618.71,-1217.85
-1097.19,2733.46
1845.75,4718.44
-2079.99,3939.42
-542.836,2502.36
-218.413,1209.31
1087.44,-616.304
-319.898,-2601.97
380.583,-4114.72
-421.917,-3083.42
1076.52,-865.748
-1027.71,1550.17
1016.29,2903.58
-2828.23,4309.93
1543.48,5790.55
-2179.01,5482.67
2648.83,3017.74
-3210.03,-855.08
3317.02,-3734.84
-3699.39,-5319.05
5341.21,-4455.53
-3028.13,-4686.62
5084.4,-5041.03
-4498.67,-4319.32
5164.65,-1549.52
-5052.05,1450.11
5533.27,3162.32
-5696.55,2584.71
3591.74,2885.75
-5380.08,3545.77
5013.26,5149.29
-3964.18,3358.58
3336.49,336.984
-3267.25,-2823.05
2694.93,-3465.01
-2946.92,-1857.85
3701.67,-41.3204
-2286.79,408.135
1779.1,-77.9748
-2251.19,694.545
1793.28,1448.27
-1090.39,1557.65
1634.72,-300.87
-2404.84,-2766.27
1933.31,-3259.91
-1624.18,-2325.18
3795.77,-1441.98
-4192.64,-1070.29
3900.83,67.9666
-5077.53,1793.57
4188.65,3559.6
-4379.42,3411.99
4252.22,2428.99
-5913.35,949.676
4729.87,1462.78
-3506.52,-34.9276
3908.47,-1500.51
-2837.87,-4591.76
2062.83,-4524.99
-1281.56,-2714.88
994.93,566.182
947.23,2535.13
-2963.43,2615.68
2781.75,3131.2
-4275.32,2793.77
4997.49,2543
-4980.66,-251.689
5207.2,-1634.35
-5994.57,-3511.41
6995.88,-2965.9
-4700.05,-3351.11
5360.94,-2979.14
-5327.98,-1641.49
3293.76,2835.12
-2469.58,5357.65
2190.51,5167.53
-2963.54,3367.65
953.686,1214.44
-1288.22,1142.27
1943.48,-31.0707
-832.049,-2129.58
1051.09,-4711.37
-2271.03,-4209.42
2218.31,-1204.8
-1501.75,2085.86
3056.77,2594.34
-3230.63,776.362
2172.24,15.4659
-4563.72,128.111
6705.1,528.403
-5640.88,-2082.21
5809.85,-4628.9
-6049.58,-5154.01
6359.35,-1951.53
-4290.34,-161.619
5581.28,474.175
-5920.09,-528.882
3506.09,1342.74
-3760.47,3772.69
3339.18,5840.89
-2054.55,3976.65
1059.18,935.655
-1421.42,-1209.87
-138.035,-1231.22
2672.17,-466.186
-2950.48,-1221.52
4366.81,-1988.19
-6167.5,-1166.94
6969.18,1391.85
-5872.7,1840.81
7583.29,1058.27
-8150.15,-2461.76
7528.74,-2774.38
-7029.97,-2905.38
9669.17,-2836.85
-7992.49,-4599.91
8025.66,-3850.94
-7890.67,-2189.58
7887.64,1754.72
-6611.27,3233.69
4711,3889.43
-5793.41,4304.71
3351.99,4958.12
-2290.11,4214.24
2535.78,1408.62
-2296.73,-2505.57
1644.37,-4660.76
-1701.29,-3894.94
2951.45,-2979.62
-584.003,-1980.08
976.443,-2250.01
-2330.36,40.6292
1822.78,3527.91
-1748.75,5098.77
2936.29,3053.36
-4401.32,-954.888
3222.82,-2415.83
-3055.13,-2511.65
4525.54,-1021.69
-3044.37,-2499.41
2490.23,-2657.39
-2120.86,-2338.96
1241.16,299.352
87.6113,2387.1
-1099.88,3355.68
1761,2643.85
-4339.4,1831.23
4285.71,1926.35
-5616.34,1363.8
7400.03,819.284
-7988.82,-2073.66
8366.86,-2260.43
-8546.92,-2592.96
9269.8,-678.812
-8399.76,-839.145
8066.54,6.76617
-8847.66,512.128
7372.96,3262.33
-7324.7,4160.04
6037.82,4296.35
-5535.3,1832.8
4417.82,-1101.96
-4017.31,-2927.07
4641.27,-4562.82
-3217.89,-4711.83
4026.19,-4712.52
-4348.66,-2763.58
4124.54,401.264
-4033.96,3126.52
4204.16,4570.28
-6053.44,4784.38
3835.13,5253.6
-5660.03,4659.85
6262.76,2873.17
-5919.45,-2281.75
5395.88,-4589.79
-5627.92,-5014.41
5120.38,-1515.27
-2562.06,62.5938
2515.36,-43.1028
-2286.44,-719.853
-656.088,1285.08
1068.32,4065.15
-2211.5,5434.91
2235.01,4314.65
-4465.66,561.245
4582.97,-1382.42
-4556.03,-3719.9
7030.48,-4156.91
-6056.33,-5610.61
5887.19,-4186.79
-5847.92,-2341.05
5871.27,808.606
-5336.11,2664.79
4140.93,4576.27
-5767.63,6012.04
3395.53,7091.29
-2442.82,5021.03
1677.17,262.664
-2123.91,-4235.79
862.242,-4981.83
-295.898,-2443.76
1462.84,-356.614
367.222,-35.5824
-150.924,-1554.61
-1576.19,-441.941
1315.82,1779.31
-1146.66,3625.32
1803.23,2192.49
-2702.05,-561.671
2834.46,-2893.34
-3264.2,-3417.32
5904.48,-2635.23
-5490.18,-2885.4
6258.79,-2012.97
-7858.08,-700.928
7337.28,3023.05
-7792.14,4747.32
7776.72,5939.85
-8105.62,3744.3
6000.86,2633.53
-5469.65,12.4636
6195.14,-2373.97
-4987.09,-5601.56
3821.43,-5486.77
-2462.09,-3198.31
2417.53,373.347
-476.783,2718.62
-433.187,2602.27
256.308,2611.36
-2333.89,2263.34
2407.14,2502.28
-2415.04,317.885
3131.37,-2057.4
-2848.74,-4464.71
2906.85,-4320.03
-987.876,-3684.49
3030.15,-2775.21
-2512.32,-2459.58
1546.2,-936.824
-2060.51,2318.75
1541.44,4974.71
-1705.53,5752.24
1699.16,3755.08
-2971.72,1680.94
2104.17,226.514
-2197.17,-606.843
3321.88,-1761.12
-3595.84,-2822.66
4113.92,-2478.51
-3786.06,-1711.59
4894.56,591.611
-4952.06,1415.1
4933.84,1689.84
-5427.95,701.142
5144.31,201.762
-4995.96,-1168.56
6458.93,-2542.31
-5300.86,-3791.08
5377.28,-3543.01
-5143.57,-2549.71
5547.98,-281.344
-4443.48,354.367
3067.51,1760.7
-3745.56,3214.53
2297.3,5752.84
-2797.06,6104.31
963.493,4844.95
-170.326,1099.21
-1078.44,-2346.33
1757.96,-3993.9
-429.676,-5461.48
2622.03,-4743.53
-2622.9,-4526.53
3016.48,-2080
-2691.27,-13.2083
3504.07,1967.68
-2938.36,2208.24
1897.87,2195.46
-2755.19,2156.45
1859.71,2193.76
-1749.74,946.908
1411.11,-1187.54
-345.294,-2386.04
-154.203,-2244.07
666.389,-635.284
1670.75,-330.905
-1609.09,-1119.46
1879.21,-2373.19
-4152.77,78.4853
4313.38,3229.85
-4259,4891.59
4889.73,4221.12
-6146.11,1209.39
6393.38,-670.443
-6742.24,-2608.15
7866.04,-2464.81
-7557.64,-3806.93
7623.56,-2064.86
-7918.6,-1192.6
7670.21,2084.67
-5491.69,2168.46
5237.85,1041.33
-4847.15,-461.082
1605.24,-442.041
-691.432,437.233
1536.88,-494.789
-180.582,-2613.69
-1219.05,-3265.89
1726.82,-531.454
-1694.11,1760.75
2546.91,2978.48
-3446.99,1167.07
1632.04,901.289
-3232.88,2081.58
2931.62,3992
-2394.63,3827.86
2234.18,1461.99
-2716.98,-1784.27
2066.04,-3644.27
-1103.48,-4005.14
2799.18,-3960.76
-1331.58,-4098.08
403.314,-2456.37
-492.11,525.561
1115.73,2733.83
-1294.93,3429.21
1571.45,1856.15
-3052.12,807.968
3252.01,-53.8954
-2781.15,-825.974
3770.78,-2190.51
-4929.31,-2488.92
5844.87,-1282.73
-6224.3,524.612
7445.46,2363.04
-7226.61,1572.44
6668.71,2614.52
-8368.68,1799.66
8336.82,2707.58
-7653.46,808.423
7458.96,-974.412
-6693.73,-2725.93
6353.77,-2438.53
-4371.32,-2380.38
5694.02,-2587.8
-4522.16,-3419.5
3102.01,-2572.01
-2697.36,624.902
1461.31,3901.67
-358.623,4891.86
785.868,2659.02
-2539.64,485.905
1782.41,-747.185
-450.418,-1576.54
1538.59,-3301.69
-1535.72,-4235.45
1339.38,-3406.67
-1649.71,-298.623
2788.46,2679.09
-2758.78,3692.16
1113.58,4280.95
-3213.59,4200.17
2351.14,4404.98
-2656.76,1779.55
2964.22,-1152.55
-1851.53,-4541.55
1140.43,-5709.16
81.9745,-4574.41
2015.32,-3487.94
-1107.52,-2812.59
-173.572,-1104.24
-69.0484,2168.36
-840.036,5136.79
1577.59,5804.29
-2169.2,3326.3
1039.2,241.878
-1843.31,-1884.65
2659.69,-2620.46
-1666.51,-3449.77
2400.9,-3548.77
-1850.73,-2506.44
1948.01,1.18701
-996.1,1453.2
1359.69,2837.8
-2095.09,2654.88
162.726,3099.77
-936.698,3928.36
430.989,3061.56
157.464,1148.03
455.225,-2124.39
-408.457,-3700.89
764.114,-3722.78
771.809,-3200.59
1151.09,-3717.77
-1149.72,-3398.3
649.742,-1258.48
-1508.52,2439.08
2470.26,5411.53
-2433.32,4287.14
2511.97,1142.31
-4273.9,-1520.69
4137.37,-1994.86
-3318.44,-2135.66
4272.26,-2126.45
-4059.81,-2432.83
4058.11,-1303.04
-4427.51,525.235
5175.24,2825.73
-4775.15,2678.43
3508.23,2173.56
-4484.84,1215.06
3325.84,1575.29
-2176.69,136.097
2553.2,-1350.47
-2125.64,-2408.38
1162,-2133.04
-31.846,-786.734
1318.53,-862.536
-1294.46,-1115.39
-163.492,-416.945
-713.956,2613.15
1472.27,3563.75
-1729.15,3238.58
2401.55,64.2765
-3956.66,-2088.45
3791.46,-1657.05
-3125.87,-2104.73
4809.24,-1643.24
-5253.6,-2555.57
4276.34,-493.379
-4606.38,1706.9
4755.05,4228.83
-4059.56,3226.36
1954.48,2270.35
-3704.08,1620.09
2171.51,2197.81
-568.193,1556.21
355.889,-1832.98
1198.21,-4370.47
-2311.73,-5019.85
2815.83,-2779.73
-1382.02,-935.81
2124.41,-195.451
-2910.32,-574.294
1197.17,1894.83
-526.968,3165.5
393.346,3838.04
728.762,1301.6
-1677.84,-2130.41
2084.51,-4015.06
-2480.5,-3884.44
4728.01,-2532.63
-4505.38,-1688.91
5294.74,748.402
-6663.19,2190.86
6117.78,5517.98
-5854.95,5055.08
5320.28,4127.54
-5820.23,930.173
4020.8,-282.853
-2421.73,-1184.48
2797.22,-2465.78
-472.665,-4507.11
89.4138,-4787.73
418.627,-2402.87
-361.898,107.817
2125.47,2411.71
-2341.94,1244.76
1611.22,1065.44
-2187.68,377.168
1389.24,1340.46
-289.735,592.997
-196.798,-850.223
807.894,-2483.55
-1824.82,-2530.17
2662.99,-808.888
-1824.28,-529.208
2565.84,405.234
-4452.99,483.665
3751.38,2056.35
-3591.07,2345.21
3457.83,2321.92
-3781.98,584.385
2344.16,347.624
-1141.27,-502.141
2249.45,-2533.76
-305.45,-5067.84
2.03644,-6127.1
610.125,-3606.61
-878.095,210.283
2234.55,2972.02
-3283.44,4531.23
1725.37,5468.85
-3484.7,5353.33
4659.35,4349.87
-3986.22,-136.487
4229.41,-4385.28
-4314.73,-6911.03
3862.31,-4962.34
-1516.11,-2927.66
3181.5,-872.59
-3263.07,604.465
1689.18,3578.93
-2557.33,6535.17
1998.35,6891.8
-1549.95,3853.18
-312.299,-1079.45
-572.322,-3456.86
1323.24,-3989.35
478.105,-3547.87
1285.09,-4492.28
-999.8,-4470.54
1657.37,-3096.01
-1951.58,-812.127
3403.46,1731.13
-3811.87,2527.7
3302.95,2395.87
-4787.16,2229.51
4627.16,2192.12
-4553.08,453.193
4810.18,-455.193
-5257.18,-1826.62
5996.7,-1604.84
-5588.59,-1337.95
5857.4,-238.183
-5593.24,221.064
4012.53,2388.82
-3945.57,3452.15
3373.85,4069.08
-3024.35,2473.2
1362.5,1035.91
-975.724,-254.72
-251.618,-909.547
2549.83,-2517.13
-1164.58,-5173.91
1762.59,-5779.77
-1850.43,-4833.76
3858.08,-1439.07
-3811.66,182.944
4561.38,1264.68
-5059.78,949.168
2825.87,2826.13
-3518.01,4570.89
3064.74,5344.63
-2460.37,2500.59
1887.51,-1417.01
-1665,-3908.39
1352.5,-4411.85
-311.962,-2229.53
1060.49,-465.505
-1131.32,304.894
1035.87,1079.7
-2378.76,3465.37
2223.54,4176.59
-2622.67,4261.72
3580.18,1509.61
-4699.45,-2603.33
5907.54,-5137.33
-5513.13,-6539.45
8171.94,-5465.9
-7607.93,-4461.73
8896.08,-1511.94
-8981.16,469.537
8892.95,3533.49
-8537.61,3159.79
8003.01,3893.49
-9093.07,2792.5
6963.11,3132.19
-6161.55,2214.51
6505.24,-251.534
-4743.93,-3948.72
4071.93,-5002.82
-3107.14,-3247.16
3711.61,-690.67
-1452.34,394.778
1042.1,-478.296
-1802.27,409.538
1029.84,1926.65
-760.714,3771.71
1857.35,2968.92
-1814.9,-450.51
1666.17,-3681.69
-2114.54,-4318.48
3210,-3214.37
-1773.23,-2115.84
3260.75,-1363.5
-3642.58,-1208.92
3367.14,693.193
-3009.51,1736.15
3280.82,2655.41
-3054.24,1046.04
1309.01,537.272
-331.687,-295.569
1.14398,-506.09
1398.16,-1309.68
-2246.34,-1301.76
3384.95,-592.476
-4681.73,299.783
6734.94,973.487
-7559.84,65.9623
7179.51,1427.17
-9049.24,1990
9545.58,3684.26
-8872.28,1094.79
9277.77,-1158.55
-8677.98,-4673.44
7788.08,-3892.87
-5808.79,-3139.37
6955.44,-2286.44
-5916.92,-2539.47
4681.35,-1455.32
-4626.89,1579.88
3930.14,4054.18
-2165.18,4432.14
1795.63,1396.07
-3858.94,-327.558
3074.46,-893.873
-1915.24,-715.769
3226.39,-1486.67
-3668.43,-2222.21
4036.29,-1143.06
-4077.37,-55.4752
5429.74,1332.78
-5547.86,946.387
3815.75,1695.83
-5486.95,3071.26
5188.84,4581.98
-3980.45,2129.82
4553.81,-1169.46
-4241.57,-4416.75
2593.52,-4084.22
-536.025,-2908.63
2010.96,-2532.16
-744.475,-3390.44
-1685.74,-1784.35
2032.01,2372.77
-2826.24,6024.4
4344.77,6109.22
-5301.35,1593.29
4766.29,-2021.77
-6609.3,-3827.03
8496.53,-2829.23
-6847.09,-3404.02
7120.44,-2315.6
-7327.63,-1875.17
7329,830.73
-6262.72,2184.72
6153.3,3267.47
-7029.59,2797.51
4535.51,3433.22
-4849.24,3775.85
4195.25,2563.27
-2031.12,-1286.35
2613.73,-4839.74
-1715.58,-6028.96
1946.41,-5183.76
58.3142,-2634.01
1112.08,-1763.6
-1269.79,-1154.49
1061.16,661.075
-1037.45,3655.31
1709.71,4782.43
-2449.26,4185.52
2623.69,915.147
-3765.13,-2118.62
4289.14,-3525.95
-3209.31,-4391.35
5463.23,-2984.6
-5341.12,-2075.01
5027.74,932.483
-4870.76,2467.7
4208.32,3987.52
-4037.26,2950.09
2992.67,2490.42
-2715.22,1006.79
2135.97,69.0732
-661.845,-1721.4
-19.1229,-3940.83
2002.75,-4776.37
-2207.58,-4635.95
4197.55,-2630.18
-2210.88,-2112.87
3500.77,-1223.12
-4263.76,-1043.19
3375.93,1337.63
-3815.29,3102.85
3636.35,4026.47
-3987.48,3235.13
3458.53,2043.78
-2938.12,324.545
2727.07,-754.408
-1901.01,-2233.66
2067.88,-3389.09
-2092.56,-2414.37
1242.52,-51.8705
-1007.01,2899.29
1931.71,4305.52
-2006.01,3178.8
1288.72,1115.36
-2614.47,-214.952
3649.74,-2001.6
-2444.08,-4066.63
3743.03,-6120.87
-3429.68,-6121.2
4832.28,-3304.98
-4714.16,-427.16
6842.38,1358.75
-7925.22,1726.55
6537.28,2931.87
-8206.1,3873.78
8530.65,5061.44
-8127.62,2089.84
7578.48,-76.3534
-8466.11,-2401.29
7826.1,-1487.76
-5448.22,-1829.49
5652.51,-1581.09
-5044.92,-2090.38
3507.04,220.102
-2853.52,2757.13
2361.51,3681.44
-216.094,2023.23
-2877.35,-230.14
2971.92,-466.65
-2914.22,-1086.6
5384.28,-1920.14
-4619.11,-4783.28
4591.9,-4656.31
-4633.45,-3448.92
5227.25,538.903
-3610.29,1548.79
3306.34,1512.09
-4496.65,1563.9
2437.27,3643.38
-2258.76,4564.71
3028.74,2475.67
-2788.31,-498.835
1172.94,-3521.1
-1787.35,-2050.65
3844.31,-1010.58
-2771.45,-873.183
3141.81,-1416.68
-4937.36,-707.806
5035.4,2407.23
-6206.49,4208.65
6401.14,5101.84
-8035.73,3178.48
7037.45,1828.99
-7680.83,-727.078
9898.89,-2845.99
-7679.02,-7132.61
8305.34,-8770.24
-7830.31,-7815.21
8663.71,-3886.71
-6532.25,-628.599
5970.43,2694.95
-7202.55,4889.69
4772.25,8237.61
-5496.85,9210.1
4478.29,6776.35
-4406.16,1024.95
1836.73,-2923.78
-2030.73,-3760.49
1881.46,-2378.64
740.833,-1412.74
139.008,-2150.54
-857.241,-1199.32
-395.25,866.566
614.09,4098.86
-152.011,3974.66
-33.2688,1107.83
16.5897,-2663.75
-807.987,-3983.51
1591.23,-3671.25
1155.44,-4192.53
702.787,-4809.67
-1216.31,-5071.81
15.164,-962.753
477.577,3224.08
-149.625,6147.6
554.916,5361.61
-3537.82,3700.96
2915.87,3101.61
-4478.85,2638.13
5386.22,1401.27
-6073.26,-1535.18
7450.09,-3124.44
-8090.64,-4108.88
9506.68,-1908.41
-8319.39,-965.854
8219.88,1052.56
-9182.21,1219.89
8041.86,2899.29
-7084.55,1925.33
7445.4,649.18
-6035.61,-2622.69
5675.69,-4334.88
-4229.83,-5022.34
4784.55,-4935.4
-2809.13,-4364.39
2917.52,-3252.56
-2455.1,354.153
1848.11,3855.47
-2025.5,6839.58
1494.52,6579.64
-3266.25,4482.06
1450.82,2520.86
-1971.23,622.514
2385.33,-273.519
-1941.38,-1782.19
3128.97,-3037.96
-3024.68,-3532.05
3437.64,-2495.7
-2490.65,-1466.61
3041.77,-119.158
-2910.88,495.342
2381.43,1188.77
-2222.29,1309.89
2408.73,445.538
-1923.5,-1149.69
1076.97,-1858.93
-557.066,-2381.78
1663.59,-2007
179.56,-3029.69
-738.234,-2810.08
696.741,-321.024
-1677.24,2335.25
2574.6,4058.71
-3896.69,4139.76
3209.1,3415.79
-4981.6,2760.07
5781.4,2218.77
-4998.59,-1036.22
5860.07,-3497.57
-5784.85,-5919.91
6087.11,-4580.04
-4882.44,-2476.42
5736.14,306.687
-4117.28,796.025
2310.42,2451.58
-3073.2,3551.23
2628.35,4276.73
-1175.05,2245.72
411.096,-1942.73
-264.704,-3782.59
-499.434,-3832.47
2211.9,-1843.43
-294.416,-1889.89
470.564,-1785.31
-1123.95,-876.278
-2.71438,2608.67
609.391,4413.54
-1671.58,4752.88
1972.38,2907.19
-4494.27,590.724
4591.25,55.6201
-4305.56,-1306.51
6413.24,-2830.85
-6196.87,-5200.54
5705.81,-3801.2
-6244.44,-1553.58
6075,3088.95
-4694.76,3508.02
2505.78,4147.57
-4629.57,4227.9
3014.2,4504.94
-1386.18,2698.46
826.001,-2172.02
-87.5284,-6092.21
-694.602,-7574.95
2383.92,-5365.38
-1036.39,-3311.07
2808.84,-1250.33
-3464.49,-131.175
2723.91,2530.98
-2537.95,3995.55
1556.33,4575.37
-1218.65,3224.67
-1533.86,2105.69
155.684,1803.95
-509.166,2155.49
1680.35,1122.02
-1664.27,-1119.19
1828.77,-1743.07
-2362.77,-1565.04
2840.44,236.921
-2249.79,-114.609
2613.63,-402.385
-3326.96,-1037.49
2223.1,950.966
-617.704,1748.73
1262.46,280.25
482.887,-2959.31
-1635.76,-5429.05
2687.33,-5117.06
-2837.75,-2732.51
4887.06,-324.147
-5444.61,883.355
4359.8,3423.32
-7033.15,5942.09
6042.38,8616.11
-6396.53,6509.48
5627.4,3364.07
-7247.07,-1268.24
6090.49,-2713.2
-3421.12,-4817.2
5584,-6593.99
-4359.84,-7807.22
3759.39,-5719.98
-2728.36,-764.597
2839.76,3299.36
-1169.66,4414.36
59.3908,2924.22
-1810.51,2405.81
232.361,2632.2
256.224,2351.99
402.828,-144.352
-1589.56,-2251.76
1807.5,-3280.27
-1718.07,-1806.92
4087.71,-318.421
-4038.16,128.259
3401.41,667.651
-5307.8,2216
5131.68,4141.2
-4889.76,2724.23
5513.07,1269.62
-5502.98,-2101.39
4915.2,-2373.41
-4396.89,-2726.01
4697.19,-1643.75
-4907.45,-1066.68
3363.27,481.922
-1690.74,1940.01
1210.34,2444.11
-605.836,2012.05
-246.071,108.221
443.944,-1418.54
-1475.58,-3064.27
3036.06,-3981.64
-2449.65,-3862.41
2597.3,-1674.88
-2382.31,953.924
2553.78,3272.41
-1810.04,2240.7
1456.23,722.207
-3327.02,-191.566
1808.5,1743.12
-1455.45,3854.7
887.158,3951.32
-1283.88,2158.23
1117.11,-213.618
-1408.38,-1190.01
1252.62,-1434.78
187.812,-1319.23
241.128,-2357.81
-727.451,-2639.29
547.531,-1328.2
-449.539,327.922
1478.87,1770.86
-1029.05,1180.61
728.577,-249.421
-2302.78,-371.109
2754.77,-420.711
-2247.83,-1186.18
3782.98,-2859.94
-2681.42,-4359.15
2731.54,-3383.21
-3316.42,-595.987
4936.54,1833.32
-4909.93,1882.79
3608.74,2310.59
-5061.47,2848.95
4131.55,5501.69
-4793.99,6002.85
5045.38,4193.88
-5253.71,3.8407
3440.14,-2691.34
-2134.02,-3844.84
3418.77,-3823.44
-1128.27,-4434.73
953.066,-3392.62
-1143.41,-1235.77
1079.89,926.04
1601.13,1559.76
-1386,-544.873
119.507,-1116.48
-687.369,-244.711
624.195,1604.93
955.258,-275.599
-976.831,-1901.54
331.268,-2430.51
-638.269,-943.838
1874.65,2017.33
-444.541,1208.59
606.093,-268.903
-2704.52,-1159.93
1334.88,1419.59
-55.4825,2970.4
759.333,3047.8
-675.437,906.187
-1684.03,110.529
2082.69,806.058
-1838.21,54.2205
3891.43,-1064.58
-5763.65,-2824.34
5398.16,-1353.57
-5365.34,1045.06
6855.98,1708.33
-5641,-917.029
5467.48,-2622.69
-6637.93,-3387.07
7169.75,-1249.89
-5047.02,-1321.37
4600.51,-1133.59
-4966.87,-1267.54
3454.74,1128.05
-2761.68,3360.58
2519.14,4056.78
-2651.83,2755.93
-341.667,1743.65
65.101,1924.56
-989.37,1351.05
2793.55,-172.074
-2449.92,-3090.17
1521.49,-2961.73
-2106.96,-1601.06
2810.46,1042.17
-1669.55,1001.74
523.962,259.929
-1823.51,833.148
579.547,3055.57
-129.645,3879.63
1100.22,1225.69
-1163.03,-2601.4
-16.937,-5183.77
18.9189,-3757.55
1394.23,-2267.34
-354.003,-748.235
1144.72,-702.043
-2975.86,111.082
3438.54,2106.32
-4386.01,3510.99
4821.69,3760.58
-6618.94,2223.67
5726.64,1824.06
-7468.72,1298.53
8179.93,1604.74
-7556.74,-366.29
8112.34,-1661.62
-9037.61,-2722.03
9145.45,-1061.22
-7946.57,-941.235
8291.34,-565.006
-7780.38,-1661.54
6495.27,-163.637
-5929.92,1285.91
5422.02,2555.12
-4920.57,1738.77
3973.03,143.289
-3273.36,-1666.49
2910.25,-2471.99
-1519.85,-2324.85
2463.11,-2694.79
-2296.77,-1636
822.957,31.5555
-1508.47,3091.78
1395.59,4976.74
-1939.65,5041.26
833.722,4285.88
-2729.22,3072.35
3457.28,996.154
-3312.13,-2040.68
4114.82,-5203.87
-4326,-6563.21
5017.99,-4023.64
-3617.64,-1936.49
5157.77,-32.2197
-4785.22,232.346
3026.41,1706.99
-3117.26,2323.46
3005.54,2839.34
-2805.5,1210.13
1668.44,-144.132
-1660.75,-1119.12
1281.71,-1050.65
845.274,-988.748
-1827.73,-1477.93
2287.28,-416.138
-4030.09,1594.65
3960.96,3859.04
-3689.16,3517.48
3747.36,2455.75
-5256.64,431.298
3780.38,893.406
-2356.21,-91.2589
3762.1,-2170.48
-3643.16,-5040.96
2741.37,-4505
-1763.44,-2054.54
2129.13,971.677
-673.709,1823.69
-365.532,796.459
-1224.12,1954.56
-39.7628,2662.77
445.177,3146.76
502.517,575.992
-1054.3,-2342.23
1107.32,-4022.58
-1811.66,-3144.61
4271.22,-1872.89
-3602.68,-1572.1
4179.88,-1484.46
-6124.81,154.678
6021.67,4168.72
-7047.73,5561.36
8044.78,5221.67
-9177.72,1678.98
7499.41,68.511
-7424.42,-1372.38
8182.64,-901.135
-6613.73,-3130.16
6817.54,-3955.45
-5762.99,-4300
5293.12,-1758.66
-3320.08,449.367
2661.37,2022.78
-1965.47,2314.82
52.3402,1953.84
-65.0084,2107.55
-39.7344,763.146
1341.69,-360.204
-1421.29,-2874.71
2192.35,-3755.52
-1690.42,-3566.69
2916.37,-2632.89
-1479.7,-2253.85
657.582,79.5601
-1446.89,2949.81
308.778,5886.55
292.489,6292.34
-1360.06,3831.62
716.852,1017.84
-2034.49,-960.54
2393.49,-1383.54
-789.995,-2950.26
1287.78,-4052.41
-1183.1,-4381.51
1114.73,-1600.88
-226.901,516.328
792.957,2140.54
338.672,1318.31
-2755.9,335.976
2323.72,826.333
-3338.07,1238.61
5370.01,335.271
-5898.61,-2266.74
5884.22,-2448.72
-7195.44,-1450.65
7455.9,1838.59
-6717.53,2029.57
6126.38,1852.89
-7789.35,914.018
6915.84,2164.31
-6940.9,2653.71
5863.99,3046.29
-5885.6,1083.18
4146.37,-114.415
-3919.33,-1122.84
4360.83,-2125.12
-2904.37,-2518.68
2940.13,-3107.04
-3029.67,-2140.85
2870.02,-783.573
-1957.6,-419.773
2883.47,-727.977
-4349.84,117.486
3295.34,2097.2
-3915.44,4504.83
4169.66,4408.66
-4827.1,1160.95
5410.59,-1718.79
-6686.16,-3231.6
7294.84,-1563.09
-5874.62,-981.863
6286.54,-545.42
-6370.63,-1303.61
4963.65,751.724
-4784.6,2318.26
4715.82,4650.79
-4028.59,3670.93
2182.32,1643.11
-1172.3,-1023.84
968.365,-3419.24
646.579,-4600.8
-525.766,-4753.41
1489.83,-2111.08
-2268.83,153.255
3061.83,2761.12
-2563.22,2484.84
2040.66,2086.21
-3187.5,1608.56
3123.78,1240.93
-1517.08,-934.373
2452.11,-4317.14
-2266.74,-6295.41
1954.57,-4878.04
-1135.3,-743.542
1992.79,2721.4
-1347.41,3563.97
382.911,3289.3
-2881.29,4024.95
2158.16,4639.26
-2589.99,4050.79
3552,840.112
-4706.22,-2724.37
3852.81,-3505.63
-3544.42,-2484.18
6487.49,-1891.21
-5580.14,-3161.87
6862.76,-4197.99
-7410.3,-3795.66
7884.69,-487.947
-7490.51,915.225
8196.93,2257.14
-9284.55,1267.17
8021.93,1937.54
-8080.49,2348.78
9032.97,1643.3
-7505.93,-1735.15
6639.31,-3323.83
-7424.36,-3444.07
6387.13,485.458
-4784.38,2953.51
3329.86,4371.08
-3530.88,4607.01
1258.88,4777.17
-483.733,3544.75
681.378,254.984
792.158,-4415.75
-1653.42,-7851.61
2578.69,-6865.19
-1362.14,-5267.78
4765.5,-2805.69
-3443.2,-2461.23
2144.91,259.719
-2460.77,2872.98
2023.65,5120.85
-1844.4,4654.4
201.125,2332.34
-1907.88,1351.68
1211.43,1250.99
-376.482,1433.49
1565.83,-1006.09
-1948.57,-2574.14
1193.1,-2620.81
-2040.65,-184.935
4447.3,927.773
-4141.23,465.782
4132.73,-17.004
-5845.01,-485.096
6625.92,1520.67
-6302.06,512.452
6835.64,-834.559
-6714.22,-3449.73
6479.29,-2869.01
-5914.35,-1671.41
7069.15,-262.189
-6312.21,-256.949
5406.43,34.7218
-5976.29,594.594
5217.01,2100.34
-4916.08,3452.86
3730.37,3433.77
-3970.15,2049.37
3995.2,412.999
-3198.04,-2298.3
3224.26,-3522.18
-2428.72,-3842.91
2480.52,-2115.37
-2227.44,-176.398
1947.08,1465.66
-1114.35,2396.52
-72.2583,2633.12
-679.309,3149.33
709.725,2294.49
-57.1146,138.195
379.563,-3523.16
59.5562,-5710.98
489.823,-5412.07
256.003,-2932.49
825.698,-74.1093
-994.781,1952.99
859.113,3123.62
-2097.18,3766.56
1651.98,3779.49
-1346.59,2013.15
1370.78,26.2166
-1659.77,-2516.52
1337.58,-3181.23
30.4957,-3205.34
1451.33,-3183.26
584.442,-3537.39
-1640.86,-1361.84
1809.95,1612.79
-2450.77,4256.86
2699.28,5108.15
-3755.42,2855.19
2448.51,2321.47
-3967.89,1688.5
4098.66,2386.86
-2818.53,-10.122
3011.54,-3172.44
-1832.56,-6489.97
1859.51,-6246.31
-527.97,-3943.63
1553.8,-1185.95
-152.728,794.139
-957.281,615.518
196.074,2521.03
-1207.11,3537.45
-14.4348,4964.07
167.944,3926.95
-1876.5,1969.24
1556.85,-347.258
-2494.04,-1632.19
4019.51,-2309.3
-4054.67,-3075.72
5016.02,-2083.39
-6295,-1104.77
6454.5,1560.96
-6890.49,2271.99
6889.52,2959.49
-8136.88,2065.25
7115.54,2238.75
-6751.89,547.284
6438.07,-729.005
-5738.39,-3321.65
4878.68,-3754.39
-3750.69,-3333.58
4002.64,-1655.62
-2340.37,-556.732
1344.51,496.69
-2537.69,2743.09
1597.44,3930.94
-1214.48,4024.6
467.81,2020.47
-1284.23,604.844
-356.429,329.107
569.45,844.157
1421.19,-840.798
-1135.46,-3484.43
454.365,-3662.55
-506.783,-1868.55
1404.45,1230.21
-1000.58,2294.2
638.303,2044.02
-1447.17,1236.9
649.867,851.353
490.455,506.727
666.281,-1576.98
-37.7314,-3982.33
-357.193,-4234.75
901.082,-3140.77
-275.948,-1149.17
2253.48,292.954
-2993.68,1177.48
1680.19,3037.6
-2568.79,5047.18
3568.71,4500.65
-4283.97,1350.27
4591.45,-1948.18
-5783.76,-3249.62
6248.52,-1451.76
-4589.86,-1572.2
5919.25,-1296.44
-6944.27,-1534.86
5927.39,717.107
-5738.73,3038.18
5305.99,4844.54
-4235.82,2392.71
2899.38,-24.7448
-3200.18,-2326.14
2720.28,-2611.55
256.46,-3523.73
1271.54,-6176.62
-219.962,-6107.35
-946.889,-3921.47
374.841,1809.58
1545.8,4946.97
-1532.52,4923.77
458.778,2142.59
-3095.22,2467.62
3272.13,3050.02
-3899.45,2091.21
5777.49,-345.42
-6581.55,-4699.76
6995.06,-4588.23
-6836.92,-3347.55
9192.13,163.175
-8341.71,613.931
7001.32,1895.54
-7601.07,1754.02
5905.95,3715.22
-5355.25,3906.5
4961.79,2769.82
-4855.33,597.562
3779.9,-1856.03
-1345.24,-4155.6
1999.6,-6196.49
-686.153,-6385.76
748.088,-4456.05
-296.678,-356.244
1969.83,1458.16
-1477.1,2408.75
-320.907,2747.13
-1294.47,3618.29
1002.78,4845.59
-842.889,2626.25
997.358,-981.827
-1487.08,-3411.89
1286.59,-3536.06
-466.764,-1912.46
1754.1,-70.9843
-2081.68,372.889
704.057,1937.74
-1573.55,3719.36
515.657,4799
678.371,3933.18
-1703.03,1000.98
1304.19,-2183.15
-1613.74,-3556.34
3424.08,-5089.56
-1848.89,-6221.78
3851.3,-6266.17
-4175.66,-4773.26
5111.24,-276.597
-5774.42,3349.7
5802.64,5880.71
-7016.99,4989.98
5430.79,4566.55
-6835.96,3297.96
6825.03,2266.81
-6095.81,-789.105
6083.17,-3313.03
-5845.93,-4991.67
5763.31,-3789.93
-4196.52,-1726.59
4410.05,964.018
-3239.35,1679.48
2329.87,2286.61
-3025.97,2852.85
1455.38,3118.27
-747.611,2131.29
634.367,-212.408
-1092.81,-1887.35
1073.59,-2982.32
450.75,-2548.08
1869.45,-3856.81
-1528.57,-4237.77
2317.99,-4079.46
-2261.53,-1895.42
3574.01,659.969
-4459.64,2105.7
4728.6,3682.84
-7210.15,4615.09
6475.84,5786.42
-6354.97,3272.77
6755.63,975.467
-6384.21,-3678.13
5819.44,-4491.49
-5198.57,-3819.15
5424.74,-1265.55
-3788.19,-50.9653
2467.17,1137.49
-2298.58,2640
773.407,4334.71
335.271,4159.54
-258.279,504.956
-3.7157,-2344.1
-1352.59,-5041.06
1966.88,-3980.61
-640.181,-2464.31
1602.47,-1656.3
-1443.54,-464.983
1022.12,1042.21
-1548.11,2430.02
520.253,3632.94
-992.354,3176.58
-246.735,1850.07
-537.383,984.728
643.569,-688.42
741.654,-2268.47
165.479,-3617.68
-1397.1,-3469.57
1145.22,-887.209
-1860.62,2357.63
1688.43,4247.44
-2570.09,4956.5
802.681,5000.58
-1866.98,4388.62
3090.39,1636.54
-2746.36,-3724.59
3850.37,-7998.65
-4140.11,-9255.8
5953.21,-7052.13
-3485.93,-4105.24
5322.62,-1015.59
-6221.15,1504.94
5575.77,4714.12
-6557.02,6697.67
6425.24,6429.2
-6695.38,2682.76
5054.01,632.953
-6111.22,-1025.48
6026.65,-41.4993
-4395.19,-507.669
5645.45,-2042.4
-4737.16,-3523.16
3482.84,-1955.3
-2181.19,650.154
3337.56,1788.6
-2643.95,611.355
1325.27,-906.784
-1978.4,155.609
2577.86,576.876
-852.943,109.074
1953.46,-2076.47
-1578.34,-4998.92
2781.6,-5584.55
-2360.34,-4061.53
3758.46,-2151.16
-3456.82,195.759
2848.31,3021.46
-3936.72,4410.92
3202.57,6254.63
-3128.54,4894.56
2086.27,2953.67
-2476.83,-123.669
1146.78,-1740.69
835.414,-3131.51
-648.641,-3877.28
1707.37,-3877.24
-1687.62,-2173.69
3147.27,355.205
-3868.09,1240.1
4576.23,2616.77
-6667.84,2162.95
5628.39,3090.88
-5464.53,1908.05
6359.51,-254.029
-5645.85,-3833.12
5702.62,-5101.13
-5598.3,-4479.3
5976.65,-2140.72
-4606.58,-756.124
3988.49,737.515
-4380.34,2079.93
2249.42,5134.82
-3012.88,7174.51
2505.01,5991.34
-2732.75,2079.11
1993.1,-2900.88
-3029.97,-4644.14
3434.91,-3616.67
-2307.34,-1680.93
3918.68,-1384.57
-4645.7,-996.913
4113.26,300.605
-5504.29,2974.74
5263.57,5732.34
-6106.35,4570.27
5654.07,2877.45
-7506.43,-591.079
7833.44,-2200.47
-6585.88,-4226.07
6930.09,-4263.8
-5750.54,-4503.46
4984.16,-2324.16
-4097.87,-562.974
3778.8,1672.99
-2843.33,2482.48
550.704,3241.61
-703.411,4081.02
-1529.58,4103.44
1656.04,2824.62
-2205.33,-98.4195
1392.03,-1066.76
-2274.41,-1696.25
4167.53,-534.261
-3613.96,-1136.15
3385.5,-1386.56
-4210.54,-824.291
2771.58,1808.04
-2507.65,3454.78
2032.21,3783.15
-1970.54,2058.94
1060.08,-150.333
-487.657,-1826.64
1354.89,-4328.29
164.384,-5998.89
734.804,-6459.2
-1564.8,-4041.19
2242.76,19.4539
-1693.71,3869.32
1981.44,4736.69
-3851.03,4982.4
1847.64,5465.95
-4142.56,5317.85
4587.69,4095.58
-5208.57,-86.7108
5340.09,-3076.42
-5987.27,-4552.48
7319.13,-3141.66
-5522.08,-2683.08
6690.55,-2286.72
-7268.75,-2132.28
5861.91,789.881
-5963.21,3564.25
5967.7,5102.25
-5179.81,2875.07
2995.96,1017.07
-3653.85,-691.271
3087.25,-862.259
-874.324,-2472.12
1685.82,-5020.31
-763.634,-5771.8
-316.476,-3539.45
1908.47,500.435
-1745.86,2778.15
2272.37,3297.66
-4719.45,2779.51
2632.39,4689.5
-4144.07,5886.18
4888.26,5145.89
-4962.54,1161.65
3794.43,-2547.19
-4157.15,-4244.34
4209.25,-2758.53
-2340.77,-2347.97
3184.09,-1884.07
-3931.6,-1334.5
2387.16,1267.03
-2127.96,4066
2804.17,3631.98
-3325.07,1609.43
2202.68,-1089.85
-3388.01,-1950.55
5326.09,-3045.1
-4405.54,-3849.85
4369.24,-3716.5
-5254.42,-2022.28
5890.67,1742.21
-6838.45,3645.14
7535.5,4572.87
-8911.15,2796.57
7099.54,3086.87
-8224.35,2293.26
8476.98,1797.09
-7422.93,-1392.97
6192.76,-2942.85
-6268.01,-3027.46
6185.53,-806.182
-3237.56,-127.189
2188.44,53.0028
-2579.7,-96.0641
637.286,1940.33
557.462,3197.88
-935.071,1569.99
2499.49,-825.877
-3061.85,-3902.23
3516.43,-3848.02
-3390.14,-3140.58
4546.32,-1039.31
-4554.88,-465.723
4160.48,1164.49
-4741.11,2480.46
4552.49,4283.68
-4185.84,3992.02
3027.59,2306.46
-3874.93,435.527
2718.43,-861.142
-2139.43,-1427.37
2597.01,-1466.89
-2154.65,-1265.86
2512.19,-663.035
-2281.93,-71.7015
3570.45,-897.338
-3375.72,-2097.69
3488.95,-2604.21
-4570.61,-943.158
5192.19,1230.75
-5382.8,2150.06
6609.43,1403.95
-7773.44,-239.526
8405.96,-747.109
-7802.95,-2184.76
9555.2,-2391.44
-9054.04,-4383.23
9004.18,-2822.67
-9790.5,-442.214
9077.91,4310.86
-7727.42,5508.41
7025.84,5385.17
-7179.04,2668.95
4994.02,1503.1
-3442.35,-430.243
4240.42,-3402.99
-2114.23,-6156.94
1114.59,-6913.13
378.829,-3610.45
672.678,77.2122
1411.88,2244.91
-1516.06,1763.77
-34.4782,2556.02
-1164.24,2809.84
953.192,3407
245.877,1219.02
-67.6615,-2392.15
422.78,-4578.41
-706.658,-4405.45
2288.55,-2336.26
-1203.68,-1157.01
1266.55,-67.2133
-2129.36,783.363
1151.18,3470.69
-951.16,4317.86
915.012,3888.65
-1029.32,1145.32
-1437.76,-702.432
1326.19,-729.649
-1076.77,-1306.18
2866,-2253.71
-2905.88,-3331.83
3188.3,-2394.43
-3549.07,-736.666
4429.99,1321.45
-4303.92,693.76
3603.85,378.46
-4900.1,558.669
4382.94,1952.62
-3763.3,2088.94
4167.52,680.689
-4002.48,-1852.96
2818,-2621.17
-2362.7,-2267.39
4051.3,-1597.69
-2991.82,-1631.29
1966.2,-776.139
-2883.81,1787.63
1930.19,4847.75
-1586.14,5411.42
2058.39,2870.18
-3662,431.84
2796.01,-692.803
-2245.41,-732.853
3639.07,-1673.39
-3101.57,-3634.72
3515.72,-4120.15
-3658.9,-2964.2
5114.13,-200.739
-3738.65,874.242
3821.75,1042.36
-4317.63,-2.12949
3805.42,462.139
-3926.49,295.522
4181.59,634.92
-2987.05,-212.274
1432.46,-266.988
-237.274,-424.121
665.456,-616.587
998.726,-1788.07
-2366.95,-1754.48
2090,489.227
-3396.01,2984.01
4221.79,4846.07
-4393.34,2895.78
4067.46,1122.22
-4324.17,-1357.81
4909.26,-1740.06
-3441.43,-3908.43
4269.63,-4963.31
-3079.92,-5789.44
2646.99,-3987.18
-1203.2,-442.354
1162.09,2790.16
-484.091,4600.2
-1048.47,4038.67
765.641,2919.16
-1671.31,772.76
2529.59,-1177.64
-1657.28,-3594.48
1370.95,-3507.89
-907.016,-2565.44
949.976,-51.7772
1143.83,452.932
-1154.58,300.31
1109.2,645.598
-2967.68,2430.02
3089.22,4382.04
-3753.09,3543.03
4126.05,1308.54
-5228.77,-1853.33
5545.85,-1935.19
-4801.6,-2469.18
6196.2,-1583.2
-4813.54,-3234.81
4650.6,-3932.35
-3843.34,-3659.56
3460.61,-1243.83
-1995.77,1268.19
1353.39,2942.08
-1780.28,3497.48
637.369,2626.16
-268.593,1305.13
767.89,-1473.13
-636.527,-2606.3
80.3987,-2518.83
-96.6563,-533.367
2046.22,-192.764
-2241.95,-496.139
2419.67,-344.264
-4628.05,2187.1
4560.66,5483.05
-5596.14,5876.57
5638.85,4306.22
-6753.65,-299.891
7174,-2887.38
-6265.34,-5232.99
7521.77,-4809.88
-5884.28,-5326.22
5774.94,-3636.42
-5863.15,-1888.37
5026.64,1850.59
-3814.67,4296.19
3568.67,4432.74
-3819.83,3395.52
1284.09,1799.41
-510.418,-215.916
687.424,-2994.93
-113.332,-4821.76
-404.104,-4309.45
1072.61,-837.195
-948.246,2629.32
1466.7,4137.6
-1899.12,3137.67
391.888,2242.59
-1978.04,2197.22
1422.82,2676.32
-1637.73,1935.28
1313.11,831.63
-1841.09,-1219.23
1468,-2151.94
156.824,-2473.69
537.106,-2735.45
159.682,-3019.74
-371.49,-2463.92
633.06,-1096.24
-248.582,-522.607
1083.85,-171.878
-1463.11,158.505
-432.453,2305.85
-258.825,3895.69
332.647,4058.79
666.251,572.059
-2477.09,-1949.5
2484.22,-2134.43
-2946.52,-432.478
4636.13,927.771
-4997.39,-214.308
4791.91,-208.188
-6589.52,492.354
6075.31,3810.14
-5983.24,4524.29
6647.67,3538.78
-6460.94,-1184.65
5202.7,-3530.99
-3882.81,-5241.81
5202.52,-4988.19
-2928.24,-4560.36
2063.72,-3284.35
-2266.1,373.001
1544.03,3940.64
-347.864,5514.59
541.475,3390.53
-2001.17,1577.94
1205.51,-196.441
-989.217,-897.101
1785.95,-2291.25
-1682.6,-3466.35
1901.43,-2613.67
-2613.47,-200.611
3565.99,3419.56
-3640.02,4453.29
2701.21,4283.59
-4114.5,2604.26
2665.88,1915.31
-2118.02,-243.065
3673.84,-2778.39
-2281.98,-5466.11
1287.87,-5824.58
-117.333,-3753.46
981.483,-1318.75
1359.76,-1172.13
-1667.78,-1376.85
917.16,526.447
-2109.52,3218.38
2485.91,5455.03
-4150.79,4854.58
3629.52,2477.67
-5490.31,428.78
5976.16,-358.216
-4636.07,-1943.07
6154.95,-2788.31
-6285.55,-4332.27
6223.75,-3199.95
-5745.28,-1758.13
6219.65,560.903
-5589.38,1924.26
4082.02,4228.58
-4824.26,4728.44
3916.02,5039.12
-3296.05,1859.32
2586.85,-2550.65
-1937.23,-4768.22
1590.19,-5080.57
0.741882,-3032.63
1793.68,-2151.29
-2021.93,-952.989
1246.68,473.751
-2166.85,3208.82
2487.32,4585.89
-3061.73,4173.38
3120.64,1793.64
-4522.91,-1099.57
5463.8,-2476.25
-4883.06,-4725.55
6269.2,-4601.33
-6618.74,-3461.44
6254.31,436.306
-6085.41,3038.18
6006.41,5053.98
-5176.24,3272.03
2839.35,2269.04
-3997.07,1808.81
2501.51,2479.02
-1102.42,962.149
1095.01,-2545.74
284.491,-5187.53
-758.045,-5556.61
2085.36,-2540.7
-576.743,-802.619
1741.58,-113.196
-2490.9,-1367.47
1065.58,571.234
-1167.69,2814.88
555.807,4949.93
-500.333,5177.08
-1342.97,3203.18
1288.44,568.965
-1713.74,-2128.26
2711.19,-3254.16
-2085.62,-4220.33
3061.61,-3151.49
-3419.34,-1628.76
2900.28,1265.95
-2823.09,2844.89
2228.33,4049.73
-2516.98,3535.99
247.684,3395.24
586.736,1759.04
-472.378,-1252.64
820.773,-4358.5
-1813.96,-5639.25
3032.94,-3805.68
-2647.85,-1579.37
3733.22,745.213
-4275.44,1569.24
3341.08,3320.82
-5212.75,4085.02
4878.38,4461.32
-5309.3,2360.73
5322.47,-525.19
-6017.36,-2684.56
4757.75,-2229.84
-3157.2,-1744.93
4656.82,-1764.8
-4490.76,-2710.76
3471.65,-1370.11
-4061.39,1617.21
3892.51,4450.1
-4049.2,4747.96
3181.72,2997.33
-4425.75,823.477
3733.21,-84.5049
-1824.91,-1843.59
3475.42,-4730.25
-3094.34,-6049.53
2975.02,-4968.54
-3612.38,-1293.28
5239.44,2588.84
-5118.36,3976.18
4106.6,4548.72
-6191.24,4923.11
5088.83,5636.54
-4790,3140.63
4676.43,-652.012
-4902.9,-4712.47
4772.84,-5254.14
-3275.53,-4799.2
5472.63,-2826.21
-3964.81,-2277.02
2076.81,-411.696
-2321.22,2573.03
902.673,5236.73
-101.9,5563.42
-1288.19,3372.51
417.127,1402.78
-1449.89,-590.324
2414.68,-2019.11
-940.214,-4757.07
1300.07,-5883
-2009.73,-4598.87
2865.71,-924.545
-1543.7,1756.84
2157.2,2564.69
-3837.86,2730.8
2313.99,3133.99
-3311.34,3902.8
3136.47,2952.83
-2569.68,-207.073
2441.78,-2905.56
-2728.59,-4011.5
2869.66,-2064.88
-2540.6,-189.861
4001.62,556.992
-4825.58,318.509
3342.87,1495.38
-3959.18,3358.43
3832.99,4676.32
-4689.62,3914.84
3692,1387.85
-4475.65,-882.354
5071.04,-2792.03
-4245.41,-4424.6
6312.66,-4927.85
-5364.11,-5783.71
5496.01,-3435.97
-5150.87,-1525.3
4611.21,1806.79
-4114.18,3653.5
1966.37,5404.9
-3434.34,6214.09
2117.93,6175.4
-1494.64,3102.67
-165.119,-814.922
1225.91,-4248.92
-1722.12,-5891.33
3961.54,-4845.71
-3091.92,-4236.93
4184.2,-1619.45
-5845.47,1487.42
4580.01,5836.49
-5304.21,7787.11
4555.46,7396.33
-5368.96,3484.28
4312.48,86.2141
-4027.87,-3829.39
5106.22,-5948.5
-2940.25,-8013.64
3616,-8421.49
-2544.06,-5310.1
3063.49,-870.059
-2400.82,3575.57
2083.35,6286.55
-3650.3,6984.95
1442.33,6098.13
-1802.8,3618.54
2376.32,-338.602
-2145.41,-4436.35
3097.8,-6632.78
-2893.48,-5884.98
4289.15,-2979.42
-4079.18,-77.4354
5363.38,1960.63
-5661.66,2989.8
4894.36,4168.47
-5201.3,4029.16
4855.94,3429
-5596.15,579.821
4762.18,-1123.82
-4593.37,-3035.39
5495.98,-2540.54
-3091.3,-3308.9
3804.12,-3146.23
-2568.76,-2683.8
1682.02,-1282.48
-1220.3,664.8
1054.13,1068.32
-111.319,1451.54
-1494.01,1701.64
842.5,2927.56
-157.028,2363.1
1274.89,-300.673
-771.549,-4478.8
-3.50896,-5511.43
-100.018,-3188.23
-88.0767,1233.29
2005.12,3473.18
-3038.43,3443.57
920.169,4043.93
-2400.2,4343.86
2672.22,4150.17
-1530.94,408.071
2308.28,-4382.6
-2969.98,-7847.27
3221.64,-6572.11
-421.695,-4644.58
1475.36,-2158.41
-63.814,-1043.98
-1145.72,1001.69
787.866,4145.89
-2164.74,5667.79
2329.19,6018.66
-4219.38,3360.13
3397.2,770.455
-3461.67,-1380.04
4245.44,-2306.78
-3626.27,-3482.02
4308.47,-2670.85
-4396.77,-2069.84
4592.85,-260.477
-3668.38,944.431
2035.81,2629.08
-2729.08,4370.62
833.558,5752.82
-238.301,3793.8
298.036,-310.733
347.429,-4796.56
-629.065,-7153.95
1808.07,-5678.73
-431.938,-4245.25
2712.99,-3192.25
-2262.06,-2935.51
690.159,543.128
-1518.66,4508.27
193.089,8866.65
141.397,8253.5
-2933.25,5093.87
1974.31,1419.48
-3325.75,-1700.02
5190.58,-2675.7
-4441.14,-4915.62
5685.52,-5162.14
-6356.38,-4205.93
5761.63,301.056
-4926.9,2727.34
5319.42,4928.24
-5666.71,3530.68
3535.54,2807.4
-3491.27,1674.74
2570.58,-237.437
-1061.39,-2846.4
889.764,-5848.65
175.136,-5731.23
421.952,-3715.98
1094.82,-770.426
385.132,-90.215
-672.07,870.437
-441.367,1129.99
-1507.85,3291.57
1845.96,5094.5
-3359.1,5198.25
3444.94,3560.91
-5186.74,1206.12
5402.47,69.6224
-5116.86,-2237.82
6276.18,-2915.57
-6189.72,-4022.29
5742.3,-1810.05
-5644.39,-154.9
6064.34,2328.72
-5272.16,2164.03
3867.52,1721.8
-3551.16,665.903
3175.72,-416.944
-2004.13,-2161.84
1492.91,-4071.18
-452.394,-4105.65
687.225,-3531.63
237.722,-1288.28
-202.822,946.025
-713.934,3472.1
-775.588,5213.51
-902.916,6201.56
1219.76,4290.77
-2156.91,1485.94
2267.68,-1465.8
-3484.44,-2592.39
4668.57,-2443.11
-3218.15,-3940.51
4712.71,-4536.27
-4792.7,-4566.03
4797.2,-782.864
-4054.52,2388.49
3960.61,4986.16
-3953.67,3448.18
2043.04,2303.89
-2918.47,1285.47
2359.91,847.935
176.324,-661.245
280.925,-3989.76
1650.55,-6135.25
-2137.13,-6350.61
4070.84,-3805.28
-3409.64,-774.908
4451.67,1836.58
-5285.2,3062.28
4679.84,5068.58
-5055.81,4911.93
4520.17,4207.42
-4854.01,1562.4
4266.45,-598.794
-4020.19,-2937.34
5191.79,-3668.32
-4047.01,-3821.16
4435.33,-2472.53
-3976.05,-266.364
3619.12,1906.42
-2938.19,2700.17
2048.34,2139.69
-2633.52,1599.69
1593.69,1529.75
-937.096,92.2818
2731.12,-2798.81
-2208.2,-5830.17
2713.25,-6983.75
-2203.45,-5113.24
3962.83,-2413.29
-2925.23,-214.359
3559.8,545.301
-5298.31,2389.54
4138.82,5227.25
-5795.62,6847.94
5936.54,6524.5
-6858.64,2476.72
5606.19,71.8493
-6745.71,-1923.61
7831.33,-1253.07
-5641.61,-2851.55
5349.16,-3419.08
-5079.79,-3326.47
4455.77,-547.54
-2784.08,1417.29
2171.76,2454.49
-1694.82,2168.16
-470.277,1471.6
1020.48,1125.08
-1563,-398.737
2624.7,-1788.07
-1678.02,-4553.22
2111.83,-4650.36
-1700.43,-3948.62
2500.98,-1336.25
-1646.33,255.424
575.073,2015
-1965.11,4064.37
901.298,5522.85
-735.47,5474.92
725.478,2256.49
-962.89,-1112.55
205.301,-3547.05
-88.4677,-3211.72
1107.07,-2695.44
-469.414,-2040.63
1150.83,-526.899
-1818.81,1006.78
2152.03,3052.96
-2645.26,3740.21
2634.81,2884.97
-3967.23,757.969
3156.21,-558.461
-3301.52,-1240.15
5500,-2653.37
-3562.8,-4982.96
5266.56,-6445.05
-5868.33,-5474.32
5490.92,-948.24
-4807.38,2418.58
5454.48,4232.65
-6824.48,3704.39
5049.26,4925.71
-5350.78,5023.88
5001.62,4011
-4613.97,-130.033
4310.12,-4361.08
-4819.98,-5914.68
3836.57,-3046.1
-1725.47,559.803
2320.83,2561.71
-1609.79,2317.1
-416.953,1678.68
-1080.43,2251.8
1323.81,2072.5
-239.938,270.151
-650.57,-2537.1
109.007,-3609.2
1273.71,-3616.43
327.399,-3244.65
1273.05,-4023.35
-1203.5,-3250.68
83.3091,-519.069
-407.408,2430.74
1116.16,4574.56
-1866.36,3735.74
246.833,3397.38
-669.166,2406.2
239.493,1531.32
1327.48,-980.085
-2378.07,-2806.42
2060.93,-2966.65
-2439.53,-1188.52
4864.74,764.066
-5074.45,680.471
5473.66,1448.04
-7444.95,1874.33
6697.68,3765.02
-6145.54,2343.78
7465.41,-552.943
-7008.23,-5154.36
6893.71,-5691.34
-5597.74,-4482.3
6848,-2184
-4656.88,-2169.85
3722.71,-1762.92
-3452.73,-470.201
3290.06,2107.13
-2028.05,3884.26
1658.17,2975.56
-2697.85,2005.02
893.663,1049.42
-719.706,532.997
1910.06,-699.032
-887.956,-1828.91
1563.02,-2602.96
-1481.33,-1852.67
2593.55,-1033.28
-2037.41,-906.094
2917.73,-968.889
-5052.19,421.293
4931.79,3664.05
-5038.35,5177.55
6024.98,4006.68
-5302.72,-937.103
4105.77,-3826
-4462.68,-4881.37
5800.07,-2957.9
-3947.83,-2732.16
3837.36,-2023.11
-3274.2,-1397.31
2474.14,1130.27
-1057.65,2601.49
88.3287,2837.56
662.453,1498.26
-3988.54,451.274
4172.37,1141.83
-5164.01,969.04
7083,313.893
-7305.92,-1499.35
6862.4,-1185.57
-7932.82,-730.813
8450.44,1612.63
-8558.25,649.072
7680.06,1011.34
-8828.19,880.689
7708.84,3089.3
-6405.52,2477.63
6734.85,-73.3988
-5907.85,-3924.18
4510.34,-5799.39
-3004.51,-5170.42
3361.8,-2940.89
-1221.03,-1178.67
115.491,356.365
-973.977,3064.76
-9.03822,5124.23
228.353,5565.47
-892.96,3268.23
-95.5935,965.705
-1620.68,-338.874
1258.63,-16.9068
197.009,-879.627
531.69,-1919.69
-572.972,-2759.77
1379.14,-2408.37
-574.381,-634.981
1335.45,-318.328
-1022.84,-169.632
981.15,-617.768
-2498.42,547.535
3732.81,1488.07
-3165.53,955.915
4649.58,-771.955
-5234.9,-2662.97
6056.25,-2857.57
-6063.73,-2683.62
8217.29,-1320.5
-9032.55,-1078.38
8735.21,1672.75
-9164.63,3717.96
8531.07,6025.93
-9223.01,5045.89
8270.32,3881.9
-8636.64,644.447
8110.15,-1492.99
-6110.53,-4409.63
6908.27,-5666.53
-5263.28,-6428.71
4814.05,-4231.39
-2809.92,-1766.26
2340.47,778.777
-1354.6,2592.85
-601.399,3523.67
630.511,4187.18
-1750.3,3148.29
2698.8,681.96
-3087.86,-3196.92
3258.24,-4450.44
-3645.95,-4153.57
5182.24,-1857.12
-3625.49,-1277.46
3784.18,-103.629
-4456,931.63
3025.89,3638.46
-3163.73,5404.07
2753.66,4675.58
-3423.49,2185.31
2240.73,-61.2885
-2592.53,-778.105
3532.21,-1662.08
-1660.85,-3232.8
1995.23,-4243.49
-3050.3,-3063.7
2861.06,58.5358
-2123.1,2741.13
3412.83,2847.22
-4222.78,942.137
3465.93,236.776
-4989.94,723.194
5606.05,1003.88
-5169.83,-760.274
6112.21,-3335.49
-7256.49,-3939.86
7472.1,-1385.82
-6097.38,343.215
7493.98,1373.23
-8368.42,-438.115
6168.99,828.851
-6453.28,1951.42
6115.77,3958.5
-5362.11,2806.56
4034.76,1459.49
-4208.44,-92.7997
2565.37,-108.021
-967.73,-525.137
1406.75,-2449.9
-191.967,-3190.16
-1646,-2606.43
1319.36,1328.25
-592.951,3291.43
1209.83,3102.91
-686.879,-510.835
-1019.93,-2049.62
2491.41,-2643.23
-1225.7,-3096.52
2837.3,-3780.63
-3535.04,-4182.91
3627.69,-1584.1
-3934.18,1116.12
5036.11,4448.67
-5318.33,4672.57
2768.01,6121.09
-3852.49,4994.02
2373.98,4289.55
-1969.71,1238.72
1443.54,-2270.23
-403.889,-3794.16
-175.773,-4208.81
3516.01,-3687.07
-2325.38,-4398.23
2952.54,-3905.25
-4307.37,-1912.86
4657.63,2280.79
-3880.24,3607.68
4682.27,3233.45
-4835.22,65.3397
2851.96,-998.878
-1766.75,-1218.25
2837.05,-2188.61
-1688.13,-3999.48
1122.59,-3501.73
-1115.17,-958.639
1136.33,2427.75
401.761,4615.49
-579.312,3097.65
-1246.53,2497.39
-242.423,2035.39
-51.6261,2539.08
1189.2,955.393
-510.869,-2203.29
1065.6,-4012.81
-2149.57,-3508.06
3791.09,-1391.97
-1768.84,-1100.31
2815.64,-1832.88
-4128.69,-2220.92
3609.94,663.802
-4003.99,3536.57
5221.46,3986.96
-4417.9,753.969
3138.65,-2211.94
-3522.32,-3094.61
4551.69,-2189.22
-2770.28,-2448.15
3346.6,-2493.23
-4103.91,-1852.96
2489.32,1495.28
-2310.53,5076.26
1856.59,6827.47
-2409.06,5266.33
800.18,2596.06
-1822.98,709.838
1476.35,-1344.83
-135.846,-3142.95
1388.36,-5322.1
-1818.79,-5413.69
2548.75,-3579.18
-992.074,-1163.63
2574.72,-1.48426
-3615.14,638.169
2510.76,2148.98
-3937.91,3671.94
4205.67,4274.47
-5257.88,2349.62
5381.78,262.521
-5999.21,-1720.56
6084.82,-1601.52
-4309.05,-3039.87
5437.95,-3658.36
-4858.3,-4329.13
4321.57,-2352.49
-3596.9,517.361
3229.14,4035.49
-3198.66,5255.88
303.659,6101.6
-1011.07,5696.75
-751.659,4377.86
1947.39,1412.27
-2537.64,-2967.1
3115.97,-4547.18
-3486.5,-5169.76
4678.77,-3499.4
-2628.97,-3170.23
3480.2,-2426.72
-3746.78,-1697.3
3304.22,1555.7
-3561.04,3841.06
3084.89,4162.75
-3364.92,2136.41
2171.8,-611.064
-2089.52,-1754.28
2747.43,-2630.23
-1468.08,-2592.62
1802.79,-2478.66
-2789.69,-1366.36
2663.29,833.166
-3351.75,3138.88
3338.8,4921.69
-5254.9,5599.97
4177.07,5805.22
-5900.77,4388.78
6470.77,1140.73
-5992.32,-3940.32
6699.78,-6801.79
-6576.1,-7351.71
8018.73,-4481.57
-6296.78,-2460.3
6954.29,-274.459
-7229.8,234.951
5922.21,2892.69
-5640.92,4132.15
4983.22,4487.14
-4879.28,2142.23
2867.37,28.2688
-2546.41,-1622.46
1693.92,-2047.67
88.8338,-1703.91
313.633,-1825.67
154.386,-863.41
-1950.52,1098.4
1940.15,3779.88
-2096.13,3708.06
1999.78,2582.73
-2842.11,439.607
1879.88,18.5723
-1159.1,-681.728
2292.31,-1932.21
-901.78,-4644.85
1176.9,-6256.53
-244.143,-4951.81
210.495,-1441.05
304.672,2447.11
7.45699,4052.21
-986.899,4444.04
-1242.74,4011.9
460.08,3934.75
395.961,2100.68
-428.057,-756.747
1245.38,-4270.82
-2631.09,-4758.3
4059.2,-3346.04
-3193.32,-1840.73
4583.39,-222.823
-5281.87,651.554
5638.38,2486.25
-7372.91,3653.35
7203.29,4549.82
-7861.9,2459.6
6994.3,1034.97
-7701.75,-1526.31
8316.91,-1516.99
-6390.16,-3392.6
7141.61,-4235.89
-6172.14,-4500.57
5361.02,-3058.68
-3465.83,-1407.96
3382.37,795.347
-3118.55,1767.93
1753.63,2960.65
-1533.02,4125.19
-115.675,3559.41
839.386,1778.87
-1292.77,-1198.95
1748.67,-3019.3
-2585.92,-2707.61
3218.91,-619.695
-1970.03,7.70551
2350.5,608.923
-4108.41,934.675
3243.71,2970.54
-3369.33,4329.52
2722.53,4092.9
-2699.15,1311.69
2214.31,-1396.12
-2003.63,-3688.88
3138.1,-5015.39
-1718.59,-5218.4
2854.29,-5044.7
-2752.71,-2960.61
2683.07,-294.684
-2314.15,2019.26
3364.21,3091.77
-4526.73,2617.74
3072.39,2664.22
-3362.28,2124.01
3746.23,967.004
-3482.16,-2067.08
3665.28,-3198.89
-3810.96,-2937.48
4179.47,-266.357
-2612.1,1203.27
2700.06,1223.19
-3676.33,1666.24
1853.91,3010.94
-1559.9,3955.19
1755.11,3220.22
-1369.04,552.201
716.301,-2161.26
-279.386,-3521.74
1327.78,-3727.56
1402.09,-5000.29
-651.42,-5389.04
1310.79,-3966.37
-1887.82,-563.246
1952.63,3640.1
-2072.04,5354.23
2044.04,5007.54
-4447.87,3195.95
4281.72,1801.25
-3266.83,-794.49
4024.29,-3310.53
-3556.75,-6050.32
3875.48,-5549.8
-3640.56,-3120.13
5146.25,-298.545
-4134.21,1883.35
2576.33,3904.28
-4388.72,5888.71
3964.94,6545.66
-4817.93,4288.21
4262.02,879.612
-5047.6,-2313.25
4631.5,-3319.36
-3316.33,-3332.99
5947.65,-4033.11
-5533.48,-5333.15
6627.48,-4532.44
-7347.96,-1778.43
7789.02,1865.59
-6538.22,2892.7
6179.86,2932.61
-8224.44,1709.72
7196.6,2523.87
-6349.13,1707.72
7652.5,-683.647
-6708.22,-4852.03
5728.32,-4872.49
-5007.05,-3323.36
4508.48,1148.08
-3063.59,3634.37
1156.49,4628.27
-1774.07,5557.26
-338.504,5345.07
1552.92,3885.44
-789.567,-681.581
1166.74,-5158.86
-1744.49,-7866.38
2891.3,-6362.69
-1173.48,-4583.44
3616.42,-2218.58
-2840.5,-1000.15
1641.23,1584.95
-1442.67,4297.31
728.17,4932.27
-1626.93,4040.71
43.8673,1909.25
-1225.46,707.217
1438.93,-94.3015
-286.504,-1123.69
1183.28,-2667.02
-1401.08,-3432.17
1684.31,-2782.27
-2172.84,-642.127
3280.95,761.64
-3955.55,1897.69
3708.94,2927.23
-5691.87,3495.16
5643.89,4062.82
-5582.26,1339.69
6171.1,-2135.64
-6384.02,-5466.88
6895.45,-5311.98
-6326.54,-3938.82
8021.3,-1478.72
-6330.83,-1998.3
5889.17,-908.61
-6722.87,872.054
4755.41,4773.4
-4578.25,7172.69
2877.66,6758.06
-3203.35,3562.61
1240.48,548.184
-1078.53,-1260.92
2514.65,-3124.74
-200.753,-5203.85
5.29767,-6496.53
-97.5655,-4217.23
-348.886,-443.225
1072.16,3815.4
-866.463,5610.26
-1187.71,6078.99
-430.863,5508.94
63.2278,3432.2
50.9397,-279.634
126.403,-5136.37
821.233,-7956.32
250.809,-8191.44
1389.47,-6006
910.272,-3301.51
-787.767,-161.053
47.6509,2758.9
-1579.25,5773.96
2012.92,6408.96
-3085.61,4800.17
3524.41,1490.99
-5353.32,-1419.02
6092.86,-2312.95
-5253.73,-3500.06
7065.3,-3987.36
-7310.1,-3778.04
7463.37,89.6124
-7399.33,2874.41
7723.2,5934.88
-6974.75,3957.3
5096.6,2461.16
-5708.68,214.514
5421.81,-609.021
-3115.66,-2438.44
3706.88,-5021.81
-1295.68,-6516.12
930.082,-5822.2
696.525,-2677.51
970.738,-861.933
164.926,879.564
-1697.77,1508.69
68.2382,4168.44
-29.504,5410.72
-299.814,4642.27
789.138,1601.2
-2865.9,-1153.43
2266.31,-1281.78
-1649.11,-984.217
3703.38,-1771.23
-3350,-3669.83
2799.66,-2334.13
-3903.5,194.909
4340.87,3649.21
-2846.87,3150.95
1927.08,974.112
-3127.71,-1114.91
2111.97,-796.733
-359.484,-632.176
959.092,-2079.15
619.551,-4391.78
-1434.42,-5108.09
1484.34,-2439.67
-726.465,382.538
2210.56,2367.83
-3755.6,2787.36
1550.94,4150.82
-2711.1,4963.7
1865.14,5628.7
-1498.73,3014.71
508.343,-148.676
-1559.15,-1864.55
2170.9,-2663.96
-122.705,-3543.64
1023.18,-4887.99
-247.783,-4475
-1043.38,-1295.62
523.428,3238.21
-297.678,5969.33
718.23,5159.54
-2266.48,1977.61
1510.92,-268.4
-506.726,-2154.63
1661.9,-4506.02
336.502,-6965.3
-120.381,-7175.91
390.913,-5211.66
31.8768,188.809
1258.47,4314.77
-2703.73,6949.72
1528.9,8030.77
-3579.05,6521.45
2881,4602.98
-3542.84,513.401
4347.47,-2916.06
-5289.47,-4919.39
6695.01,-4561.41
-4602.92,-4553.94
6207.31,-3546.96
-6044.07,-2386.81
6068.9,363.632
-5373.98,2295.48
4884.65,3528.15
-5360.61,2871.74
3180.2,2768.17
-3461.48,1860.18
2922.56,1863.37
-1406.97,-1180.59
2192.98,-4378.22
-976.27,-5703.1
877.918,-6010.59
422.676,-3167.67
995.112,-1462.2
-889.859,532.965
-631.388,2702.82
-726.456,6127.67
636.181,7395.11
-1020.96,5366.03
1765.68,318.447
-2903.77,-4305.79
3116.04,-5196.1
-2692.93,-5071.25
5245.28,-3127.39
-4800.96,-2085.73
3852.86,576.233
-3905.68,3532.28
3433.81,6047.68
-2432.56,4732.18
1472.12,1851.56
-1792.37,-2146.09
954.27,-3647.14
1066.87,-4432.97
376.726,-5394.18
722.661,-4037.84
-1627.88,-1733.76
974.228,3226.79
177.592,5182.19
258.798,4603.53
-1672.39,1802.17
-626.738,1139.78
828.623,1245.61
-475.958,-41.0531
1780.56,-2331.66
-1875.07,-5308.65
2367.87,-4304.55
-2311.82,-1997.14
3756.65,1145.59
-3290.33,1942.32
1788.5,2159.78
-3939.16,3369.71
2081.05,5115.25
-1152.49,4765.69
1520.35,1696.58
-1681.11,-2697.92
913.725,-5160.43
1261.82,-6273.62
-28.991,-6070.23
1730.3,-5571.69
-2016.99,-3052.49
1949.87,1420.89
-2649.13,5363.85
3647.08,6968.71
-5332.53,5273.04
3938.27,3643.95
-5957.33,1500.71
5863.45,805.212
-5677.47,-1088.07
5494.69,-1698.4
-5109.23,-2780.07
4824.64,-1066.23
-2977.51,-319.722
2300.14,504.876
-2175.4,737.132
-264.87,2172.24
256.441,2923.34
-204.953,1519.61
1520.69,-496.709
-1692.62,-4078.58
1785.12,-4189.36
207.022,-5305.96
1517.33,-5135.71
-131.964,-5930.97
-1286.87,-3078.93
1425.34,2325.06
-4104.15,8310.78
5027.55,11064.9
-7382.27,8638.71
5499.9,6173.81
-8488.56,1978.61
9528.64,97.092
-8620.36,-4220.92
9356.71,-6383.82
-8622.78,-8002.83
8026.57,-4290.78
-5372.85,-1100.23
5951.46,1946.49
-4248.08,1443.59
1317.19,2159.91
-1775.55,3437.89
372.771,2826.6
892.502,1836.1
-2071.68,-1614.35
1540.7,-2545.45
-1698.29,-2330.58
3362.2,-431.462
-2259.25,-1730.67
1588.53,-1595.16
-1116.63,-1634.8
-1033.79,1021.37
1035.01,4370.38
-1629.52,4861.77
951.61,5284.71
-3356.45,3079.87
3651.82,1297.16
-2826.95,-1666.62
2926.14,-3928.8
-3119.03,-5091.42
2607.04,-2899.19
-1622.96,-1095.28
1970.71,709.851
-1077.68,1171.19
-1159.14,2084.84
868.267,4339.87
-2048.25,3944.9
2537.61,1596.48
-2841.18,-2000.68
2038.81,-4222.5
-2036.74,-4078.43
3110.38,-1024.97
-1852.37,-555.894
1467.17,151.435
-2627.88,910.655
1560.21,2438.99
-1220.39,3731.08
969.499,2996.1
-1232.91,1608.24
-760.183,407.189
1214.37,-634.945
356.705,-2619.94
1130.97,-4601.86
-1480.18,-5081.12
1054.32,-1670.8
-585.629,2230.14
1240.29,3545.6
-265.733,2149.22
-1416.54,842.811
15.4592,1256.71
-414.299,3201.01
1189.84,2703.67
-1080.27,-246.971
1310.81,-3472.95
-2399.02,-4344.46
4413.94,-2505.57
-2517.52,-1719.57
4533.64,-2168.78
-5913.04,-2303.22
5511.1,-467.985
-6123.1,1926.27
6989.14,4197.41
-7006.29,3232.08
5418,3021.72
-5771.71,1451.55
5479.19,1009.72
-4006.21,-2253.75
3686.21,-3966.5
-2645.38,-4791.9
2628.13,-3303.27
-709.504,-1103.21
911.788,234.65
-660.107,1837.41
-2061.22,2953.43
2240.36,4914.58
-1620.76,2802.23
1734.55,377.91
-1175.31,-3397.95
655.902,-4565.31
1100.53,-4457.48
-229.607,-4087.33
2503.95,-3629.23
-3712.63,-2027.55
4021.69,1879.41
-4310.39,4932.37
4831.29,6375.41
-5746.14,3973.55
4100.71,2624.01
-5597.3,370.832
5402.76,658.387
-3291.52,-1454.75
2950.74,-3116.33
-1456.73,-4269.25
1265.47,-3394.93
-289.133,-1118.27
628.05,-19.7517
-381.521,1584.86
-1329.51,1945.9
1428.74,2957.87
-1273.57,1949.71
2231.97,-173.308
-1871.28,-3293.44
1337.21,-4452.22
-1485.94,-3315.2
1284.16,-934.009
433.942,579.635
-313.113,541.008
-558.849,1890.57
-601.036,3577.51
-572.731,5025.17
498.797,4428.01
-1599.09,1305.5
887.242,-1720.67
-1245.98,-2424.19
2603.51,-2332.89
-1885.49,-1854.21
3061.73,-2174.71
-3603.05,-2536.78
3662.51,-1334.44
-3895.79,-296.987
4807.44,1856.71
-5558.9,2584.94
4946.61,2886.58
-5423.94,1893.89
5955.08,77.3621
-5411.42,-3190.92
5976.62,-4346.57
-5899.36,-3874.76
6636.87,-1588.6
-4419.84,-914.201
4671.17,-599.098
-4851.27,-179.147
2576.51,3279.96
-2164.84,5539.54
1588.2,6390.54
-1852.27,4082.97
-253.077,1146.8
148.348,78.9609
116.173,-1428.06
1645.61,-2499.08
-500.416,-4994.17
1373.89,-5480.76
-1750.77,-4192.93
2258.33,-485.746
-500.463,1400.22
68.6609,2267.47
-905.476,2452.99
-1343.21,2915.85
3554.08,1955.39
-3316.69,-1522.24
3905.57,-4618.21
-4780.98,-5698.58
4660.23,-2536.43
-3637.47,118.137
4473.8,2013.14
-4634.44,1528.89
2708.53,3552.67
-2907.67,3932.04
1981.87,4528.74
-1221.58,2164.5
-783.153,-763.012
833.898,-2302.07
-1463.54,-2787.51
4039.6,-1385.7
-3454.86,-2469.09
3402.61,-1176.77
-4338.34,-97.5841
3619.91,2480.29
-2817.48,2391.54
3011.59,1351.26
-3243.31,-508.767
1474.85,-614.375
-295.603,209.578
520.113,-786.768
512.343,-2601.33
-945.954,-4180.73
984.613,-2248.96
-77.9726,-243.462
904.281,1646.46
-1013.95,1973.69
-985.599,2319.5
139.446,2813.12
-1621.44,3816.15
2080.85,3524.37
-3038.05,2070.22
3106.78,421.222
-3895.01,-1523.46
5307.06,-2648.71
-4712.28,-4587.12
5616.43,-4214.61
-6485.1,-2519.15
5878.73,1598.99
-4564.5,3207.17
4615.73,3520.31
-5049.02,913.686
3236.67,416.28
-2841.02,233.168
3321.52,-1053.76
-2028.22,-3110.09
1637.06,-4868.28
-1254.07,-3656.15
1290.55,-750.738
-82.0693,2248.24
422.443,2674.83
-1408.89,2776.37
-183.645,2558.21
-926.763,3123.2
1126.01,3282.22
-1824.86,1718.63
1892.53,170.348
-2851.45,-1152.41
3879.61,-1863.02
-2693.44,-2663.54
4147.44,-3748.11
-4151.16,-3889.02
4557.38,-1921
-4148.89,-436.419
5325.64,890.088
-5866.99,1084.72
4573.79,2294.61
-4701.42,2547.63
5799.79,1840.49
-4316.67,-2159.66
4238.36,-4742.2
-4259.16,-5109
3607.38,-1870.42
-2265.04,1370.1
1913.73,3208.85
-1650.3,3543.89
-221.8,3923.52
45.4756,4328.58
193.468,2805.56
843.533,-389.484
-959.887,-5120.05
979.243,-6656.98
-690.44,-5168.51
1873.23,-1416.04
-471.756,1234.25
-526.18,3480.17
-104.843,4291.7
-1508.85,4672.25
2215.66,3051.35
-2043.82,-949.411
2442.29,-4002.27
-2897.56,-5973.32
4126.64,-4971.25
-2498.55,-4193.26
3485.8,-2560.93
-2170.59,-1846.01
1605.8,876.576
-1479.42,2841.57
477.365,4825.82
-187.306,4388.44
-3494.36,3891.42
3279.46,3665.81
-4755.66,2408.92
7209.64,528.909
-6853.99,-3353.53
6857.85,-4210.33
-7375.13,-4348.72
8387.74,-1153.98
-6925.71,-1349.54
7643.18,-993.797
-8074.02,-464.81
6844.56,2716.29
-5726.63,3784.98
6391.16,2043.09
-5870.43,-2003.75
4193.24,-5027.56
-4304.51,-3410.17
5777.25,-1332.9
-3010.56,-735.307
3491.28,-1495.35
-4865.94,-1333.63
4561.61,1274.18
-5389.65,3846.3
6529.26,4420.57
-6968.38,2361.72
4421.99,2019.79
-5754.94,2170.33
7353.71,2260.77
-5886.92,-1220.97
6531.72,-4942.1
-6921.22,-6287.98
6584.75,-3546.71
-4534.32,-758.513
5241.93,1497.68
-5940.08,1420.47
3534.07,3392.18
-2373.85,4041.4
2468.4,2357.8
-622.216,-1634.82
-1066.29,-4554.67
760.983,-4981.71
-853.292,-2960.12
3842.89,-1200.17
-3949.05,-1402.97
4234.2,552.926
-6190.5,2778.62
5739.07,6377.37
-6258.71,5849.21
4723.8,4131.42
-7228.85,1653.07
5096.21,1872.59
-3385.64,924.593
5055.27,-1552.03
-3650.66,-5737.19
2614.8,-7360.68
-1779.58,-5661.05
2430.86,-2664.88
-387.132,-436.593
82.2212,437.422
-1396.56,2937.38
802.671,4593.36
-1260.84,5352.57
1435.02,2724.73
-2115.15,-1179.92
1795.83,-3988.39
-1958.08,-4304.68
4057.46,-2815.3
-4030.01,-1104.17
4922.9,569.974
-6223.76,1899.81
5816.58,4323.21
-6935.34,4797.07
6969.74,5068.5
-7725.13,2578.83
6625.82,803.076
-5890.19,-1921.17
6786.61,-3955
-5043.15,-6447.3
5366.48,-5661.05
-4295.65,-3880.49
4850.19,-634.221
-3433.16,1436.53
2092.97,2410.96
-2433.49,3622.91
343.034,4501.21
-430.56,4418.82
137.688,1926.94
516.607,-1545.26
-527.732,-4880.29
1167.48,-5728.98
-331.038,-4704.38
1560.12,-2393.82
-313.094,-1132.46
-615.766,854.437
-636.002,3724.32
-157.047,6287.81
-367.995,6792.94
-422.15,4401.65
-1287.48,1709.65
54.1818,-645.365
-0.174377,-1623.15
1552.44,-3256.47
-538.49,-4884.47
2614.82,-6272.82
-2203.67,-5345.05
3214.88,-2672.38
-3881.57,426.556
5133.98,3035.87
-6688.56,3393.21
5815.08,4155.13
-6695.89,3434.91
7467.56,2446.28
-7538.11,-576.476
7561.37,-2764.24
-7976.46,-4412.54
8642.56,-3031.7
-6649.46,-2882.29
5866.12,121.583
-5947.52,2758.96
4879.4,5571.21
-4946.68,6177.77
3366.01,4534.8
-3804.14,1936.79
1926.75,9.05869
-581.178,-1836.77
2327.23,-4652.94
-948.682,-6365.98
1002.15,-6927.56
-224.929,-3889.22
907.69,-735.89
-163.516,1682.83
1051.08,2566.56
-3966,3385.96
2996.68,4856.9
-3042.18,4476.8
3833.54,1105.81
-3848.77,-3841.07
3452.93,-5440.56
-4269.56,-4294.37
5629.18,-330.495
-4309.6,1224.89
3931.91,1583.52
-4488.87,1423
2774.47,3616.05
-2091.95,3911.92
1317.63,3258.13
-1015.42,629.934
-1031.17,-1970.36
1820.02,-2538.8
-1461.12,-2568.33
3390.91,-2016.1
-3167.31,-2225.39
3965.57,-1540.26
-3694.29,-1880.07
4629.43,-1026.75
-4719.38,-1173.23
4036.4,919.839
-4981.72,2877.84
4389.73,4168.1
-2787.82,2633.64
2407.24,-414.595
-3140.15,-2207.2
2404.69,-1540
-1225.28,-499.533
2243.85,-924.969
-2260.47,-1528.47
1244.01,-796.469
-2208.38,2547.93
2278.61,5412.39
-2582.97,5467.29
2675.35,2344.9
-3981.07,-1206.13
3845.23,-3102.56
-3111.97,-3985.05
5753.1,-4422.93
-5327.27,-5184.81
4676.4,-3032.91
-4746.74,-511.511
5891.32,2550.48
-5387.92,2783.82
5073.78,2049.56
-6472.64,1500.31
5140.19,2251.79
-4456.18,1064.89
4614.46,-937.004
-4129.92,-3219.51
3208.99,-2755.86
-2516.88,-536.433
3310.89,1484.16
-2065.59,1485.9
863.415,497.371
-2178.82,501.516
673.099,2987.11
-397.283,4639.1
1016.44,2711.27
-300.123,-419.503
-758.589,-3475.33
1093.49,-4177.86
551.186,-3771.25
111.731,-2972.46
39.9959,-2089.88
-343.457,-316.575
534.039,1936.56
-666.173,3631.18
269.864,3807.69
-1279.81,2733.8
1013.95,1078.82
-1525.91,-1505.23
2520.41,-3662.55
-1254.98,-4853.62
1068.86,-3612.79
-546.88,-1738.77
801.395,1273.06
533.752,1845.65
-2657.88,2566.94
1346.19,4091.97
-3131.63,5742.3
3012.36,6145.57
-3517.29,2697.3
3518.89,-1049.89
-4247.99,-4617.54
5108.73,-4750.4
-2762.51,-5853.04
4200.65,-4967.28
-2721.47,-5139.2
1959.71,-2579.21
-605.62,715.764
-503.634,3588.67
522.155,6013.28
-2775.18,5592.18
2615.7,4588.18
-3275.48,1321.81
3856.29,-1698.11
-3175.16,-4984.58
3360.58,-4742.71
-2820.74,-3975.67
2228.37,-242.705
-654.655,1901.59
-27.6534,3007.51
171.199,3874.58
-2571.36,4516.5
2793.21,4735.93
-3261.36,1718.61
3917.18,-2208.83
-4380.4,-6105.53
4944.65,-5623.77
-4064.96,-4188.42
6003.67,-1257.52
-4870.3,-827.808
4507.76,-351.723
-4816.12,487.309
3414.07,2322.63
-2857.12,3452.86
2603.04,2895.26
-3533.31,1371.15
2308.37,32.3732
-2095.31,-409.623
3063.23,-1244.39
-2463.03,-2167.91
1780.86,-1755.05
-2151.27,-255.571
3117.62,1061.5
-2472.53,779.979
1445.51,780.461
-2844.21,1736.26
1895.64,3730.29
-1112.7,2975.54
1548.01,235.048
-2111.68,-2646.62
2240.22,-4215.96
-1166.72,-3547.53
2431.76,-2943.58
-1639.53,-2496.74
1189.99,-1194.62
-2776.2,1708.43
2128.86,5084.98
-1375.76,5690.82
1564.54,3502.81
-1782.33,-846.273
856.097,-3102.38
-605.697,-4105.18
2229.94,-3947.46
-694.219,-4236.53
-657.099,-2528.24
1187.02,1418.49
-2535.94,5818.71
2255.67,8535.8
-3540.51,7258.24
2172.43,4599.1
-3655.63,418.675
3769.69,-2111.57
-3001.42,-4533.25
3353.21,-5030.32
-1727.07,-5436.55
2403.8,-4340.34
-632.578,-3568.67
1292.09,-1665.16
-169.253,0.865295
-1348.18,1613.22
510.809,4364.04
-1419.04,4026.55
1106.33,3124.81
-904.563,183.547
-570.296,-562.155
962.008,-676.859
-385.569,-449.451
2215.78,-2082.23
-4412.67,-2434.92
4314.28,-112.783
-4634.02,2067.79
5042.17,5353.17
-6161.63,4578.61
6014.75,3671.51
-7371.49,825.567
7696.22,-1467.38
-6023.47,-4859.6
6399.12,-6055.48
-5185.34,-6061.9
4457.72,-2837.55
-2831.76,-128.636
4103.31,910.957
-3149.05,913.78
407.956,1286.08
-1323.67,3756
999.167,5316.97
-1365.29,3538.64
433.179,159.519
-314.685,-2130.87
-558.118,-2498.3
2155.59,-1105.78
-1379.7,-807.446
1635.93,-1530.8
-2642.69,-1040.27
2233.38,288.292
-1546.04,1459.91
2126.36,2523.92
-2567.99,1533.97
1672.08,1049.75
-1776.18,-348.743
2068.65,-1481.7
-410.817,-3877.15
767.526,-4569.34
-463.266,-2800.79
734.249,-496.204
-432.963,2251.2
780.159,2207.61
-1819.89,2395.02
285.05,2508.68
-1372.08,4015.84
3324.96,2976.48
-4090,-130.173
4771.05,-3258.93
-6687.29,-4046.61
7660.86,-1670.17
-6872.27,-985.672
8150.63,957.276
-9486.24,590.713
8650.53,2604.31
-8584.76,2919.6
7434.1,3452.24
-7055.06,734.205
5078.68,-127.92
-4984.23,-1364.4
4384.89,-1230.32
-1348.88,-2386.18
1481.36,-4723.1
-934.547,-4148.54
-316.775,-2778.75
1590.59,354.498
-696.067,1082.06
196.798,1335.35
-2178.63,1839.66
944.906,4612.3
-239.435,4683.94
-466.924,2615.08
742.128,-711.132
-2216.65,-3124.28
2443.29,-2091.43
-1483.87,-1537.82
3777.69,-1312.52
-4181.22,-1633.38
2993.17,-58.0958
-3198.8,2182.74
3575.12,4211.92
-3478.75,3143.16
1963.16,2276.1
-3451.65,1531.16
3350.6,1030.88
-530.55,-1604.71
983.755,-5316.79
358.724,-7605.65
-380.101,-6224.71
1752.2,-2959.29
-755.149,-74.7039
1518.44,1967.98
-4077.5,3480.63
3087.74,6267.29
-3358.02,6622.9
4106.68,4042.89
-4356.31,-1287.43
3317.69,-4406.52
-4280.53,-4840.87
4765.54,-1931.9
-3152.87,-210.427
2945.05,928.098
-3914.98,2622.39
2851.96,4495.8
-2206.37,4285.24
2353.25,1662.67
-2170.87,-2775.93
744.556,-5261.67
-1606.63,-3738.84
2855.19,-1497.05
-1261.67,-233.579
2363.33,-1029.45
-2975.47,-1244.1
3361.66,-607.063
-3534.84,269.094
4469.47,461.136
-5796.15,-129.477
4351.11,830.474
-4652.22,1863.78
5527.33,3410.61
-5534.38,1878.77
5092.56,1392.98
-5804.19,-19.3369
4915.31,-92.7172
-3478.66,-1173.3
3018.16,-1511.62
-2146.12,-1582.49
503.877,677.205
677.797,2878.88
-1043.9,2607.78
1801.9,1070.2
-2199.84,-2345.06
2478.14,-3156.1
-1592.64,-3595.8
2707.84,-2576.74
-2542.97,-1999.53
1891.69,-66.6788
-1570.76,974.047
858.376,2763.49
-150.258,3096.16
-838.276,2348.58
899.52,1830.78
-2724.74,330.488
3288.48,-406.839
-3150.65,-2237.12
3286.33,-2323.06
-3850.77,-946.238
3262.58,2053.37
-1768.5,2291.37
2319.92,1046.16
-3021.51,-1622.75
720.918,-1073.93
-41.0909,768.857
-534.552,1932.71
1463.12,1405.01
-1581.38,-1288.54
1163.16,-1827.74
-1205.45,-1908.93
2877.5,-1237.59
-1707.23,-2575.16
1550.72,-2993.33
-2520.62,-2106.38
1954.46,967.958
-413.361,3249.94
-895.341,4499.36
198.396,4276.67
-1705.8,3067.7
2182.97,2095.38
-2025.53,-1291
2602.95,-3707.62
-1815.79,-4976.78
2223.19,-4007.28
-1198.18,-2243.69
2446.39,-344.186
-2834.42,1201.1
1058.29,4057.62
-2018.67,6029.41
1403.86,6424.64
-1430.64,4279.1
-45.6012,184.44
815.647,-3249.24
-990.617,-4803
2507.85,-5686.62
-1265.26,-5506.07
3450.54,-5208.31
-3792.92,-3263.61
3985.85,611.656
-4271.66,3403.78
6059.63,4375.69
-7262.74,2100.31
5311.07,1472.36
-6601.49,1139.78
6248.4,2666.71
-5354.99,616.815
6319.58,-1869.14
-5975.64,-3940.51
5303.83,-3024.15
-4431.12,-512.23
4624.2,1607.1
-4037.38,1861.46
2208.91,1875.22
-2844.14,2473.03
2951.74,2944.62
-1710.92,2088.08
1691.66,-980.001
-2075.14,-3628.2
2284.83,-4393.88
-1273.95,-4387.68
3455.72,-3841.26
-3083.89,-2050.98
2349.67,793.426
-2959.25,4143.21
3470.31,5211.27
-3328.4,2580.81
1637.9,840.341
-3366.15,57.9898
2607.15,1931.76
-657.654,927.023
123.625,-994.985
518.127,-3408.37
-1935.56,-2890.59
3100.28,-606.509
-2620.68,536.408
3506.36,1283.17
-5427.27,6.93777
5498.45,751.587
-5969.8,307.678
7249.83,468.762
-7124.3,-1221.19
6036.9,-1136.24
-6197.52,-1120.67
6163.85,38.1423
-4119.68,-886.988
2835.94,-1044.15
-3734.49,916.305
2872.88,3254.26
-2091.06,3970.28
1700.5,2237.57
-2875,-53.2874
2027.99,-1030.65
-1395.37,-279.396
2528.13,-1058.48
-2221.58,-1832.74
1735.92,-2183.28
-2337.73,-1024.2
2673.15,1233.26
-3140.71,2298.1
4623.53,2193.31
-6395.42,1257.98
5782.86,852.36
-6187.9,343.653
7016.27,-286.758
-7109.66,-2437.57
7636.32,-2833.99
-7307.88,-3018.18
8145.38,-1346.53
-6601.79,-1454.87
6015.6,-235.527
-6066.04,-305.503
4856.68,2167.73
-4662.84,3116.05
3848.98,3396.61
-2922.54,2445.06
987.516,741.366
215.677,-435.142
-383.419,-2061.28
1344.51,-2590.51
-1623.95,-2971.03
1830,-764.799
-1968.74,888.572
2037.54,3076.17
-2155.97,3430.94
1271.95,2814.25
-1475.98,1653.82
700.173,197.738
365.99,-2117.46
997.803,-4775.13
-136.898,-6121.41
-24.1788,-5270.46
690.398,-1638.25
442.715,816.612
60.6503,1989.3
-289.688,1897.89
-1445.25,2551.62
1542.41,3187.23
-1638.67,2362.77
2212.14,-116.682
-3935.6,-1700.07
4485.49,-1922.68
-4825.47,-1118.34
6633.24,308.471
-6191.41,-355.705
6368.02,-7.39914
-7715.96,341.167
7124.74,2671.67
-6454.69,2125.79
6558.2,1416.59
-6749.3,-935.414
5536.65,-664.311
-4061.51,-1084.06
5334.67,-1924.17
-4098.52,-3725.35
3732.88,-5201.36
-2643.41,-3375.22
2536.5,-599.497
-1696.67,1915.39
1675.18,2808.65
-3718.02,4282.01
2365.05,4843.46
-3150.21,4450.79
3757.44,2542.55
-3916.42,-1312.25
4435,-4030.22
-4339.86,-5732.34
6389.67,-5103.51
-5950.11,-3918.39
6045.36,-1238.11
-6131.56,1660.78
4673.89,5896.52
-5502.54,7037.71
5366.64,6457.57
-5246.82,2272.4
2975.66,-1438.83
-1601.4,-4618.94
2974,-6648.65
-989.202,-7814.97
665.74,-6133.23
627.898,-2225.78
-249.454,1622.83
1310.26,4870.76
-2913.15,4995.84
2096.65,5144.77
-4430.76,4867.03
3793.68,3537.71
-3768.52,310.184
4580.93,-2805.66
-4334.59,-5292.72
4587.27,-4726.08
-2747.91,-3342.43
4279.33,-1565.09
-3642.5,-1319.3
1920.08,763.868
-2139.74,3236.14
1593.19,5498.79
-1092.09,4444.5
461.786,1532.44
-1778.89,-97.5459
773.08,-1681.09
1241.95,-2362.44
529.546,-4664.53
-178.982,-5485.77
888.095,-4630.83
-417.91,-1411.72
2562.99,623.499
-2491.46,881.047
2499.62,941.601
-5230.81,2194.76
4790.17,5170.69
-5343.67,5164.69
6666.12,2994.56
-7612.42,-955.717
6777.44,-2636.61
-6284.55,-3015.85
8094.94,-1801.71
-6726.31,-3317.29
6310.51,-2833.81
-6253.02,-1413.99
5579.32,2382.68
-4766.74,4460.67
4467.45,4213.9
-3297.72,779.619
1997.82,-2356.48
-631.268,-4554.94
1620.94,-5596.76
980.057,-5521.65
-1235.1,-4860.38
2518.92,-2051.24
-3602.25,1825.35
4209.76,5429.29
-4403.69,6129.59
3722.31,5596.55
-5200.55,3125.62
4528.81,1666.53
-5040.74,-698.539
5704.82,-2155.02
-4155.61,-4408.42
4325.26,-4523.86
-3116.96,-3307.62
4235.88,-949.593
-2976.04,51.6259
2828.73,243.992
-3201.23,935.184
2293.19,1235.99
-2424.33,2353.03
3576.61,1356.57
-3822.68,-675.008
4075.41,-2249.11
-4199.64,-2768.69
5097.95,-2244.79
-5097.98,-1630.47
6097.12,-309.744
-7262.09,622.855
6562.81,3478.7
-7557.37,4668.52
7289.86,5284.47
-7410.65,2114.78
5663.65,382.725
-6113.91,-1279
6139.54,-1855.36
-4239.44,-3069.56
3765.97,-3463
-2465.17,-3935.26
2063.95,-2240.83
-568.963,-338.703
362.022,264.995
-335.508,1434.9
-2685.58,2972.11
2457.96,4624.44
-2986.73,3709.08
3615.9,1486.14
-3934.53,-1806.37
2559.05,-2206.64
-2024.06,-2354.52
4023.2,-2052.63
-3985.69,-2769.2
2847.05,-1901.49
-3572.71,1958.24
1999.38,6639.36
-2205.96,8216.68
2343.28,5783.83
-4008.84,1474.42
2181.99,-1891.37
-1496.49,-3073.96
2911.36,-4133.45
-2857.2,-4589.14
2795.14,-3340.05
-3705.68,-982.239
5407.68,1791.52
-4581.24,2163.72
3891.84,1470.1
-4657.44,507.543
3771.23,740.82
-3843.2,-826.718
3820.47,-1409.63
-3670.95,-1941.18
2644.16,-364.376
-2005.31,1489.92
2176.32,2763.27
-1474.51,1709.13
-1292.39,1098.3
140.531,2148.26
-1754.88,3416.74
3490.89,3241.61
-4081.6,563.797
3943.9,-1269.23
-5632.82,-1548.45
6508.74,-530.231
-4746.96,-2167.33
6079.36,-4074.53
-6277.93,-5793.51
5754.36,-2405.71
-5238.01,1165.09
6365.65,3367.41
-5580.9,1673.64
3233.95,503.451
-4639.07,1182.46
4397.48,2748.06
-2692.6,2354.48
1930,60.5114
-1649.4,-2469.26
694.749,-3086.76
420.042,-1628.59
1054.76,-981.781
153.23,-1226.45
-1220.76,-519.212
-129.301,2028.8
-376.139,4257.09
1015.45,4836.53
-675.313,2121.07
-437.318,-472.826
888.631,-2642.05
-117.964,-2934.26
1326.62,-3346.21
-2004.05,-3424.6
2588.38,-1467.71
-2454.99,299.047
2631.6,2604.48
-2146.66,2884.63
1434.92,3261.2
-2606.79,1859.43
1982.42,560.323
-586.935,-2404.78
361.352,-4201.78
1262.78,-4921.75
-2276.86,-2941.92
4304.52,-4.34514
-4852.67,1154.5
6184.88,1353.81
-8235.42,816.365
7729.91,2790.1
-8646.7,3428.64
9144.54,3934.69
-8936.97,392.347
7428.99,-878.426
-8646.84,-1886.6
8256.76,832.604
-5877.88,359.202
5689.83,-740.389
-5015,-2077.4
3585.41,-1894.68
-2579.26,-135.461
1405.25,1152.82
-1004.95,2113.07
-1130.13,1877.32
702.288,2735.23
-618.396,1747.01
1525.44,64.5671
-495.083,-3423.78
-291.644,-5000.81
-177.63,-4275.86
300.387,-2128.17
1016.58,188.261
-2217.79,2192.81
653.182,4818.65
-2289.61,7282.84
1986.25,7449.6
-2721.08,3303.36
2712.12,-1867.17
-4187.93,-5440.58
4287.27,-5122.65
-2536.15,-4003.29
3596.86,-2355.88
-2434.83,-1880.68
1003.07,311.731
-941.454,2424.8
390.329,4723.07
497.301,3858.47
-2793.34,1974.37
2670.04,263.742
-4061.95,-832.708
6023.64,-1486.3
-5726.09,-3239.49
7051.32,-2807.37
-8269.38,-2519.94
8694.62,1110.23
-8587.82,2425.41
8096.03,3791.74
-9181.24,3191.16
7601.78,3900.95
-7337.64,2805.34
7580.83,757.073
-7188.47,-2477.02
5678.52,-3732.69
-4833.88,-3528.22
5137.31,-2114.42
-3105.58,-1509.06
3039.25,-1241.34
-3049.86,-194.081
2770.53,1013.52
-3161.18,2236.44
2450.93,2138.8
-3072.75,1363.45
2250.19,720.967
-3009.06,781.365
4309.07,-79.1576
-3414.25,-1628.24
3101.35,-2547.25
-3386.44,-3074.21
3095.08,-617.414
-2587.19,528.815
2271.37,2382.69
-2809.28,3049.85
1248.06,4067.23
-889.91,3984.98
28.3934,1941.17
395.558,-977.401
-1565.96,-2940.53
2396.88,-3231.84
-2601.91,-2882.91
5186.95,-1777.26
-5973.53,-1368.59
6282.86,-15.0331
-7870.74,2275.32
7697.58,4233.55
-8181.49,3512.17
8278.44,2147.02
-9298.59,-962.109
8613.59,-761.258
-8715.42,-1458.75
10031.4,-1317.02
-9146.51,-3412.08
8304.89,-2989.84
-8851.14,-921.754
7501.64,3742.29
-6220.27,5273.12
5099.44,4154.5
-5598.72,1756.79
3073.8,186.988
-2256.86,-366.167
2213.71,-999.906
-1488.54,-2269.72
1339.1,-3490.82
-1550.39,-2567.06
2343.58,-1390.32
-1206.61,373.375
1850.01,140.622
-3002.95,717.803
2286.09,1503.61
-3043.79,1761.55
3911.48,1780.29
-4449.85,226.796
3089.21,864.982
-3682.58,1380.23
4201.55,2614.69
-3492.69,230.028
2415.75,-1079.36
-2329.87,-1661.71
842.387,202.742
73.2564,2267.14
-1271.19,2703.04
1346.62,2509.26
-3423.92,1337.17
4545.31,488.853
-3880.58,-2152.63
4771.93,-3645.34
-4160.09,-5855.99
4398.47,-5144.04
-3734.64,-3955.3
4188.47,-1242.83
-3007.02,409.999
1878.84,2655.53
-1994.56,4287.94
645.677,4802.55
-482.064,3519.73
246.559,-46.232
-580.477,-2257.72
90.1414,-3445.66
963.938,-1685.66
299.216,-707.552
-678.211,399.189
311.561,1943.73
-1612.83,3782.84
2037.37,4434.69
-2476.32,3334.78
3286.09,983.984
-4433.86,-1837.96
5190.79,-2830.94
-4587.72,-4185.36
7447.41,-5375.15
-5541.34,-6973.66
5745.15,-5088.99
-5461.56,-1731.95
6157.05,2831.2
-4918.22,3607.52
5081.54,2279.57
-7102.95,1061.58
5305.28,2610.52
-4512.37,3558.35
4671.67,2516.81
-3302.78,-1630.33
2824.79,-4814.21
-2450.56,-4733.66
2750.9,-2088.39
-348.284,145.764
-468.839,1642.05
-663.821,2481.23
39.3882,3261.2
-319.716,4059.7
269.497,2819.51
-688.45,1762.95
-1095.68,-107.324
647.535,-867.497
1730.56,-3444.36
-498.742,-6462.39
1836.37,-7124.6
-1524.18,-5141.09
2456.56,-1297.39
-1599.19,696.873
1417.91,2267.27
-3424.94,2200.33
1755.31,4464.1
-636.439,5032.7
376.838,3224.36
462.12,-824.773
-2481.43,-3501.54
2169.94,-3383.07
-3165.7,-1231.17
5887.91,912.562
-6513.12,1212.6
5836.08,3051.28
-7629,4242.21
7758.13,5605.05
-8094.37,2628.83
7163.49,-187.31
-8456.28,-2936.08
8131.38,-2098.18
-5849.66,-2488.04
7797.05,-3556.85
-6608.29,-5459.32
6394.83,-5301.72
-5743.8,-3077.75
5231.11,424.952
-3540.59,2170.12
1919.66,3165.82
-3777.34,4486.06
2676.96,5357.5
-2673.07,4761.08
2112.66,2067
-2018.69,-1833.25
1181.3,-3960.67
-731.478,-3913.8
2624.64,-3296.84
-1614.74,-2097.14
1581.33,-1171.92
-2520.49,1882.01
2254.94,4556.37
-3193.98,5248.87
3178.02,4786.82
-4601.82,2039.07
4149.7,-215.076
-3256.25,-2466.08
4204.3,-4213.67
-2461.3,-6930.53
2671.07,-5612.03
-1797.7,-3863.93
1057.05,591.014
182.138,3945.09
-1814.13,5436.24
1547.67,5877.27
-4385.8,4700.71
5161.67,3053.21
-5755.88,-847.085
6974.18,-4165.18
-7382.22,-7036.12
8023.75,-4943.06
-7912.09,-2648.33
8749.68,1463.86
-8084.56,2821.04
6000.28,4521.41
-6323.38,4624.08
4765.36,4707.69
-4457.89,2253.22
3858.47,-1113.58
-3336.08,-4370.24
3558.34,-6289.78
-1780.11,-5417.64
1931.04,-3517.87
-889.852,-361.172
683.753,1901.58
-1230.99,3765.71
1179.21,3634.64
-2097.01,3271.66
2036.68,1943.59
-3750.95,842.933
3802.07,493.782
-3572.81,-1498.2
4949.11,-2978.07
-4263.37,-4369.35
4593.58,-2897.99
-3826.34,-835.223
4551.07,1324.01
-4578.28,1226.92
3144.54,2213.08
-4358.68,3037.95
3123.56,4711.51
-1917.82,4117.22
1573.43,964.16
-173.701,-3198.99
-569.976,-6099.6
2816.53,-7194.41
-1330.26,-6672.93
3803.69,-5173.52
-4351.32,-2464.26
3960.11,2711.21
-4038.06,5736.15
5075.99,6794
-6265.02,4178.9
4186.21,2711.71
-5521.81,1411.09
5491.72,1145.2
-3738.26,-1988.37
4321.26,-4846.46
-4390.83,-5040.35
3957.57,-1942.05
-2384.69,1913.28
2963.57,2852.82
-3130.41,1926.9
1267.24,1096.77
-2282.84,1406.23
3410.26,1513.49
-2609.91,-170.021
3467.24,-3731.52
-3758.14,-5812.87
4746.44,-5396.18
-4068.36,-3808.75
6981.24,-2276.58
-7348.13,-929.034
6257.43,2022.11
-8094.13,5082.4
7913.21,7703.89
-8285.15,5529.87
6860.73,3410.87
-8232.32,14.4527
7749.24,-183.459
-5455.01,-2744.65
5965.29,-4777.73
-4921.41,-6024.54
4277.28,-4177.85
-2717.93,-779.602
2520.57,2365.99
-536.065,3434.62
-888.208,1966.58
-682.491,2547.25
-597.911,2489.63
2306.65,1157.1
-1579.33,-2270.86
1503.97,-4799.92
-1939.65,-4570.22
2770.92,-2035.56
-212.459,-689.038
1074.44,-877.732
-2565.91,-607.964
1063.35,2454.43
-1572.79,5900.25
1288.99,6319.81
-997.687,3449.14
841.134,-775.817
-2757.66,-2960.97
3773.93,-3081.4
-2101.49,-2769.3
2305.08,-2728.79
-2997.12,-2043.54
3248.39,77.8054
-3225.13,2091.28
4826.47,2801.74
-5893.95,1819.39
4557.84,1428.94
-5633.25,533.093
7272.89,-1117.34
-6188.74,-4585.24
7840.41,-6405.36
-7941.71,-5443.1
7889.17,-1136.13
-6624.37,1819.33
7342.64,3086.52
-8322.35,1306.02
6746.12,2586.53
-7139.15,3969.27
6971.37,5006.04
-6307.04,2842.14
4796.83,-260.795
-5168.08,-2998.86
4669.38,-2672.59
-2442.37,-1660.28
2377.16,-420.606
-926.127,93.7421
-328.927,275.44
623.67,608.355
-718.039,115.221
1181.44,-88.6681
-1781.74,-525.339
1138.46,599.607
-1256.61,671.934
2959.87,-486.477
-2445.26,-3357.73
2456.17,-4440.13
-2700.6,-3084.13
3887.32,-1011.92
-3168.58,413.582
2713.27,647.008
-4474.62,2123.8
3583.99,4184.94
-4719.16,5735.21
5294.27,5083.47
-6420.91,1610.95
5974.37,-792.442
-6989.75,-2971.85
8162.51,-2909.27
-6974.42,-3565.24
8276.24,-3313.89
-8941.21,-2400.82
9014.39,578.852
-7891.77,1824.36
8450.87,2082.75
-8472.19,-141.875
6782.21,26.1467
-6636.97,285.185
6422.14,1083.84
-4099.27,-1114
4314.36,-3340.28
-4469.43,-3606.33
3503.6,-717.214
-1963.38,2124.91
2083.91,2523.64
-1665.35,1699.15
-320.899,633.342
320.674,1759.4
-146.844,2322.2
1107.57,1298.39
-593.66,-1816.78
-494.748,-3270.94
619.821,-2717.8
241.932,-1182.43
2514.82,-1010.29
-2098.02,-1641.08
712.144,-833.979
-2127.39,1718.89
3347.78,3585.18
-2558.23,1746.63
1899.08,-343.311
-2002.1,-2495.68
2279.31,-1635.83
-646.567,-2017.27
1301.95,-2693.14
-821.291,-3143.36
-1250.28,-1150.07
1367.79,2919.5
-2042.87,5869.31
2905.07,6365.81
-4797.1,3963.44
3886.29,1683.51
-4760.86,-1168.17
6177.43,-2701.05
-5320.52,-5397.17
5267.78,-5457.19
-4516.99,-3944.98
5371.39,-980.474
-3260.58,-198.892
2882.39,841.054
-3674.47,1451.79
1325.02,3659.38
-724.189,4408.39
259.481,2558.46
-676.962,495.272
-1038.59,-1117.66
1165.75,73.265
392.324,-781.153
670.051,-2128.26
-664.862,-3828.96
216.205,-3119.33
567.598,-1045.01
-680.641,1639.21
1479.09,2947.94
-3352.74,3035.25
2356.41,3886.98
-3439.88,3120.59
5498.8,925.534
-5339.99,-2992.77
4631.73,-4366.45
-5750.5,-3135.57
5507.68,615.37
-3473.63,1386.01
3691.64,810.977
-4955.42,-22.403
3860.76,2028.47
-2991.65,3044.34
2969.42,1494.72
-2441.29,-2178.37
686.76,-4238.99
-854.773,-3160.99
2720.12,-1748.82
-249.505,-621.78
503.855,-1742.7
-1115.96,-1573.37
496.561,-13.6678
-1689.24,2527.23
2629.33,3798.9
-4138.74,3972.38
2738.54,4175.64
-4496.18,4415.08
6176.72,2792.4
-6087.02,-1482.86
6215.08,-4157.02
-7117.76,-5785.49
8505.51,-3710.48
-6400,-2547.71
6761.85,-876.556
-7375.94,-0.623383
5914.47,3904.21
-5723.18,5261.23
4731.65,4909.6
-4469.13,1880.07
3306.54,-1486.66
-2387.86,-3893.52
2346.38,-4964.14
485.353,-5082.3
-58.5801,-5262.55
383.336,-3190.97
-329.674,-351.597
-699.537,4641.62
-113.946,7326.37
-585.973,7681.06
-1261.18,6247.38
-1357.32,3960.4
1738.07,1074
-1829.91,-2104.02
2563.14,-4917.92
-2834,-5815.41
4254,-4423.13
-3634.25,-2899.14
4923.44,-281.581
-5242.09,716.981
4344.23,2784.24
-4302.94,3361.52
3295.46,2786.05
-3316.45,598.534
3004.81,-796.859
-3067.34,-2788.19
2802.04,-2686.11
-1296.69,-1932.59
652.98,-989.414
-630.288,829.304
-716.368,2535.59
798.036,4321.09
-1943.78,4320.97
1133.35,3724.15
-2731.5,2551.35
2030.15,1448.22
-926.609,-1425.31
1745.02,-4096.78
-1115.87,-6187.04
1554.77,-5476.15
-155.98,-3187.21
278.554,-403.708
308.241,1285.32
-1050.1,2257.9
-348.698,4206.62
-849.758,5196.63
-5.07159,5426.92
165.57,2335.27
-590.13,-1088.34
1190.3,-4928.44
-1598.39,-5707.64
3547.3,-4240.16
-3634.66,-2147.79
5172.14,-101.635
-6276.18,1343.96
6174.97,3778.84
-8047.45,4586.66
8902.34,5198.58
-9873.4,2413.23
9087.84,232.432
-9852.4,-2453.41
10569,-2759.15
-9011.53,-4296.69
8760.1,-2967.25
-7299.53,-2430.32
6863.61,177.217
-5482.98,878.49
3941.61,1976.76
-2464.08,1294.98
405.258,1073.02
-376.802,1712.52
-119.623,647.406
1549.35,104.853
-1155.33,-3124.84
1080.93,-2977.65
-1642.65,-2181.58
3911.54,-738.834
-2471.58,-981.246
1194.33,-707.322
-1542.91,852.728
-395.463,4290.89
396.255,6763.43
-665.498,4841.02
316.712,2474.51
-1313.43,-1124.33
1498.18,-2789.76
798.585,-4360.87
-50.7228,-5875.14
1464.73,-5946.49
-2572.79,-3656.43
3308.9,74.542
-1224.2,2646.95
2112.82,2641.83
-4663.11,2115.75
3774.33,3613.01
-5441.93,3439.13
7058.23,1429.63
-6681.02,-2666.74
6270.15,-4800.95
-6383.5,-4041.08
8277.56,-970.999
-6938.58,-398.681
6980.07,-412.266
-8510.94,-44.7487
6503.59,3663.72
-6194.79,5684.31
6593.99,6139.31
-6439.07,2207
4167.41,-791.754
-4070.31,-2769.22
4826.12,-3872.48
-2122.48,-5034.09
2054.17,-5588
-1280.81,-3818.48
1285.15,-490.486
-226.062,2766.58
-355.291,3632.75
-516.183,3897.13
-1042.35,3091.59
-162.098,2959.15
1728.05,586.417
-1616,-2397.54
1832.22,-4372.32
-2392.69,-4315.36
3203.35,-1937.85
-2604.67,94.9316
2975.88,1731.14
-4612.09,2834.85
3997.72,4870.24
-3933.41,4126.15
3315.9,2886.43
-3201.76,-1090.46
1528.4,-2399.7
-1507.69,-2391.73
1179.89,-1480.42
1299.37,-879.54
-1907.52,-1334.6
2299.59,-816.26
-3104.82,241.323
3848.84,1425.57
-4393.39,498.049
4943.8,-267.5
-6290.27,-1675.95
7233.67,-1086.39
-5775.83,-1846.27
6676.27,-2346.67
-6377.31,-2682.69
5820.43,-1307.73
-6339.48,746.625
5722.16,4029.91
-5410.13,4573.32
3453.53,5388.16
-4154.08,4894.66
2897.11,4095.59
-2866.85,1915.54
2444.8,-1337.16
-2335.98,-3390.12
1310.05,-3628.15
283.95,-2428.71
1189.33,-1841.05
-814.928,-1104.5
716.642,-1167.72
-860.791,146.605
377.236,1062.54
-1065.26,1267.68
1268.04,1183.34
-2166.69,-10.4046
1397.24,377.247
-1112.6,-6.71136
1522.91,-861.711
-655.457,-2355.37
-551.48,-2377.01
79.9594,-1238.87
-44.3622,1179.46
1610.43,1687.13
-3132.09,1214.49
2172.34,2422.29
-4707.73,4182.49
4511.59,5666.01
-4743.94,3392.82
5082.24,69.2929
-6419.74,-2892.99
6077.13,-2469.29
-4123.69,-2721.4
5897.75,-2946.87
-5251.07,-4694.01
3707.64,-2965.15
-3545.04,503.097
3470.6,4272.51
-2303.07,5082.01
430.918,3681.87
-1455.31,2090.28
1052.75,-19.5037
951.534,-2494.5
398.947,-6115.06
-827.473,-6054.18
-60.5756,-3284.06
28.5337,2018.22
2229.6,4285.47
-2610.11,3638.31
1688.81,2719.51
-4639.9,3570.02
4499.45,5158.15
-3660.61,2039.41
4010.77,-2154.95
-5172.1,-6208.18
4943.74,-4698.12
-3478.7,-1737.89
5993.78,226.227
-4198.7,-1470.58
2409.76,-2325.06
-2862.21,-1199.42
2299.82,1596.24
-710.705,3075.1
775.708,1446.39
-1090.15,-105.497
-817.423,-539.005
687.49,915.769
974.598,805.516
-700.195,-825.581
-303.071,-1700.38
-668.995,-25.2071
1539.54,1405.53
-600.325,1729.26
1230.45,76.4959
-2829.76,-1399.04
2336.47,31.0183
-1886.82,719.864
3015.2,499.626
-2950.86,-1134.04
2895.53,-1821.77
-2733.9,-1786.02
4068.46,-1397.95
-3196.72,-1475.88
3136.28,-1339.16
-4365.71,-213.766
3777.66,2332.6
-2612.42,3131.82
2454.01,2406.68
-2344.71,374.326
722.997,302.516
-89.8521,-475.472
917.5,-1235.66
337.836,-3036.23
-1094.21,-3832.83
1430.18,-1584.6
-1752.56,1421.45
3225.56,3565.27
-4236.42,2643.68
3649.46,2137.76
-4880.55,911.57
5036.05,882.392
-4968.48,-9.7595
4183.02,-134.613
-3856.99,-1051.14
2381.46,-345.59
-967.744,-383.331
1461.49,-918.865
-912.486,-1691.84
454.984,-1640.01
-650.646,-481.032
646.148,-376.085
-344.807,193.343
341.052,-804.052
-1602.28,464.018
1626.31,1661.05
-1946.01,2886.15
2628.65,1576.41
-4469.7,-251.402
4189.09,87.6471
-6241.39,472.39
7158.8,2611.83
-8116.03,2470.67
7601.3,2546.52
-9132.57,1365.8
8830.42,1498.75
-7918.15,-842.348
8088.87,-2444.83
-7073.56,-4842.78
6290.23,-4096.81
-5146.37,-2939.95
4995.22,-661.964
-3333.05,112.649
1878.49,1032.16
-2210.23,2461.14
913.82,3675.28
-1110.38,4581.56
535.575,1945.5
-83.4039,-671.935
-875.218,-2978.61
1193.67,-2692.07
-214.535,-1749.71
196.908,-210.185
173.267,664.347
-1193.39,1527.4
1480.13,2377.28
-2131.69,2583.44
2055.89,2934.44
-2963.25,1698.68
2981,455.679
-2557.25,-1934.44
3451.02,-4297.54
-2274.23,-5291.81
2483,-3450.24
-2145.6,-1347.22
2330.63,1693.79
-210.743,1076.6
-826.997,44.1818
261.929,407.104
-2054.84,2258.08
3409.36,3615.82
-3860.85,1891.52
4565.99,-1190.37
-6051.82,-3301.2
7014.63,-2152.75
-5447.92,-2188.02
7641.85,-1492.66
-9301.87,-1616.15
8386.07,918.323
-9058.98,3270.9
8348.22,5687.32
-7425.2,4392.35
6097.63,2848.68
-6051.45,-385.454
6457.71,-2559.14
-4381.37,-5773.39
4819.98,-7776.11
-3143.62,-7336.04
2818.46,-3983.89
-1594.2,856.067
3594.56,3207.18
-2987.57,3439.31
1000.47,2146.71
-2016.97,2827.18
1270.07,3085.41
-1034.12,1467.24
2635.09,-1648.61
-3289.62,-4126.29
4632.69,-4023.55
-3645.5,-2449.4
5099.39,-473.976
-5113.82,32.9584
4496.15,1736.56
-5815.04,3050.61
4672.71,5608.32
-4122.88,5747.36
4025.32,3598.77
-4457.93,-415.87
3049.04,-2399.13
-1220.58,-5217.68
3178.96,-6885.45
-204.013,-8223.43
-275.499,-7268.05
1107.62,-2076.79
-1110.12,2658.02
2728.02,4907.28
-4218.44,4017.32
2567.39,3565.68
-4409.48,3548.24
4372.36,3710.04
-4010.15,708.071
4238.54,-2387.7
-5295.12,-4650.01
4473.49,-3030.99
-3109.65,12.3127
4001.08,1864.55
-3581.52,1432.76
1748.66,1905.57
-3808.15,3155.72
3587.82,3929.35
-2665.4,2407.23
1726.88,-769.48
-2766.91,-2571.06
2716.39,-2503.6
-1498.55,-2052.76
3258.56,-2938.76
-4063.92,-3196.34
3444.65,-1580.77
-3628.78,1022.49
3968.27,3305.35
-4303.74,2863.48
2852,2925.06
-4966.87,2606.97
4897.65,2194.46
-3419.63,-475.856
3332.2,-3050.65
-3547.5,-4819.74
2227.99,-2181.86
-1209.2,712.536
1940.74,1802.11
-1263.59,1431.96
-1944.66,1891.28
1185.15,4342.45
-1830.01,5592.94
2776.75,3506.33
-3226.7,-1354.76
2782.61,-4594.75
-3909.17,-4855.04
5714.78,-2010.78
-4842.43,-808.991
5483.47,-480.548
-6110.75,-346.565
5304.6,1224.11
-5108.52,2078.73
5258.66,3067.6
-5843.08,1563.76
3807.56,941.361
-4450.09,603.884
4724.22,201.068
-3314.62,-1582.46
4016.97,-3227.17
-4387.65,-2971.65
4060.28,-1276.79
-3538.8,549.103
3249.17,1410.09
-4555.14,2340.6
3103.64,3727.74
-3868.65,4940.09
4349.05,4581.12
-5154.43,1290.13
5898.66,-2822.11
-6233.1,-6202.39
7186.53,-6491.73
-4892.91,-6507.67
5939.52,-3815.19
-6215.54,-545.366
5129.11,3821.97
-4873.21,6028
4078.19,6668.7
-4314.99,3806.61
1675.27,2246.34
-1755.44,880.528
1002.56,-149.257
1234.98,-2852.35
-2207.64,-5159.43
3961.09,-4304.02
-4710.36,-2194.56
6754.62,1041.39
-6184.42,1699.53
6143.59,1690.89
-8678.54,896.884
7696.56,3496.61
-7445.04,3094.38
7789.45,2127.87
-6783.6,-1815.93
6186.19,-3969.42
-5957.11,-4401.6
6341.2,-2894.53
-4094.36,-2076.74
3130.28,-1169.85
-3650.65,1043.3
1920.03,4370.62
-1693.91,6800.32
1209.94,5464.41
-2313.65,2837.09
899.206,-576.032
-2110.61,-1784.71
3092.68,-2222.49
-2334.73,-3173.13
3548.72,-3879.15
-3657.64,-3413.5
3830.74,-1240.91
-4495.93,1573.01
5084.43,3558
-7293.92,3756.11
6672.15,3763.1
-8226.15,2366.76
8583.64,1515.22
-8264.79,-1444.3
8105.04,-2987.86
-7827.73,-4479.19
7154.5,-2711.3
-5927.96,-1931.47
6094.81,256.057
-5762.31,1132.35
2789.02,4503.71
-2170.42,5672.55
677.543,4870.83
138.396,2047.74
-2186.51,-2204.32
3137.78,-3232.22
-3535.45,-3752.64
6108.96,-2958.94
-5758.83,-3564.07
5881.98,-1778.67
-7010.83,523.428
6105.37,4855.62
-6180.88,6331.26
5737.5,5966.93
-6901.49,2983.51
4139.49,1222.55
-2919.86,-567.173
4087.6,-3333.78
-2988.1,-6341.33
3962.37,-7596.41
-3668.64,-5272.47
5011.64,-2068.02
-3363.05,778.731
3643.3,1679.53
-5457.04,2808.51
4818.65,4306.86
-6608.64,5334.57
6714.46,4849.98
-8072.51,2105.85
8106.59,17.56
-8578.76,-3051.32
10293.2,-3184.06
-9814.37,-3973.48
9694.51,-2005.02
-9459.45,-490.532
8923.85,2005.43
-8036.5,2124.71
7592.8,2531.21
-7608.07,1257.8
5737.04,1588.12
-4263.01,189.839
4970.09,-3189.44
-2447.94,-7077.15
1227.63,-7636.52
406.361,-4519.65
31.8441,-30.7921
1590.13,3355.89
-3156.16,3818.35
1131.24,5541.91
-3496.24,6773.94
4016.46,6820.83
-4131.74,3177.16
4275.87,-1545.14
-4664.81,-5665.77
4946.73,-6489.45
-3121.48,-6086.65
5394.69,-4353.52
-4527.57,-2598.2
3717.32,571.402
-4403.81,4893.07
3906.41,7429.49
-4136.64,5926.67
3516.06,2573.4
-5659.59,-688.523
5263.71,-1816.62
-3893.11,-2555.7
5297.39,-4011.73
-4826.79,-5282.32
5390.85,-4357.14
-4945.37,-2073.85
6090.08,1084.18
-6343.45,2483.32
6280.03,2829.53
-7066.59,1947.57
6140.04,1716.14
-6287.18,518.768
6750.36,105.368
-6112.12,-1664.31
5805.08,-2140.43
-5660.2,-1843.97
6016.75,-278.065
-4492.95,-180.482
3084.53,1269.1
-2840.25,1931.92
1932.86,2914.22
-1096.62,2551.19
318.574,590.786
1294.18,-1762.68
-2295.46,-3228.3
3861.58,-3221.43
-2284.7,-4056.24
3650,-3493.03
-3234.29,-3413.72
3800.67,-771.122
-4378.59,1538.26
5332.89,3544.01
-5782.3,3928.47
3491.54,3987.16
-4441.17,3922.53
4121.61,3402.54
-3526.97,425.315
4003.47,-2848.46
-3057.08,-5124.99
2534.74,-4926.79
-1458.15,-2943.57
3517.08,-1457.71
-3593.05,-1090.84
3138.82,439.436
-4441.43,3233.73
4107.11,5059.34
-3665.36,4525.5
3439.74,968.447
-4602.39,-2739.36
5710.4,-4674.2
-5557.03,-4896.49
7342.77,-3615.62
-6410.71,-3411.04
5621.39,-46.6711
-5896.96,1817.16
5321.1,4849.18
-4961.19,5151.52
3067.36,4734.54
-3789.32,3043.6
1745.33,1824.61
-57.0513,-788.634
-1216.44,-2643.41
2387.45,-3520.85
-3745.5,-2707.42
5701.07,280.59
-6236.81,318.194
7606.4,870.737
-8506.5,-322.128
7388.11,513.861
-6965.71,308.065
7967.76,216.66
-7808.61,-2375.09
7524.4,-2693.92
-7270.53,-2694.51
7862.79,-1184.85
-6988.73,136.835
5954.11,935.821
-6227,2195.46
4742.81,3806.85
-5547.87,4613.3
5009.06,4236.4
-5372.6,2253.9
4844.27,109.5
-4412.31,-2591.65
5145.21,-3762.16
-3482.41,-5264.21
4395.12,-5169.15
-4162.99,-3422.89
4340.62,-253.682
-4327.88,3175.24
3544.88,5141.93
-3987.39,5214.77
2654.39,4477.95
-3740.13,2591.29
3448.9,449.332
-3111.64,-2064.72
3248.64,-4064.59
-2741.73,-4940.26
3640.59,-3741.08
-2729.42,-2378.07
3621.08,-359.837
-2323.26,-64.2737
813.333,973.001
-1373.43,2482.52
-311.869,3884.49
911.103,3477.69
-2402.19,2427.77
2849.53,177.666
-3950.71,-1148.44
5996.33,-1945.06
-6106.04,-3573.76
6377.75,-2598.72
-7181.34,-1951
6900.02,2041.89
-6077.67,2451.45
5792.53,3425.34
-6563.58,2851.94
3877.29,3732.96
-3688.51,2792.42
4571.67,-454.508
-3089.17,-4765.38
2602.9,-8057.24
-2131.8,-5460.18
2967.49,-2175.61
-243.486,160.821
1537.73,-1060.94
-4046.29,-457.965
2944.03,2878.06
-4755.97,6739.05
6577.59,7775.73
-8474.89,4208.23
6727.08,1101.78
-8800.39,-1122.03
9454.56,237.954
-7540.64,-1757.11
7717.52,-2836.95
-7043.28,-4696.46
7098.96,-3568.5
-5730.6,-2425.42
6269.91,-219.076
-5273.56,310.978
3533.73,962.716
-3410.33,2251.31
3353.99,1511.8
-1982.03,290.183
1640.22,-2344.26
-1409.86,-2832.6
1443.19,-2096.76
-956.003,-1038.25
2833.84,-719.704
-4244.18,55.8362
3538.21,2487.95
-5037.31,5759.82
5056.45,7313.35
-5704.85,4854.7
5436.86,1588.91
-6905.18,-1934.42
6938.72,-2597.59
-5177.69,-3708.93
6640.29,-4154.47
-5463.34,-5718.23
4772.79,-3447.44
-4396.63,-660.407
4719.42,2764.66
-2870,3075.67
1095.18,1518.81
-1976.6,1073.63
679.744,726.215
907.596,28.7242
-1099.83,-1888.71
1604.85,-3205.46
-2061.55,-3318.97
2729.8,-796.336
-1840.11,446.81
2055.74,1228.16
-3376.79,2019.62
2074.75,3279.5
-2293.42,3840.97
2292.92,3092.46
-2193.1,721.658
1335.11,-884.581
-1772.45,-1675.8
3174.25,-2203.78
-1198.38,-3516
962.605,-4178.28
-1002.7,-2370.77
515.041,1460.38
251.152,3529.17
917.429,2728.5
-1708.04,915.86
-225.989,-51.2863
-290.001,1190.29
1825.31,784.642
-661.511,-1939.93
1842.87,-5396.52
-2865.24,-5487.9
3552.17,-2448.19
-2356.09,922.823
3213.43,2774.81
-4716.35,2459.74
3256.47,3781.69
-4449.36,4180.7
5126.97,4269.14
-4812.03,1384.39
3165.7,-925.5
-3317.44,-2802.5
3197.02,-2476.01
-1279.22,-2761.09
1321.51,-2508.75
-717.128,-1083.45
-459.593,822.067
1057.84,2894.63
-1480.03,2545.53
798.313,1520.57
-1484.56,-390.217
1406.11,-879.573
393.49,-2937.08
-455.463,-3202.4
1832.43,-4277.72
-2476.18,-3516.23
4488.32,-1915.62
-5110.27,-591.671
6750.66,1303.67
-8661.95,2536.82
8088.57,5470.73
-9827.83,5499.64
9082.29,6148.91
-10251,2918.45
9026.96,2103.16
-9461.57,13.1754
9655.02,-340.585
-6935.32,-3218.04
6663.79,-5481.32
-4846.49,-6483.64
3880.98,-4158.22
-3031.27,-3.37036
2784.66,2829.54
-1246.05,3756.59
-553.481,2420.32
211.191,1640.38
-460.627,219.165
1672.56,-1710.37
-499.301,-5120.83
730.297,-6588.55
-1247.12,-5182.29
1742.6,-747.481
-124.097,2767.26
-55.879,4269.3
-1456.78,5178.76
-1648.14,6581.25
167.352,7272.77
234.957,4772.03
-30.6743,-17.4632
-1095.95,-4443.64
650.75,-4830.62
1314.34,-4031.69
1289.15,-4161.27
549.736,-5231.78
-1714.67,-3990.12
1590.27,-196.113
-2069.64,4495.96
3602.49,5939.54
-4962.39,3907.76
3983.38,1496.67
-5995.12,-148.574
6942.43,-183.762
-5343.18,-2722.5
6489.24,-4658.17
-7891.17,-5024.91
7778.35,-1382.36
-6698.45,1592.39
7490.75,4014.45
-8430.07,3356.63
5611.72,4323.29
-5543.83,4079.7
5701.99,2257.18
-5091.46,-1301.37
3722.55,-3908.97
-3681.88,-3722.55
3463.1,-1429.37
-1600.14,-380.37
1950.53,-191.369
-1991.9,-92.894
313.384,838.848
47.5543,2636.97
409.096,1868.85
1.53735,-643.284
-636.556,-3064.76
-575.195,-2694.09
2101.39,-1501.31
-92.6794,-1161.87
539.564,-2094.69
-1177.41,-1864.06
521.586,467.387
-902.788,2936.41
976.064,4761.64
-2159.37,4227.23
-141.65,4545.9
-639.048,4130.08
225.915,3015.44
641.253,-86.6234
-886.851,-3372.63
1416.76,-5024.53
-1822.78,-4856.06
4376.61,-3402.35
-3908.39,-2398.89
4892.24,-1317.01
-6700.25,912.387
6762.15,3925.81
-7131.04,4073.62
7701.51,2750.82
-8645.2,-882.088
6694.71,-1004.45
-6464.2,-1185.52
7460.83,-344.324
-5728.03,-2716.73
5034.7,-3155.11
-5425.29,-1936.63
3962.19,2262.84
-3669.57,5801.51
2159.8,6079.26
-2245.72,4508.39
-231.159,1804.35
681.896,362.976
374.973,-2396.99
605.568,-4389.87
-56.743,-6387.11
-426.501,-5683.74
1811.63,-3180.5
-713.508,-420.75
2021.19,1563.21
-2780.03,2610.97
2080.44,3830.49
-3452.48,3978.47
3088.03,2923.01
-3589.21,225.961
3431.22,-1075.28
-3846.15,-1877.62
4459.24,-391.548
-2823.52,-506.622
2291.73,-656.088
-2200.62,-878.875
740.019,593.561
967.387,1184.17
-1872.49,1819.24
2423.29,1623.15
-3969.01,1021.42
4029.32,1297.01
-5062.33,119.952
6650.16,-871.331
-6878.92,-3146.16
7384.57,-2646.34
-7232.58,-2604.97
7491.49,-281.241
-6508.4,-587.579
6293.78,-373.88
-7153.12,-145.092
6201.85,1489.7
-5449.31,3003.58
4991.02,2340.96
-4277.1,-175.018
3039.29,-1555.2
-3757.69,-1423.47
4395.49,-826.558
-3013.48,-428.605
3239.02,-1117.95
-4434.27,-285.675
3979.02,2066.51
-5643.27,4495.53
6074.77,5303.81
-7203.2,3546.65
6801.19,1034.47
-7379.18,-1173.16
8220.99,-2128.84
-7192.45,-4397.59
8497.2,-4534.18
-8800.56,-5398.51
8607.76,-2235.73
-6479.81,-435.535
6825.54,1663.57
-6200.67,1449.37
4070.96,2372.84
-3099.32,2021.65
2355.35,487.988
-1154.4,-1408.76
-718.906,-2362.97
2042.38,-995.069
-2602.7,506.112
4577.06,1482.44
-5497.23,718.681
4678.47,1822.01
-5389.31,1854.92
5531.09,2905.14
-4933.67,1208.05
5010.45,-417.025
-4912.86,-2343.38
3747.72,-1505.51
-1040.24,-2153.94
3144.66,-3903.22
-1449.12,-5883.97
1156.34,-5781.12
-925.629,-1310.77
1541.6,1851.52
-171.643,3704.17
-469.199,2392.58
-1940.37,2581.81
1890.17,3682.96
-2344.6,4078.21
3353.96,1833.81
-4024.86,-1795.49
4720.53,-4161.8
-5209.73,-5265.69
7894.86,-3167.69
-6918.24,-2382.5
7584.25,-535.331
-8842.19,1299.07
7969.82,3943.26
-7582.21,3961.72
6711.26,4106.92
-6943.62,1408.14
5903.58,106.484
-4935.31,-1882.76
5712.39,-3970.71
-3323.24,-6788.09
2326.78,-6468.8
-1323.8,-3187.59
1014.61,1250.4
694.788,4068.12
-1711.78,3923.67
991.067,3815.68
-3327.85,2803.2
4679.57,1852.23
-3691.9,-1570.05
3291.87,-4327.9
-3010.05,-5594.68
3021.85,-2891.66
-2421.7,-157.912
4036.35,1776.53
-2821.25,1484.18
1342.94,1216.06
-2302.22,2382.74
1573.33,3515.54
-1108.88,2948.79
1169.13,-5.80505
-2009.67,-2020.27
2185.28,-2618.81
-865.166,-1355.85
2300.67,-1077.2
-2944.75,-1395.73
3742.02,-1278.27
-3871.1,-1480.43
5668.17,-1559.83
-5298.86,-1572.18
6050.85,-719.265
-7255.2,216.515
7519.17,1902.63
-7218.98,605.707
7688.29,-129.079
-7763.01,-1350
6930.65,556.9
-7134.32,2251.66
6502.23,3929.83
-6038.4,1995.82
3764.1,1087.78
-3879.1,494.974
3112.79,1389.19
-1746.58,1719.22
1478.19,-507.553
-382.448,-3071.87
-847.182,-4921.94
1889.42,-4125.91
-299.892,-3362.86
1865.49,-2191.45
-2202.09,-1299.41
1406.14,1171.25
-2107.89,2851.26
1308.32,4177.54
-1663.49,3858.75
101.787,2507.7
-562.508,1725.98
555.084,504.921
490.944,-2074.2
1072.03,-5307.83
-1338,-5724.84
156.633,-2984.24
-253.985,1999.13
1845.57,4882.9
-2307.74,4941.83
246.318,4325.53
-2503.47,4365.17
3615.71,3427.69
-3668.49,-87.3359
4181.25,-4282.81
-5105.34,-6617.06
6133.41,-5184.16
-5150.96,-2888.26
8053.32,-1145.36
-7757.93,-1000.83
6686.35,626.952
-7990.61,2253.49
8714.2,3926.72
-8023.27,1694.33
6788.51,360.579
-8452.63,-710.625
8066.21,1048.33
-5399.14,143.773
5293.94,-1566.57
-5073.83,-3346.09
4045.17,-2119.85
-3143.38,647.487
2605.39,2668.22
-2724.38,3932.1
605.948,3862.82
-1668.62,4313.26
1541.45,3023.68
-165.367,42.7311
423.9,-3768.46
-606.214,-5968.15
921.016,-5803.81
-43.6104,-3952.31
2262.49,-2503.16
-2031.41,-1515.18
1532.47,1032.66
-2473.03,4103.65
1396.48,6590.54
-2023.37,5619.15
758.995,2714.17
-1908.02,-348.653
965.501,-1493.27
794.796,-2451.96
-167.132,-2610.28
949.428,-3457.61
-1630.73,-2871.48
2075.38,-706.682
-3248.18,1752.92
4170.82,4170.84
-5199.78,4088.05
4226.74,4093.4
-5595.34,2395.42
5773.51,542.754
-5738.44,-2417.21
6162.89,-3817.47
-6358.83,-4400.06
6744.25,-2217.1
-4574.9,-1236.98
4368.37,-293.59
-4416.45,103.644
2529.86,2460.85
-2278.75,3834.7
2054.99,3148.83
-2007.64,1323.89
620.738,-537.903
-676.263,-1131.98
1125.33,-1485.15
-214.15,-1263.23
124.138,-2112.8
-683.821,-674.948
325.014,1229.15
-1164.14,3553.44
1846.73,4044.66
-3224.58,2796.24
2260.29,2087.41
-4234.67,1135.44
5529.92,158.923
-4870.74,-2402.67
5208.89,-4307.21
-5033.41,-5503.68
5729.99,-3128.75
-5023.74,-1362.35
5024.72,726.634
-4923.19,1254.39
3641.05,2532.62
-3747.78,2858.56
2911.91,2764.66
-2799.33,1746.75
1119.48,778.137
-801.773,-632.958
178.646,-1596.49
1132.01,-1548.12
-1384.87,-1732.42
1754.79,-350.462
-1372.41,412.08
1452.04,1031.14
-2081.77,816.367
2001.91,985.844
-2286.34,934.192
1318.78,1762.2
-598.043,1185.24
1689.13,-565.935
-779,-3260.42
515.503,-4711.88
122.489,-3209.29
-87.8526,-882.997
1075.46,1047.66
-209.054,989.212
-1152.51,1664.94
1050.27,2365.33
-1387.79,3115.01
1558.11,2270.76
-2012.41,345.071
2741.65,-2177.14
-3867.26,-3339.06
5891.39,-2743.71
-4719.43,-2675.39
5727.33,-1456.23
-6769.06,-444.907
5802.92,2879.9
-6695.6,4203.82
7705.26,4243.79
-6688.59,619.61
4317.23,-897.926
-4200.2,-1374.81
4907.73,-966.648
-3318.27,-2909.32
2940.52,-4571.34
-2345.07,-3800.15
1999.39,-1250.38
-149.798,2142.01
383.882,2828.49
-570.922,1714.02
-1558.65,847.315
671.377,1470.11
-1000.05,1613.55
1774.48,1500.17
-1330.1,-27.276
71.472,-1081.34
364.878,-1280.9
844.498,-1609.28
430.234,-2892.36
-1581.13,-2364.56
559.39,388.913
-580.217,3498.53
1428.07,4395.16
-1224.06,1811.61
986.83,-678.456
-2466.57,-1795.05
2833.35,-850.316
-354.467,-2351
190.357,-3548.73
22.6881,-3898.44
-890.441,-1306.55
2808.95,1624.94
-2590.49,2869.24
2991.16,2713.32
-6041.4,2047.63
5442.91,3009.52
-6569.23,3123.04
8337.42,1543.91
-8060.39,-2506.76
8544.08,-3641.21
-9829.45,-3768.88
10793.4,-849.247
-8894.42,-710.529
8351.2,-546.428
-9649.82,-54.0581
8101.37,3836.01
-6631.3,4941.13
6208.62,4098.32
-5740.95,-562.67
4454.07,-4171.53
-3116.47,-5675.71
3754.58,-5885.55
-983.872,-4729.85
1560.46,-3777.61
-1160.6,-1081.68
340.306,1851.85
-541.277,5242.46
386.061,5951.97
-1978.71,5740.54
560.657,4091.83
-1654.42,2204.87
2917.66,-149.158
-2913.57,-3523.91
4045.33,-5158.52
-3954.26,-5028.26
4886.74,-2315.2
-3277.28,-863.633
3691.91,856.243
-3357.39,714.492
2700.73,1784.16
-2302.19,1735.63
1387.24,1753.77
-1214.54,944.339
-554.958,247.198
2130.82,-801.628
-1987.81,-2151.59
4003.18,-3032.77
-4061.93,-3855.36
4973.42,-1980.17
-5860.62,-669.778
6316.63,1445.83
-6842.69,2132.21
6552.08,2993.43
-7224.06,2943.91
6784.17,3466.61
-5773.79,667.151
6115.29,-2280.74
-6250.03,-5259.72
5145.07,-4482.91
-4344.13,-1320.41
4294.27,2203.94
-2555.6,2943.19
1763.79,2460.26
-3753.94,2773.65
2535.39,3112.71
-2011.75,2625.27
2722.02,-1205.84
-2608.23,-4500.44
2706.75,-5928.34
-2881.12,-3964.43
5393.73,-1301.98
-4680.27,-584.795
5344.06,-762.855
-6857.73,-277.202
6422.41,2612.67
-6504.94,3314.47
7360.3,3769.48
-8250.36,916.052
5487.53,885.834
-5576.38,1080.53
5974.17,1608.04
-4150.04,-644.203
2926.38,-2013.17
-2355.34,-2171.98
1788.91,-892.994
254.674,-51.5471
-523.643,-1175.67
730.928,-889.647
-2811.12,422.058
3282.55,3086.96
-2023.8,2368.93
2641.16,136.14
-2691.25,-3344.96
1749.18,-3751.3
-764.08,-2794.98
2552.41,-2063.78
-696.009,-2778.38
-536.773,-2337.43
-51.003,978.805
-1209.36,5191.87
1218.18,7754.75
-1672.29,5914.95
-111.051,3411.08
-1261.62,415.305
1433.63,-687.477
334.921,-2649.48
-754.161,-4148.23
1052.19,-4128.62
-1701.63,-2346.71
3314.7,-151.924
-2378.98,531.816
3427.3,547.642
-5199.75,262.892
4644.14,1814.42
-5769.15,1813.19
6567.56,764.968
-6190.87,-2201.79
5593.14,-2873.77
-6166.47,-1421.05
6697.98,1489.12
-5550.62,1376.16
5268.18,-157.314
-7139.63,-910.161
4464.35,2446.41
-3646.16,4904.77
3260.28,5853.74
-2072.71,1964.98
95.8023,-1926.07
187.895,-3873.19
-239.514,-4185.04
2690.47,-3565.16
-2755.38,-3519.17
3072.12,-1657.06
-3900.49,337.808
4682.57,3515.38
-4078.95,3073.97
3590.86,2869.9
-5875.4,1610.82
4799.58,1603.24
-3891.96,945.279
3968.66,-1249.26
-2947.99,-3141.77
2395.66,-2969.19
-1997.79,-990.333
3586.63,78.9138
-3414.02,97.1984
2734.08,-302.143
-4114.34,1112.39
4252.06,3137.12
-4232.08,3421.96
4819.97,2341.85
-6861.18,422.543
6907.5,-786.382
-6781.95,-1670.65
7528.36,-1780.73
-7611.65,-2601.49
8102.1,-961.108
-9103.38,93.4312
9141.02,2193.35
-7990.89,1173.9
7361.81,289.187
-7614.26,-1260.49
5947,68.8344
-4896.04,190.835
5741.5,-635.938
-4339.09,-3182.44
2255.01,-3538.92
-730.412,-1524.07
-230.295,1440.67
1484.71,2878.29
-2585.24,2082.12
988.229,3077.72
-3174.81,3544.05
4123.26,4242.44
-3820.14,1889.26
4001.83,-1295.6
-4561.34,-4047.84
3882.25,-3366.56
-2681.06,-2422.49
4436.29,-1526.66
-3851.76,-1674.73
2571.3,-323.969
-2382.63,2427.52
2088.26,3624.57
-1490.52,2726.73
1148.07,210.552
-2321.58,-2131.52
2903.6,-2571.77
-827.423,-2744.52
1971.58,-3746.56
-2554.15,-2780.62
2777.65,-729.492
-3477.47,2042.5
4131.65,4019.94
-4731.4,4041.26
3366.7,4311.18
-5593.78,4299.56
5803.2,3760.22
-5621.6,340.586
5048.04,-2223.1
-5167.09,-4479.51
5548.93,-3335.42
-3407.55,-3173.7
5077.75,-3024.95
-4276.97,-3426.64
2767.07,-1990.06
-2174.15,1005.56
1582.31,3191.14
-674.127,3023.59
-814.305,2041.49
50.4604,1439.89
-1009.85,772.741
2609.21,49.8406
-2149.98,-2631.42
1625.02,-3713.35
-1649.06,-2999.17
2020.57,-283.849
-608.61,998.604
862.522,1574.94
-1427.38,1234.34
284.414,1992.79
-430.588,2787.76
702.929,1579.07
588.751,-752.057
-839.62,-3511.59
929.953,-3369.13
-215.979,-2097.58
1440.05,-489.63
-890.535,47.8088
-440.555,1120.37
-635.648,3277.32
266.289,4724.59
847.487,3841.59
-2026.56,1465.08
2488.73,-1832.33
-3594.73,-3191.47
4918.31,-3686.21
-2797.58,-5233.53
4329,-5289.09
-4278.45,-4624.54
4277.26,-544.944
-3924.27,2642.76
4860.6,4108.89
-5502.45,2628.34
2983.99,2691.03
-4353.02,3044.19
3890.27,4144.15
-2683.31,2100.32
1020.44,-1105.84
-136.296,-2826.17
-407.099,-3592.38
2038.88,-2585.78
-340.446,-2523.85
749.78,-2553.86
-1289.24,-1551.66
327.941,1667.4
93.8273,3180.69
453.076,3600.63
61.8025,938.172
-2097.17,-367.389
2639.08,-792.421
-2545.77,-1357.29
4296.24,-1886.47
-4746.87,-3666.8
5293.44,-2222.58
-5814.74,-44.4657
5777.54,3784.94
-5991.83,4699.05
5007.41,4913.21
-6727.15,3321.16
4999.61,2833
-4333.62,1176.78
4023.57,-532.89
-2508.26,-3392.36
1865.45,-5342.45
-81.7073,-5541.55
1242.73,-5131.56
-101.043,-3403.94
-15.2865,-1212.44
-176.788,2100.94
-1046.8,4561.35
954.684,5288.53
-1408.97,3462.39
85.8925,1787.31
-707.64,-303.98
599.068,-1154.96
865.583,-2607.88
-1080.06,-3808.04
1005.68,-2411.15
-1962.64,384.393
2079.58,4067.42
-1702.51,5086.48
987.022,4099.68
-2387.45,2254.67
1769.4,883.827
-920.876,-1801.58
2119.53,-4055.99
-1101.94,-6268.48
94.4513,-5267.4
855.761,-1672.27
-342.424,1440.91
2004.5,2615.87
-3956.83,2886.94
2883.63,3553.14
-4346.65,4035.54
5068.45,3038.12
-5358.78,-563.254
5125.73,-2923.03
-6320.73,-3911.42
7366.14,-1628.48
-5809.09,-1104.96
6250.36,-506.76
-6342.23,-994.226
5121.88,813.338
-4888.22,1924.07
5163.35,2380.41
-5033.61,1255.79
2576.07,751.307
-2672.81,1156.61
3454.97,303.836
-1508.32,-2064.2
2155.32,-4954.46
-2149.79,-5089.87
2393.64,-2988.32
-2167.13,544.149
3631.75,1736.01
-4455.21,1836.25
2887.85,3525.51
-5031.13,5764.36
5738.21,6603.74
-4689.47,2554.52
4863.49,-2788.41
-6096.16,-7021.87
6518.39,-5888.4
-4460.44,-3822.24
6072.25,-1420.06
-5128.65,-1190.2
4082.67,704.331
-4732.63,3514.89
3559.77,5800.22
-2810.7,5523.43
963.834,3220.78
-2042.43,187.745
1129.72,-1719.23
893.181,-3116.24
63.9776,-4589.64
78.7342,-4256.16
-305.779,-2842.37
541.427,347.567
542.237,1333.44
-460.249,1214.31
-261.335,1166.24
-2069.96,2967.43
1871.19,3900.4
-1342.5,2087.18
2458.79,-1872.34
-3979.25,-5137.54
3591.64,-3392.25
-2970.65,-805.821
4755.9,1512.55
-4482.64,311.033
2395.24,561.253
-3030.75,1802.96
1732.9,4433.92
-1080.23,4943.21
16.0921,3280.06
-975.784,805.9
-925.804,-928.484
2467.55,-1614.26
-1063.54,-3639.64
2121.4,-4387.78
-2252.6,-4712.06
2348.16,-2121.34
-351.633,-1108.89
1698.76,-1007.55
-1639.75,-1335.12
-287.158,486.658
425.82,3652.23
-492.441,4415.94
559.525,3079.96
-1753.43,361.631
1385.4,-542.049
-1192.48,-763.653
1919.41,147.554
-1054.84,-728.554
-80.8759,-729.211
265.677,-181.154
-1465.2,1501.97
2299.5,3149.39
-3073.85,3447.15
3383.8,2462.92
-4390.29,23.3675
5828.01,-2431.89
-4855.76,-5778.47
6142.11,-6651.7
-5815.61,-6353.89
6605.74,-2453.98
-5749.16,-17.4081
6251.7,2071.11
-6359.45,2463.64
5039.13,3231.21
-5146.14,3347.82
4726.42,2568.89
-4210.04,-119.822
3589.95,-2596.99
-3399.93,-3406.82
3178.55,-2107.23
-1812.45,-43.8669
2166.82,1483.51
-1542.84,1517.13
577.029,1666.43
-1271.68,1990.76
950.509,2138.71
-304.237,1388.32
-192.295,-329.156
295.061,-1419.74
7.28601,-2081.65
1536.29,-2541.23
-46.9216,-3674.48
-76.9439,-3199.49
321.106,-2001.03
-441.736,568.365
984.728,2238.28
-1773.75,2702.21
1523.22,2849.28
-3233.61,2864.44
4029.39,1855.55
-3754.32,-821.904
4516.32,-3301.24
-3918.4,-6064.14
4004.83,-4545.64
-2880.51,-3031.91
3101.94,547.855
-2449.5,2310.41
369.529,4225.5
-909.882,5767.15
-1554.78,6630.85
2175.67,4988.28
-3097.91,931.693
2720.57,-1870.43
-3655.25,-4770.14
4860.6,-3561.14
-3834.33,-3946.99
4948.62,-3045.35
-4651.4,-1974.9
4345.03,-58.7363
-3776.06,1805
2644.19,3139.51
-2818.6,2705.35
1653.44,1642.39
-2034.08,511.786
2241.83,-1608.28
-1057.73,-2624
1636.46,-3629.73
-2461.02,-2753.41
2679.44,-190.115
-3544.64,2234.36
4207.55,3528.69
-5822.95,4277.85
4234.68,5040.99
-5130.57,4848.03
5900.45,3028.3
-5922.52,-2324.83
6446.95,-5539.52
-7007.14,-6896.59
8034.31,-4329.03
-5901.99,-2207.6
7078.27,-609.839
-7313.37,102.727
6769.92,1844.8
-6310,2484.18
5552.1,2994.76
-5033.34,1431.75
3413.59,170.618
-3628.91,-590.691
3687.06,-447.351
-1394.26,-1766.37
1885.17,-2727.78
-1806.74,-2252.37
1721.36,-1202.03
-1034.51,913.715
1417.8,1193.44
-1749.08,1545.22
-107.212,2418.1
-880.606,4679.42
1953.21,4517.15
-1612.59,850.625
2313.55,-3398.7
-3118.41,-5832.79
4197.79,-5188.84
-2562.57,-4179.92
4768.74,-2715.25
-4471.42,-2629.61
4170.32,-631.199
-4542.14,2750.12
3605.4,5836.27
-2821.86,4946.8
1596.93,3109.67
-2555.97,37.191
901.964,-745.328
1030.52,-1383.15
-828.975,-2037.09
1539.52,-2351.58
-1928.62,-2901.28
3732.34,-1668.37
-3274.19,-1285.18
3677.4,43.1
-4785.35,1045.8
3775.86,3981.19
-4102.35,3686.44
4651.12,1879.38
-4049.44,-1012.77
3053.38,-2689.45
-1957.56,-3024.29
2828.39,-2870.96
-95.1853,-4054.76
-38.0268,-5003.62
-657.25,-2696.34
144.01,2346.28
429.243,6754.32
-139.91,6536.71
-730.155,4287.79
-429.855,813.975
-1568.87,-154.49
3682.22,-1522.9
-2283.88,-3429.61
2979.06,-5277.84
-3290.17,-5184.91
4941.34,-1990.65
-5813.64,1368.19
7002.81,4429.78
-7790.3,3928.42
6545.78,4091.4
-7638.37,2191.06
7859.77,1137.03
-6794.55,-2215.91
6712.6,-4188.01
-6134.03,-5247.1
5868.78,-3968.82
-3343.38,-2450.39
3785.8,-980.767
-3387.64,-249.225
2138.24,1997.13
-1908.97,4019.12
223.513,4088.38
717.896,2549.17
-832.971,-967.779
-134.117,-2301.27
227.176,-2359.14
1595.48,-1689.43
-1750.42,-1036.72
1679.7,-421.766
-2972.28,1216.11
2011.22,4258.35
-2259.9,5775.53
2101.57,4963.17
-2834.97,2169.36
994.351,137.002
-415.459,-2204.98
1656.35,-4575.14
-73.2756,-6586.32
1219.03,-6846.26
-1277.89,-4935.2
3323.57,-1965.88
-1728.11,348.047
1108.58,673.478
-3167.48,3148.23
1826.62,5779.87
-3369.74,7068.52
3938.51,5314.16
-5433.64,1650.39
5209.4,-1103.06
-6743.6,-2760.57
7948.69,-1335.18
-7427.88,-1991.34
7530.35,-1445.57
-8988.58,-237.825
8582.64,2895.46
-7843.21,3799.17
8202.65,3158.04
-8167.62,-577.413
5936.89,-1851.44
-5239.09,-3166.95
6003.87,-3286.66
-3577.88,-4575.52
2494.72,-4266.36
-1408.35,-1838.85
437.913,1741.41
603.876,3778.16
-1325.96,3106.62
-325.779,3358.63
-2446.4,3160.7
2219.39,4673.06
-2405.06,3287.56
2539.65,706.587
-3185.06,-2172.85
1458.2,-2306.79
-228.933,-1434.37
1958.96,-1651.49
-861.798,-2733.92
-582.858,-2501.15
31.6059,558.517
21.8126,2810.71
313.137,3737.21
-546.716,1920.29
-2084.28,822.769
1135.16,1606.69
-331.366,1420.61
2359.08,-1773.36
-2495.4,-5032.32
2648.2,-5975.68
-3527.13,-3780.08
5255.97,43.8987
-4490.55,1417.15
4311.53,2208.38
-6643.94,2727.77
6476.52,4483.79
-6806.92,4400.96
6367.16,2897.49
-7053.03,-280.217
6025.27,-1451.09
-5858.37,-2567.12
7136.51,-1793.21
-5653.78,-2138.36
3986.96,-528.014
-4324.1,1808.2
3260.48,4172.2
-2686.53,3963.39
2320.8,1691.55
-2562.98,-678.753
1584.83,-1998.38
-419.236,-1903.99
1763.83,-3899.19
-1320.44,-5000.91
1990,-5297.78
-1945.24,-2879.8
3705.51,16.6172
-3462.17,2052.42
3120.72,3516.29
-5142.84,3341.73
4577.94,3882.53
-5468.79,2701.42
5989.47,1352.21
-5755.02,-1207.25
5270.05,-1291.36
-4782.23,-1953.46
4882.62,-996.537
-2607.65,-1937.76
1468.56,-1575.19
-1693.14,670.372
440.108,3697.94
1123.42,5131.82
-2480.55,3607.01
2267.04,893.893
-3113.79,-1914.43
4653.48,-2955.3
-3197.33,-5608.68
5537.62,-6422.08
-4896.07,-7026.51
5027.3,-4041.66
-4769.17,108.169
4516.69,4230.23
-4353.72,6223.83
2149.44,7053.38
-3842.74,6296.56
2571.88,4881.35
-1994.55,1310.12
1599.28,-3482.24
-1336.74,-6182.48
1228.08,-5953.25
-445.238,-3125.64
2060.83,-557.439
-1561.26,1041.23
814.951,1995.35
-2665.22,3991.5
2606.25,4437.66
-2416.99,2550.77
2688.25,-908.267
-3567.79,-4401.59
3987.12,-4714.28
-3575.89,-3788.47
5627.16,-2344.85
-4633.85,-2349.53
4625.68,-1061.68
-4799.95,340.695
4445.6,3081.2
-4243.13,3922.05
3730.03,3387.12
-5376.49,2466.79
3091.43,2750.76
-1503.13,1896.01
2209.14,17.2886
-1242.49,-3103.58
442.48,-3870
-230.006,-2073.17
1172,-895.226
465.971,-261.572
-426.417,-1085.59
-397.573,64.0949
-42.4579,2488.76
-193.291,4323.05
671.906,2804.59
-1012.21,-20.2399
394.661,-2828.55
-1161.01,-3174.53
3571.24,-2067.48
-2389.33,-2832.75
2942.1,-2600.93
-4688.04,-1471.98
4092.17,1641.65
-2840.19,3116.01
2904.11,3039.35
-3357.24,1141.75
1746.53,976.516
-1066.61,19.332
1364.06,-1221.88
350.051,-3909.84
-1988.8,-4270.69
1558.42,-676.567
-2255.86,3337.74
4057.57,5549.9
-5627.11,4500.17
2896.28,4573.3
-5326.46,3929.48
5598.63,3993
-4464.75,-36.5105
4676.33,-4602.63
-4742.95,-7638.37
4977.21,-6580.55
-1886.12,-5099.74
3515.28,-4235.83
-2332.07,-3331.86
77.5431,-95.4435
-1279.18,5025.47
1271.43,7897.46
-1188.67,7412.65
-1154.56,3722.48
-949.71,1083.72
906.482,-218.148
-1103.46,-720.41
2009.36,-2452.97
-2819.91,-2682.98
2683.44,-1356.33
-3019.31,835.887
4399.19,2779.82
-5491.57,2775.24
4986.83,2826.53
-6791.43,1529.21
6958.23,768.202
-6459.51,-1829.8
7646.02,-4046.86
-7181.63,-6048.66
7781.09,-4321.05
-7885.64,-1822.17
8281,778.566
-6972.18,1028.42
5293.39,2011.35
-5601.63,2102.24
3967.7,4374.96
-3431.12,4355.82
1557.18,3026.46
-1339.08,182.663
-644.245,-1405.59
1745.27,-1365.37
-1161.56,-1870.21
2546.23,-1004.3
-3167.82,-1372.83
2326.52,811.305
-3385.61,1580.68
3870.7,3059.26
-3787.28,2092.06
2342.19,1192.63
-2471.02,1119.35
1690.67,658.663
-382.356,-1262.23
806.749,-4525.81
-698.611,-5257.1
355.16,-4035.06
20.8206,-94.4859
1543.42,2106.29
-2121.05,2177.24
1281.23,1751.42
-3563,2285.31
3639.03,3235.99
-4461.37,3004.53
4994.62,1164.56
-6649.51,-839.199
6292.89,-750.281
-6270.5,-1395.06
8419.67,-1226.6
-8646.21,-2322.69
7583.1,-730.645
-8428.4,1231.35
7889.46,4172.32
-6941.27,3078.04
5613.41,2060.67
-6344.38,247.518
5921.07,-182.388
-3561.12,-2021.21
3805.56,-4657.58
-2314.29,-6426.77
748.348,-4999.55
-442.542,-311.573
1777.2,2874.81
-685.325,4172.36
-1232.24,3268.18
135.481,3315.84
-1278.3,3377.68
1325.13,2240.56
-1434.25,1.73059
-384.042,-1202.36
-59.8372,-914.705
1219.27,166.448
396.328,-306.248
563.532,-2464.6
-924.373,-2814.85
-670.033,-942.778
-34.9485,1809.33
1193.38,3094.18
-1868.94,2219.99
1384,625.423
-1719.69,259.917
3582.94,-1492.32
-2595.6,-3988.6
3212.12,-5920.85
-4777.74,-5734.21
5670.32,-1796.26
-5819.19,2189.53
7094.83,4851.72
-8523.72,5538.91
6287.72,6804.48
-7948.22,5259.67
7656.88,3682.89
-6825.19,-1868.57
6106.64,-5155.09
-6292.8,-5654.38
6231.29,-2469.29
-3662.02,-185.233
3867.04,379.962
-3862.8,-194.386
1826.27,1112.91
-990.834,2836.15
-8.49762,3100.63
1331.97,1688.57
-2759.21,-1726.41
2467.12,-3011.05
-2153.1,-3050.04
3576.02,-2316.61
-1595.49,-3047.49
2331.83,-2922.28
-2907.65,-2260.54
2485.6,857.856
-2141.47,3036
899.026,4888.66
-1929.61,5230.52
-517.252,5480.65
1435.39,4358.14
-902.245,101.821
2097.1,-4117.22
-2125.88,-7355.37
2226.11,-6123.74
-1345.71,-3487.96
3405.41,-944.74
-2987.43,752.847
2308.27,2771.3
-2508.86,4053.88
1912.99,5179.55
-829.497,2389.57
-616.988,-1205.35
799.417,-3988.89
-1508.47,-4482.58
4552.32,-3662.51
-2898.81,-3489.6
3957.55,-2555.99
-4992.98,-707.634
5054,2472.45
-4771.71,3044.21
5506.03,3229.75
-7058.18,1044.7
5460.39,2392.06
-5584.74,3105.97
5642.42,2359.77
-4523.72,-670.781
3601.19,-3392.78
-3453.08,-3561.56
3496.92,-1570.4
-393.656,-1040.77
929.361,-1888.82
-1887.52,-1786.48
-147.742,443.541
236.73,3817.62
802.658,4008.43
-1003.31,2120.64
716.003,-1106.33
-1832.85,-2164.52
2854.5,-2523.73
-1162.69,-3586.34
2173.69,-4846.66
-2625.1,-4490.25
1960.41,-318.458
-2139.1,3701.38
3173.76,6587.37
-4417.41,5486.96
851.524,5242.08
-1874.65,4099.83
1325.46,2838.08
6.30432,-524.557
-1118.97,-4177.97
2533.47,-5534.33
-2758.02,-5112.18
5414.39,-3611.72
-5461.87,-2368.1
6141.18,-336.691
-7746.16,1868.19
7607.63,4880.43
-7833.85,4126.37
8627.33,2544.49
-8551.33,-2396.44
7897.1,-4296.74
-7136.46,-4939.54
7937.12,-3276.24
-6431.82,-2698.89
6368.11,-871.423
-6362.15,1498.93
5232.56,4609.36
-4331.26,6161.31
3064.61,5123.73
-3778.73,3014.31
2084.59,558.871
-2068.82,-737.739
3033.41,-1986.65
-2238.8,-2929.94
3678,-3547.21
-3285.38,-3188.26
3669.1,-1605.16
-3521.44,84.2619
4539.64,898.895
-5004.67,885.054
4141.9,1634.04
-4148.85,1273.81
5003.4,934.314
-4545.31,-1770.97
3459.3,-2434.29
-3511.46,-2383.05
3800.91,-796.768
-2101.58,-459.178
1684.54,-567.267
-1416.1,-4.7905
-542.803,2064.6
691.676,3782.91
-2178.33,3858.48
2408.17,2899.93
-3875.45,530.557
3250.57,259.407
-2981.33,-481.19
5075.48,-2022.34
-4449.35,-4693.59
3476.54,-4647.68
-3888.07,-2633.13
3793.49,1801.22
-2880.12,3641.41
1957.28,4266.3
-3294.2,3873.09
1898.4,2943.12
-1746.82,2001.69
2216.75,-1648.96
-2130.75,-4698.46
2062.37,-5620.58
-1935.34,-4081.92
3883.63,-1998.29
-2750.78,-206.637
2542.67,955.543
-4612.04,2661.15
4398.54,5000.31
-5657.65,4989
6312.65,3417.99
-8394.96,662.771
7510.25,174.067
-7515.21,-340.256
9148.37,-1335.72
-7617.83,-4292.64
7549.89,-4711.85
-8211.3,-3509.67
8020.65,1414.95
-6053.35,2889.02
5927.6,2625.68
-5736.76,-40.7125
4219.86,-456.637
-2936.82,-442.904
3243.78,-1167.09
-1669.36,-2266.61
31.2497,-3122.72
1416.74,-2286.74
-1636.79,-370.716
3780.49,1493.02
-4203.88,1610.88
3410.63,2730.11
-4545.84,2580.11
4128.4,2851.82
-4052.72,1337.95
4082.32,91.285
-4962.78,-298.076
4608.35,810.856
-2479.62,-665.059
3520.72,-2560.71
-2934.25,-5246.36
1935.99,-4588.61
-788.158,-1021.86
792.903,1499.96
-146.64,2977.1
-660.647,2213.01
-741.781,2039.94
481.363,1973.69
-355.912,1295.85
1491.58,-1620.22
-1806.39,-3528.64
1561.18,-4559.96
-2255.05,-2729.64
4334.99,13.1469
-5152.82,1381.8
5089.34,3219.57
-7286.72,4069.04
6754.18,5278.74
-7503.84,3489.59
6751.4,1804.43
-7188.17,-1603.13
6243.94,-1905.69
-5143.11,-3042.88
6590.74,-3498.12
-4659.16,-4850.51
3915.05,-4277.51
-2741.93,-2234.55
1680.67,1195.11
-379.269,3354.17
-564.581,3021.06
-473.419,3419.26
-768.552,2533.37
664.237,2796.27
-774.143,1122.06
-361.015,55.7492
426.025,-999.908
-1302.47,-945.827
3007.03,-1010.96
-2912.07,-800.29
3529.56,-512.507
-4377.1,-372.014
4329.67,1758.08
-5185.99,1133.47
5899.55,1160.46
-6012.11,-513.518
4334.95,191.984
-3938.45,712.72
3726.3,1330.88
-3225.41,-99.0933
2010.15,-1460.61
-1846.26,-1686.12
966.33,-643.063
203.598,925.908
-1024.68,750.113
1489.77,331.471
-3240.59,215.499
3544.35,34.8321
-2443.32,-1422.45
4258.11,-2885.8
-4347.79,-4443.47
3580.16,-2753.87
-3761.72,158.26
4447.65,2707.51
-4481.98,2695.2
3272.71,3249.94
-4533.39,3971.02
3785.83,5166.53
-3807.19,4004.98
3931.15,493.603
-4165.89,-3127.05
2687.6,-4095.88
-915.367,-2983.29
3040.39,-1748.25
-1973.21,-1740.89
2394.21,-1922.91
-2735.91,-1081.09
3441.84,-130.157
-2932.49,545.263
3441.06,300.225
-4625.9,415.324
4985.21,961.511
-4924.54,768.17
6921.75,-1219.93
-6399.47,-3707.39
5877.37,-2873.95
-6467.25,-1489.61
7383.04,2274.33
-7159.48,2674.48
6195.34,3078.5
-7422.01,3129.21
5190.81,5224.45
-3780.5,4257.42
3068.51,1666.91
-1966.77,-3099.04
1237.92,-6566.41
112.261,-6370.83
389.601,-5024.88
3260.6,-3195.51
-4051.96,-1944.86
3561.05,599.581
-4570.29,3381.38
5140.71,5411.84
-5661.4,3560.17
4984.01,2122.01
