6031.137079,-4262.799067
-6614.477072,-4783.769091
6838.639144,-1470.558105
-6820.258668,1744.501393
7221.253248,4709.341902
-7359.013485,4516.370861
6489.982296,3760.491140
-7445.773952,1398.623211
6606.931894,733.486896
-5142.233630,-1213.141142
5667.559318,-3711.771302
-4104.928953,-5761.945482
3682.563987,-6381.887289
-2527.839155,-4157.848874
4345.089217,-2131.248670
-3234.756524,-434.942417
3401.787072,369.749269
-4621.989072,2367.214430
3859.282822,4180.098082
-4009.912421,4707.703622
3635.933282,4226.462465
-5131.242861,3354.275441
4915.714437,1687.935820
-5259.731718,-400.149954
7265.642251,-2598.001930
-6698.689652,-4961.126496
6810.152103,-4344.891770
-7043.026169,-3552.173431
7467.326928,-456.619875
-6563.538328,1835.040640
6413.414652,3085.246951
-6741.155681,2797.909716
5175.507571,3025.315206
-4444.944326,1166.074564
5929.325888,-1894.527220
-5536.564886,-5444.658331
5369.844535,-7716.642504
-4674.313346,-5815.886227
5515.419858,-2639.658305
-4208.555870,782.902651
4271.188229,2744.369442
-5477.810406,3762.731010
4589.789651,5355.186635
-5466.144422,5562.208650
4979.443813,4388.319713
-5069.244946,1198.421499
4941.786860,-1458.019485
-5683.114606,-3691.265979
5752.082578,-2666.550497
-4214.156237,-1580.833838
3861.228256,-352.559318
-2698.324661,-95.895246
1777.696850,580.464300
-1928.059623,1574.437135
1829.792724,1586.470037
-1307.341757,986.341468
980.245848,-771.678509
-1179.229751,-1767.221106
1278.218644,-2764.419501
-932.090594,-2119.216948
2549.454601,-2741.126378
-2665.557753,-1733.761193
2618.225251,-847.303436
-3732.568730,1041.368594
4127.685528,3340.849961
-5516.740210,3783.781157
5055.840276,5173.497834
-6653.328684,3992.117894
6228.819265,2895.305498
-6342.568387,748.372613
6429.037735,-1100.413982
-6451.221523,-3651.627037
6294.458974,-3755.202884
-5493.903280,-3437.022358
6795.695053,-3220.800827
-5141.868523,-2738.942963
4116.765974,-975.519794
-4682.171642,1345.412652
4059.385397,3781.999268
-3992.883849,4562.516222
3662.435575,3103.123598
-4719.781659,1452.971615
4357.989012,10.904430
-3928.030899,-858.655039
5328.937462,-3059.915966
-4430.650449,-5226.123535
5203.810022,-5772.890098
-5671.219488,-4065.203457
5785.885306,242.339414
-4726.796985,3641.159217
4928.115130,5819.923001
-6276.047334,4736.259580
4821.196653,4551.931693
-4688.874942,2446.790122
5122.707571,-254.080817
-4553.476179,-2662.712888
3784.296855,-4033.650387
-3112.922883,-3829.444699
4070.861503,-3092.016271
-2105.582618,-2100.523489
2616.543476,-1402.369546
-3816.371212,1365.793646
3372.882446,3071.891338
-4265.324133,4537.509920
5194.465129,3585.226098
-5962.687775,759.890843
5999.025814,-1613.035505
-6795.883202,-3033.548788
9052.878070,-3546.325330
-7009.779763,-5870.706570
7943.721542,-6728.300913
-8607.199484,-6039.106045
9004.836384,-1214.678162
-7719.761255,1905.482034
7727.017050,5797.071766
-7764.666253,5427.421893
4951.691994,5243.014215
-5783.653892,5297.664462
4168.441573,4440.894698
-3100.794935,2108.630235
2921.903428,-1645.899809
-2585.967880,-3705.339856
2015.008537,-4742.736738
-1089.952209,-2662.474111
3300.603766,-2486.028174
-2859.289840,-1997.687980
2778.170544,-1941.889654
-3853.673619,447.283918
4748.277107,2757.077896
-4896.025237,2241.594452
5577.349723,1542.748773
-6549.684999,-947.271758
6438.933879,-2056.172221
-6214.441130,-2996.352557
7512.743482,-2164.887711
-7201.816434,-1985.957237
6850.176093,-670.261145
-6829.117715,19.034413
5976.380913,2386.814845
-4874.773324,3251.355269
3805.823530,3319.965089
-4721.552453,3141.665151
3418.235112,2309.857333
-2642.893884,912.332196
3514.308978,-1783.631852
-3616.061630,-3404.239035
3532.083749,-3909.382840
-2448.326748,-2976.463617
4755.756185,-3461.788959
-4456.192140,-2608.520687
5104.665597,-2441.555782
-5897.874887,-433.049366
6517.577353,2767.886334
-7127.434066,3313.776913
7539.069288,4395.411085
-8341.089499,2297.565691
7409.583056,1518.728757
-7559.896865,48.089798
8317.099853,-416.531285
-6805.006707,-2659.660228
6026.276310,-3325.145843
-5901.242063,-3004.971259
5849.336993,-606.412182
-4428.523944,1668.365439
3683.972388,1931.265231
-3706.417602,2728.887439
3015.777219,2027.617493
-3816.076178,1929.536099
4648.058776,-130.707033
-4423.289129,-2399.822849
4870.323754,-3806.216666
-5517.445427,-3663.169179
5892.652974,-1950.531581
-5706.045964,-61.187877
7215.630017,941.466519
-8308.364311,709.886650
7040.270098,2571.115844
-7627.998333,2717.224917
8028.678970,2896.855915
-8205.086087,733.965848
7218.885204,-491.290128
-7172.437161,-2021.833279
7065.653018,-2378.562389
-4883.269386,-2863.832033
5352.040564,-2941.459710
-5360.415964,-2486.128322
3872.367857,147.583582
-4197.035242,3683.179111
3877.398505,5280.758317
-3297.143262,5301.235692
1788.271505,3517.697795
-3944.027815,2744.009589
3803.500281,1881.304973
-3400.719550,513.512901
4834.657017,-3772.231258
-5096.553849,-6534.613599
5085.856982,-5265.295029
-4973.551821,-2601.940063
6656.688095,750.669587
-6820.598805,2205.575629
6580.292708,2615.202676
-8490.043388,2440.423816
7799.377965,3235.535135
-7447.881454,2160.551609
8355.065708,626.781543
-8684.220194,-2838.345121
7267.093545,-3625.107580
-7131.983233,-2865.835414
7552.156409,-912.810020
-5967.547300,436.601177
5435.326101,1338.479786
-6602.641081,1745.336928
6669.731787,2214.508812
-6279.776889,2014.646929
5098.763587,1152.344009
-6050.716802,978.608467
5440.699538,650.650281
-5449.001359,747.679847
6473.449854,66.741089
-6071.103648,-1374.319752
6104.825680,-2075.366427
-6911.735820,-2101.719794
7261.215874,-598.449838
-6522.206798,-544.715793
6255.379960,795.369191
-6906.683209,1218.898470
5955.652321,2466.116479
-5012.259132,2683.024910
5774.751487,474.124627
-5227.933472,-3325.234840
4935.023632,-5347.190259
-4617.180866,-4580.008264
4779.511779,-2288.132974
-3879.812425,478.516496
4952.781335,1237.668637
-5062.331317,1638.092222
3887.422316,2520.515615
-4673.337938,3694.920699
5167.828100,3979.766905
-6144.219294,2555.896251
5812.562439,651.259898
-6825.498231,-791.605152
7287.185216,-931.771452
-5392.824977,-2408.509449
6962.452698,-3371.507082
-7018.464963,-4227.524675
7033.085389,-3454.197581
-6528.044643,-2295.094405
6714.774906,303.135424
-5309.174376,1174.252416
4370.392092,2677.364112
-5225.190964,3098.260263
5208.216180,2520.196040
-4259.306221,983.684805
4086.590783,-2381.479158
-4039.675051,-3901.332040
2827.269603,-2638.937225
-2623.711158,24.290285
4663.937888,1185.703169
-4079.605845,813.671636
3834.675073,-1061.450556
-5203.087623,44.422991
5161.543974,1972.321727
-5511.098125,2128.862366
6920.341033,1490.728255
-7572.235689,-1411.815514
6886.168514,-1903.094514
-6873.484058,-935.892272
7737.057358,356.766798
-6337.222678,-876.899378
6245.765394,-1264.783767
-7701.544178,-1867.995705
6625.391352,669.023826
-5375.624826,2878.379797
5935.534173,2711.956938
-5768.461761,1347.621153
4586.921027,-866.784201
-5123.815509,-1410.167284
6003.680271,-1890.428756
-4588.132758,-2663.306661
5103.571735,-3150.839621
-4867.980418,-3482.088951
5467.574376,-2341.292092
-5308.584016,15.221451
5916.520483,2216.980084
-7180.468299,3466.510224
5146.624938,5619.590848
-6039.058779,5887.915138
5610.175003,5776.285974
-6258.744599,4024.210373
5145.161754,1415.811082
-5589.337883,-990.974520
6039.596414,-3534.370246
-4498.312760,-5906.883145
6140.503125,-7486.500588
-5593.805784,-7563.883252
5904.908457,-3940.492302
-5834.033496,805.048621
5013.967024,4724.333362
-4898.013822,6004.026722
3869.593332,5338.637611
-5928.747326,4023.473161
5483.281043,2914.015837
-5555.206595,710.837190
6651.311257,-3586.439025
-5272.103619,-8216.098450
5897.742002,-9710.656565
-5490.975052,-7447.330081
6107.277701,-1768.930760
-5537.931824,3946.665381
4627.350052,8441.385118
-6170.276790,9483.426332
4094.646104,9227.685212
-4887.747501,6282.223094
4568.291341,3222.948181
-4017.085391,-1693.078547
3129.007872,-5990.216065
-1363.712834,-8563.969351
2036.032817,-8866.440015
1524.563782,-7659.392829
-1619.124692,-3267.594046
2443.504431,1511.974104
-3193.813277,4678.513966
3389.405086,7117.316298
-4480.897668,5279.649588
3813.545141,3136.450206
-4520.788123,-122.093676
4147.000361,-625.244642
-2886.383334,-3081.852046
3571.582669,-4315.852354
-2419.756253,-5802.531100
2132.747408,-4655.666649
-1715.071932,-743.108328
1853.878669,2317.048441
-1025.690254,5645.582996
-126.158227,4462.763715
-1261.425552,3910.689357
1521.584509,1581.009524
-2193.484285,-594.145119
3351.908077,-2668.758288
-3020.418214,-4437.286969
4055.157843,-4598.560953
-4207.225690,-4727.375616
5082.703224,-1478.924024
-4732.628366,503.494080
4652.375399,3276.026162
-5563.390639,4679.796666
4743.813200,4732.684994
-4107.590214,2555.823079
3413.503488,280.740165
-3321.427644,-2368.393636
2510.392265,-3295.920963
-1042.681813,-3096.776396
2445.233451,-4090.307016
-1069.609883,-4059.091547
476.143740,-2242.484361
-458.201929,650.846869
443.636646,3260.066164
-939.347282,5124.035831
1182.746091,3723.441574
-2519.830399,2793.155628
1739.172392,948.614226
-2783.497480,1209.719513
4453.700052,246.663849
-5021.632156,-2013.176379
5615.658764,-2841.610370
-6385.960122,-3497.324608
6736.501660,-751.286537
-4862.044903,-575.055766
5815.509404,-214.026306
-6097.365843,-2083.989811
4997.041348,-616.149178
-4015.467322,-550.495704
2878.037399,624.734296
-1004.837031,834.112867
235.975167,-327.620871
194.982129,-57.484709
-1376.355072,-525.305854
2283.261783,1214.698911
-2052.645657,-56.011977
1538.531526,541.307749
-2497.144564,935.755775
1028.241230,2806.572082
0.686215,3742.433158
-744.991900,3843.337137
825.778030,1550.403869
-2324.540007,-576.734330
3585.629661,-1662.290105
-3418.350184,-4197.746284
5190.355943,-4830.093068
-5002.418895,-5170.423322
5830.081208,-3736.911670
-5836.342975,-1936.221695
6327.836445,1108.279860
-5903.904347,2354.084820
4492.549933,4345.040917
-6541.479810,5503.013648
5538.033340,5986.784124
-5294.911322,4232.410375
5273.117181,185.335981
-5506.651697,-3184.087275
4555.218486,-4061.172731
-4385.004633,-3143.390256
5975.321011,-2202.730677
-5749.592488,-1170.465898
5362.241836,-187.173109
-6725.386323,2489.539323
6642.264678,4637.300955
-7135.929811,4694.403462
7768.991767,3187.254758
-8615.704310,-1420.005615
7269.186190,-3093.920878
-7321.276555,-3401.876271
8507.227441,-2369.544409
-7167.265640,-2370.904871
6734.633598,-1170.640994
-6911.113221,-997.060260
6690.889608,777.312102
-5136.711784,1399.294975
4389.612719,1116.799050
-4860.997120,1154.341106
3327.430986,1188.895334
-2965.996000,1879.053539
3491.294344,488.691238
-3363.825764,-87.184121
3676.488005,-932.287311
-3968.935388,-1427.246424
4393.502334,-1042.036187
-3655.564073,-580.242264
4174.773134,-590.640807
-5668.612444,351.095258
5667.869478,2394.346664
-5596.302657,3219.646663
6571.740649,2949.043881
-6632.390258,-45.543812
5459.539375,-933.434940
-5712.340244,-1921.641848
6288.165639,-1561.517876
-4179.743672,-2534.342416
4186.790224,-3413.825095
-3086.462063,-3814.878955
3369.692794,-2769.611674
-2531.371581,-1247.888330
2833.888781,-152.274281
-2316.604768,872.069195
1334.854958,667.102642
-2079.004550,2566.817370
2192.170105,3064.733715
-1808.826207,2771.294893
2316.723264,856.138635
-3613.006125,-1081.101898
4645.138338,-2847.550505
-4671.354597,-2972.741019
6121.220380,-2070.731092
-6928.220289,-1104.444639
7002.093404,1950.662146
-7769.948845,3565.035611
7484.528301,5101.342407
-7479.666590,3282.905793
7104.253761,1922.576215
-7220.796808,-952.919928
6599.380357,-2375.800399
-5460.344976,-4052.623481
5992.477722,-4240.369514
-4405.345892,-5100.751582
4488.331912,-4806.452306
-2711.789726,-2542.605255
3143.844186,-1348.526086
-2165.896947,300.841755
1495.351860,957.336788
-2843.359911,2885.174643
2371.107995,3526.086041
-3582.017754,4797.737037
3899.719892,4470.972362
-4180.886137,2091.288704
3872.211808,379.762336
-4855.683491,-1050.802110
5424.194858,-1601.007668
-4643.990434,-3184.439926
5646.426155,-3031.943369
-5582.355059,-2547.156164
4379.998045,1050.956094
-3265.984806,2438.595048
3688.061164,2843.018616
-3529.030414,1297.505974
1983.726677,-597.502157
-1679.191718,-618.598242
1334.225680,-1255.463626
233.589997,-1732.556550
1040.357196,-3432.910724
-1694.268038,-3451.892811
1197.811533,-2576.517401
-1066.905119,751.932354
2498.841848,2264.603151
-3114.247076,2806.622612
1944.594206,3115.464502
-3591.862583,2168.235975
4571.782161,2356.595968
-4635.339177,915.528622
4225.112061,-673.047695
-4478.714600,-2466.109118
4832.078608,-2264.539781
-3861.153492,-2765.981846
3581.871324,-770.186338
-3121.685802,553.545743
1950.032571,1837.113778
-1903.832629,3198.022922
1979.432433,2186.520119
-1668.473623,1224.604798
1148.258847,-903.288071
-1984.243379,-1529.004179
2924.088745,-2018.896629
-2414.811189,-1871.434699
3179.967008,-2829.524467
-3704.504753,-2222.001452
4221.151040,-203.724441
-4707.427712,1729.125135
4879.940077,4029.871855
-5721.808864,2723.744400
5177.035919,2728.418187
-5763.441805,1049.802889
5901.163653,-484.642587
-4144.373779,-2947.220987
4484.824922,-4314.870937
-3172.973114,-5691.892116
2666.657962,-4608.341422
-2032.180025,-1336.939830
1134.626602,2484.761714
-701.148286,5825.091899
-656.664070,7011.217592
-493.823228,7632.099211
-368.463027,5026.587831
-566.005394,2381.938929
290.639569,-952.449428
-987.956709,-3297.345765
1488.270338,-5078.565258
-469.341310,-4964.521063
2485.749219,-4513.629334
-2124.261841,-3992.693113
3249.038505,-2112.437074
-3944.145650,-182.332105
3763.337083,2091.322409
-4145.131152,2201.332512
3526.839128,3487.614742
-3749.578698,2158.014738
2721.037883,1506.834424
-1387.352067,-270.238017
1283.466995,-2397.412008
-605.783315,-3990.723502
-150.706510,-3830.039164
724.134089,-1497.051659
-1017.214311,1209.893134
1229.099464,4475.081224
-1146.169662,4335.780014
778.324661,4253.881335
-1975.984997,2525.496358
1353.094050,1438.135027
-1444.696491,406.298706
1331.299835,-1454.409906
332.919331,-3614.140398
-393.985475,-4261.834656
1722.940107,-3607.359368
-917.891871,-2830.953608
1753.997108,-1184.037040
-1700.720599,-519.596869
1342.123041,1106.598335
-1595.794501,1772.474727
981.818375,2599.203385
-222.365314,2703.481619
-88.002839,1539.752282
-166.340850,-525.109707
-464.058881,-1266.912010
314.105246,-1563.022950
-76.000817,-1407.749143
1340.000232,-497.363550
-2429.906383,-76.623216
1570.863185,2520.946434
-1147.999896,2880.181665
789.570943,2558.936354
-812.990353,704.648567
-141.961116,-860.438432
695.424436,-1817.227733
-1185.010501,-1910.353067
2527.760798,-2066.864336
-2457.843747,-2596.786497
3068.296806,-2174.652504
-3839.117271,-1328.412565
4405.815085,478.024950
-3319.672993,173.087285
3598.890650,940.072893
-4421.740864,-74.498591
2940.394292,790.391522
-2440.093876,1960.825540
1275.311026,3438.509361
-1535.843606,3521.461994
38.932058,3544.479374
365.539124,2912.180348
-241.646120,-191.014163
958.908533,-1950.283942
-927.847389,-4284.230078
965.363236,-4043.107632
-403.921312,-3834.446303
391.991746,-1056.365112
292.982495,1606.801614
-1924.536121,3974.253302
2215.605342,4695.923493
-2281.163624,2987.417497
3888.578599,-434.084252
-5217.019180,-4092.076129
5610.155246,-5051.099715
-6494.610551,-4399.669976
7643.472099,-1435.627277
-5921.687001,-1028.984503
6459.228885,-144.697212
-6305.554874,-455.631142
5355.347482,2051.130772
-4482.080798,2454.919504
4274.805771,1546.050354
-3613.548246,-929.616031
2663.153701,-2558.435895
-3253.137948,-369.204699
2862.218231,2652.528946
-1378.922417,4391.291389
1688.760300,2102.526125
-2489.303862,993.235686
2119.735532,-1499.686653
-2763.895401,-1260.102404
4568.412466,-508.779228
-3834.698552,-1660.512746
4150.430947,-1615.220206
-5471.683401,-2053.513135
6224.170019,-289.547592
-4699.959345,-574.047302
5393.570347,-302.505205
-5110.247028,-1257.821793
4573.706989,-2143.701703
-3423.371441,-3161.632957
4162.297525,-2440.218369
-3551.154747,-1686.387394
1918.739751,-166.180697
-1993.504805,3406.605237
2020.143294,4393.627649
-2067.261915,4386.550820
1918.603617,2440.875950
-3031.829267,344.016186
3148.341276,-1617.918707
-2620.226578,-2485.014428
4580.464704,-3843.464920
-4995.279886,-4584.486793
5331.289971,-3211.223938
-5849.634541,143.475025
6930.426186,3746.093066
-7974.013411,4897.619037
7594.344190,5447.693991
-8842.393498,3216.907553
7723.666351,2567.442737
-6972.367313,-500.378118
7477.057119,-3025.288546
-6298.699834,-6128.018054
5773.610910,-5826.745254
-4112.174616,-5166.082079
4141.757342,-2675.879957
-1880.469731,-666.084285
1447.751108,364.394002
-1874.123114,2875.355734
511.269879,3563.160515
-225.800770,4609.062765
87.093268,2116.078950
-778.943381,740.095008
181.335706,-674.982479
-1409.864466,-412.572957
2629.214288,196.299862
-1918.589546,-216.431652
1967.864024,-425.811643
-3341.339189,-708.361007
4158.198526,501.221822
-4013.891533,531.501998
5326.651634,-5.424709
-5274.776362,-1726.637941
4307.787502,-1977.597884
-4586.337812,-1012.589410
4666.120694,1199.971938
-3225.663731,728.081577
3503.771551,-747.331490
-3585.603009,-1699.719432
3174.440521,-1579.732217
-3248.000579,76.508655
4363.804968,251.539219
-4472.502744,-544.372988
3240.010483,257.485977
-4445.158291,2753.193723
4635.983068,3792.070744
-4227.357303,3681.366695
5165.158988,954.826915
-6625.823787,-1846.411411
6272.649667,-2603.828951
-6797.205586,-2800.097161
8350.653426,-723.222286
-7208.699309,-1625.478904
6265.571999,-361.489749
-6872.702706,810.717799
5348.095325,3554.231261
-4174.730335,4355.381178
3738.080641,3081.432565
-4320.859609,-113.756744
3284.501655,-2501.876002
-1713.707180,-3288.666147
3033.649343,-5102.292748
-2220.250875,-4515.252951
1883.376844,-4096.191566
-1844.124763,-1236.386256
2654.952679,932.988157
-3277.113432,3700.725658
3757.830686,5081.906829
-5078.237522,4098.238279
3891.157869,4381.710162
-5564.714130,3123.910765
6262.712132,1405.739930
-6398.111764,-1330.401043
6111.737326,-2203.667954
-5926.243415,-2682.023040
6983.047620,-1811.485611
-5307.652541,-2179.815735
5325.919834,-2541.460420
-5995.889577,-1659.074480
4683.299799,1811.747358
-4484.770157,4441.743581
3621.465054,5290.211134
-2866.500990,3392.525679
2499.141960,559.182527
-3568.661049,-2013.638793
3829.018452,-4432.828330
-1701.078432,-5129.173933
2789.497772,-6300.594576
-3094.517229,-5340.564143
2809.614027,-1802.182803
-3729.417881,3997.839428
4569.862774,7260.643863
-5312.185349,7492.763343
4055.253293,5679.436742
-6418.789028,2810.279323
6429.278614,1153.302989
-6877.682803,-1558.675980
7471.681416,-2459.356802
-7146.671393,-4386.232870
7122.557137,-4171.464862
-6134.400178,-2713.060688
6152.918988,657.293212
-5627.616473,1892.371545
4784.026839,2960.485061
-5605.437773,3362.717905
4131.558737,2635.251617
-4130.927492,2467.741331
4147.111219,676.676655
-4580.842098,-881.093343
4862.423038,-2748.185139
-4739.767048,-3013.415284
5637.964406,-3517.655427
-6036.395479,-2738.441380
6600.574343,-497.209680
-7354.510251,1626.917658
7171.946695,4146.891697
-8538.916417,4299.468238
8291.392025,4843.393776
-9236.671163,2795.676333
7864.699959,1799.234277
-7662.015906,-667.841543
7784.401103,-2003.584437
-6408.800896,-4169.264252
6189.989385,-4749.826051
-5369.746894,-3840.578348
4994.935240,-1560.551105
-3955.113141,1056.567778
3335.014081,2580.650420
-4417.178952,4582.471409
3902.485547,4132.814703
-4006.536320,3095.775993
4446.867840,135.002030
-5316.903172,-1501.246089
5712.846760,-3011.103241
-6128.605831,-3563.064389
7797.174392,-2691.433069
-7234.892268,-2624.428145
8149.500834,-879.122217
-8747.403452,301.912350
8874.525121,2757.607020
-8605.405812,2278.979296
8914.125593,1952.277615
-8827.405552,-601.064353
6882.344037,-361.702461
-6830.801024,1118.690393
6672.254009,2677.660556
-5797.595363,2393.289407
5403.768724,-70.444622
-5134.229536,-1344.647701
4818.213227,-1833.673831
-5117.070009,-363.592903
5886.159328,-31.472172
-5291.409365,-827.373239
5085.835613,-1589.806743
-5726.921700,-1333.539020
6254.521020,-128.162442
-5461.616554,19.825043
6824.118460,-585.024773
-7062.966462,-3027.841301
7243.569687,-3929.883151
-6735.485899,-3962.693505
7637.654475,-2243.985083
-6679.102013,-771.319476
5792.248435,2080.517949
-6714.311245,4307.219269
5060.591180,6049.656930
-4787.501851,6026.171159
3693.642069,5330.967507
-4059.279915,2378.073407
2389.366103,598.844384
-463.035475,-2426.667325
1283.811895,-5620.654052
751.454412,-7550.343072
-910.230904,-7884.117218
2094.929247,-4103.290405
-982.351761,-1322.677956
2540.232798,1709.335069
-2701.526456,2570.486823
1206.316404,3776.283703
-2374.713527,4263.988601
2624.694627,3876.965877
-1614.877540,1097.890200
1697.716863,-2734.468972
-1909.472040,-4589.605582
1432.917229,-4415.639241
143.603656,-2256.163802
2098.638895,-1939.776604
-1482.187376,-1779.033826
1511.091001,-1126.588892
-2782.754071,1186.989953
3526.577167,3820.155149
-4232.038954,5007.331489
4214.917637,3904.828352
-5406.231913,1276.174001
5348.153281,-124.676295
-4631.169858,-1925.583169
6305.671194,-3157.043288
-5561.839392,-4978.591265
5059.805178,-3948.361970
-5229.108771,-2655.631250
5265.294839,1003.071691
-3966.917339,2988.740266
3920.726884,3290.416489
-4371.034541,2839.532260
3569.139953,1163.136284
-2602.670108,-1049.692512
2406.011686,-3718.920536
-2399.163309,-4147.571131
2404.766702,-3290.435495
-1978.334409,-1192.800226
3528.198650,149.438745
-2473.487854,498.375009
2783.359494,-184.528277
-4546.463939,53.142555
3772.096902,2231.180883
-4449.846995,3512.133593
4366.179632,4305.508660
-4404.430637,2785.457712
2758.524415,2118.861444
-2775.121659,1035.366829
3426.856925,164.446672
-2067.684284,-2983.052142
1669.571417,-5321.722950
-1597.094682,-5105.574162
1080.497584,-2548.417207
-115.737408,1230.877209
618.693324,2855.361633
-199.545880,3309.609058
-928.154457,1580.098393
-509.279967,1577.190300
1123.142214,-106.177758
-571.951895,-1873.857153
1474.097144,-3342.567183
-1849.120416,-4919.493290
2841.373721,-4152.118032
-2754.668868,-1646.601397
3677.040657,1268.607539
-4699.089669,3250.685833
3179.281965,5721.596981
-3745.366143,5481.458038
3091.294715,5234.776126
-3532.510842,3148.937924
2216.428660,1645.528147
-2450.624323,-401.171021
1941.713379,-2379.601970
387.666835,-4386.744402
394.075363,-5936.016213
-137.938886,-5267.952941
45.177442,-2471.083276
711.641214,1628.657722
-636.578998,2521.005219
524.763629,3135.853162
-872.241158,1355.267610
-396.593309,729.015460
1130.783999,725.191218
-1313.238057,-6.291716
2407.903066,-2213.031905
-2543.877517,-4489.257952
2636.724582,-3723.767857
-2829.999045,-1909.021366
3531.002770,2196.313577
-3543.849879,4241.702012
2292.854929,5595.249975
-3857.727978,5524.698453
2544.196366,4843.502820
-2400.984671,2666.183768
2043.508581,222.508737
-934.381609,-2901.582506
884.747381,-5396.535761
424.613482,-6645.210054
582.820584,-7075.227682
1609.287405,-5609.897109
-1418.027933,-2875.291121
1388.896852,719.229750
-1142.405863,3284.990782
1326.611974,4865.110429
-1646.871748,3763.156018
-36.291163,3184.947861
-934.132793,1861.257648
549.620779,1496.036751
641.781914,-97.640892
-690.534561,-2367.025039
1113.231600,-2957.731359
-832.402939,-3372.867448
1419.741171,-1449.507644
251.731870,-1300.979146
-702.483908,603.714596
199.453537,1274.638510
-1886.346791,3280.827325
2255.192467,5023.374444
-2583.834451,3729.712709
3434.082093,1383.426065
-3894.986664,-2962.635684
4174.615277,-4256.842753
-3507.819996,-5715.248718
4563.410184,-4482.753641
-3207.084855,-4373.081854
2231.527348,-1276.853131
-2365.731441,2557.737067
1277.213680,5505.572340
-149.311609,6709.648773
-1440.918148,4528.804699
1532.591997,1305.051028
-3138.395608,-1734.585834
3534.375241,-3164.156306
-2242.138303,-5166.428829
3452.756990,-4848.151774
-2870.397619,-4629.203178
2421.059212,-1542.415095
-1832.661511,1277.307041
1704.309888,4082.926527
-1126.717033,4610.981230
-1573.734025,4771.611220
486.771189,4359.339554
-1786.973644,3917.030238
2766.364080,2353.113715
-2978.393194,-1995.107235
3585.610369,-3715.351105
-3692.366131,-5875.383336
4290.423681,-4315.329007
-2606.432609,-3048.824238
2038.212641,-485.952095
-2559.766362,2082.976103
1165.155103,4589.516570
-1053.141518,5866.609900
1145.219919,3940.657917
-772.467767,873.063796
389.647743,-4053.295307
-723.806174,-5506.401687
1956.441667,-6612.485372
-1058.025221,-5399.886705
2703.323311,-3528.350616
-3355.633231,-687.267469
3051.146600,4005.615407
-4384.156031,7214.168937
4494.900204,8799.067249
-6113.384313,6333.328021
4401.379148,4132.970601
-5412.022059,787.191932
5372.160086,-1082.542454
-3466.174538,-4367.283904
4435.187153,-6519.279704
-3430.551066,-7009.946998
3371.684587,-5653.478336
-2154.223646,-2003.066500
2842.009892,1008.627301
-2385.632349,3173.185547
1379.629374,4204.500755
-2737.173920,4692.158822
2393.907879,3634.288006
-2384.434616,2122.704623
2630.649223,-1138.170306
-3464.069359,-3472.808575
4762.584711,-4831.389155
-3395.810503,-5708.780584
5304.038671,-4466.774822
-4929.060305,-3409.342820
4377.510694,-43.688587
-4713.065019,3124.162709
3752.564910,6681.365481
-4773.043614,8030.691200
4070.832183,6936.124372
-4465.818090,3444.563234
3454.450566,433.587060
-2418.645714,-3307.350350
3398.068845,-7071.246424
-2374.304361,-8161.383395
2983.760149,-7807.108666
-1948.553259,-3967.652875
3501.081487,-382.861770
-3372.505566,2650.337693
3634.750955,4278.253998
-4795.479924,4168.081243
5005.521823,2950.297212
-6182.133115,926.353461
6169.357431,-764.262844
-5455.535845,-2670.910438
6247.808615,-2897.618090
-6641.198443,-3389.015298
7779.505188,-1591.429527
-6558.468759,-747.385881
5961.409664,1023.099273
-6669.699667,2616.697433
5535.777663,4623.055759
-4714.641210,4137.010932
3796.689704,3004.042343
-4067.072222,1072.906484
3249.347431,-841.328026
-1624.890488,-2627.259664
2130.354798,-4854.152487
-842.581323,-5794.183019
1651.338607,-5547.328579
-1460.681216,-2867.204917
1444.353125,-151.777025
-959.517679,3130.523891
1949.047588,3259.493777
-4062.488520,3802.782399
3280.977824,3231.320381
-5083.111957,3359.983990
6491.164802,2493.223810
-6995.053677,-1155.808192
7617.636722,-3624.545095
-7712.494402,-5712.015675
8952.559468,-3847.726708
-8560.845498,-2828.418212
9780.575065,-931.896974
-8660.256216,-1365.173695
7181.446810,1181.530681
-8277.879180,3352.299086
6497.808822,7012.020001
-6157.085204,8134.345291
5155.254057,4785.445940
-5645.375156,1486.578430
3637.323111,-1230.497603
-3263.799901,-2205.473770
4305.693048,-3322.749618
-3224.256295,-4209.704304
3632.174744,-4758.855180
-3767.184513,-3650.371484
3857.408529,-1422.724425
-3548.188895,1978.004431
4565.815814,3472.553013
-5734.167528,2195.781845
4992.966052,1232.816773
-5996.626039,124.962151
6160.197013,-122.185881
-5378.436786,-920.177720
5330.788518,-1498.744771
-5901.692925,-2070.138241
5633.028719,-85.167224
-5119.423691,1057.968409
3916.982215,3114.599751
-4494.728065,4085.629303
3019.844048,5107.434704
-3463.615007,4911.506104
2214.908007,3011.897391
-1852.533068,853.468528
1956.740947,-2608.166862
-2038.829407,-3953.518293
2493.786913,-5023.994481
-626.712481,-5626.716532
2107.579518,-5349.021731
-1608.143230,-3936.658698
1305.950564,-1052.632397
-1734.073182,2426.459614
2095.447491,4964.150875
-3143.835176,5397.758390
1882.200369,5012.734468
-3535.477109,4091.822586
2967.050002,2891.209851
-2086.566592,-268.250548
2753.648866,-3413.989848
-2076.277127,-5679.175837
1783.658899,-6171.461477
-917.560374,-4189.632550
1454.431249,227.829507
-985.015424,2721.220875
-420.126541,5020.267665
-391.631528,6193.513816
-78.216843,4965.339860
701.503719,2636.905043
-899.237036,-1907.245004
128.708923,-3858.795522
519.228534,-5947.245712
321.579170,-5490.107627
2300.752325,-4953.326549
-1893.761811,-3672.061361
1979.588250,-429.644029
-2467.091833,2644.948938
2454.438217,5751.029324
-3179.062754,4984.129558
2339.980844,4446.769342
-3511.737819,2097.308723
1873.949982,1909.536464
-353.381488,92.838885
1214.686886,-2503.974078
-34.026512,-4985.126371
-523.435476,-6864.648515
1110.336472,-3988.827358
-242.004609,-1726.787026
1312.983234,1609.785473
-693.074050,2067.945667
-1624.033197,3729.229449
903.688830,4928.791239
-2121.191824,5049.484008
2539.749148,3866.522220
-2882.835947,-30.103771
2762.632428,-2458.839464
-3699.916612,-4478.325274
4895.306864,-3264.691916
-3057.634677,-3783.529952
3431.823145,-3126.809971
-3539.530974,-1898.608624
2580.200397,558.390065
-1937.315715,2882.036101
1601.452108,3985.567040
-1284.648994,3452.320642
-943.897687,1774.343288
1077.002065,381.301796
-986.434577,-1146.727981
1864.211766,-2444.391687
-1514.246562,-3528.516517
1577.997299,-2833.707372
-1103.675316,-2514.090801
819.238929,595.440644
190.663854,2018.837566
-1566.868400,3599.552850
198.976226,4919.052161
-1282.609222,5217.095614
1601.107729,4274.777219
-2087.113857,938.062594
2051.423526,-1490.508571
-2721.858685,-4019.813885
3686.555246,-3885.632331
-2055.524841,-4917.145953
2989.038771,-4523.071449
-2285.242603,-3773.187123
1691.362569,-1074.209268
-1013.168807,2321.132606
439.070592,3358.474638
125.403879,3838.512754
-1315.821249,2542.285828
703.347728,667.437075
-579.482726,-585.967123
1311.729480,-1500.081327
-359.806767,-3279.178085
-194.433893,-2758.196630
-195.522181,-1305.660099
-177.018129,1740.735955
1041.266929,3795.069130
-1766.134457,4606.381116
1123.442642,4398.609376
-2653.591349,3278.073610
2994.100731,1504.570339
-2684.301061,-1632.147655
3265.835124,-3807.909417
-2896.430207,-6405.652908
3913.570298,-5611.948349
-2675.957770,-4461.381888
3274.481961,-2034.643706
-1984.756014,-285.422025
886.446413,1405.640774
-1303.272616,3189.015540
989.928004,3623.542982
-1134.939742,3857.482946
594.846314,1935.658958
-1259.485228,363.567183
1117.567955,-1322.927699
-1173.864930,-1424.171161
2374.167408,-2205.032359
-2460.195139,-2348.764884
3208.639747,-1298.886092
-3849.037197,257.790094
3958.661887,2273.056266
-3904.350878,1962.222918
4552.699428,1800.177342
-5185.710624,-71.484972
4313.886218,39.172781
-4314.446560,363.460053
4436.553913,248.045848
-3947.656652,-559.533168
4032.636683,-1396.399305
-3693.397219,-2089.031046
3628.236050,-1697.734721
-2438.924532,-978.005015
3072.981811,-1259.232356
-3470.162470,-889.773129
2695.681527,-151.151441
-3007.489498,1103.542019
4113.637885,1724.980518
-4584.629446,2071.809371
4706.176226,1190.801359
-5740.060433,237.895284
5997.031039,-132.272255
-5302.636336,-1710.578668
5523.052931,-1931.932601
-6009.525692,-1658.023881
6139.994540,363.800832
-6532.856789,1825.121480
6509.774050,3385.105887
-6248.064470,2376.411553
4760.226671,2013.494826
-5497.790542,1319.730317
5011.366837,1345.776448
-3888.003251,291.905327
3793.851122,-2545.970661
-3367.950074,-3689.283653
3756.962188,-4664.856086
-3720.391167,-3191.899995
6160.979949,-2650.041507
-5641.260280,-2578.112151
6356.544590,-2378.241187
-7336.944467,-519.792765
7057.493475,2291.986553
-7536.466388,3662.220100
8161.825565,4843.161154
-9273.694625,2823.033710
8247.169957,2514.270455
-9000.355733,1264.707354
9265.206087,1363.036596
-8508.472276,-712.060698
7930.826186,-1558.023822
-8155.952530,-1451.624301
7332.745981,-376.829566
-6007.452732,1388.143303
6212.841097,1592.637055
-5409.277087,-21.971610
4468.661935,-1207.641689
-4021.739417,-2256.162139
4992.632322,-3100.409903
-4179.497463,-3263.221493
4078.763103,-2807.505669
-4183.685528,-1269.828433
5071.631694,-477.731553
-4218.076100,222.575604
5101.443120,-151.250553
-6333.919666,301.786017
4769.049546,2341.578573
-5080.682235,3415.453405
5068.441783,4010.740540
-4777.409797,1530.807041
4042.606395,797.293003
-5297.633648,393.777994
4847.148433,1391.487553
-2416.396680,-343.282208
2705.549711,-3319.989024
-2296.478710,-5449.718200
862.819268,-4148.970927
-38.442326,388.610190
1008.936980,2151.480255
-229.837961,3320.620859
-558.718911,1169.466808
-355.129315,-469.317860
851.649709,-809.211123
54.115876,-1565.867376
1379.730785,-2654.264195
-1636.600375,-3476.010695
1159.112671,-3339.703802
-1325.035480,-1101.101672
2976.327366,1721.715161
-2803.398235,2748.715228
2174.896803,3735.493744
-3580.487329,3454.510785
2784.666194,3354.861449
-2464.949599,2197.389518
1702.005584,486.755609
-1926.567344,-1015.432826
1925.454010,-1056.155461
-719.910296,-1979.651746
1635.086830,-2818.222017
-360.235053,-3976.717280
-577.997988,-3383.620576
577.170756,-857.013498
-368.044305,844.585049
254.582041,3780.352507
-127.684526,3210.126119
-1519.216213,3186.261243
1404.672531,1830.595971
-2535.498749,1073.951884
3529.075454,-473.119289
-4046.491192,-2906.123274
4871.846705,-3848.101185
-5320.826721,-4097.114202
6409.529267,-1767.736484
-5616.622019,-1446.024876
5778.249317,1039.194967
-6236.898760,629.571213
4677.993246,2974.434969
-4607.758336,4067.929460
3255.900655,3797.197920
-2200.507014,2443.941111
1497.044068,-513.146648
-1347.059785,-1662.702482
495.028363,-2551.299249
1149.775826,-2772.026225
-693.615045,-2810.251914
188.015750,-462.434158
-1451.086747,1890.120088
506.271479,5559.366720
526.154957,5891.171794
-1420.376260,4275.513137
1832.959056,545.741086
-3540.433242,-2453.997766
4013.575842,-3585.587036
-2675.994166,-5417.784661
4881.742688,-6088.664944
-4329.637876,-6359.367364
4417.469996,-3811.767143
-4369.722766,-565.985623
4941.513035,4720.043664
-4578.769070,5288.792740
1685.834692,6277.026490
-2850.523232,5633.868886
451.595419,5497.219614
333.765464,4537.002127
-1043.543205,332.512536
2040.353132,-2645.781451
-2534.008175,-6186.363646
2772.881551,-5745.931470
-833.336010,-5272.033057
1795.390422,-2989.754224
-1395.027743,-1479.487677
663.283657,1515.043472
-412.604245,3367.393285
-562.140943,4302.060117
1033.348700,4158.714323
-2533.350550,1398.453787
2255.334898,241.495420
-2702.874118,-1854.175775
3153.977545,-2008.021796
-2468.007112,-2544.095722
2399.465947,-1635.619390
-2392.596505,-506.334218
1612.532421,1270.658624
-456.580357,2308.709575
-29.228899,2109.805986
-139.633964,1195.712867
-1465.311414,1185.032190
2135.695194,877.128103
-2109.166253,-724.843623
2187.233427,-946.204959
-2320.833776,-1914.000525
2478.132973,-1320.731209
-1528.520269,-1458.454443
1737.031680,-563.038983
-978.265560,-998.237908
-155.294546,65.901691
-194.745159,1434.789400
-282.118363,2095.002104
823.130056,2845.414478
-841.632517,1023.434869
-75.354737,961.972878
-712.698022,-218.940280
1234.707365,-155.063902
1333.916475,-3004.308231
-1683.215596,-5132.357753
2933.671833,-5591.852847
-3632.161046,-3422.968012
4805.750597,625.029966
-4835.903970,1934.895807
5320.880185,4012.737909
-6213.157069,2592.240316
5623.621990,2737.086318
-5403.083187,1758.994955
6285.505650,-113.556335
-5245.497109,-2913.748535
4682.110228,-4565.490520
-4547.929498,-4557.651502
4900.947440,-1823.530106
-2755.811062,834.095222
2557.198233,2099.062010
-2709.374831,3337.706050
1705.434341,3283.573556
-1771.165061,2585.341687
2535.983303,421.716136
-2989.895141,-1522.626305
3561.638852,-3107.036163
-3014.027325,-3784.235507
5112.414956,-4902.998069
-3262.096953,-5384.025477
4674.235651,-5265.467739
-5234.344710,-3411.464866
5400.173649,750.086889
-5209.932078,3209.307797
5548.327011,5643.568842
-6223.872794,4547.229680
4172.799762,4816.353038
-4421.539900,3302.298022
3517.910804,2632.971585
-1163.799909,-1301.187811
881.938789,-5843.426202
552.682152,-7645.816001
-909.935376,-6748.443397
2665.482066,-2530.331802
-1809.854820,-253.120264
2704.055559,2166.182528
-3163.420299,1631.857026
1777.378263,3437.683182
-1346.581632,3072.504731
1265.675227,2346.416983
-227.769369,-537.689768
-763.872527,-3390.195671
1322.903689,-4089.453698
-1480.801475,-4324.880671
3721.705829,-2011.900812
-4042.787580,123.463795
3150.161855,3461.185755
-3446.998369,3752.124304
2818.868866,4661.190318
-2696.947153,3233.249036
1222.710777,2147.016298
-1671.510418,1071.396360
522.009377,-281.327765
1630.060082,-2268.233814
-837.855694,-5132.672779
1622.834949,-6083.365625
-2223.459284,-4989.966995
2561.995458,-944.650468
-1378.323175,1150.717763
2198.593810,2481.948399
-3501.179690,1536.791478
1284.889084,2639.347098
-1196.037230,4249.010335
802.342119,4012.363610
29.616305,1112.002148
-219.912982,-3066.255470
-236.768853,-4766.775036
505.827752,-5016.327634
808.513484,-2441.861571
759.485539,-1378.597625
-1374.291810,359.065644
58.403188,2827.935008
-1325.394899,4836.452267
1875.041668,6055.819775
-2222.287821,4895.125526
1780.893823,2107.216774
-3076.236212,-1074.067960
3188.902478,-2415.051498
-2640.327416,-3927.412473
3546.522634,-3582.220450
-2871.280737,-3254.352088
2860.001765,-1986.783070
-2399.245712,270.780360
2359.544203,2094.292009
-1825.237186,2456.748924
713.201657,1935.737769
-1369.312472,564.242241
1267.276178,14.308875
15.269199,-1386.318584
185.081923,-3132.111289
237.878571,-3312.904169
310.873328,-3631.015764
542.347744,-2521.231575
265.345409,-1548.966487
-237.913526,54.971782
487.954013,1357.347104
-1760.914465,4113.471898
1426.736069,5230.365547
-2109.597293,4622.523015
2750.121732,2738.426492
-3547.585571,-365.495975
3222.904335,-1157.903466
-4065.138412,-1068.973799
5416.896283,-435.512290
-3983.924507,-2392.893708
4550.603229,-3595.496679
-4430.051001,-3430.209176
3754.087919,-335.652673
-3393.419247,2052.046583
3732.298635,3071.290461
-3235.217509,1882.459671
1457.128558,202.379589
-1523.471500,-592.871136
2146.338749,-1051.318844
-1314.463339,-1145.994499
2608.888795,-3661.854057
-2718.682276,-5038.567804
2425.641424,-4741.408793
-2086.232152,-1798.864443
2762.108683,2197.851374
-3233.077508,4472.780924
2260.576809,5733.252085
-3844.284279,5258.909746
2935.765059,4616.714202
-3543.018665,2710.771381
2625.434182,1504.906004
-2620.631207,-1378.026947
3181.960930,-3123.969630
-2110.720536,-4448.102831
1283.648953,-4367.920513
-331.316662,-1861.115805
330.057865,147.617739
-485.270331,2449.422010
816.681700,2426.790483
-805.077361,1271.374171
527.628233,-101.210286
-1571.528137,-161.750676
1856.150251,-771.134342
-1901.294911,-1008.111474
3128.250843,-2244.420474
-3517.810066,-3063.048620
4445.070759,-2004.757559
-4071.733184,-950.782843
4543.660691,1132.938410
-5278.252034,1456.718752
4535.007103,3086.475162
-5978.566521,4139.971241
4933.457770,4881.971352
-4962.221315,4608.384140
4873.341743,3646.816471
-4889.160683,177.336944
4231.266897,-2748.001452
-3271.670915,-4860.111493
4434.157569,-6463.442769
-3602.683131,-5282.586441
2952.259362,-2021.287598
-3065.100719,1909.044289
3742.493206,4378.137626
-3960.880614,4513.857000
3924.021474,2476.420112
-5388.764846,786.469145
4747.610476,-465.308710
-4674.313667,-1331.102079
5079.577189,-1775.725744
-5112.206355,-3140.849479
4984.117101,-1863.214373
-5678.510113,152.598367
5754.115842,2973.990578
-4074.076929,2565.271458
3468.412897,1065.247016
-4307.065041,-1445.592999
2659.096756,-856.853402
-2732.039794,1322.799830
2997.304589,1365.915200
-2197.092285,1406.510996
2421.853706,-1236.316078
-2608.441143,-2129.185710
2376.311756,-1357.224569
-1939.825078,-942.458008
3228.800194,-991.498783
-4284.746519,-159.568271
3570.102881,675.760429
-4419.669287,2447.862973
5890.867507,4043.595457
-5257.112565,1501.983810
5084.827435,-175.731597
-5902.442032,-2674.829360
5995.928262,-3406.061388
-4257.857483,-3455.301089
4532.905096,-2536.687959
-3751.030917,-1193.905428
3192.931132,1215.119899
-2834.149186,2082.178207
2831.297824,3251.594292
-2232.399032,2784.696264
315.736477,1008.533514
-790.339409,1283.268061
543.147570,606.896635
536.875614,-52.820092
254.510714,-1874.701199
-760.144196,-2790.776250
1104.826337,-3223.515467
38.136870,-2358.159559
2102.485421,-2974.991594
-2191.326415,-3273.892376
1872.052757,-1511.981515
-3562.466596,1981.226967
3351.935785,5986.470698
-3631.393829,6251.234627
3624.345397,4803.218423
-3973.904442,703.893062
3106.698439,-1712.119821
-2209.846033,-4074.340696
3672.111032,-5648.648522
-1994.099900,-7086.496464
1144.284015,-5777.719381
-1128.313125,-1612.766750
486.140440,3972.064461
753.371490,7934.338272
-1127.804372,7347.310334
-978.630776,6323.661148
-1224.005795,3394.187443
-385.678867,2349.113639
865.675167,270.558813
-1088.695270,-1791.708739
2660.136766,-4599.566826
-3132.853743,-5761.187007
4926.864351,-5078.537894
-4778.957281,-3045.287406
5627.226507,-258.615638
-7125.392402,883.148679
7044.778869,3228.393456
-7684.694444,2788.113263
7626.045141,3832.094524
-7842.061781,2160.083395
6403.999489,930.473470
-5542.294160,-2048.660907
5301.422865,-3682.135293
-3946.381435,-5329.183155
3254.722039,-4249.893892
-2534.415350,-340.410192
1581.597584,3189.939348
-886.644500,5743.661175
-206.801274,5051.181482
-860.710953,4423.374924
-1024.915336,3253.075964
-14.812343,3679.859227
941.251312,1240.913944
-391.695044,-2025.827355
1528.577070,-5995.352427
-2077.288964,-7225.460320
3357.569165,-5172.160506
-2232.488214,-3206.422028
4630.162580,-1342.471498
-4154.928942,-1358.691272
2468.437587,1217.083631
-3180.861247,3047.707781
3597.165791,4820.019284
-3039.264202,3915.014643
2108.239880,1880.145988
-2776.905095,-543.787725
2317.192997,-2152.272348
-78.903693,-2956.492274
804.532726,-3634.628229
-630.275284,-2504.962243
-775.279095,-339.017865
258.984219,3583.618282
904.610557,4625.251165
-1079.532839,4902.409259
761.793539,2906.583035
-3257.876468,1066.463674
4277.785181,-332.556373
-2569.369731,-3532.445475
4144.731187,-6971.963522
-4555.463444,-8493.270827
5375.036422,-6081.267493
-4423.254050,-2456.106458
6166.117608,1828.003870
-5646.266291,1984.264485
3971.973297,3562.467350
-6054.571283,4763.932924
4974.045993,5959.912251
-3758.741239,4801.436883
3917.825612,207.615974
-3867.473222,-3876.952599
2586.333324,-5472.450103
-1860.416777,-4207.098328
3490.267732,-2092.359769
-2975.089911,-192.570329
2314.919120,1017.839714
-3205.252639,3337.238703
2911.810478,5003.959792
-3414.087743,5223.900909
4099.290374,3141.302271
-5281.815033,-747.578064
4045.723696,-2810.689707
-3798.752731,-3675.963126
5541.237941,-3680.532024
-4549.131011,-3457.685541
4590.958674,-2079.899867
-5424.372738,-543.568373
5604.304544,1961.527286
-4988.266676,2484.052796
3590.413405,3100.248119
-4835.223752,3056.454510
3326.772122,3528.644895
-3336.232192,2975.586672
3205.556693,625.205288
-2583.547500,-1850.377247
2665.817050,-4489.359880
-2817.068269,-5136.647628
3418.985065,-3551.962326
-2048.562611,-1715.639978
2906.846562,-1422.411303
-4169.236112,592.196575
2878.692055,3557.355276
-4675.577008,7372.791858
4313.148164,9237.849055
-5693.098582,6683.796493
5195.644357,2978.064848
-6118.032409,-1600.747069
6086.799139,-3811.598286
-4739.045099,-6255.436877
5669.672235,-6359.641599
-4491.003681,-5933.286492
4531.904957,-3773.029791
-4673.398664,-343.763278
4508.817304,4006.300940
-3990.372540,6639.768914
3128.595282,5540.634260
-4201.296651,3399.934709
3075.444151,454.580466
-2938.610160,-1947.265900
3995.876691,-4212.571758
-3517.281576,-4879.428865
4366.798600,-4510.063046
-4727.007114,-2218.754273
5471.172649,1447.975473
-6814.927071,4429.019091
6148.996402,6914.727269
-7886.249435,7795.414530
6919.247128,7064.738904
-7886.925915,3592.779065
7809.934649,305.149433
-7590.306108,-4057.105565
7794.666992,-6241.630575
-6438.105877,-8364.448281
8941.062480,-8537.549204
-7048.107680,-7503.358935
6631.869054,-3409.846672
-6303.580615,1175.806905
5616.566077,5476.216752
-5755.654651,7625.733753
4731.847298,6341.811135
-6172.750172,4789.000827
4471.775419,2906.588626
-4934.951978,1340.594878
5715.462830,-1057.852710
-5239.536636,-4130.089916
5470.070277,-5303.911219
-5701.154192,-4446.500904
6711.304015,-1503.579079
-4337.082525,54.484819
5473.641597,-195.917669
-7179.201324,-118.902298
5893.000535,2211.174926
-6134.624505,3426.634950
6118.216572,3998.308026
-5858.710078,2840.351831
4917.522097,1004.343503
-5343.362543,-775.949004
5925.137368,-1995.415409
-4342.209217,-3496.626843
5254.978941,-4843.031675
-5284.144908,-4894.806513
4904.462773,-2529.924637
-4799.579476,1055.629640
6549.249403,3114.745740
-6080.543289,3055.260059
5099.565666,1162.389599
-6345.969352,281.549431
6883.730672,603.100948
-6074.412195,-1240.794518
6691.766911,-2576.956886
-6521.881548,-3854.391259
6636.800530,-2444.726464
-6237.854938,-271.592872
5776.989004,3208.930770
-5374.486835,4020.786412
3734.283991,4827.500110
-4647.986862,4473.950613
3835.018274,2761.297192
-2350.917837,603.251413
3052.416075,-3453.363107
-2222.628227,-6400.435237
2053.525205,-7470.352569
-1617.772284,-5317.624623
3544.818162,-3114.446021
-3162.284095,-63.848848
3205.986722,2380.854015
-4642.383440,5266.441812
4342.697882,6516.481697
-6070.985664,5647.637506
6957.423783,2860.673635
-8779.942067,-1098.079451
8135.378216,-2426.676942
-7823.768540,-3491.347504
9432.978438,-2672.670024
-7968.404397,-4133.232091
7829.757360,-2784.350847
-7806.618258,-2377.820833
6587.295808,1259.685508
-5449.489669,3764.316301
3705.837260,5487.151194
-4235.492833,5328.100286
1570.528038,4754.062042
-1593.781066,4028.245222
1123.506375,275.883141
-82.865143,-1739.274169
-191.405073,-5463.695890
259.654666,-5994.294470
469.872786,-4918.192928
124.801318,-2246.968857
1496.287166,-993.510022
-2234.262633,468.209494
2586.163431,1981.339225
-4392.301526,3551.599802
4663.497270,4445.718965
-5678.068035,2754.651020
4836.112463,2388.107514
-6656.732171,1116.311488
6072.259058,1743.342476
-4244.164414,-269.732766
4373.271213,-1575.978072
-3818.441563,-3489.461376
2963.254050,-2962.679030
-2974.847293,-1294.420827
2710.024434,710.970748
-2031.983479,2985.866525
1252.094099,2797.519325
-1867.249546,3388.527559
1151.802798,2126.738984
-849.496941,1265.364842
1870.682679,-1817.093539
-2893.267331,-3936.077204
3583.489226,-5349.048230
-3600.857635,-4436.770341
5938.357592,-1621.210960
-6173.802360,-675.245391
5562.732716,2542.073711
-7091.892129,4521.102241
6343.129242,6237.813076
-6484.961066,4827.040153
5600.568278,3053.449718
-5164.824481,-694.086589
4570.058922,-2647.839253
-3233.910460,-4947.414565
4682.353686,-6798.362025
-3288.923270,-6442.073080
3017.347183,-4955.235396
-3019.821553,313.581148
2673.994398,4922.688187
-2076.350819,7329.183634
2341.711429,6069.719199
-4562.484619,4009.467786
2968.275312,2158.984063
-3806.754763,1188.165072
5200.572717,-697.061096
-5106.486588,-3712.352216
6363.107618,-5011.136193
-7000.511636,-5031.703351
8082.742842,-2188.101824
-5903.922230,-1129.775889
6504.667730,-502.713399
-6352.975892,-1365.535471
4864.843727,79.874097
-4936.621085,1256.607888
4986.736266,3361.994901
-3541.871533,2437.275878
1832.221906,815.643490
-1653.805571,-683.404197
1295.398851,-1666.159878
622.502294,-1794.409298
-402.931580,-3207.437325
88.066187,-1093.442530
-1276.629009,412.052743
274.916047,4373.457366
426.057473,5913.128116
-801.672663,4760.815800
859.752083,2047.905558
-2550.297638,-155.232537
3865.307263,-2738.185044
-2936.434711,-5786.087760
4687.951074,-6922.700804
-4610.647763,-7909.482212
5079.183295,-4272.706779
-3903.262932,-1055.391119
4931.083718,2786.493264
-4196.043375,3596.145639
2215.100747,3854.472827
-3492.666638,4280.462893
1491.898537,4800.436182
-753.585301,3608.738481
1015.865847,651.973542
-414.027067,-2511.613247
-1071.627711,-4242.969312
2064.370571,-2593.392968
-484.438262,-2577.560980
1446.581308,-2228.845957
-1699.987531,-1659.589841
572.162624,841.679717
-290.536009,3212.999075
-29.255651,5058.003015
669.889820,3814.023882
-1834.563542,1161.129624
1300.735844,-1215.007199
-2501.026212,-2101.049495
3758.669203,-1598.333555
-2382.843145,-2895.112719
2819.881956,-2665.656478
-3372.065743,-3042.553375
3139.019626,-798.720565
-1904.567590,951.163039
1608.125523,2179.632778
-2139.225322,1969.959967
167.613994,2699.458190
289.930938,2806.959338
-849.531490,1383.858616
1548.499733,98.263944
-1974.304958,-2162.027189
1876.780981,-2112.145411
-2436.238701,-2004.325167
2780.998717,-194.038026
-1868.122573,502.606222
594.556758,1728.754673
-958.599002,2306.590465
296.978119,3008.886649
800.075638,1827.264237
-899.853798,-890.501060
221.577143,-1951.118207
-1751.459424,-2110.259135
2517.956692,-443.120583
-841.382937,-1143.116755
1328.042663,-1401.136617
-1169.722124,-1919.482334
554.952439,-909.889831
12.520571,27.342008
212.034056,585.715450
-184.894783,1277.126710
-1383.702893,1152.455003
526.713130,3001.212018
-626.110554,3631.482922
1259.503290,3374.447718
-611.732747,529.307845
-957.801087,-1716.761659
640.021016,-2876.318482
-337.248888,-2329.869844
2450.130445,-1739.635167
-3287.054946,-1280.603651
2266.357691,1415.980669
-3037.472631,3236.184793
2934.838552,5255.063622
-2658.249702,3503.171846
1616.056923,1329.905662
-1591.422114,-1835.939077
737.378086,-2901.698403
839.720681,-4140.104346
165.752871,-5327.218729
1397.636422,-5363.656217
-1968.865399,-4790.390433
1977.743172,-651.308495
-2066.624724,2778.474091
2729.147045,5730.274945
-3467.703123,4732.625235
1178.061104,4405.098872
-1220.946050,2725.943591
361.488425,1472.477513
188.860646,83.923040
-1090.862167,-1537.549746
1599.756545,-1665.531402
-2320.737640,-1754.691366
3698.887777,-719.282817
-2917.199148,-730.910879
2941.761597,274.615158
-3178.360857,191.221349
2416.502805,1270.114895
-1918.583840,622.361590
1599.999631,836.532769
-1450.681314,224.710083
313.459131,-290.331462
1691.932685,-904.766311
-1301.675575,-2389.692632
2636.862135,-4049.500837
-2746.989257,-5202.495888
3072.343984,-3031.158957
-3259.294372,-941.794017
3544.022075,3042.406054
-3457.214180,4279.448349
2485.987807,4831.092464
-2632.769498,3705.335100
1824.521874,2245.814199
-1151.563838,21.623657
1001.241262,-2587.613401
-781.151890,-3812.448247
521.765361,-3655.401437
412.911499,-1321.074188
-222.785311,318.440734
512.035005,2458.726798
120.222070,2258.020636
-1082.968010,2036.407555
1453.426647,533.089306
-2167.757696,-760.467394
2949.809370,-1676.245045
-2914.673082,-2908.236550
3635.989803,-2481.441852
-4143.579040,-1627.634837
5599.701161,-693.021774
-4672.511020,-1208.147409
4882.647594,-770.641797
-5435.414554,-807.106089
4554.147353,1727.785250
-4175.389175,2029.228136
3241.527781,3095.677436
-2651.438732,2459.665710
1345.582826,1199.144301
-781.860962,598.945172
857.144271,-1156.010695
483.247977,-2731.077386
-103.099705,-4342.499946
-236.787558,-3272.954632
47.503924,-2164.927955
52.649703,2110.677400
1116.898499,3449.876349
-2191.307037,3925.943645
1486.173460,3757.041886
-2716.261123,2221.973098
3490.640104,1279.586080
-3899.583947,-1829.593635
4824.706244,-3714.139377
-4143.950624,-5833.306357
4775.688040,-5057.285009
-3015.862306,-4598.344989
4123.525852,-2700.072337
-3242.384159,-1386.497124
2580.385244,302.907897
-2333.794449,2570.895410
1275.016513,3860.566162
-810.864337,4585.899627
-199.688970,3739.294492
-1361.145330,3409.258164
581.363506,2787.538533
-891.161397,2204.058813
1513.124249,-324.618580
-947.344674,-2470.503866
1241.445130,-3491.889809
-1683.024540,-3163.513201
3227.579670,-2223.977075
-3084.001099,-1081.858767
3409.256614,-247.803708
-4060.418927,303.398182
3790.237355,1982.293494
-3725.259207,1659.415358
4689.996554,963.634360
-4254.976245,-2004.951394
3781.428599,-4094.371189
-2941.856477,-5333.872792
3146.888904,-4110.249027
-1579.518989,-2558.836481
765.607630,685.694920
-2188.453396,4604.380741
704.992783,7193.158568
-757.866706,8800.768977
-421.082886,6393.004502
-473.720215,3261.143627
-49.966701,-676.326227
-392.483878,-3275.894711
1767.898294,-5728.782417
-637.540738,-6837.327082
1872.930006,-6621.274332
-1868.775156,-4195.222575
2654.777617,322.427333
-2250.325213,2855.240389
2290.089633,5312.504205
-3212.327164,4312.901451
865.008587,3814.398153
-1082.311633,2835.107124
1071.319656,943.057808
-662.233483,-1247.241076
522.475072,-3351.221897
305.350743,-4264.346011
-33.884344,-4399.998944
1238.360238,-2763.713258
-341.114701,-1891.431739
161.315762,427.425187
-899.535556,2388.771042
385.519257,4083.964344
-334.964869,4642.396280
-150.203092,2924.843324
-373.178332,1347.076971
-646.019932,-355.969637
889.381614,-1166.475981
367.685583,-2255.742818
-275.414647,-3030.261219
-313.385123,-1906.921072
121.629303,298.160585
715.786553,1402.569081
40.911351,1091.528152
685.432402,-80.618789
-1527.677491,-1362.518824
1097.897176,-1452.809825
-703.060209,-998.560973
1834.832732,-1340.011473
-1101.706151,-2244.844900
1039.345570,-2138.539662
-1312.930338,-1018.781842
1987.587973,894.157830
-387.831256,864.450875
-135.746763,622.710999
-784.124184,-99.871792
-846.841701,1797.929860
1196.566240,4115.684461
-1199.710838,4199.974439
1643.988418,2804.323061
-2019.518320,-537.498554
1141.409509,-1219.753200
-954.167908,-2029.537042
1642.494173,-1700.762538
62.307001,-3006.411599
-246.349029,-3258.983814
836.620271,-2868.447767
-852.298797,-1325.315524
2560.910926,499.310323
-3042.063892,371.126950
2712.592188,1385.758943
-4008.510866,993.886315
3527.664392,2349.135711
-2132.983854,674.105765
2721.071613,-894.374624
-2106.300116,-2741.513239
1056.008873,-3518.349320
-349.416745,-2574.581462
337.677981,-892.985918
680.012059,764.136098
-1805.114592,1892.393781
995.436678,4440.768775
-1481.177000,5184.191821
1564.846298,5056.337256
-1636.915068,1541.935529
-105.358705,-502.268391
61.045399,-2406.791305
-806.756598,-2215.596439
3187.694244,-1863.742544
-2273.846687,-3149.658782
3029.562854,-3500.184464
-4309.505638,-2244.043326
4548.145321,826.699868
-4559.556572,1716.590857
5378.676076,2397.633715
-5756.436428,447.198166
4334.305522,719.198650
-4099.035680,165.100750
4669.178558,-140.839158
-2741.310860,-2642.617377
1851.497366,-4551.161058
-1094.444683,-4328.929088
214.392623,-2023.111856
999.706194,1711.350575
-860.076600,3874.468021
260.129477,5243.137489
-2376.788290,4649.580464
1707.756286,4771.171542
-1555.585771,2880.826837
1071.249006,1563.568069
-268.417432,-2175.281291
-785.155586,-3829.885430
2153.733657,-4499.026693
-1135.984226,-4681.237639
2699.828713,-3175.587850
-3204.023900,-2058.402206
3448.050055,1210.822028
-3399.268141,2151.945570
3678.874170,2875.239361
-3307.435044,975.444496
1963.397621,432.120471
-1709.442863,-1003.991521
1359.480324,-763.659898
284.415164,-1572.704733
-596.973745,-3264.707055
1870.062065,-2510.268754
-2620.669522,-2142.529984
3379.539953,397.960656
-2474.257842,1191.411981
2142.995331,2232.926663
-3033.205898,1934.605323
956.715517,3892.707257
-836.982187,4368.803406
470.757408,3895.758752
665.414476,1231.146852
-1437.799653,-2489.843863
2329.877091,-4126.894235
-2548.730488,-5027.924776
3893.852525,-3627.071018
-3696.113670,-2421.592496
3348.437585,684.820780
-3621.869037,2192.740108
2895.428838,4879.047338
-2180.994481,4443.114446
1128.703532,2881.823700
-862.378031,-297.874574
-601.110411,-3127.963353
1706.873103,-4246.939261
-394.481534,-6177.336404
1569.961377,-5144.449786
-1509.866869,-3481.149288
1370.715786,467.438931
-1127.817181,2812.968095
906.136066,4780.476227
-1350.444856,4395.700058
-718.767803,4067.533944
52.494984,4100.883064
-1854.771771,3753.019761
2984.279286,1990.865966
-3132.452350,-1875.839886
3238.904045,-3333.815358
-4292.824587,-3723.675074
4676.376407,-1314.295234
-2784.754167,-202.317829
2935.145280,94.415827
-3287.845228,-653.985498
1387.711237,1229.173611
-876.521784,2268.337095
410.586084,2923.100324
865.992775,828.878568
-2208.371089,-1542.442111
2591.593251,-2741.303551
-3283.602858,-3809.693090
5861.550467,-3012.722915
-4763.187013,-4116.844267
4262.704259,-2261.768316
-5094.781320,-917.360057
4484.109251,3330.117905
-3809.654203,5302.153170
2819.616512,5905.755117
-3763.832713,4896.892859
1127.945662,4043.030063
-402.273888,2573.421139
48.330164,-152.563166
758.315559,-2258.397211
-967.010562,-5159.387584
1583.918541,-4672.419131
-189.989365,-4496.945820
1831.596379,-2746.517305
-1024.287970,-1520.707639
299.441779,-453.278887
-773.116633,2129.921061
-251.721281,4601.394506
1247.539006,4038.252111
-905.762321,1455.483288
682.974736,-1100.702759
-1331.178330,-3275.298097
2080.949448,-2784.433798
-1454.700989,-2711.837493
1647.527604,-1855.518461
-1582.510854,-196.269861
490.630694,2534.578903
-319.608465,4882.703614
320.196033,5363.661619
-1000.780164,4071.044129
105.140022,1729.056090
-1115.314162,-651.089966
1649.196493,-3778.575897
455.885816,-5280.001286
1166.895213,-6406.017040
-1449.280797,-5671.544339
2009.974055,-3002.536224
-1889.358947,417.109330
2985.492041,2408.460218
-4164.894225,3639.304710
2652.001381,5612.928244
-4151.466892,5609.003042
4790.404585,4605.029542
-4372.805349,519.596942
3697.549331,-3291.463336
-3858.135380,-6104.586585
4018.502435,-5467.201260
-1580.150976,-4307.069596
2758.261937,-2445.732632
-2046.453874,-1281.090639
521.037193,1213.253325
-654.951322,4262.620762
370.816825,5038.046400
-12.440951,4954.267805
-693.793837,1686.740953
-1330.845585,631.679765
1397.723502,-346.116015
-1176.380410,-124.728180
3298.916525,-2505.542206
-3710.861412,-4227.882189
4536.715357,-3776.630660
-5109.966555,-2391.944850
6394.008100,933.548038
-6235.561513,1251.643012
6210.096293,2379.651386
-8202.454620,2214.448250
7724.385362,3190.702346
-7026.796715,1902.466945
7813.206065,-119.583505
-6998.780304,-3528.684569
6299.354808,-5451.824447
-4798.694908,-6337.625444
5866.675978,-5417.346511
-3255.049698,-4041.448844
2200.313067,-1022.739246
-3158.939968,3398.940744
1706.553000,7673.569412
-2873.296499,10789.562192
2486.169621,9109.331738
-3711.766808,5450.139972
2464.556676,214.912250
-2986.097133,-2474.784016
5038.678237,-5842.026113
-3846.791118,-8338.991982
6183.270229,-9983.619071
-6519.456929,-8300.685523
7464.698003,-1992.385152
-7064.226687,2575.153208
8751.141707,6369.721725
-9577.216091,4823.975670
8826.907312,3155.319157
-9532.225932,327.336396
9085.856581,-1347.465154
-7762.368726,-2965.978174
7897.004628,-3197.171179
-7322.083870,-3639.088375
6652.504426,-1632.137748
-5956.375346,1686.741786
6148.646406,3855.213179
-6076.163560,5205.108156
4141.956134,5168.090845
-5898.010671,4479.436195
6207.501584,2512.269561
-5854.078058,-81.823179
5978.519433,-3139.819798
-5961.310458,-4641.161303
7308.888714,-5236.898123
-6286.394665,-5111.179773
8228.395908,-4634.871177
-8609.697372,-3654.151423
8952.270701,-239.608263
-9396.181215,2076.650385
9451.321737,4549.010160
-9368.212683,3942.530781
7914.570001,3706.128211
-9826.920430,2387.043677
8593.054040,2326.422416
-6876.581254,385.222862
6850.514746,-1619.724368
-6060.686754,-4418.324007
5142.698528,-4300.581274
-4257.789415,-2180.623000
5094.142649,-1254.529398
-3984.349916,250.868720
3335.284670,198.353409
-5208.913999,3084.046155
3964.599210,5956.117855
-4349.878154,6855.088395
4779.673385,4873.669152
-5669.786859,543.672267
4202.332637,-2058.123245
-4672.159707,-3081.859109
6223.738174,-2547.616052
-4994.943729,-3956.295905
5219.940728,-3509.695616
-5822.010033,-2692.240557
5636.368635,-417.340078
-4202.471873,1784.575575
4602.016721,1863.540154
-4576.205900,897.789205
2991.599540,-425.263109
-3708.493610,-293.121563
4910.002721,-534.723757
-4057.077084,-1235.558032
4565.013359,-1974.508616
-5395.213712,-1855.165034
5462.006479,108.719212
-5560.773908,2376.920681
5922.708292,3562.724587
-7713.455564,3929.087579
5917.758992,5380.262188
-6417.623189,5295.027301
6866.976823,3989.369815
-6808.517117,197.368916
6724.759197,-2915.888372
-7462.547288,-4810.196446
8147.493508,-4956.311879
-5436.188181,-5604.063303
6697.391005,-5107.005007
-5891.546234,-4393.140285
5028.870833,-997.713483
-4714.687063,2340.499660
4564.431487,4080.070475
-3822.879681,3651.810805
2508.509131,1596.610429
-4396.525083,1212.036995
3712.223048,2161.841805
-2825.908711,1968.295690
3419.183575,-505.335956
-4081.203753,-1951.784449
3198.895018,-2760.016494
-3041.265373,-1135.377201
4902.554531,518.691356
-5275.230945,921.359880
4477.816627,1880.113514
-6279.346988,2285.581655
6120.587247,3295.727500
-5705.111126,2112.643950
5921.913088,950.327991
-5929.734242,-1582.417678
5197.857168,-2914.058753
-4820.003037,-3393.774223
5723.500198,-2788.459389
-4303.956223,-3145.148207
3053.756163,-1741.625425
-3257.973518,954.037548
3009.113229,3549.108413
-1863.758631,4048.371012
1938.124065,939.066408
-3188.307268,-717.150734
2599.707627,-1934.184994
-2900.332813,-677.949116
4264.041156,-361.867159
-3601.989688,-1546.281866
3616.063044,-1266.385489
-4493.332705,-212.158905
3988.076854,2361.674749
-3978.587082,3877.448927
4102.650236,4697.349395
-5808.293017,3220.574154
3780.500777,3306.756812
-3464.374014,1709.221994
4604.637702,-422.535958
-2813.262195,-3629.992962
2657.313607,-7282.918925
-2413.668400,-6901.600981
2856.891261,-5219.911703
-893.917445,-2726.135841
1583.731954,139.644586
-2485.941437,2358.211463
1792.453479,4368.771638
-2410.068549,5767.558981
2445.283357,4629.720938
-3542.193191,2546.028735
2799.235309,-526.677029
-3790.728433,-2500.479122
5260.140766,-2723.315807
-3944.556808,-3491.455540
4333.246248,-2770.944585
-4636.788779,-1467.286760
4223.735225,834.261684
-3518.704161,1725.741947
3264.677294,3663.333463
-4085.268410,3232.713190
2633.328689,3233.474711
-2572.167823,2907.971426
2384.569492,865.170220
-1804.179671,-1380.911658
1501.365596,-4187.742642
-1683.031053,-3494.473000
2417.296873,-2901.977191
-1819.749212,-1025.426939
3594.067304,-941.931234
-4776.858872,-514.141602
4034.912375,1295.994825
-5369.766369,3086.187235
6025.503384,4772.516858
-6707.541600,2570.394425
6043.819986,1433.006733
-6868.401505,-622.491122
6405.108639,-695.381786
-4640.793874,-2842.114928
4694.808243,-3031.131548
-3792.021075,-3738.306650
2428.437845,-2547.861621
-2132.516408,856.184658
1272.859281,3574.249893
169.934903,4792.234196
-1918.477695,3693.907916
922.131663,2922.580241
-1916.343566,1199.496533
2547.673940,333.497913
-2526.308165,-1821.103558
1570.291159,-1806.778772
-1446.917243,-2336.125925
1246.698050,-674.451610
464.898819,367.243545
-1115.228569,367.398145
1045.324768,848.767358
-2046.353993,1177.332927
1811.171220,1455.702709
-1873.702013,196.677428
1947.732249,586.944338
-2616.257356,-574.224075
1675.631369,415.510434
-1027.586018,516.705578
1027.713380,594.472322
-146.134579,-1135.803110
-1274.101040,-2087.607151
1781.662786,-770.205215
-2293.477527,-113.612799
2877.975645,1595.085112
-3818.688374,1747.333062
2290.473024,3423.154145
-3423.177655,3794.224941
3177.356022,3858.989370
-2822.718197,2163.607759
1804.308553,219.191922
-1439.858285,-2450.187478
789.530118,-3471.276276
440.867445,-3948.273464
161.444989,-4333.743550
999.793125,-3050.896760
-1876.950249,-1296.864348
1070.666290,2704.925952
-693.566317,4236.610584
758.041238,4383.877124
-1393.906576,2490.383733
201.207357,349.518759
-536.615857,-603.060751
747.756702,-656.680442
530.663255,-2123.492499
-1215.232698,-2699.463829
1230.390411,-1087.349844
-2320.446997,1008.012835
2967.068075,3438.476708
-2742.649809,3864.411589
2588.230494,3192.060383
-4055.862310,1450.820924
2122.053433,1444.459506
-1223.314570,681.250512
1896.490764,-710.256775
-879.286435,-3852.380289
1061.077865,-5065.310666
-772.272509,-4392.961771
1600.226141,-3240.207904
450.597749,-1736.492927
-44.274700,-2070.159098
-1468.093440,313.351376
514.643941,2923.441074
-1132.807682,6205.002052
1880.927737,5952.781339
-1963.638072,2727.430451
592.940654,500.753087
-1949.619242,-2048.751135
2711.780260,-1684.278878
-2307.991525,-1539.470908
3021.492883,-1383.448703
-3922.977804,-421.664994
2795.491208,1692.238758
-1968.145886,2854.600719
2467.155434,3074.611106
-2167.896203,1121.089144
654.061430,-1497.374819
-1173.638064,-1915.879163
1835.517154,-2659.143241
-765.347309,-2647.409518
1816.858212,-2641.258432
-2220.668875,-3141.236166
3036.100871,-1768.568398
-2911.014931,338.597667
3687.672891,181.799440
-4422.034071,1259.941465
2996.760335,2622.297744
-4940.077334,4324.342617
5131.363967,6336.504551
-5402.245352,4263.679135
5018.014189,2424.571895
-6380.144913,-191.400167
5894.282454,-1379.019151
-4554.650166,-3058.529703
5235.244036,-3813.438382
-5108.965763,-3909.743357
4707.202689,-1931.337577
-4923.332117,1274.660793
4398.192212,3674.953931
-3613.155677,4599.317474
2624.404973,3173.378050
-4468.825014,1737.696428
4124.373311,117.012016
-4223.116686,-842.287589
5549.662121,-2484.873658
-5640.988087,-4461.852673
5290.817131,-4232.762322
-4934.658472,-2960.463821
6633.026446,-857.003877
-6686.122466,300.900409
5763.507157,1949.455936
-7034.358274,3542.431817
6614.393485,4477.508100
-6353.439035,2658.951744
6497.363783,1193.720005
-6524.841852,-1782.391002
5425.966340,-2323.766425
-4897.376241,-1375.522334
5071.161683,-735.807048
-3518.720552,-890.557151
2655.565606,148.387639
-3775.090798,2232.404449
2703.372260,5101.472730
-2219.397659,6550.176566
2769.782899,2842.591935
-3540.406362,-748.760261
3235.654083,-4316.823093
-3506.200839,-4268.448122
6154.767478,-4525.318785
-4832.670508,-5404.991746
6583.667715,-5256.534220
-7004.264919,-4753.262592
7339.777411,-1186.856116
-6929.479330,1736.183069
8129.041771,4677.842837
-8847.993942,3512.623724
7101.863209,3562.619841
-7869.567261,2248.376707
7492.209170,2024.352349
-6161.837242,696.222546
5198.630690,-863.105495
-4838.685411,-1802.736634
4259.592100,-1934.846087
-3290.484479,-225.737166
3859.031798,-50.020391
-4133.966938,625.511779
3606.372483,1367.863760
-3937.044700,1935.483671
4828.037044,793.438905
-4389.328384,-1112.067806
5238.557195,-3542.168275
-5760.006167,-4621.413786
7151.427746,-4305.375197
-6447.288323,-3632.237099
7665.558414,-1906.122937
-8300.274439,-814.862699
8325.539513,2110.055347
-8866.494350,3588.970031
8057.229140,5443.138189
-7844.527731,4226.820444
6048.336599,3577.571276
-6936.136506,1544.750549
5628.898513,1175.497364
-4138.724901,-409.222458
4223.795381,-2350.531439
-3085.733842,-3632.370798
2578.325876,-4349.680232
-1990.922987,-2009.239491
2617.764602,-1108.119110
-2604.355619,972.930258
2816.049589,763.929470
-4229.934418,2518.076191
3570.800479,3869.660367
-4329.880012,3417.309314
5290.290269,2265.057329
-6636.218147,-688.263012
6330.958193,-1907.839352
-6902.387531,-3022.429150
8011.149430,-1771.977026
-6913.559780,-2540.230894
6486.170990,-1121.862592
-6628.662639,-527.519507
5175.355985,1858.164472
-4251.356067,3127.593194
3132.256246,3192.024631
-2564.738501,2335.683541
640.441886,859.921047
-168.544577,-568.734552
484.091394,-1842.054051
-9.251001,-1685.643239
-584.200295,-2655.838428
-85.092378,-91.547751
462.241805,1051.625838
-1197.820686,3656.885020
1747.070197,3775.260003
-3837.554982,3511.118751
3909.516559,2776.893045
-5151.303128,895.208035
6005.853880,-277.952735
-5984.724112,-3705.724557
6356.396956,-3685.909828
-7101.982958,-3536.701179
7665.786790,-511.286046
-6542.677959,-10.540636
6386.530494,540.112224
-5934.841754,54.538922
3713.852292,1557.257621
-3608.858716,3002.996029
2746.089276,2802.742853
-1932.287654,1875.764016
1018.585008,-815.002204
-1625.179430,-1085.442127
1281.361442,-1081.613704
-522.073385,-465.621755
1932.144266,-1040.235493
-2344.005939,-1637.597223
1913.520129,-2165.881650
-2890.595754,322.765966
4396.038536,1811.117342
-4754.605608,2326.648294
4620.175554,2766.705108
-6873.310360,1795.647016
7130.655568,2160.421680
-7109.391672,897.521785
7215.414766,595.062070
-7172.927815,-1534.532984
7177.381615,-2242.374189
-5991.245210,-3667.002033
6951.681480,-3554.152714
-5063.287866,-4653.890021
4666.743745,-3575.440754
-4296.890122,-915.934289
3327.449333,1919.136919
-2639.435313,4903.403646
2223.483538,4705.925764
-2797.088721,3669.618994
1499.755772,2368.268809
-1312.116545,1450.647094
1951.068663,-1007.556850
-1877.338465,-3224.662490
2947.960318,-5154.898936
-3710.292638,-3612.644173
4230.820140,-766.739226
-4405.806504,2114.892594
6035.871163,3752.712347
-7129.104826,2940.258500
6543.523738,2126.867073
-7593.134401,601.664956
8745.645034,-835.878257
-7425.190524,-4064.047708
7824.757515,-4903.758832
-8086.270730,-5811.217863
9023.946424,-3510.641474
-7313.912110,-1884.841922
8131.242293,-368.182860
-7597.119622,667.661763
5485.980564,2649.811225
-6100.147332,4691.022948
5356.087741,5843.854101
-5436.427743,5257.691227
4506.095833,2332.313748
-5092.366738,-8.794305
4967.179336,-1586.542621
-3727.378580,-2705.919237
4994.219761,-3790.563826
-5233.198895,-4499.202161
5307.882019,-3321.073725
-4576.948720,-957.002384
4908.534976,1727.489355
-4212.804318,2482.708906
3284.754516,3329.071943
-4447.932962,2695.442155
3940.788047,1844.345857
-2548.586906,-1133.797289
2587.899192,-3797.359327
-1608.540820,-5061.251420
1385.138759,-4624.182470
-699.083337,-2328.792549
2341.057864,-1691.514298
-1374.745373,-625.209508
603.130102,28.075001
-1402.286778,2344.730810
1431.170734,4248.072271
-1656.860900,4535.843667
1526.763545,3655.794494
-2904.809944,1351.334630
1624.390861,525.939786
-1010.506382,-228.674602
1899.142532,97.453396
-1247.802098,-1540.140452
732.401357,-2084.172642
-633.115860,-1773.368497
443.229786,-1207.122638
1289.636091,-86.302760
-1560.851837,-134.841979
1668.938461,-356.129557
-2950.995231,593.520236
3524.542034,1382.463325
-3616.546078,372.033768
4831.114332,-1581.006833
-5089.100468,-3475.198007
4942.076705,-2776.401599
-4593.049235,-1809.962120
4860.201860,158.138141
-3986.339634,-236.768381
3297.607183,659.373602
-4535.060776,1847.522615
2906.885814,4863.906374
-2667.171139,5991.148100
2288.055349,4409.857432
-1876.278367,1102.490013
129.050183,-2333.951012
65.602309,-3173.850774
1341.018715,-4486.371179
211.314179,-3710.998073
637.409275,-4319.828209
-1807.116380,-2261.159478
2138.018009,892.615057
-3272.172678,4458.214890
4588.982672,5975.895128
-5707.551961,4436.166692
4905.821388,2539.726041
-6343.154329,-56.362770
7677.620095,-1833.296744
-6968.166991,-4617.629378
8049.432887,-5220.499688
-8187.435846,-5792.367131
8461.428832,-2342.962703
-7595.853873,910.354474
6707.120216,4666.001919
-6748.552444,5601.003103
5107.369064,5661.904979
-5654.887895,4612.966068
4516.095540,2160.697651
-4656.776711,594.451294
4209.940416,-1491.376748
-4844.709623,-2420.466411
5745.065514,-3653.023707
-4794.454435,-3314.394000
5850.438250,-3095.679053
-7054.897543,-823.128357
7346.341901,1574.993267
-8229.555077,2831.086846
7987.016374,4070.542446
-9492.282943,2329.178987
9124.573037,2464.879567
-9531.300740,403.401948
9367.898396,-162.705267
-7554.450475,-3770.169327
7297.781259,-5405.265989
-6315.453689,-6429.048253
5667.305466,-4541.725553
-4260.965649,-635.694534
3347.911172,3325.554196
-2694.044853,5785.988717
589.642347,5774.175191
-1305.387040,6365.160714
293.071807,4234.544882
-1194.357834,2752.498915
940.919865,-110.324554
-1666.086533,-1091.501301
2853.700592,-3405.245455
-2741.071436,-4290.212436
5273.735152,-4243.602190
-5573.890427,-3625.215061
6514.941599,-1385.013642
-7417.901103,887.941649
7588.593541,3592.686390
-8300.392919,2926.247268
8489.640613,3511.726839
-8651.487943,860.355883
8276.249306,-132.723090
-6681.150444,-3134.016363
7463.689074,-5485.169277
-6001.561676,-7386.664159
5016.739439,-5853.304536
-4434.441911,-953.914084
4173.775728,3628.066586
-3714.372012,7467.352368
2595.375949,7740.880717
-4144.165220,7212.888514
2368.487123,4894.229624
-3522.846093,2785.012760
4809.207600,-1344.812742
-4588.701654,-5315.170659
5883.755701,-7851.436389
-6296.237345,-7556.330577
7193.881551,-3166.079429
-5821.905436,-523.641396
7030.263376,1716.284782
-7861.378971,1708.687516
5909.762548,3685.721391
-6321.523777,4308.906271
5617.023123,4476.561938
-5333.967241,1879.988369
3346.607610,104.967066
-3402.810965,-1814.183522
2811.801500,-2646.396759
-820.674622,-2045.896679
1219.020173,-3052.268592
-492.824298,-2463.659202
-150.203636,-2292.727937
-179.880050,-355.553898
843.085552,1323.918030
-1862.765904,3996.228251
625.050879,4865.208631
-2932.957331,5858.341097
2853.063798,5736.635509
-2784.498343,2474.288356
3576.566459,-1674.516026
-4853.896206,-5280.618503
4966.114394,-4742.950889
-4493.902166,-3632.872907
5128.466485,-1218.923686
-4476.938861,-376.333001
3692.507526,1742.753714
-4287.354437,3420.538241
3653.627040,4703.964384
-2969.063730,3709.105072
1845.848571,707.282311
-1974.172415,-2177.028417
510.270733,-3223.142517
-302.451712,-2147.546219
1314.999149,-848.328733
52.307002,-1.501834
-549.648208,-637.725789
-809.480810,862.348697
600.963238,1896.835181
-1611.819500,3610.568585
2288.204162,2991.075796
-3552.926506,1666.708927
2870.250640,898.393026
-3831.335266,445.960991
4942.329561,-7.168325
-4614.846735,-2389.835988
5116.367485,-2950.629048
-5986.969841,-3388.067295
5649.976189,-718.794153
-4640.079200,549.659801
4555.532292,2558.101057
-5009.454893,2636.980542
2659.234665,3293.404851
-2549.149003,3568.977446
2536.903998,1249.068714
-1532.808928,-845.343619
1758.731719,-4368.815337
-1790.864989,-5680.345450
1907.114120,-4628.834389
-410.922075,-2648.530707
1670.159390,-1257.296129
-2741.703805,1309.308251
2062.173724,3454.678822
-3481.853531,6164.426408
3856.852412,7250.763957
-4985.618307,5011.816062
3860.770548,2752.968390
-5806.866622,171.518718
5389.739287,36.290479
-3682.292718,-1990.313111
4584.602814,-3962.411361
-3877.485851,-5124.888446
3669.342087,-4084.057433
-2697.314234,-3315.219208
3075.862934,-488.677506
-2080.746081,969.440383
336.800183,1582.267022
-426.062094,3068.411236
35.900892,2338.153954
1151.906097,1136.109927
-702.850061,-2191.285978
90.893061,-3500.651477
-0.378512,-4428.825294
672.823827,-3627.499401
784.554394,-1414.889180
-1142.820832,1018.038147
-65.792009,3718.031616
-1854.613637,7228.869411
1898.513149,8906.115156
-2854.869721,6634.847210
2765.110783,2551.355671
-3792.177048,-1996.124591
3609.945436,-3943.296858
-2842.435043,-5001.223385
4469.632070,-5079.430393
-2764.832665,-5850.679757
2594.481761,-4626.129861
-2072.199058,-1729.816589
1841.693870,2842.428581
-883.673905,4175.264049
-189.766227,4346.155934
-798.410483,3469.265451
-1363.318958,1797.094271
1887.576463,875.715688
-1006.581386,-1942.272774
1812.670261,-3113.146849
-1339.643431,-5377.942263
580.087244,-3984.825511
56.612290,-2000.041106
928.613457,-41.731518
-668.475757,2324.606362
-669.070966,3515.721331
-683.754735,5611.435628
-3.420276,5453.959047
139.872919,4457.285466
-1048.909875,1354.913896
-582.479284,-926.837920
1045.402881,-2655.187770
-554.279937,-2691.981305
2427.514574,-2880.038020
-2164.279018,-4346.345016
3008.905419,-3261.847396
-3466.636182,-2422.873001
4481.299678,-508.550867
-3923.287206,1084.409015
4275.358067,733.586880
-5079.185198,782.550821
4490.320076,1603.438282
-4634.666479,1636.146413
5139.074345,1587.813705
-4013.826656,-1929.047011
4149.756492,-3461.461292
-3713.921879,-3338.150152
3247.801553,-1500.516478
-2761.391557,972.924832
2552.732065,3410.155637
-3737.887303,5258.289838
2555.660265,5601.105178
-2947.760064,5687.478993
2777.888548,3438.761915
-2298.825182,431.799419
3575.903660,-5209.845998
-4056.893262,-8157.550414
5480.545175,-8616.950125
-4724.884526,-7107.254843
6843.399735,-2518.108022
-6857.104406,278.222321
6626.964753,3882.663544
-6813.235472,4624.756401
6036.655104,5446.994244
-6181.887819,2864.924498
4512.283078,903.002185
-3883.383875,-1529.965170
3116.717234,-2314.564750
-2361.005523,-2785.547182
2346.662070,-2691.982461
-738.254131,-992.669114
119.804500,-787.949258
55.033366,1320.857019
290.132626,1373.719572
-1611.840856,3094.244998
1189.869641,2852.777280
-2931.816404,3521.995335
3237.816750,3177.619750
-4290.689035,1587.878342
5583.786359,-259.745505
-6190.456756,-3126.959425
7761.084050,-4324.716900
-7452.770060,-6179.529678
8584.341169,-4926.691630
-7635.253166,-4467.661124
7281.368778,-351.621182
-7482.796510,2302.512644
6995.162252,5098.559473
-5822.890819,4856.287423
4518.045996,2776.168123
-5307.203560,1569.406871
3498.192172,867.836081
-2985.521384,267.678881
3563.504111,-1432.119335
-2838.681825,-2205.417284
2622.958572,-2947.126332
-2584.295418,-1030.147715
3146.042801,648.611990
-3413.205143,2147.793298
3800.267731,2291.376162
-5934.313266,2019.095311
5366.777746,2474.009190
-5962.899777,2645.486858
7585.877611,1535.610400
-7722.692038,-1624.836737
7368.414076,-3586.589424
-7828.572858,-5051.169932
8874.701999,-3451.126040
-7256.812792,-3423.748279
7673.182795,-2053.305474
-7823.290022,-637.357514
6710.869532,2560.971174
-6536.727749,4006.304254
6135.512524,3761.658686
-6045.941486,2262.462012
5075.186757,-150.314696
-5180.381520,-1205.818642
5361.333642,-1866.375653
-3606.921419,-2467.546082
4067.525147,-3196.469452
-5149.588980,-1807.425638
4351.556144,1407.381259
-5580.521709,5768.221257
6416.465429,7616.330215
-7275.486165,6389.884645
5652.902695,4557.625296
-6850.287884,994.638767
7446.017728,-1515.355603
-6231.855765,-5065.460588
6660.423209,-6980.286558
-5647.109484,-7799.743992
5924.554025,-5323.333035
-4497.195448,-2608.034432
5044.584473,1245.082324
-4225.816431,2537.006225
2906.787785,2611.221504
-3584.336635,3358.805148
2370.300719,2354.004394
-2083.968887,2352.392619
1733.996782,362.818355
-3137.147731,-418.079514
3742.557317,-1030.947991
-3389.394592,-928.988127
4450.104483,-1274.061342
-4690.240961,-1829.928503
4697.556448,-291.290902
-6020.851044,1560.123128
5685.713344,4181.304861
-6897.255184,4960.172014
6562.703845,5358.499919
-7076.104005,3153.912658
5880.712362,1631.024963
-5396.190556,-1332.679723
6458.848107,-4377.161451
-5463.191948,-6838.421856
5151.624136,-7279.857400
-4164.538394,-5182.769927
4203.931022,-1121.906185
-3178.456728,1991.040680
2717.938439,4329.798796
-3935.431911,5455.825519
2866.540989,4303.678696
-3282.734590,3080.675170
2621.283207,661.720971
-2987.365445,-1317.726176
2268.920089,-1630.961139
-2838.866726,-1517.807664
3594.164703,-708.610062
-2677.347916,75.543570
2613.673626,-37.744065
-3787.902825,884.131843
3245.972419,2702.368821
-3374.350781,2358.264182
3719.004034,1570.529124
-4346.038967,-141.545923
3021.246829,-654.306598
-2825.983944,201.372091
3534.585918,10.385858
-1967.563973,-2379.295908
2487.794982,-4236.250633
-2674.198160,-4963.987510
1762.074462,-2089.177690
-1159.989601,1602.928710
1853.766229,3055.835447
-1568.321963,3119.024412
168.234152,2045.718835
-1691.745250,2643.759500
1636.535429,3118.896047
-957.464673,1976.017379
1471.465700,-1265.995132
-2094.758175,-3748.181493
2038.456924,-4123.042881
-1361.056542,-2737.998903
3064.876605,-638.440060
-2877.606861,356.324409
2307.808368,1561.785578
-3494.754153,2023.610648
2679.390417,3690.322377
-2520.388722,4192.916220
2092.877349,3243.896577
-2769.137386,1314.240053
2154.747999,-954.089686
-1700.763691,-2699.046190
2502.899264,-3905.437440
-1338.694631,-4945.396934
1489.642680,-4572.884605
-1268.935121,-2493.726765
2001.299371,-387.624358
-1799.447615,1614.738572
1109.213762,2686.760167
-2289.751174,3598.096227
1409.758063,4412.201851
-1935.304794,3424.769077
2106.433465,1345.589433
-2286.828624,-1119.846523
1375.493185,-2190.714750
-1509.423916,-2003.236431
1650.417270,-793.086782
-864.048142,-348.802687
728.114310,655.703175
-2104.542114,2311.800695
674.167619,3965.306521
-217.546580,4466.277588
-329.782328,3137.787776
-188.139272,613.924127
-1185.807170,-1275.274680
847.124472,-1743.059131
502.364127,-3008.774426
488.232982,-3274.122112
65.683564,-4228.161996
-935.973779,-3201.391650
1518.411918,-1107.558209
-1876.467714,1539.400845
2281.848889,3391.097029
-3796.326533,3959.698678
2247.920731,4325.060629
-2877.295401,3201.642081
3530.497624,2187.262615
-4409.579630,-400.356393
3613.657842,-1081.497329
-3789.430032,-2192.017699
3943.110269,-1583.886537
-2572.169524,-1203.325387
1409.461520,124.435063
-2007.394251,2225.165589
674.870348,4203.782041
-176.049042,4888.928334
-326.959699,2604.943363
156.733882,56.789482
-294.066914,-3132.106899
-137.221365,-3615.829309
1083.498242,-3280.371018
-456.903985,-2431.273678
1338.652832,-2999.563651
-1461.411504,-2354.383338
2058.214471,-359.297351
-2118.560354,1278.211014
2675.559881,2770.298690
-3380.302615,1949.234846
2550.932190,1864.509404
-3896.265588,1576.793632
3262.488694,2666.207627
-2914.290429,2219.256891
2572.632103,2011.233137
-1140.995814,-293.582722
484.823629,-2595.050352
-148.268932,-3339.779950
762.563093,-3938.288177
-83.320756,-1899.781126
101.410260,-487.011101
-917.018507,2220.931601
1287.325748,3459.225944
-1993.190430,4329.630545
2515.310197,2802.090739
-3556.225298,701.004960
4317.361482,-2134.318051
-4720.016884,-4024.374104
6447.800717,-4485.857239
-6771.886567,-5211.266753
8020.497991,-2199.611422
-7769.792552,-1279.090921
7344.393173,2253.290400
-7065.115576,3670.672033
5395.190274,5363.699771
-5809.655848,4655.657876
3862.215959,4104.856467
-2795.950790,1490.221530
2509.181921,-2236.433498
-1849.487479,-3968.472405
1292.972935,-4908.978221
-700.992726,-2680.196167
965.315250,-1620.432086
-535.178028,914.838257
498.568285,1643.956116
-2426.545961,4182.492261
2362.118341,5347.540210
-3775.903261,4761.012236
4422.404957,2385.380539
-5916.349003,-1294.820881
4881.017130,-1621.094513
-6075.502919,-2165.538040
8046.199925,-1281.716420
-6640.523989,-2405.833459
6623.263683,-2997.048446
-7344.035144,-2912.930025
6193.942129,353.774693
-5572.596552,2209.584784
5295.349767,3377.688191
-5386.483242,2573.924057
2993.611267,1959.522679
-3149.894506,2178.258941
2534.504689,1946.040073
-921.411391,-73.234618
317.343416,-2656.789721
-1862.821491,-2724.083262
1193.909211,-1344.883093
-1156.625136,3117.031243
1752.449842,3991.145081
-2990.114434,4435.783673
1567.816003,4208.851273
-3238.625354,3117.786730
3896.918126,1737.534662
-4096.749528,-984.466510
4434.980168,-3207.275385
-4718.800708,-5472.069489
5170.828211,-4392.890147
-4460.007861,-3631.739362
5827.453959,-1272.070190
-5335.817838,-677.668219
4203.175620,529.047970
-4351.679053,2505.690596
3147.013927,3651.196904
-2444.613510,3485.426574
1700.651417,1739.814015
-2566.176436,110.681828
2006.208914,-303.624392
-1842.604759,306.523490
2268.218079,-434.027903
-2323.958189,-546.680112
2202.937917,-152.598986
-2859.532702,748.632830
3309.263104,1341.066233
-3314.196238,1803.116432
2866.945654,2136.640579
-3822.483677,1511.574239
4037.622912,452.680753
-3337.486247,-1959.647143
3962.026557,-2434.798389
-3644.827083,-3418.750486
3042.024275,-2224.318492
-2445.675827,-983.733882
3160.311203,-572.881489
-1583.589476,-1032.577379
832.282771,-1193.096932
-1256.623485,60.467856
871.480147,1508.221302
-280.515142,2786.178900
-453.425918,2106.337400
-1340.268339,2118.222773
170.916060,2534.400640
168.532441,3216.018918
1059.517606,1688.765110
-902.154508,-1632.836339
448.902682,-3554.644322
-1068.627198,-4014.044923
474.117237,-1668.675328
992.284517,-60.905847
-324.563232,975.087012
13.138558,1234.318977
-1829.516933,2504.218954
2105.306566,3087.856111
-2156.454553,1779.950302
3406.999924,-1368.981760
-4327.489026,-4650.914829
4291.665331,-4455.260697
-4079.289621,-3170.645838
5690.515266,-487.170257
-4717.088602,-410.631112
3505.265809,1161.791770
-4083.587606,1843.963784
2671.254931,3658.653964
-2099.099046,4792.215750
1778.632916,3895.699124
-1954.341952,1190.774114
-28.551351,-681.688476
626.071900,-1169.005750
-427.936195,-1775.393291
1263.061701,-957.520159
-1227.101475,-1826.920277
805.653812,-505.603337
239.370332,-750.926259
-263.096573,264.351865
738.276648,542.613904
-2804.701427,997.439919
3242.465850,1911.345153
-4209.020593,1961.896638
5477.408889,477.828547
-5617.397186,-1903.067719
6211.998649,-2327.254537
-7142.728960,-3252.385179
7762.952277,-1100.077590
-6711.131664,-1812.312196
6775.033578,-1128.850555
-7128.839037,-232.262465
5347.377116,2916.146912
-4924.912819,5225.632642
4417.565484,5360.574897
-4733.158636,3372.152565
3749.562502,-189.867138
-4276.886586,-1575.751789
4536.250680,-2900.266408
-3196.054929,-2773.086570
4268.966896,-3218.058694
-4217.684108,-3399.572512
4079.588630,-1937.475885
-4485.999064,400.903698
5326.530429,3232.625061
-6017.565449,4403.736349
4057.730668,5829.684402
-5433.855789,4740.281824
4947.217736,3822.069060
-4650.896252,754.588697
4438.850749,-2654.005490
-3791.668033,-4663.257093
3725.890840,-5449.450182
-2203.560989,-4999.458285
2616.805827,-3493.218375
-1917.178936,-1896.379881
808.388094,1370.496313
-1096.984045,4385.970697
933.094804,4966.019395
-636.269568,4400.553527
-519.200298,1689.876163
-993.157109,-448.505141
635.296879,-1275.177080
-451.759105,-1025.648265
1609.792283,-2090.258033
-1643.732900,-1742.902105
885.280505,-168.092014
-2157.813746,2555.610145
2106.546045,5138.803437
-2592.389096,4696.821018
2805.242011,2772.976938
-4359.999350,-89.405407
4016.121952,-1344.671098
-2583.073490,-3133.831008
3521.067846,-4330.551048
-2793.306045,-5828.269676
2476.680386,-4751.100355
-2591.733097,-1547.238024
3351.600527,1116.192373
-2518.578748,3710.436376
2172.702711,3969.232807
-3656.308771,3146.660083
3249.800661,1908.353886
-3314.145757,164.315195
3085.831058,-514.091601
-3283.354086,-908.022091
2308.883136,-106.299575
-2236.654941,873.261200
2685.235079,2503.630503
-2165.829235,1390.100936
807.435415,1585.772562
-1281.191980,1373.004195
693.780777,615.429962
660.955190,42.175809
-1260.730311,-1756.148212
1636.078437,-2663.363734
-1837.427085,-3099.053704
3697.480971,-2618.314252
-2216.625065,-3691.755165
2294.702661,-3470.551614
-2265.864822,-2784.611288
1928.269904,-183.592504
-910.970272,1169.622564
1102.231093,1898.426933
-960.145953,2263.847690
-1902.906417,3653.150285
1295.034251,4768.860620
-1986.003379,5166.355319
2659.603041,3410.348890
-2934.961034,-1067.104092
2084.690446,-1711.660830
-2589.509822,-2204.611426
3574.199651,-933.576949
-1367.716668,-2271.353338
974.655503,-3178.203358
-291.203154,-3705.841202
-1010.248853,-1176.686418
2562.765839,1669.108350
-3024.115105,3214.573207
3075.038118,3651.724946
-5454.975637,1572.433424
5737.955569,1561.423878
-5833.665302,-483.971929
7190.070624,-1667.932989
-5578.234829,-4747.056751
4902.356124,-5546.215875
-4342.979943,-5695.196811
4444.441397,-2386.427574
-2451.834878,-276.757125
1386.126443,2102.041610
-1608.258319,5102.294234
-406.907199,6442.653547
559.611355,6891.303936
-1242.032424,3646.930160
521.484835,825.720463
-1105.647061,-2569.229274
984.116894,-2671.957026
819.000403,-4086.595746
312.857012,-4090.583936
1773.059106,-4502.004357
-2880.713696,-3509.775167
3263.087283,11.627307
-4103.322434,2970.580203
5258.849391,5522.254884
-6237.413967,4252.555458
5147.920252,3336.119733
-5700.373308,702.207051
6026.923399,-366.233682
-4577.372816,-3540.164725
4878.544007,-5625.834642
-3957.931895,-6551.040035
3393.527660,-4392.676669
-2014.550297,-703.141104
2286.725490,2016.834032
-1703.935564,3995.505371
467.765485,4008.469349
-1999.762007,4769.870125
1561.150284,3321.274257
-1140.450442,1311.223366
1373.652506,-1724.307009
-2291.738480,-3325.739882
3442.774265,-4062.609678
-3368.397180,-3147.796040
5865.438226,-2709.831848
-6259.901268,-1816.222503
6170.949823,732.052457
-7748.634476,2513.046060
8389.979134,4773.480703
-7941.415560,3070.142520
7953.299685,1407.804191
-8888.206284,-1330.516640
7817.138282,-1411.793527
-6529.464640,-2081.909320
8247.577185,-2692.932769
-6493.477791,-5563.882917
6579.192322,-6220.380676
-5803.392103,-3515.862211
5394.281532,326.941752
-4062.668983,3860.918796
3391.698963,4525.765926
-4865.689598,4792.987395
3332.906876,4811.060529
-4320.957812,5476.645974
5082.114144,3906.826566
-4722.992417,-42.811934
4962.697060,-4225.474452
-5633.106496,-6687.581535
6385.171785,-5761.167003
-4638.865108,-4298.715205
6380.969441,-1962.491509
-6355.445996,-102.944944
5586.027491,1937.613840
-5876.403199,2677.561237
6104.157054,3350.299110
-5711.668311,1326.507698
5088.091527,-856.982961
-5054.007049,-2502.010120
5748.987374,-4045.152448
-4609.558086,-3833.414246
5047.153889,-2839.144666
-5724.205384,-490.571619
5258.068865,2365.764217
-5328.792640,4385.524124
5514.116609,5597.112011
-6179.206439,4267.027280
4609.120830,2799.251072
-5448.095672,1272.088588
6382.513941,-801.921651
-6195.552998,-3137.874975
6246.107647,-3725.522689
-6365.058251,-3322.282436
6739.525407,-1114.286012
-4892.948874,-165.969657
4642.333128,661.208394
-5213.193468,787.843884
4188.653340,1109.608116
-4653.625780,2211.116078
4400.393587,2566.047394
-3897.214340,588.731740
4255.052148,-1813.630429
-4633.132438,-3211.357555
5045.347682,-3938.443651
-3988.894995,-2831.585751
5444.379695,-3421.989183
-5396.827252,-3019.285290
5313.660224,-794.904745
-6208.826675,1929.828316
6521.620319,5563.048717
-7594.674717,5990.794208
7113.669580,5405.914201
-8182.940772,3428.861268
7097.145618,1749.968397
-7013.595878,-937.543739
7826.978075,-1838.273511
-6681.632443,-3847.314445
6694.611505,-4825.340565
-5230.015985,-4916.526193
5624.087677,-3219.282405
-3999.285205,-1095.692908
3864.803170,678.656842
-4705.705433,2805.263323
3617.306899,4463.657115
-3497.285550,4505.808139
2928.174684,2919.744867
-3018.593060,986.081274
3147.704896,-2111.574823
-2517.758065,-4148.463184
4039.209533,-5743.072635
-3092.024475,-6452.643494
3953.555489,-5377.402528
-4381.140872,-1846.873779
4629.504632,2935.409212
-5322.722605,6073.611482
5215.534431,7536.022350
-5873.709720,5844.439978
3615.196440,4332.954551
-4377.003307,1558.552452
4502.044382,-373.646780
-3512.064330,-3715.196434
3361.690122,-5478.508108
-2390.552181,-5348.391703
2343.415404,-3355.113056
-1449.384612,-169.638348
2660.182975,646.380494
-2047.922267,896.652557
1566.925498,-487.614504
-3071.709991,902.712792
3858.213218,624.536996
-3970.236313,637.228997
4957.588067,-116.547320
-6024.457726,-2215.762970
6799.383823,-1661.061705
-6219.281105,-1898.968914
7936.256307,-1261.314022
-8123.488254,-1731.552758
7406.357904,621.003994
-7696.216956,1456.451259
6579.604458,4227.541694
-5893.717751,4937.989239
4964.303878,4750.161761
-5252.530923,3284.438113
3519.502065,1241.031458
-1234.114164,-1457.524076
1823.287332,-5202.597389
-127.240352,-7919.846628
-46.279103,-7568.478455
901.357180,-3915.897468
177.334719,-958.662027
1412.793622,2083.837245
-1968.018888,2452.111814
210.844224,4016.439616
-1021.444939,5187.514092
453.294757,4797.114201
-50.030943,2154.705437
-414.357986,-1065.124543
273.515171,-4111.203259
-126.962100,-5578.404369
2128.125042,-4547.924952
-382.835648,-4553.396560
634.775462,-2595.642418
-1599.216244,-196.213806
59.342552,3861.669978
366.410212,6760.448612
-859.975403,6989.056991
279.571972,4991.480603
-2096.459548,1914.260461
2487.743927,-1095.630583
-1183.825090,-5058.227481
1714.009331,-6474.687748
-1685.996830,-6869.592759
1726.157716,-3604.310266
-463.374222,-218.139288
679.234835,3066.814559
201.946707,4266.149210
-1585.655907,3693.114775
1039.395794,2666.139691
-2252.739437,1191.406009
3675.137078,-864.545265
-3425.122778,-3839.369756
3730.153716,-4383.119873
-3908.821485,-4196.099090
4691.921653,-775.739671
-2812.909194,454.640595
2373.878542,1246.353060
-2728.432445,1493.078439
955.036812,3406.018915
-1581.720506,5456.287015
828.768785,5232.682829
47.632323,2775.171110
197.343019,-1793.843675
-584.744308,-4031.435657
988.512933,-5865.911507
283.117555,-4518.350413
1308.200398,-3850.394527
-2089.584278,-1786.824838
2349.021756,559.573982
-3211.860041,2823.589638
4294.261876,5079.933016
-5592.812356,4748.950681
5357.546935,3460.623531
-6828.464122,247.399510
7619.081562,-2704.062296
-6619.354315,-6104.592797
7550.440542,-5818.176448
-5937.506707,-6190.180471
5679.068136,-3286.017695
-4348.710126,-626.560183
3803.819549,2581.214610
-3516.709095,4065.092912
982.643270,5658.486786
-1070.292500,6682.812112
332.717547,5285.131931
323.726791,2409.404902
-763.752468,-3045.993319
209.160112,-4181.564994
-76.194737,-5210.579901
1484.698349,-3245.662423
893.760607,-3062.737596
-1156.314144,-2140.728829
2663.228439,-730.596035
-3921.973312,750.591433
4252.075933,3054.983257
-4566.460975,2583.213506
4859.605585,2497.008770
-5912.667999,35.327842
5282.005227,337.255779
-5173.204658,181.666059
6354.052728,-502.580007
-4176.188577,-3478.592482
3645.859777,-5430.147923
-3219.129113,-5222.910414
3279.941465,-2294.153153
-2062.344275,1092.321966
1457.825391,2972.256197
-2232.399566,5445.075355
898.335908,5594.002645
-1044.746951,4304.559122
1039.439369,2343.688648
-2112.154736,633.118730
1801.831955,-1530.638144
-2796.219948,-2026.750730
3579.399292,-2798.150275
-2655.741698,-2749.444558
3981.669390,-1945.270272
-5124.911320,-1131.911154
5249.255442,982.680679
-5167.423201,1261.350507
5523.158777,1170.393914
-6135.403057,-641.763769
4264.121726,74.443885
-4317.852208,841.246649
5258.448166,1865.391122
-3912.615790,-714.289087
3245.619631,-3597.068087
-3420.289627,-3669.548973
2467.934062,-2138.233660
-2155.187039,1362.980909
2597.277083,3079.379125
-2870.073546,3712.603379
1372.307684,3439.155345
-2950.220644,4203.659934
3100.934310,3690.321235
-3112.190396,1754.149601
3501.671447,-1009.428906
-4807.396909,-3540.318692
5482.090490,-3969.503454
-4683.774496,-3484.338847
6832.728034,-2482.005435
-6092.920858,-2718.734191
4660.122366,-19.002988
-4749.997368,1510.437407
3924.319447,4078.840410
-3925.745174,4980.969273
2992.040879,4308.267744
-2886.652352,1660.665688
1737.292558,-429.338840
146.934741,-2976.998467
483.796354,-5748.580908
640.079477,-6574.698099
-1038.159091,-6124.392881
1442.568875,-1318.276104
-1039.320034,1827.738949
1671.921776,5022.407016
-2138.657459,5846.267809
-806.033008,6033.956180
232.044180,5816.478017
-1153.849955,3872.529112
1438.268416,-104.229138
-992.751804,-4394.104898
2089.503162,-6647.783036
-2365.294524,-6946.316276
3862.357575,-4160.014087
-1998.336672,-2873.104710
2796.611470,-1395.281663
-2676.595263,-566.322128
929.340479,2409.346201
-1263.930631,5479.285917
1495.917362,6079.110577
-833.863123,3112.349797
-626.425242,-839.928546
1182.032523,-3774.264818
-1275.957324,-4638.314016
2825.279516,-3731.203546
-1761.260881,-3046.699706
2079.990127,-863.659228
-3221.757134,894.682113
2548.105309,4398.241242
-2227.640660,6199.380928
1086.234152,6982.711953
-1524.517377,4877.977317
-443.574137,2155.058626
670.406352,-1287.922463
468.571366,-4699.350363
336.428515,-5841.508206
46.721848,-7059.677681
945.529494,-4574.243107
317.188614,-2874.560496
-472.879814,121.027682
498.918525,2495.345363
-2924.481823,5313.448533
2552.295972,6559.370817
-3588.322373,5473.467556
4453.676847,2546.016768
-5324.961476,-3014.411996
5323.249744,-4772.281640
-5678.605811,-6124.424621
7101.024738,-4533.296156
-5589.276622,-3366.693629
5062.520531,-1153.353581
-6002.918664,2530.105616
4423.856515,7167.727905
-4623.865935,9015.128167
3533.071785,7888.418836
-4477.249347,4257.736863
2799.016993,-223.135997
-3093.827156,-2648.112288
3227.134100,-3821.774442
-1823.887999,-4471.270374
3029.884075,-4907.353041
-2850.030469,-4408.574844
3072.078981,-2489.803423
-2807.471131,937.790471
3556.288192,2846.072695
-4678.700218,3979.787992
3153.670337,4353.400004
-4579.746930,3511.665639
4628.960827,2797.207834
-4642.858353,279.183584
4860.674797,-1908.931518
-4481.969734,-3928.645968
4409.903942,-3753.706386
-2925.612990,-4623.167188
3239.182063,-2985.277868
-2630.758041,-1021.728814
1659.066081,1651.356020
-1943.513773,4906.181457
1343.101841,5609.437189
-999.485287,5091.573936
295.085486,1498.853723
-2169.228080,168.771962
1541.328514,-133.055279
-1598.442288,255.688744
3687.909654,-1796.017292
-2750.204261,-4329.514253
3744.845836,-5489.706852
-4110.392232,-5137.067066
5664.178344,-1616.739812
-5430.325953,-52.131566
5483.525686,1816.645325
-6773.098196,2944.143896
5235.141607,5045.935271
-4811.780707,4849.465548
5459.235191,3374.059002
-4299.704343,-837.012899
3126.153454,-4660.904327
-3275.484988,-6163.466955
3631.778263,-5190.295647
-1804.279819,-2329.645111
2041.337725,352.109901
-2402.200713,3071.153380
2253.801641,4257.470643
-2623.033128,4975.826540
2701.206984,2976.984435
-3643.889622,747.849203
3301.857303,-1862.763806
-4346.958664,-2512.679003
5913.998501,-1974.633674
-5047.013591,-2669.602885
5514.128842,-1437.153837
-5724.188418,-1447.682471
5532.559467,578.326363
-4602.534425,571.723803
4831.355295,484.277038
-4639.573653,-898.579415
3342.638312,-438.754621
-2094.264244,-312.829513
2004.390763,-723.854847
-210.262323,-1748.985029
-353.251977,-2770.362203
570.927706,-1223.901235
-1731.552494,331.903313
1819.505205,3928.896846
-1505.578348,4489.545065
786.052447,3772.187702
-1933.543090,2815.808969
856.122592,2355.324659
-300.444282,1023.090926
194.876057,-136.431190
477.684094,-2740.031677
-1498.654151,-3897.258917
2666.929732,-3302.688523
-1508.488724,-3370.842318
2881.495914,-1931.056893
-2469.566361,-2172.136738
2275.007028,-1035.407821
-2092.721172,-558.429145
831.488326,1506.192673
-164.736144,2412.787324
-805.744848,3209.158077
540.724054,2706.869224
-1429.645178,1714.146418
2559.968322,429.226789
-3243.386839,-2085.842315
3335.814410,-1760.682619
-4214.812131,-1990.966689
4050.180359,738.770423
-2858.794923,1272.725217
1496.209724,2940.982434
-1099.019177,2439.629817
-322.144891,2512.027410
669.313682,2270.854679
-1378.686179,-509.880812
2192.150293,-1679.377698
-2562.778653,-3668.827198
2645.420889,-2954.374328
-2129.755330,-2511.512326
3409.207852,-1070.243693
-2441.781540,-1648.491750
1047.309242,-61.766797
-1446.361177,1344.825404
301.074501,3152.938624
686.651056,4136.184743
-2237.576482,2530.656947
2266.556222,1904.538726
-3930.732369,826.670208
3777.128048,678.637818
-2521.835799,-1278.781300
2878.720667,-2529.535194
-2754.585041,-3994.788094
1995.642935,-2446.491381
-1102.874702,-841.400925
1494.748798,1286.047334
-1015.912699,2235.618428
-874.283896,2185.668401
-182.669122,3606.641472
-76.162853,3277.339470
120.048290,2943.456439
-337.775632,274.553030
-901.724349,-475.390023
1060.413368,-2163.440302
-466.660801,-3147.160927
2957.087286,-3956.595667
-3044.045705,-4924.170397
2544.435184,-2262.699465
-3786.989591,896.764056
4297.797105,4678.401113
-3915.692572,4449.214721
3646.757986,3041.436582
-3991.584931,50.065106
2710.324613,-635.213446
-1582.705649,-1282.343317
1912.434925,-2484.831859
-1402.839365,-3142.818543
279.309329,-2963.857136
171.460143,-141.174379
432.996448,2431.339368
462.771529,4072.047309
-980.374722,3405.621094
-1747.705873,3573.360606
904.434380,2440.537553
-1346.467033,2001.485353
2846.485735,-249.187145
-2782.090330,-2709.467166
4034.918554,-4153.736753
-4418.103851,-5159.175075
6010.663230,-4024.019063
-5289.545740,-3707.672115
5543.987175,-1681.787466
-6285.936001,302.025814
6069.318217,4161.228307
-5569.198629,4917.194907
4827.119962,5378.500335
-5142.480469,2557.185631
2902.822795,-17.322141
-1377.746810,-2444.800094
1899.030042,-4507.060162
238.520503,-5446.445442
-200.601220,-5465.497474
856.070989,-2544.501477
-1267.468216,259.469120
1277.180131,4116.400932
-1247.855746,4963.968465
-398.311487,6462.870134
-643.095727,5759.893508
-1042.696090,5451.954951
1472.346535,3104.845091
-2079.430430,-1355.851815
2635.856485,-4525.199094
-3069.292706,-6746.268385
4676.568269,-5399.488336
-2984.989568,-4948.269269
4784.918750,-3572.383442
-4058.279976,-3275.940325
3531.530775,-1146.791231
-3373.506982,527.974397
2389.820909,3283.391636
-1459.089247,4175.732314
181.959049,3172.883502
-1039.847020,2996.937047
-494.938428,2086.035674
452.464410,2009.669544
-37.021853,419.779589
249.448488,-1261.116456
-307.622070,-2862.934743
393.642118,-2519.485339
410.335963,-1555.071485
-321.842108,161.877480
-210.290356,1742.931607
-611.866931,2662.687172
229.756498,3784.989731
-1346.156370,3584.639855
1606.013533,2766.417571
-1651.440242,460.606580
1582.242103,-2491.708020
-1299.429109,-4705.248085
2104.965534,-5756.213412
-1193.377551,-5396.812556
1672.434826,-3452.963116
-1975.294285,-191.146551
2828.657825,1839.438046
-3141.198905,3357.734904
2850.387388,3561.202656
-4198.741331,2549.952985
3579.890787,2693.744657
-4581.364304,1938.322694
5608.164803,-491.418164
-5117.893859,-2943.125221
6265.474627,-4604.648474
-6462.031475,-4580.693224
6392.161460,-1085.377127
-5599.073384,637.369943
5622.779045,3351.011146
-6020.162722,3416.780891
3817.355784,4720.774871
-3482.088648,5196.819072
3679.442141,3008.618528
-2717.952330,-718.144389
2104.418867,-3951.522275
-1987.818746,-5890.170912
1826.784559,-5606.272622
328.015978,-2701.478642
771.858224,-1695.685849
-435.968956,653.419781
114.215901,1463.353863
-859.125115,2375.125511
2626.948590,1421.686699
-2988.914972,-653.316512
3119.750602,-2121.833410
-4716.328203,-2258.731079
5534.541461,-557.640728
-4464.834491,281.158632
5601.691981,85.064725
-6818.617026,-466.652767
6402.103654,1469.795519
-6870.078695,2320.381861
6744.121657,3859.786940
-6468.142425,2202.960145
4832.968087,1715.329659
-5238.291425,630.433761
4464.101359,768.527747
-2794.826921,233.404524
3413.013095,-2599.843236
-1873.214740,-5665.873685
1564.189504,-7022.090857
-430.255757,-5564.501290
2208.660363,-4302.347289
-1070.052997,-1484.129062
945.012628,-110.335479
-2182.562117,3058.479519
2192.499052,4939.785220
-2870.349523,5413.634956
3979.717281,3694.202444
-4416.095082,-578.520785
3713.028124,-1813.909998
-4591.137685,-2211.481843
4684.452563,-345.203233
-3346.178278,10.325189
3648.746876,993.637883
-4054.979756,846.229894
4005.729339,1104.192207
-2525.383195,1138.825370
2171.969128,34.904964
-1933.604378,-1566.171304
702.195465,-2302.653287
30.035652,-1543.914877
789.735966,-1567.431922
484.852051,-699.131070
734.388692,-1517.871429
-919.030965,-2386.541267
1404.909968,-2913.805677
-1304.172804,-2342.250463
2225.303194,-1322.411330
-3530.338549,907.963497
3466.858174,2789.393105
-3260.470323,3885.860628
4289.794831,3039.056095
-4618.977347,-422.852832
3546.025158,-568.905660
-4470.422018,-1200.553446
4215.704731,733.997035
-2437.119444,56.047112
2132.522125,-516.236996
-1329.562002,-980.490553
-556.345087,716.562498
842.197752,2911.661068
-1399.930665,2868.011316
2137.151661,2098.673641
-3713.968406,-916.967817
3658.509884,-1044.655390
-2396.787717,-2787.391685
3746.108564,-2801.632846
-1715.842508,-5196.934596
304.599414,-5352.341123
-284.211362,-3451.112761
-128.168040,-243.960495
1499.666181,3643.246239
-2071.847620,4798.722457
1377.792724,5867.575680
-3824.528803,5050.247788
3111.674104,4235.142656
-3257.171280,1379.988967
2632.808203,-502.428712
-3090.094084,-2800.115127
2604.261612,-2279.138162
-878.619319,-1625.040653
1706.447505,-2172.226188
-844.508761,-1943.722638
-988.087398,-1122.144999
406.351362,1277.781641
-277.320090,3156.264730
425.259208,3692.695964
-1333.693215,2885.757980
-657.339164,3001.706438
41.481615,1553.704481
63.126636,666.201545
1978.793659,-3018.871069
-2043.278199,-6421.065580
2580.125432,-6848.330438
-3394.848668,-4536.047824
4322.843091,147.249224
-3727.650523,2543.068545
3089.764931,4660.260638
-4915.350653,4532.228304
2998.287032,6594.987418
-2809.728389,5739.325097
2629.443971,3154.022546
-1851.186209,-2231.404123
259.227061,-5936.876671
516.219896,-6098.434996
-661.338356,-4454.488760
2719.635415,-750.971617
-3043.874476,1507.763646
1983.153865,4783.153668
-3401.571650,5567.261018
2802.236128,6158.889785
-2758.023876,4146.397152
1846.458069,1189.250982
-2132.431469,-2303.437625
976.862269,-3828.184779
423.686820,-4474.057749
309.863051,-4296.930075
1151.519852,-3499.027935
-1345.237645,-2780.026645
797.706883,948.419110
-728.686590,2859.957420
780.479318,4067.174005
-1959.172685,3597.873630
63.751128,2902.678659
-307.436246,2135.200941
-417.251204,1879.932657
1644.111611,-644.744050
-1632.419434,-3288.052567
1844.128832,-3869.261840
-3044.527916,-3198.453708
3405.310032,294.190448
-2982.127862,1746.693404
3387.265855,2946.087423
-3996.883487,2822.309170
1927.372524,3084.403212
-1992.543382,2985.529288
2043.077496,2210.143968
-2100.974380,-744.459556
1616.161269,-3020.195102
-1458.666322,-3240.066322
1626.125121,-3142.636724
654.611932,-2380.494215
-138.245348,-1948.784977
-128.583995,-1387.455030
-396.497180,-524.052565
265.697693,1460.575372
311.253603,2418.546195
-1064.223253,3362.410912
-100.733211,3558.113589
-1468.761778,3547.590615
1901.310836,2716.368645
-1800.147219,453.645629
1729.052227,-1569.212066
-2153.048695,-2683.831613
2635.582750,-2828.638219
-1259.716648,-3208.082821
2015.480366,-1883.403464
-2359.273236,-1617.795579
1091.055499,1042.828261
-793.372188,3294.736851
877.611217,3705.167193
202.366160,2035.859567
-623.791429,-1481.005419
-32.156437,-2656.280107
-9.768647,-3245.229255
1094.559898,-2368.649723
514.399241,-3050.239858
-628.252132,-2619.147673
-144.667219,-178.445281
-43.450212,2926.761568
722.240438,5171.827284
-1302.459560,4500.526857
985.970290,2509.896105
-2755.909558,728.895547
1974.502836,760.975819
-1350.736634,48.150066
2261.089170,-613.921076
-1226.700394,-2706.174262
529.538347,-3721.656077
-138.610421,-2974.764919
788.250475,-1606.231381
1030.169781,-638.648510
-2107.837234,572.146357
841.022469,1846.745419
-1230.966935,2998.580045
1750.729061,3377.338556
-1995.569266,1421.278735
2212.540438,-281.199080
-2858.364429,-2620.937270
2645.478657,-2666.381870
-1179.261702,-3142.818499
1759.243321,-3083.185419
-817.361604,-2873.293492
-560.952899,-421.526952
364.061830,2882.262861
-265.136655,4514.458028
594.724183,5040.288181
-1879.628543,2292.939541
66.050537,1617.109452
-178.086906,1094.450940
-90.514601,942.415652
1137.662975,-1083.074952
-1128.142999,-2753.334473
1607.875171,-3630.041602
-2498.638289,-2754.622461
3287.945951,178.115755
-2683.903507,724.759226
3091.531376,1634.020069
-4710.496120,1032.605978
3890.471589,1839.984021
-3199.975285,1454.870936
2948.734296,1043.702942
-3039.150855,-102.103434
1792.239993,-987.162824
-1240.067470,-1398.439262
1836.097789,-2183.893799
-89.395410,-2981.320190
-540.492363,-2476.287962
-13.161196,-125.634268
-366.268492,1518.135925
423.413020,3065.576851
-730.626461,3633.240745
-675.423495,3948.320966
-135.949118,2646.743213
-816.122145,3016.323973
2233.614629,1047.994749
-2360.935832,-2444.918494
2540.408098,-4857.427177
-3538.354451,-4757.368513
3747.353200,-1109.776005
-2979.151135,1026.493901
3561.824210,3354.201192
-3861.003235,1809.433265
2399.510372,1785.088418
-2074.828863,1216.193405
1760.471238,437.679148
-1600.117631,-925.273939
1397.783978,-2837.540382
-518.540872,-2966.990805
-39.212572,-3199.469607
974.487278,-1091.832110
616.922267,-860.255443
-595.748015,23.222113
-288.483829,752.400979
-1518.713503,2506.975718
1788.850583,4208.969401
-2412.861210,4067.212240
2365.361960,3627.880163
-3736.272842,1785.771740
2973.219360,1623.855300
-2494.964503,-126.389904
2569.215143,-1723.876957
-2184.894099,-3055.618268
2218.117986,-3272.185902
-1618.449579,-2893.554970
2127.075014,-1487.815549
-942.993126,42.591783
589.433991,246.141880
-1277.054295,537.922397
571.366944,960.566321
-97.311613,1522.455155
78.682315,967.460692
-446.276689,459.272089
-26.056947,-84.308355
-113.569365,-662.995152
1452.331997,-1627.510997
-1297.697790,-2372.103778
1181.841050,-2318.032884
-2058.403550,63.108367
2017.315842,2911.557518
-1814.474247,3462.856271
1625.435941,3152.107391
-1760.806784,1176.553504
366.237712,1027.235822
-666.355643,778.713964
1740.432767,-503.646799
-407.021439,-2932.776639
-159.755249,-4131.694682
-820.815669,-2431.743123
487.587517,648.331014
661.882049,3670.402650
7.520921,2989.261320
-339.932330,1424.545243
-1045.940067,-355.147361
653.456656,-840.107826
931.169188,-1483.731672
-695.280838,-2551.704601
1742.553920,-3636.865018
-2692.343938,-3746.227652
3513.578208,-2102.467074
-2003.082772,-312.170119
3141.926850,868.942989
-5168.032233,2028.704562
4183.358029,3236.320220
-5171.957197,4299.993627
5497.630914,4555.728465
-5936.528654,2518.574684
6115.228480,508.226617
-7242.192528,-1520.153282
8317.951088,-2156.498901
-7205.569814,-3767.822177
7401.440589,-4000.240321
-7909.912625,-2557.360395
7958.339752,342.477607
-6560.934399,1239.308821
7468.955293,2197.230617
-7150.416062,387.048139
4945.907905,-76.215099
-4308.476367,-646.812469
4804.389881,-1258.271412
-2889.281703,-3165.668899
2762.895799,-4051.063837
-2014.880172,-2855.854317
1053.973654,-768.709159
329.212741,1984.170130
434.631336,1901.380513
-947.000674,1952.751753
-1573.031748,2416.260657
1815.262061,3520.756658
-1762.518147,4261.194293
1873.188266,2933.535514
-2117.243028,-393.143251
1597.969399,-2867.835461
-832.738985,-4163.832118
2570.868275,-4284.116181
-1166.176645,-4373.253301
1343.416337,-3209.754725
-1682.554562,-1043.385436
1737.989910,1221.886260
-1608.626228,2930.424102
2097.939082,3652.784659
-3448.676808,3310.601570
3087.044056,1236.165350
-2809.007168,222.861383
4209.339754,-3275.663745
-3987.844393,-6341.039963
5706.669312,-6918.181373
-6032.825078,-5489.584950
6507.118657,-439.916871
-6360.543917,2965.368360
6379.275778,6223.080794
-8151.535273,6781.497322
7005.275298,6729.344899
-7403.879623,4599.102028
7193.395490,1988.247433
-7075.453778,-1976.550096
6377.754378,-4589.148586
-5120.937136,-6279.461318
5887.438131,-6152.678360
-3709.148048,-4888.296093
4032.329567,-2196.329433
-3341.454360,721.770576
3168.018041,2292.913315
-3133.713365,2566.138530
3014.545187,1989.893107
-3607.083741,1402.084005
2058.043585,1064.097427
-2273.060073,2003.061069
3643.313578,376.594292
-3172.162215,-1653.304816
3719.306298,-3880.107158
-4572.165338,-3825.484463
5201.746496,-1112.799891
-5071.324037,977.833214
5342.756665,3267.295771
-5947.233325,2525.528719
5361.540409,2530.079475
-5485.527441,1983.472647
5325.960036,1520.230342
-5439.300560,314.960823
4910.603198,-725.804963
-4904.583014,-2458.841118
4611.123977,-2520.337256
-2716.384571,-2350.111001
2613.865256,-1503.136185
-2585.300643,406.399984
1229.443355,2094.953600
-1249.721133,2881.815203
451.479894,2546.679175
-497.543420,1126.638916
-237.365793,323.744966
534.984097,-126.168549
239.010315,-2349.899912
771.551747,-3808.981222
-661.695220,-5664.715876
275.517437,-4279.361007
-150.980590,-1213.612999
-295.766023,2929.520167
688.844979,6241.388542
-2129.305291,7180.181151
-314.358595,7402.447000
-1699.506291,6200.884020
1507.035939,3999.778758
-1094.863882,-601.743965
731.974486,-3602.015662
-825.398715,-5862.179466
413.777205,-4959.045331
2613.468471,-4556.349840
-2209.041242,-3676.736035
3427.415202,-2560.227017
-5303.611371,94.647467
6414.192182,2952.260083
-7224.247091,3566.391101
8304.176955,3130.278527
-9742.630296,262.565983
8921.949099,-253.352687
-9520.015204,-1282.125262
10914.058325,27.182198
-10071.248895,-1345.138821
9117.034568,-527.649820
-9340.432538,-606.568454
8604.552547,1559.764692
-7080.373898,2803.188744
5840.706328,3315.402544
-6406.820312,3279.554102
4358.417475,2868.558119
-3127.014192,1957.617646
2760.403408,-195.319388
-1313.867202,-2897.040244
1004.454347,-4906.912821
-244.494642,-4645.199661
1337.451338,-4595.662309
-232.695939,-2626.563721
157.633394,-1083.799266
-944.108560,1344.050509
834.678367,3546.562922
-1026.853393,4772.067460
1419.277753,3430.815479
-2394.334660,1161.483451
2524.732541,-1937.179832
-2990.418030,-3608.342367
4234.125371,-3481.024144
-3965.458059,-3777.810465
4549.840021,-1350.170993
-4586.139941,47.955567
4007.421712,2849.621561
-3707.181148,4347.500927
2575.345162,4941.212707
-3137.194021,3709.442133
1556.675927,2967.518022
-836.553327,477.966246
950.330070,-2409.264821
377.012588,-4445.845708
-688.057549,-5624.166236
2191.153339,-4355.895578
-2554.512950,-2492.781260
4160.305255,-514.202921
-4316.328094,784.972927
3426.539826,3281.310426
-4364.938816,4278.113726
3790.848336,5116.848189
-3633.851331,2932.167744
2995.717788,639.852260
-3012.989219,-2464.299506
2465.758205,-3968.159165
-636.076240,-4473.341073
1432.954488,-3782.712009
186.851692,-3820.650372
-1305.293023,-1871.121843
1149.394728,2162.415470
-1535.838265,3504.868385
2026.862811,5634.991742
-2600.395029,4068.727261
300.906238,3497.127052
-610.780761,2069.486724
327.819000,626.448842
1001.058581,-1875.146213
-1919.752260,-3559.776637
3326.869520,-4577.817983
-3826.682318,-3488.031652
5641.997520,-1285.219963
-5742.488387,-795.121864
6184.596532,1828.939117
-7693.146898,1700.873484
7682.847839,2374.989125
-6919.621706,1419.761415
7137.531887,241.392593
-6894.217236,-2333.874325
5967.136035,-2729.112769
-4758.159950,-3221.683702
4512.470496,-1276.281325
-3347.217181,-527.330256
1339.884065,1686.873837
-877.080316,4722.522960
-1288.058294,6273.503867
1641.031304,6446.070149
-2446.392708,3245.921726
1143.356494,1274.606204
-2354.734263,-1381.898799
2639.223137,-1337.933382
-1493.303130,-3307.531426
1443.142401,-3242.093901
-441.752378,-3872.263798
123.151064,-3172.344643
1688.108282,-2094.300324
-2400.502425,-1070.694279
3395.280658,552.820147
-5092.350954,845.231790
4698.377042,2773.615884
-5322.344261,1934.335388
6380.334232,1340.476498
-5874.545723,-989.329760
4479.822596,-1470.486586
-4589.550489,-1606.092980
4314.452000,170.332169
-3821.206416,1321.843843
1867.886880,2997.289727
-2787.212653,5118.242773
979.804426,7298.476777
-199.109852,6745.265614
-570.000128,2826.969768
753.739728,-1251.387695
-2423.078755,-4424.048090
3400.885458,-5851.370778
-2150.089288,-6359.105382
4680.766436,-5428.359617
-4827.337412,-4015.846643
5123.683427,-1621.853985
-5342.941535,1258.514601
6433.044397,3355.291146
-6666.685335,2489.759300
5672.366839,2142.075864
-7281.550443,1400.680125
6896.016279,1718.088433
-6089.194999,694.094372
6848.468237,-675.459967
-7002.101988,-2729.326516
5691.953049,-1801.529018
-4830.625750,-231.691070
4677.175555,2352.069786
-4076.170123,2701.653978
2941.079468,1964.912214
-3586.448104,2723.486945
3110.747718,2122.869301
-2758.478623,1637.621602
2759.688072,151.010231
-3099.128770,-1688.254673
3426.185926,-3515.492685
-3051.241376,-3450.894211
4664.559666,-3551.594490
-3741.223755,-3170.126501
4389.985982,-2190.476948
-5165.753828,-1188.721483
5047.807716,1910.471538
-5355.036962,2424.520025
4969.630495,3761.600670
-4795.917547,2711.640280
3195.813491,2045.453812
-1458.394898,-570.287963
1674.674514,-3095.610539
-657.879043,-5203.033611
-173.536922,-5122.868655
1602.086561,-2773.287978
-2760.791002,528.558548
4659.565989,3431.424927
-5743.675282,4512.044381
4968.161770,6192.569994
-6431.036532,4640.409302
6398.799098,3544.227633
-6646.412028,354.942104
6608.377944,-1977.833739
-7024.886057,-3696.967943
7449.220876,-3971.853137
-4815.047209,-4438.772887
6502.726778,-4355.658598
-6238.460137,-4327.244288
5162.606920,-1244.530166
-5458.008632,2765.517617
5169.007522,4567.890462
-4089.799161,4444.887660
3472.317630,2146.055446
-4948.271616,160.462639
5170.420874,-601.948365
-4608.796859,-1514.288172
5064.146771,-2842.873987
-5169.445636,-3561.437642
4495.013659,-2262.395995
-4923.776805,1133.142532
5678.323390,4721.749025
-5794.113882,5509.362942
4783.320238,4638.991073
-6481.239289,2221.803588
5510.326959,570.079433
-4526.701803,-1957.299612
4739.755562,-2649.232847
-3755.786428,-4230.799469
3546.856112,-4416.965947
-1584.360592,-4136.344820
1984.759049,-3395.548154
-1452.195743,-1492.166160
-245.932777,1912.909606
291.981788,4819.913826
-1924.190269,6390.923606
2982.942697,5280.215927
-4256.204998,1987.398224
3242.033516,680.948625
-4882.790707,-653.615650
5956.860003,-811.874815
-4803.110833,-2541.143472
4900.384835,-3470.180706
-5073.539009,-3502.197070
5571.735305,-1358.773973
-4670.503614,527.929709
4223.552737,3171.349490
-4893.007632,3016.534078
2969.060183,3089.737443
-3617.771411,3697.050199
3528.757434,2043.793537
-2098.109243,47.674579
2692.915901,-3347.273461
-3160.673427,-5572.082578
3054.659933,-5413.860602
-2124.045162,-3527.946112
3285.068817,-1560.608181
-4071.391800,1099.942260
3279.837867,4343.387391
-3692.370134,6427.504909
4152.644846,5665.022030
-5566.679984,2545.137985
5586.292927,-621.849673
-6518.209792,-3235.219790
7129.712203,-4417.503273
-5412.219118,-5024.621345
6684.441994,-3715.771464
-6520.084371,-2499.147672
5923.639163,698.872007
-6765.811265,3755.633719
7232.244662,5615.957731
-6370.895800,3859.989240
4499.454530,2508.705913
-5696.510380,890.932156
5024.417684,902.427077
-3803.746033,56.793203
4033.226690,-2825.688647
-3191.148590,-4354.687801
2525.355094,-3970.062712
-629.629755,-2887.461339
1411.955714,-809.401823
-336.107875,-593.542638
-567.764587,-397.386932
212.151633,904.800516
-1018.049712,1162.999185
2047.867868,2493.620594
-1470.900999,1832.312848
694.749685,427.314448
-1224.958715,-985.837389
1282.868470,-977.746335
-292.280447,-1995.311466
887.490411,-1771.628030
-1106.254697,-931.281939
537.423375,252.771436
-236.819681,3071.401921
-128.526071,3404.571907
-454.621172,3359.135809
-674.373890,2696.886333
-1016.266128,2877.724230
2864.145402,482.108644
-2663.055861,-2123.618859
4664.088304,-5716.821264
-5363.828462,-7504.169142
6851.493239,-6341.910222
-6764.161172,-4424.648585
9015.250086,-1004.717395
-9787.612148,1057.244367
8607.642426,4997.356883
-9703.523656,6422.921682
8886.222662,7990.058009
-8857.193785,4466.693272
7883.640587,1699.696346
-8425.113840,-2775.531492
7358.450061,-4420.081097
-4671.130440,-4547.032299
5025.727028,-4684.822848
-3390.380951,-3699.208155
1913.536766,-1256.207756
-1427.619824,2390.818652
798.735392,4554.785039
-44.887669,5565.680711
-799.133940,2930.741137
-366.006163,1164.379975
-13.673300,-533.238987
559.951900,-2042.426801
-176.094298,-2799.489299
646.031651,-3407.464087
-76.009645,-3597.445756
763.376198,-2281.431056
712.388429,-1463.476118
-174.251810,-512.135767
-559.254507,1373.636875
-1172.518847,3066.664397
923.856242,4307.562909
-683.928901,3529.926649
186.780991,2370.789105
-104.841742,549.323267
-390.936548,-1214.827894
1786.779176,-3195.433266
-1315.002181,-3935.564797
1807.540864,-4675.716821
-2710.495469,-2653.760965
3473.883783,899.583596
-4546.632524,4361.710891
5571.457453,6334.281145
-6718.074768,4953.306179
5638.346642,3123.618043
-6769.208159,-422.401601
7935.444907,-2245.615069
-7029.175574,-5181.183402
7089.080717,-5692.310911
-6106.647635,-5776.318100
6565.719732,-3129.270807
-5055.810696,-1083.074568
4877.080338,837.219265
-4880.572357,2527.303300
3283.569629,4193.318257
-2964.376187,4399.889381
2184.192545,2471.465586
-1508.722956,316.485981
762.880970,-1838.789788
-1706.966126,-1457.134005
1989.151272,-931.557028
-825.678534,25.219362
1288.474574,-143.299814
-3242.825758,1439.803455
3176.675433,2912.115072
-3722.859035,3718.096063
5257.626794,2185.748857
-5495.606040,-920.537678
5254.772658,-3006.449350
-6256.923480,-4238.783218
7781.862404,-2770.583061
-6246.940079,-3351.971059
6563.551427,-1771.396718
-6523.248433,-1658.196616
5245.048633,969.189998
-4229.016074,2608.152988
4413.007615,3213.776160
-4406.112921,2015.885339
1389.461374,1179.827499
-1413.369364,1931.748248
881.617644,1831.561209
820.698184,686.770417
-1751.785559,-1250.925722
2187.222896,-2411.616242
-2594.807742,-2942.769835
3850.341439,-1680.846816
-4017.401761,-686.307439
3305.247080,952.402394
-4465.748544,2802.498540
3876.617239,4790.954135
-4001.373826,4323.204392
4104.486393,3222.810879
-4425.945576,-338.330412
3595.195532,-2791.892127
-2389.154371,-5344.784161
4001.377981,-7054.847486
-2812.593021,-6514.256060
2456.555116,-4475.227746
-2415.476884,234.618667
2620.904033,4273.803101
-2226.387728,5843.666344
1600.810715,5072.513936
-3065.645049,3663.334025
2136.844870,2226.692843
-2689.620093,1058.369387
2922.644493,-105.603509
-2961.871864,-1874.503867
3355.546978,-2798.919555
-4252.434826,-1725.497591
5629.761107,-70.821330
-5124.553584,1423.063135
5426.665037,1232.047623
-5824.619719,-281.640359
5893.343654,-900.525903
-6005.542455,-1747.626491
6911.340589,-1168.089644
-6245.406064,-2090.305778
6205.432396,-1436.174128
-5663.057083,-1596.096431
5800.047309,-798.110980
-4770.539764,-1318.599271
4607.568187,-457.168284
-3931.096044,310.078878
3234.644515,133.022394
-2298.288633,897.744471
1268.105685,1266.644062
-1911.741516,2363.992094
632.858243,3799.560258
443.712363,2936.551920
96.364803,266.773899
170.064173,-1532.197720
78.895144,-3678.090493
-442.992300,-3313.151511
1560.639286,-2995.027264
-1181.902313,-1459.044108
2257.395632,-617.898795
-3162.628209,612.740780
3533.371055,2100.368931
-3747.117576,3051.480344
4448.133312,2570.035036
-5079.441622,-518.619866
4128.899256,-1129.627741
-4679.179075,-2412.394702
5172.510574,67.314391
-3167.210374,-954.218347
2822.235341,-1711.592965
-2288.450753,-1511.019510
557.908454,-317.530576
-535.960223,2382.346414
-311.489737,3126.797366
1054.247907,3205.633320
-2213.419099,1734.090474
1760.944947,1276.254697
-2009.074325,-524.444247
3061.230966,-1829.581368
-1919.927577,-4345.113615
1198.955888,-4965.549140
-728.970586,-4221.603291
714.910869,-1708.205799
615.278308,1778.971571
-1519.428562,4190.850603
-288.166295,6181.152345
-1744.027344,6902.325873
696.921287,6535.372477
-1056.944512,3878.915109
537.760082,1065.994481
-1198.479837,-2510.565761
905.926279,-3981.671029
1528.611107,-6366.058540
-547.313739,-6994.786056
1622.633985,-6107.364950
-2486.124534,-3725.374927
3631.091559,880.160403
-4019.098332,4216.197164
3783.750234,6449.897812
-5542.384822,5641.608353
4416.470945,4542.801168
-5538.920426,2651.606118
5637.738212,881.936210
-6012.740359,-1429.899681
5727.094406,-2370.081467
-5751.987239,-3064.208402
5512.943602,-1484.340731
-4342.805892,117.620214
3719.465473,1775.588683
-4475.941491,2868.082199
4039.503403,3172.004800
-3861.899631,2210.136145
4024.296652,-629.739310
-3839.833468,-3383.143281
4064.541197,-4508.907011
-4022.087279,-3567.238542
4221.616866,-1963.769380
-3222.623409,-652.677249
3007.597756,796.799760
-4047.360506,2686.015428
3722.527704,4234.347135
-4480.982927,4381.514978
4431.227338,3799.302291
-5543.540283,1563.934593
4441.556235,-182.230003
-4895.496204,-969.406752
4847.441042,-637.292199
-3834.861964,-887.836008
3997.495745,-918.025096
-4061.862925,-1138.443562
2997.196521,-99.027050
-2332.479136,39.327497
2875.604147,332.121471
-2811.724039,-483.626013
1348.222215,-462.076605
-671.882173,239.574510
587.186143,64.441868
333.849860,-551.866879
-1553.268590,-936.173756
2155.300924,-868.520203
-2145.542861,-1083.127958
2970.292966,-607.637108
-2988.008938,-504.108953
2587.344430,713.393796
-4256.824918,2446.117851
3687.779256,4123.498489
-3643.516880,4240.475297
3840.549696,3342.289159
-4284.959193,350.809590
3489.696089,-937.609292
-2431.712729,-2796.631908
3347.882890,-3895.533471
-2456.756615,-4593.348195
1556.080767,-3786.278548
-1284.571916,-289.651508
1314.417108,3235.347312
-1319.921112,5413.716444
487.254671,5480.301881
-1637.407297,4343.086210
812.935177,1298.738266
-782.605219,-997.180390
1554.501676,-3656.764360
-1139.871680,-5369.164108
2739.006202,-6460.367479
-2398.746429,-6059.350430
4438.586222,-4257.933432
-4393.039479,-1555.446970
4566.607047,1805.552107
-6202.469569,4836.588271
6247.782420,6650.090824
-6799.893010,5364.955142
6136.184772,3998.477556
-7596.078943,1387.612625
7119.977334,317.900380
-6549.820943,-1594.557129
6979.736647,-2285.306704
-6233.456373,-3895.715477
5563.526713,-2353.783882
-4770.382287,-254.460783
4304.760646,2181.962519
-3089.734380,2967.040739
1810.055687,2387.152888
-1531.745691,858.982732
-90.103575,-430.317373
1776.662804,-1407.067939
-1170.389890,-3245.817011
1448.079611,-3447.273957
-1688.146612,-4031.980787
2376.511846,-2075.630357
-1805.423679,-832.830309
2023.788936,930.123372
-2319.988010,2205.979147
-37.915741,4860.064240
-983.724850,6271.826540
-509.087732,6617.009131
656.348446,4401.886929
-1288.701924,-53.468117
1512.701968,-2730.436198
-2408.409847,-4540.197226
3493.515477,-3810.339457
-2192.989403,-4159.594371
1966.863739,-3386.595081
-1535.480808,-2075.478126
750.912327,1469.648625
253.734433,3110.033098
-1404.360098,4949.068166
1589.894570,4052.928201
-4191.217180,1822.353688
4495.443248,359.107692
-5148.181210,-1901.303176
7517.398678,-3395.795565
-6834.306200,-5264.146380
7229.450721,-3826.257147
-7812.548001,-3076.210712
7912.393223,1128.741851
-7098.945102,2513.509097
5560.878309,5075.117527
-6477.605408,6240.382780
4068.597291,7639.923988
-3308.126908,6542.802703
2501.104216,1814.317828
-1677.837599,-3205.684140
497.359489,-6736.654314
232.676983,-6363.627909
1433.397318,-6016.453857
558.644750,-3124.384405
525.073059,-2464.101242
-1880.792197,107.672186
2029.674084,2440.494764
-2724.496476,4346.870832
3660.677600,4651.721419
-5393.733401,2715.809538
4953.631188,988.216727
-6305.807477,-903.284993
7352.629617,-1041.246266
-6597.190462,-2764.690232
7207.412460,-2581.815548
-7925.456007,-2724.210275
7478.367425,197.326282
-5931.627101,1280.043026
5465.709797,2104.418383
-5264.579143,1605.254602
3185.792931,1982.124044
-2164.654221,1407.570933
2109.857500,48.517355
-1137.165918,-1441.561738
-392.516852,-2344.156393
942.973311,-1380.719218
-1058.589591,-872.597076
2743.225161,-96.742981
-3866.084330,863.659515
2945.334758,2998.173231
-4376.892758,3529.948390
4018.879024,4551.793846
-3943.593384,3280.500898
3294.016990,1231.574881
-4594.496486,-607.424834
4409.948747,-1916.927408
-2252.524479,-3939.373233
4248.932051,-6252.862297
-4006.106288,-7639.995373
3391.161470,-5651.634214
-3750.285709,-575.260462
5173.017828,3252.411369
-4691.703890,4972.995776
2676.257800,5189.804171
-4698.200894,4925.610485
3869.306611,5541.515580
-4247.144098,3699.023092
3884.919692,1134.038704
-4971.977338,-1329.431698
4095.859281,-2619.447431
-3131.116873,-3002.066784
5003.043627,-2436.090446
-4369.950960,-1962.423099
3985.388948,-1440.346278
-5152.258157,546.511171
4890.277206,1940.654176
-4080.730621,2616.564720
4574.382745,1631.081963
-5169.053974,-1029.280494
5248.229798,-1525.123525
-4502.962859,-2745.415289
5610.606111,-3545.649121
-4917.158240,-4538.890043
3537.487781,-2393.889303
-3198.505990,616.908331
2720.258178,5138.213170
-2202.061779,7065.872031
21.025566,6911.298168
-349.494496,5135.672398
-1444.820649,1898.932033
2032.900164,-563.056721
-2398.921994,-2989.670768
4154.757645,-4930.875290
-3847.167286,-6125.657935
4776.543647,-4761.786828
-4362.476334,-3379.729856
5568.894221,-164.297081
-5492.815233,1276.503634
4628.910139,2989.565436
-4215.138843,2724.318920
3559.421497,2372.323788
-3867.953564,1137.997963
3147.105306,-303.453401
-2256.942524,-1813.403467
2589.123214,-2869.909193
-1577.084577,-3442.929880
1598.462800,-3269.603797
-472.659608,-1356.585731
299.658074,325.431863
-606.428696,2368.441900
725.997591,2899.372409
-1539.864426,3957.508606
1591.637973,2927.863411
-3359.388460,2843.145487
3551.729600,2724.763886
-3989.351474,780.007467
4741.151449,-1518.299468
-3969.868701,-4536.420397
5018.841154,-5065.801807
-4643.153191,-4989.247015
5186.428215,-2302.279186
-4130.852780,-1206.436956
3208.752479,2000.147878
-3176.849409,2653.815594
1310.986515,4418.970355
-466.302253,4723.594163
-1022.855345,3087.786894
2507.545869,644.064588
-4433.908393,-3000.176976
5614.152490,-4783.264554
-5687.294886,-5611.714455
7481.031221,-4007.276637
-7381.988436,-2661.980462
7313.640186,1327.415263
-7782.785184,2683.311492
7224.011952,5240.166684
-7207.030283,4449.021672
4876.188397,4163.887797
-5001.385499,2622.654892
4337.057065,676.434098
-2507.755412,-2675.534837
2488.717888,-5549.525219
-1857.412292,-5354.803146
1448.907500,-4489.796150
36.597278,-1200.465112
294.957516,780.755299
-195.726794,3028.011565
-590.266862,3600.141411
-384.519538,4011.264216
905.896881,2919.386606
-976.900608,652.265747
1865.287261,-2548.649019
-2606.034908,-4931.110945
3128.212271,-4374.856985
-2242.421007,-2945.019031
3857.849465,-743.484698
-4377.699720,1205.521623
3596.552312,3028.156113
-3722.361235,3866.686812
3840.484177,4223.803162
-4224.465098,2168.047305
3369.337939,765.505765
-3533.853060,-1037.662520
3276.241872,-1499.958941
-1844.459296,-2671.497095
2375.028515,-3684.650251
-1751.179131,-2900.344137
1816.902735,-2046.937661
-1002.412493,-913.232743
1697.181314,-205.189846
-1642.762285,663.821205
582.692389,752.826317
-1643.237843,2243.429260
2747.676092,2103.416347
-2396.181600,626.595489
2731.211807,-1212.071332
-3687.388570,-2365.203589
3626.264286,-1253.558108
-3414.932158,-860.143069
4928.236356,-316.575133
-5660.165365,379.832170
4336.228657,1975.793474
-4942.321580,3494.335862
4972.842097,5066.625009
-5004.216527,3338.381154
4160.380702,1057.581537
-5724.727790,-273.693782
4852.729468,-478.808903
-2742.104361,-1667.018436
3348.010818,-2646.221725
-2585.767198,-4565.141280
2232.906094,-4650.173180
-1112.494424,-3824.207401
1316.121328,-1572.615535
0.354052,488.638008
-2050.819321,1855.612808
1825.543806,3403.849768
-3584.014703,5290.530465
4456.972293,4662.266915
-5125.727834,1779.384559
5158.538996,75.318391
-6702.059545,-2804.414477
7011.902516,-2294.184504
-5140.413389,-3151.569901
4843.368819,-2043.705918
-4969.375311,-1061.350080
3753.486364,2679.499209
-3568.594692,5129.476985
2675.413390,5808.643036
-2500.686893,4236.011425
1328.374859,741.207246
-947.181868,-1607.901015
957.410027,-4894.958454
582.878085,-5089.484857
1102.146428,-6515.458285
-1116.256326,-5418.137196
2111.476514,-3601.420295
-2419.352929,80.542469
3103.843925,4647.822642
-4780.590947,6524.660350
4528.704316,6997.628091
-5898.856384,4770.901692
6642.306920,1159.480369
-6910.994978,-3048.112060
7333.259653,-4824.919861
-6627.670422,-6236.839285
7093.900429,-3918.271683
-5476.795459,-3087.972281
5809.322623,-828.818252
-5355.162585,1696.359209
3884.915502,4644.514508
-3676.331449,6267.025788
2413.988708,6058.491185
-3371.777493,4159.182698
2092.493029,1128.121553
-2030.082183,-795.676706
1876.494939,-2816.832285
-283.688772,-3276.282761
1079.124967,-4643.230880
-336.015895,-5057.635964
231.603111,-3345.902162
-1098.868746,-524.013513
1643.739177,2565.692101
-648.040997,3071.296277
264.246431,2077.426848
-762.048629,246.056468
223.569380,-696.423037
-284.860217,-1260.033885
858.863172,-2968.370475
-282.006985,-3037.188052
522.143477,-2685.745307
-1004.406997,-425.578348
1144.225651,2561.195414
-626.888630,3673.998486
-153.056573,4630.027929
-1504.307893,3956.802207
-146.266709,3352.853509
349.640816,2604.587664
-476.779518,2058.526308
1256.627479,-916.682034
-2063.921501,-2545.439261
3578.786642,-4347.315474
-3689.644485,-4864.866698
6093.990191,-4042.376009
-6563.089085,-3402.224437
7668.905294,-769.230718
-8595.908010,971.556585
9421.318553,3042.690087
-9287.933877,2335.456990
7957.730999,2843.714691
-9089.623698,1547.887619
8651.215634,2324.674789
-7147.531873,-550.576293
6695.305205,-2235.182576
-6071.266513,-3247.570503
4465.155641,-2032.737288
-3496.892848,514.610937
2570.604271,2426.228813
-2133.877208,3913.209771
642.184627,3263.457928
-1070.489961,3377.608253
752.373997,1034.867886
407.485026,-1036.564504
23.874917,-3846.619406
-294.754884,-5945.679482
63.137347,-5303.739222
441.457232,-2730.702141
848.752912,362.586377
-1046.490613,2624.035565
-182.346875,4412.603904
-736.079887,5069.778100
128.983858,4670.525639
-465.558122,2265.835071
-448.080073,-303.300195
182.558498,-2011.105567
-519.725747,-2722.616829
2025.484405,-2821.429238
-1502.943751,-2515.678339
1839.492091,-1990.638894
-2624.502242,-86.442716
2758.087327,1813.232462
-3793.635245,3644.164490
4204.678688,4377.470307
-6626.237597,4410.025642
5494.936345,4480.041198
-6463.155808,2895.882726
6807.625383,1460.479250
-7454.946862,-1289.561949
7629.341055,-2920.256966
-7865.104949,-4249.337795
8144.714603,-2948.655089
-6548.850559,-3256.404950
6610.886173,-2026.712074
-5952.343446,-2108.958073
4584.180067,269.923817
-3705.128075,1685.079863
3015.836862,1923.797313
-2736.341885,2345.598954
268.174517,1941.319222
-299.586246,2022.631509
-664.274229,2380.531408
1346.745627,1966.763107
-2126.338259,-168.628243
2132.947550,-101.169611
-2990.728697,-702.167120
2713.444883,365.914107
-2477.651652,1100.537823
2166.676593,1483.514671
-2543.354739,1579.614749
1358.108065,1867.422669
-1120.911112,1614.691304
2112.984645,132.162672
-1984.226464,-2402.300005
2010.179132,-4503.998568
-1643.486249,-4124.017948
1794.879138,-2905.610905
-955.981003,-1207.760655
1212.241248,728.550755
-1895.016444,2080.189068
2130.061331,2357.318774
-2891.853200,2791.569220
2638.065545,2567.816130
-2969.684548,1033.215890
2690.433242,-21.728920
-3205.322426,-1446.940373
4155.597611,-2201.698984
-3889.734519,-1616.218988
4533.141300,-1333.049798
-5767.078218,911.199521
4820.705219,3982.820987
-5851.583511,5010.979675
6429.234270,4944.364716
-6287.166554,1048.747216
5840.244057,-1405.695283
-5407.640438,-3274.421765
5086.556425,-3697.213248
-3391.410339,-5321.287737
3452.060686,-4157.800471
-2209.267620,-3930.740029
1382.745331,-1149.116715
424.556454,2061.763466
-1096.049956,3206.178222
2183.899770,3719.207190
-4209.923373,1174.589568
4022.563431,-190.027937
-4008.582302,-2049.045669
4613.278338,-753.298812
-4142.374551,-675.049089
3815.526595,551.805838
-3683.798808,613.766752
3651.552789,912.123897
-2815.264418,780.495869
1530.808770,825.584679
-1549.780025,2022.944352
137.350827,3519.953374
154.494875,3682.423105
374.913822,546.909936
-664.096924,-1347.323968
404.913055,-3207.473964
-91.222837,-2712.682955
2070.310299,-3025.703496
-1685.963027,-3803.095676
2674.653640,-4105.582654
-3075.688773,-3288.220180
4346.127745,-1790.344863
-4561.939301,655.253467
5496.929337,2537.694448
-6274.997040,1918.626467
5154.705575,3207.165155
-6604.746118,2184.568759
7303.377866,1863.029630
-6610.462106,785.919644
6032.033711,-546.844964
-6177.315585,-1820.447999
5600.629281,-651.049147
-4537.655741,-365.924938
4079.764995,385.989387
-4368.521514,1214.047690
2831.824627,3138.741087
-2027.198348,4268.467566
1227.538710,2979.645430
-282.098208,211.063944
-308.062602,-2457.696886
1003.929717,-5285.122545
-566.589673,-6385.504976
2605.630231,-4762.473686
-2961.262661,-3373.869385
3538.941099,-587.957285
-3797.920678,1639.598849
3498.353484,3908.445116
-3376.099231,3931.159219
2017.694096,4677.800574
-3579.356629,3882.174593
2220.576364,3001.622750
-2295.758701,1654.345857
2294.494557,-744.252359
-2105.813570,-2375.452362
1660.552960,-2922.451511
-675.466596,-2214.114810
1440.011297,-1678.527063
-1674.734442,-819.133995
1014.875606,-259.854881
-2516.400047,2756.721206
2655.956992,4113.215332
-3221.894594,4030.365895
3742.991608,3011.464945
-5253.372936,-43.182288
5555.595522,-2555.297372
-4986.581607,-5009.779811
6548.326032,-6234.777402
-6389.156062,-5622.987741
6212.572838,-2058.559941
-6810.460233,1295.531698
7014.438807,5535.474657
-7267.204105,6255.900052
6288.523551,5595.929531
-7016.674100,3255.352019
5130.061911,1748.252274
-4118.147406,-573.315566
4189.659051,-2642.177653
-3296.729541,-4917.216688
2707.529981,-4883.500175
-1061.267909,-3073.641310
1034.054334,-17.831899
490.535212,2178.386100
-2133.956478,3189.852343
962.085366,4855.529224
-1817.509572,4078.965572
1576.419052,3812.177531
-1958.896274,1224.771652
2565.874168,-1243.448720
-2394.445313,-3712.422206
2684.976866,-5307.051272
-1239.078375,-5771.521044
2090.585804,-4818.413762
-1228.500009,-3298.707674
1057.568791,-430.087524
-828.229917,2911.454232
125.703764,4642.841649
-369.392409,5508.497907
-1030.108735,4339.365826
-258.424045,2477.894619
300.944959,1121.474967
-498.209120,-718.051521
746.537829,-2520.103509
-1150.147222,-1817.351466
1248.671559,-1582.077525
-2118.308155,580.401247
2760.581286,2053.114757
-3886.077394,2920.095450
4183.118501,3084.511803
-6410.595434,2932.029629
6965.872929,1823.658558
-7290.905471,-1307.342858
7718.165568,-2635.534221
-7850.584264,-5357.644789
8119.674556,-4184.019774
-7571.717293,-3372.458293
8256.463991,-1113.799918
-7713.055729,-131.698005
5771.681359,2294.498206
-6189.722331,4064.202904
3508.610253,6759.616837
-3057.213450,6391.363940
1924.072433,3658.531402
-2581.527685,1721.730986
784.675893,-1625.307186
-3.478331,-2112.643329
-332.582487,-1983.277634
423.220222,-1725.067577
-397.031617,-1166.356672
590.234910,-59.797202
-466.782505,257.700820
372.211448,1909.771880
-592.282371,1833.656201
-476.484189,1287.321064
362.029910,798.227389
-876.829750,-1125.555061
1461.726317,-1271.864361
-1466.287545,-817.343512
838.993129,-466.710547
175.981721,-377.597017
703.478658,-796.934367
-651.022441,-2440.517829
-544.354683,-1056.024979
571.902344,1034.112188
-1102.767587,3414.361305
2195.095612,3707.354426
-3056.725257,1827.766104
3304.115903,237.730690
-4738.349057,-484.382732
5789.537102,-588.295854
-4831.132034,-1981.195398
5930.423684,-2583.278210
-6729.103725,-3320.171403
6578.551919,-1071.539789
-6187.690062,1148.348103
6526.504883,3789.134020
-6402.633404,3492.854679
4032.476489,4026.142657
-4417.551406,3029.595256
3692.280823,1990.133334
-1858.237111,-975.287515
2800.355805,-5292.071383
-1987.820592,-7115.019032
1707.368074,-7517.281192
-458.964386,-4430.413622
1546.374653,-1445.561538
-1466.409431,1550.849744
538.643730,3671.099201
-1875.391626,6437.787044
2178.666565,6278.791581
-3015.872708,4508.983923
2836.663044,1503.306284
-4838.695818,-2179.645194
5027.252007,-2953.362267
-4165.449913,-4288.349096
6165.499997,-4063.904813
-5703.399685,-2930.132460
4832.766808,-320.915824
-5172.419209,2137.822872
4738.073681,4935.456659
-4524.472977,4292.864520
3219.846364,3463.584801
-4382.493956,2260.577413
2968.335623,1744.437687
-590.409294,-628.116850
782.436061,-4063.648210
302.619881,-6923.600829
-875.270215,-7440.318071
2859.307821,-5496.300292
-2081.478189,-2257.881883
4055.346593,737.803220
-5585.425127,2010.027493
4344.095631,5010.307061
-5349.461879,5998.340760
4957.966860,6470.651188
-5232.876165,3988.334977
4197.973567,1908.753100
-5622.621196,-385.934236
5661.926661,-1698.484141
-3604.256016,-3029.236929
4865.321666,-5020.135203
-4415.337415,-5628.832089
3761.208410,-2857.118622
-3146.804398,962.624537
3249.276210,3319.860681
-2680.475179,3777.468951
2083.625702,2247.327979
-3448.769760,1172.082509
3875.627788,338.369631
-3059.478623,-1374.326290
5232.296819,-4814.693712
-5566.109224,-6677.337062
5530.890468,-6075.065481
-5299.108974,-2691.749545
6600.935934,1866.107387
-6848.931349,4960.254714
6248.305321,6686.355875
-9226.580693,6839.653069
8511.339798,6967.351796
-7725.534159,2303.734861
7459.018299,-647.160141
-7023.817527,-5237.747593
5845.515888,-5860.867268
-3967.084169,-5464.246828
4739.104799,-3947.423991
-2406.890478,-2023.256379
417.752811,181.814098
411.433766,2445.096435
-1751.169918,4881.536693
3199.859571,4562.040600
-4624.154197,1197.357826
4027.511331,396.466212
-6154.047818,-1655.797584
7197.293568,-702.631152
-5635.085790,-1372.585863
6113.602823,-2504.656144
-6353.165458,-3176.437643
6088.388960,-1636.392241
-5371.183270,-480.246782
5846.807682,1281.705382
-5943.557967,1316.251730
4321.420733,1848.231229
-4568.229890,3188.330573
4174.621856,2651.149900
-3441.986670,1728.644361
3377.138041,-181.823082
-4446.260724,-1855.258547
4420.137383,-2103.972474
-4176.809725,-1001.614493
4693.944049,104.182924
-5776.035553,1723.917638
4799.290794,3425.751934
-5830.911054,4431.736365
6672.200420,3629.100207
-6904.801629,548.372431
7387.228462,-2716.763843
-7680.972644,-5785.854092
9009.431077,-6645.168190
-6951.768188,-7699.193596
7845.578689,-5661.562811
-7558.514361,-3440.874167
6665.953390,1664.842942
-6378.534475,5676.394559
5542.023600,8088.673069
-5576.579620,7075.718892
2478.141927,5853.791129
-3102.186149,3456.794232
1300.217363,1758.796612
397.831680,-540.275030
-747.221434,-3900.170615
1890.411593,-4820.427924
-2221.548116,-5096.660307
4131.463578,-2927.371456
-3846.257022,-697.100203
4500.587578,798.310655
-5764.802136,1797.536986
5642.595120,3113.064956
-5662.015289,1939.585745
6360.580486,1172.751020
-5841.870445,-1782.198723
5151.061881,-3304.501512
-4608.452580,-3935.301741
5220.729261,-3715.108782
-3666.352977,-3212.251079
3503.990908,-984.200322
-3057.152316,503.715774
1917.569660,3574.942723
-1381.242151,5209.275124
74.817582,4432.569034
-1215.267401,4700.996284
-999.692925,3533.237214
175.117980,3702.026015
1086.229495,999.647756
-370.905913,-2220.616285
1823.863512,-6220.028788
-2494.913947,-7329.174276
4329.668632,-7046.270136
-3765.381040,-4408.338666
5826.851288,-1871.191926
-7194.542863,276.016715
7222.723899,4556.381664
-8412.632473,5344.556630
9022.886699,6146.104634
-8330.941845,1598.593523
6988.483159,-1362.715011
-7518.643030,-4347.481740
7377.123957,-4117.754598
-4678.718364,-3942.422942
4089.385296,-1700.292927
-3571.055285,739.777470
1645.618438,3416.988645
-171.162616,5492.072268
-799.768457,4589.872569
670.260949,3908.968988
-2621.524136,1125.675051
1811.480848,705.478346
-1097.422515,-1358.907381
2134.863001,-2681.240826
-1193.360573,-4074.114075
462.261777,-3850.021428
355.034315,-2851.412264
686.988687,-1122.236563
1231.983060,-759.258537
-2188.635048,-1587.348070
1685.381887,-365.485489
-1897.717915,529.856606
2366.207730,2681.184638
-2192.018334,1777.795302
1220.687642,1037.289156
-1171.937360,-106.686381
983.476873,-890.436539
718.874230,-1693.515028
-708.716406,-2131.899616
977.010547,-1884.574425
-1994.460618,-599.075188
2932.391049,1303.539226
-3791.683806,2873.686001
4128.210892,4223.159759
-5388.744363,3789.551917
6026.987431,2392.280345
-6583.814316,464.220130
7226.825264,-1702.985221
-7738.585017,-3501.848113
7855.920689,-2718.476650
-6968.875934,-3130.747837
7635.620321,-965.190689
-6735.975250,-724.518288
6523.516515,308.764819
-6405.635879,374.524023
5710.915273,1092.202312
-5345.774416,1197.988964
5012.914057,-183.038363
-4391.903276,-1500.757462
3917.756003,-1871.906864
-3237.002029,-932.425202
3620.630092,-1641.383687
-2390.417711,-1841.742911
2235.120650,-1824.155704
-3643.975487,78.067696
3516.405715,3122.268924
-4968.291205,5647.434712
5224.943163,6180.056120
-5995.336380,4513.281507
5505.534793,1972.985447
-6755.198503,-523.507256
7024.344136,-1946.381817
-5788.282112,-4001.084225
6371.002998,-4236.759176
-6882.713894,-4356.751948
7005.221125,-1920.603928
-5610.671288,-36.458287
6009.397560,2299.444344
-5488.430855,1141.394196
3978.204402,593.832105
-3041.563365,-475.058326
2403.958648,-1802.595003
-1405.875640,-1744.070712
419.667530,-1289.705785
388.096213,-80.378075
-528.182822,177.908067
1317.046063,993.242627
-1659.078794,1302.607147
537.555995,2528.161620
-1184.832434,2346.899199
1045.811983,3171.420741
-471.907358,1601.820052
-540.648704,232.420824
721.239235,-446.632002
-1410.005242,-692.521635
3577.225671,-1689.060787
-2458.882675,-3941.700972
2709.704558,-4266.322581
-3221.394767,-3973.797971
2850.829536,521.938818
-1760.719852,2492.147020
1703.785365,3725.468868
-1362.397035,2091.206917
-818.827445,1537.242863
1269.721004,1328.346713
-1101.792699,-646.594780
2801.780907,-2436.962574
-3968.644732,-4080.397687
4136.841703,-3223.013617
-4349.308520,-2290.379977
6281.276238,655.017290
-5359.801863,722.557778
4412.226440,1444.024874
-6165.914213,2798.711655
4752.943969,4266.415342
-4631.116303,4611.267200
4922.034127,2621.533271
-5369.409814,45.249002
4189.382939,-1519.728418
-3840.547664,-2369.215165
5291.610091,-2248.837339
-4697.061249,-3082.749426
3635.567861,-2973.626713
-4006.004909,-931.978272
4349.248556,1828.311538
-3538.055187,2934.263377
3811.470581,2475.464353
-4852.238948,943.798557
2925.709670,427.949688
-2468.565858,-455.552283
2699.749770,-958.866498
-2105.930785,-1312.257351
2005.151964,-2038.195397
-2099.150970,-1419.321969
2977.174615,-784.756398
-2443.201393,-265.713258
1417.754035,771.781400
-3308.801030,2808.742820
2127.965885,5155.067940
-2290.712100,6102.846142
3083.961026,3728.897743
-3165.354179,68.027258
1936.246879,-2283.198991
-2314.956281,-4115.027237
3153.233452,-3071.168006
-1638.796192,-3861.827896
1315.073358,-3212.491964
-923.254148,-1032.200437
200.952044,1733.847851
927.508722,3974.701192
-2372.686772,5048.734748
2370.839424,2937.233682
-4743.486815,911.114633
5446.916517,-540.096278
-5498.534172,-2540.236450
6867.606054,-1842.225651
-7011.434859,-2996.579449
7222.169752,-2394.476459
-6978.529689,-2072.196812
6848.582046,197.302173
-6710.529234,1525.799064
4996.667416,4727.804139
-6004.165889,6148.310079
4562.207838,7130.935440
-4855.919157,5406.945852
3352.093570,1188.798049
-2126.956404,-2533.076548
1727.343118,-5847.516881
-302.620441,-6541.846027
1983.967837,-7330.417931
-1359.741462,-6014.531085
2025.113209,-3857.045094
-2158.215774,245.426619
1753.802618,4459.835709
-2500.349742,7075.081483
2665.853483,7195.822967
-4345.560325,4851.215352
4327.938104,809.252969
-5302.851641,-2353.414704
6088.877726,-4230.835615
-5221.857769,-5632.135995
6139.582449,-3528.928220
-6616.364458,-1757.549206
6360.576570,2202.076835
-5306.711721,4157.498414
5204.223725,4349.445162
-5649.882262,3258.612666
4553.989178,2172.405671
-3919.507861,-917.333787
3768.385202,-2367.893689
-2326.065506,-4142.545619
1380.336305,-4376.256278
-149.761099,-2033.780384
-96.785091,-196.447886
2152.395017,1027.963109
-3004.891815,2065.473889
2646.743596,2205.705659
-3597.273485,1114.528419
4344.989842,572.902950
-3234.157013,-2195.999056
4041.706124,-3438.636630
-4309.519017,-5072.840732
4906.756960,-3743.591260
-2322.969707,-3205.402778
2691.821786,-2132.359509
-1965.397758,-1103.181209
757.967420,1304.978777
-1492.351502,5000.422960
1708.605150,5794.754975
-2104.992311,6597.868020
590.462371,3794.396443
-2377.113901,2646.019132
3511.816824,416.373108
-2414.607279,-3192.763162
4742.175514,-6358.318402
-5486.940915,-7471.625422
5949.715838,-5290.485193
-5509.277587,-2424.755389
8234.082845,779.452342
-8293.039318,849.988987
7730.998716,2769.325378
-9372.634827,3571.553451
9181.430722,3933.779118
-8549.197291,2519.511820
7820.729230,-78.229648
-8475.027476,-2992.343114
7793.106044,-2934.887305
-5517.465175,-3399.203081
7616.786592,-3351.287727
-6266.183521,-4432.773707
4562.684058,-3415.745640
-4046.317161,-1299.064364
3279.507412,2721.303648
-2315.445548,5465.341218
-8.639490,6760.535478
-1079.207935,7095.074213
-911.830730,5643.935489
2719.568596,2590.824824
-3758.084723,-1992.357598
4708.073780,-5829.109708
-5215.625446,-7583.677020
6134.403839,-5427.245337
-4646.287745,-3776.464880
6145.798369,-677.901415
-6412.231216,406.569962
5553.811917,2829.661403
-4912.874688,3315.998755
4313.376364,3276.568878
-4519.435057,1502.214930
3067.442750,141.442261
-3615.942903,-436.131160
3341.854056,-482.322585
-2023.542352,176.539122
1883.139295,-1086.105468
-1203.934991,-1168.014419
1470.300321,-1925.484105
-2257.953671,-1002.454817
2522.707904,576.667671
-4055.921897,3012.403504
3864.637817,4024.194508
-5085.410609,4112.539306
5911.710204,3407.200890
-6211.190481,67.849321
7048.019034,-2923.130774
-7526.957513,-5169.588789
7981.224807,-5005.978596
-7469.523536,-4658.954638
7900.911076,-1628.385919
-7725.997145,289.797495
7232.442400,3988.593191
-6690.534769,4600.093468
5146.908198,4876.490402
-5416.099848,3250.862412
3139.146122,1440.250888
-2711.749787,-25.996648
1815.312817,-1349.882494
-338.248098,-2253.207476
397.360962,-2868.096128
1038.516233,-2508.374895
-2554.819189,-1659.674929
2735.320094,837.004023
-3708.367422,2775.130103
4061.414437,3796.771993
-4508.235642,2454.434017
3519.240842,2577.574131
-4330.941843,1983.998598
4016.150632,1080.105349
-3123.463648,-2179.739332
2720.954983,-3688.744213
-2624.527711,-4123.931015
2429.444281,-2565.421128
-1784.438372,261.217829
2246.515824,1652.031030
-2317.197554,2607.112302
1080.783993,1724.256187
-2108.351829,1985.843524
1774.369668,1636.259363
-1879.069381,1665.541151
2644.464232,292.213796
-4057.192116,-1259.315443
4642.456030,-2348.394386
-4431.728020,-2678.050492
5614.881345,-1195.922573
-7336.907535,90.161455
6594.622018,3217.048540
-7469.972929,5125.629073
7576.931185,5202.662784
-7596.180102,2380.981730
6419.300958,757.398955
-7007.682941,-1253.202058
6819.760762,-1410.139183
-4899.956628,-4070.099304
4399.666746,-4409.533277
-3727.825090,-3847.577323
2435.166110,-1290.903951
-403.486420,1435.474769
540.655696,2339.548107
-180.900732,2384.445032
-1573.401452,321.799104
961.501406,756.343323
-1462.433315,330.502806
2130.836960,1141.337628
-1813.348882,194.982220
573.886363,292.063451
-436.604803,-59.597816
235.017670,495.970271
1543.206992,230.673987
-2792.155186,-713.777232
2286.731702,203.042191
-3423.383425,1340.399143
3915.104652,3357.124645
-3714.424103,2083.948306
3390.271007,799.730273
-3289.218874,-1162.438678
2607.676550,-1166.635161
-1101.685047,-2825.662208
1181.318839,-2972.830545
127.293084,-3670.189030
-1022.778899,-3201.613886
2171.677151,-998.292588
-2450.398396,520.663619
4045.153825,2126.948021
-5125.954330,1532.469184
4439.333785,2145.395855
-5658.693118,1694.987115
6344.116898,1544.667882
-5762.943904,-259.997052
5357.706046,-492.146467
-6171.732218,-480.660672
5406.263664,890.649352
-4266.299550,1530.955786
4319.098210,852.165668
-5046.686498,643.037803
3751.555304,1544.857100
-3744.965249,2059.037931
4355.322170,1392.244446
-3915.069422,-352.809878
3721.326985,-2848.280232
-4062.616157,-3991.758005
4946.117806,-3939.082390
-2732.772042,-3918.177143
3580.613145,-3260.419232
-4322.290799,-2230.641593
3951.422781,-45.938886
-4169.250545,2567.217483
4815.468460,4073.476560
-5293.628328,3893.216099
3460.975825,3684.292391
-4854.384818,3170.044155
5526.063584,1937.067556
-4657.430897,-966.011270
5337.970572,-4495.957504
-5188.048447,-5945.338751
5202.988747,-4072.759692
-4200.829317,-1733.681572
5398.887142,1188.387353
-5777.317105,2130.695462
3427.826534,4665.341423
-3622.923976,5969.219938
2859.638490,5922.845885
-2284.353275,3745.813829
1789.437249,-415.057937
-1843.913251,-4524.497512
981.576152,-5867.430142
1303.833575,-5689.963604
-867.992672,-4445.392386
2760.083654,-2771.976271
-3476.037665,-966.907657
3555.122928,1811.871717
-4037.493047,3307.700879
5203.018214,3377.835206
-6502.995250,1620.061738
4965.037698,1027.120437
-5751.719201,787.958581
5437.852139,2133.692544
-5021.707190,272.251925
5040.495722,-61.555400
-5180.287279,-1020.015203
3926.937680,-456.990324
-3119.173208,699.135457
2519.170023,993.919188
-2372.544216,1283.496251
836.069949,1256.269164
-1322.356373,1689.756335
1934.563618,451.449054
-834.851028,-340.131143
1131.143389,-3192.097954
-1613.902902,-4523.640468
1921.736793,-3865.968950
-1964.107933,-2297.901984
4099.356187,-1189.610359
-4577.238259,87.683456
3977.823105,2151.310772
-4936.403975,3555.429237
4667.872887,5353.489362
-5288.107667,4121.130223
3569.202253,3800.166813
-4671.712762,1904.632477
3962.176011,1342.744427
-2167.962080,-531.682197
1533.962980,-1793.658639
-827.016305,-3022.271108
-189.422737,-2642.290280
1221.343439,-1708.042453
-1842.118520,-696.793629
3470.509317,1233.960426
-5550.949180,1864.069315
5640.372810,2870.695592
-5712.856176,1595.996385
6767.159077,-213.310591
-7459.292777,-2958.444458
6750.456246,-3231.721177
-6800.658144,-2944.919793
8086.495334,-1225.357169
-6725.957276,-1256.606728
6119.316336,-558.728943
-7362.332238,1109.192527
6059.052912,4322.507263
-5948.191702,5516.028878
5424.258705,4754.867275
-5639.520735,2252.379199
3832.366078,17.705221
-3137.082756,-1594.701417
3814.795402,-2462.388178
-2288.004748,-3680.565188
1290.166727,-3670.773784
-1489.415118,-1881.601158
1104.146308,1027.051468
-32.256819,3576.123863
148.246187,3801.354273
-440.350321,2905.982491
-1087.235162,1060.274972
779.299650,83.541235
-669.467323,-1247.440347
1280.397613,-2274.111379
-1282.696515,-3022.005206
1718.451024,-2823.608557
-1129.939004,-1325.338418
2469.377682,-789.856493
-2895.198224,190.574311
2477.663969,613.582853
-3575.933836,1502.097374
3937.128454,2474.810424
-4384.485252,2236.454409
4636.910037,1994.032639
-5869.228633,1111.851983
6100.235515,395.966676
-6392.447089,-875.539579
7216.191007,-1537.146707
-7408.540712,-2449.748931
7471.637701,-1264.067184
-6911.732951,-940.306827
7524.332185,-3.551612
-7885.409723,1083.118251
7306.092439,1436.534504
-7834.313643,1398.389830
6461.643003,3389.318072
-5931.629122,2388.909927
5898.104578,1186.308258
-4694.311054,-2131.914431
3626.753603,-3709.010877
-2311.411059,-4195.426146
1941.107862,-3594.880882
-319.693021,-2243.270354
-1197.687813,140.883949
231.909406,4157.046303
-1216.195138,6416.675978
1292.152034,7757.283680
-1967.439651,3836.212161
1176.176591,1598.409122
-2230.492312,-1331.781775
803.253504,-3013.806170
1023.104082,-3972.140719
-65.535124,-4559.896944
1302.810723,-4362.425448
-3100.414285,-2054.708051
3298.343842,2227.076937
-3187.807629,4155.727792
3434.831747,5171.495372
-4336.522512,1761.798120
2514.668919,332.310917
-2253.105076,-642.103453
2663.652392,-1179.846529
-1019.803863,-2680.362601
-133.420420,-3254.525385
1201.180839,-4014.533975
-1450.853146,-2474.052535
3629.490459,-349.788981
-4174.269548,1037.387195
3660.748282,4281.498048
-5376.577434,4233.570785
4999.179820,5441.292210
-5366.941175,3908.653977
4758.676362,2194.014121
-4534.705630,-145.280096
4378.275302,-1622.875620
-3176.549953,-3560.796397
4276.436765,-4811.296518
-2851.709639,-5816.819665
2548.958699,-5232.061973
-1465.407537,-1450.646389
1515.442026,1773.533956
-693.090003,4107.263223
741.803231,3443.954857
-2409.522636,2567.792159
2192.286954,1610.771305
-1760.163176,-355.791246
3089.351793,-2999.422531
-2672.979270,-4731.444744
3560.389948,-5270.187917
-4103.198828,-3425.567736
4896.917367,-326.074519
-4929.402244,2496.356752
4985.867830,5053.856367
-6543.712929,5579.105147
5917.118247,5588.789353
-5934.594599,2468.765290
6688.517569,-718.851585
-6311.368650,-4588.570881
5320.552167,-5916.906616
-5172.334341,-4813.498958
6161.494335,-1547.088476
-4900.499712,458.441811
3661.416322,2775.300991
-3805.006913,4130.867808
2758.551005,4238.052288
-2340.949664,3052.192735
1856.759695,44.752541
-1506.240177,-3431.963045
57.055533,-4499.624155
1563.725508,-4625.288334
-107.457381,-4313.817438
1363.195702,-2713.039506
-1902.356137,-1288.302800
1286.743264,1857.818077
-1543.274951,3379.939882
2106.481783,4144.236697
-2544.856957,3162.663285
592.580122,2484.605778
-1463.738065,2282.990528
896.306323,2783.644209
43.862560,716.379225
-330.030334,-1264.253868
378.200935,-1901.520934
-488.251217,-3385.682965
2190.953762,-2263.645503
-1035.117351,-1882.886083
596.149992,-1400.207788
-1459.395396,-55.583789
580.928047,2235.015679
659.929087,2754.018368
-534.549274,2600.418716
1315.849328,-234.709515
-2872.417755,-1674.336904
3756.873426,-2372.278116
-3501.598617,-3788.652956
6134.580699,-4379.428348
-6598.493440,-4797.149257
6898.214252,-2317.196653
-7618.224349,1917.544813
7948.345619,6317.347953
-8084.977871,5633.594741
7141.073057,5185.286724
-8566.063360,2345.082703
7371.555969,1704.353096
-6284.882834,75.027979
6425.341191,-1706.895164
-4807.541088,-4217.981967
4017.838945,-5551.273399
-3233.091171,-4446.238235
4143.212912,-2302.061082
-2837.621574,789.516173
2456.047085,1826.538118
-3064.034086,3208.652826
2703.907000,2189.704453
-2829.906366,1142.248965
3978.284437,-559.347756
-4560.397343,-2392.464348
5279.249259,-3481.077049
-4923.859823,-3838.771046
5868.707934,-2339.727176
-5307.991714,-2160.700931
5748.087943,-29.777715
-6562.287924,1990.717691
5878.058187,4772.138383
-5296.312774,4826.779247
4258.896468,4010.609164
-4520.788113,1430.270356
2732.938980,490.287647
-1559.677232,-737.330354
1378.928065,-1649.557284
928.604817,-3396.409530
-997.828797,-5277.831070
3051.016781,-5323.807721
-4007.123664,-3341.739678
4995.616486,-177.233050
-4886.420212,1667.691960
4692.775271,4608.215550
-6632.204043,4353.763034
6872.453909,4099.864455
-6626.685577,1901.292900
7130.606168,-830.435921
-6845.734590,-4471.171205
6781.036163,-5860.304661
-5681.226929,-5941.915497
6024.853973,-3597.770720
-4859.116137,-995.110965
4425.901045,2433.893748
-4317.716977,5181.891174
2321.036107,6579.123286
-1975.547783,5501.846202
1069.635670,3448.046786
-2491.095053,827.896787
1277.681890,-1194.710647
-801.222572,-647.499500
2042.877249,-2796.129272
-1163.882550,-3735.010178
1962.633526,-4682.224546
-2329.028535,-3411.359209
3431.918404,-1595.997738
-4432.467411,1102.248413
5055.113659,2873.526200
-6412.528070,3004.603071
5874.020491,3883.258821
-6394.368635,1571.782832
7632.239881,505.527365
-6984.014836,-3482.186579
6360.974256,-4928.251010
-4859.697892,-6547.919854
5232.612904,-5547.971160
-3479.505750,-2851.300347
2008.992865,1768.157200
-2076.627655,5839.589086
238.564111,8706.391430
229.978628,9179.921268
-2684.969867,6147.478633
2463.091116,3211.023133
-4834.745969,619.210583
5835.563512,-1856.184319
-4889.000658,-5029.547618
7037.500408,-6686.421479
-7240.151162,-7390.690468
7954.057624,-4779.412645
-6532.847737,-2080.375824
8605.863289,453.034064
-8933.741165,636.208463
6991.852772,2570.856589
-7808.564690,3429.863537
7459.534421,4538.723461
-6442.985036,2275.942754
5509.659745,87.804563
-5508.351080,-2035.077211
3633.293397,-2189.775849
-2350.975167,-841.410638
2692.110263,-161.869264
-1927.792086,-117.953720
257.496153,229.626232
-822.849021,2548.504397
871.437295,3344.981262
-452.170441,3572.192839
-309.708100,995.668630
-1303.006696,-497.826067
1582.964123,-1609.792148
26.245296,-3218.707415
1128.362769,-3868.197850
-1072.505178,-4296.927710
556.569464,-2205.297948
-1072.496077,487.275860
1031.983111,3219.953108
-614.550053,3918.786516
-694.416978,4437.792258
-182.851417,3624.986835
-424.341353,1795.170727
1421.027920,-195.114420
-1753.662570,-3171.301402
2526.622423,-5343.231985
-2858.960042,-5857.344359
4318.788917,-3602.368094
-3155.009885,-671.408603
3188.566944,1844.872728
-4480.480936,3835.125037
4093.482786,5005.824400
-4925.993355,4444.252856
5119.268221,3093.762959
-5143.077655,244.842438
3799.797848,-671.270054
-3685.807091,-1898.601700
4207.725785,-1570.537717
-2891.746904,-2819.294736
2749.015585,-3122.943349
-2050.514988,-1555.991643
1316.121179,762.257022
-614.067814,2591.578487
750.062018,2136.264924
-1237.795339,1349.404404
-54.223560,-37.743865
447.002602,-239.050298
750.937671,-1968.948510
303.735508,-2928.539965
685.513343,-4220.309935
-1121.500996,-4873.020798
1935.155788,-3239.124050
-1842.414783,-508.862594
2535.765598,2352.198302
-3694.825687,4677.773731
2626.034400,6465.138057
-4134.018233,6532.794805
4178.404022,5089.644918
-4456.491417,1681.289724
3612.820543,-1247.307967
-3861.120498,-3884.843865
4440.323110,-3649.595158
-2708.107575,-4034.770806
2827.349936,-3295.719981
-2238.299912,-2247.424057
1756.408030,314.110125
-945.282596,2095.320002
811.142371,2020.814836
-299.206731,1327.460832
-1097.943466,-7.125785
785.856118,-271.027435
-549.360259,-1509.759611
1838.327748,-1897.987522
-1630.067035,-2650.272107
1383.954117,-2161.823147
-1268.385387,-828.032798
763.411500,1667.521301
65.111271,2616.422174
-1327.308868,3291.269464
607.354749,3518.719477
-1953.136325,3318.868650
2305.345711,2741.517728
-2540.623418,1014.230722
3467.972495,-1789.172619
-4137.704176,-4238.687475
5059.735438,-4551.616211
-3413.865138,-5066.255125
4312.915528,-3051.094273
-4133.061825,-2112.603741
3486.676810,1375.779257
-2569.837362,2624.862177
1562.081812,3584.532539
-720.905017,3247.980448
-946.240398,2036.636032
1980.168906,-71.944939
-2757.650692,-1645.375256
4544.504373,-3045.786534
-4785.677910,-4806.824810
5891.674768,-2809.217516
-6383.980874,-1779.049531
6411.702485,2468.671673
-5503.835538,3536.788391
4838.066297,4200.218001
-5578.377171,3201.402011
3524.318949,3371.392696
-2575.527277,2031.922015
2860.746318,-936.918293
-2058.532273,-3534.917925
1467.449890,-5272.772253
-548.173209,-3961.739005
1676.638482,-4015.934783
233.336018,-2743.119637
-57.969412,-1544.699930
-223.208617,-219.683955
363.986059,1098.711953
-937.845026,2471.450516
1792.220390,2631.323801
-3021.985047,2388.790719
2503.921913,1440.047223
-3365.561847,267.446455
4812.522391,-202.906796
-4108.193475,-1664.978449
3646.766250,-1974.687802
-4491.116098,-1402.168798
3978.792249,1437.396231
-2663.700669,2332.785499
2857.478526,2371.646825
-3218.860888,184.459792
1979.332511,764.851726
-928.663818,428.304201
1138.829370,-1540.720037
219.213510,-2973.861770
-1191.868981,-4418.962181
1271.144818,-2288.183627
-191.569646,-1391.602293
2070.825375,-307.227604
-1921.205794,-83.824244
1131.870705,162.153394
-1657.294346,587.145741
258.072702,2563.670545
337.004455,3563.086909
-747.913988,3141.361941
1129.772284,1219.168164
-2221.414377,-844.747677
3295.165086,-1781.121538
-2298.838776,-3270.613131
2991.619872,-3871.639150
-3368.927477,-3884.880205
3182.603544,-1518.933772
-2085.930902,937.640686
2394.292067,3629.179177
-3147.048593,3563.297992
2321.367818,3813.158029
-2077.063628,2549.585473
1696.298583,-535.009602
-1757.411771,-1978.304296
1617.751753,-2927.367645
-1044.432990,-2252.437392
1535.575090,-1911.367483
-357.807249,-1694.426572
733.184115,-888.535827
-1635.818899,594.569867
977.803688,2317.036746
-1514.683037,3493.433303
2093.444537,3180.951421
-2629.554319,1179.276463
1774.650761,-138.600082
-2385.047628,-858.489751
3545.533896,-1707.388030
-2188.728201,-3002.502585
2771.824400,-4845.644055
-3192.181646,-4448.947556
2708.804946,-936.301216
-3214.698336,2977.561204
3917.966920,5687.302797
-5056.040369,5678.469480
3282.363549,5058.457103
-4759.821387,3915.562791
4468.460097,2300.595142
-3949.781764,-601.964959
4023.745774,-3272.169994
-4374.976918,-5389.113722
4826.865546,-5471.333864
-2952.375080,-4657.681518
3337.067015,-1964.734755
-2905.198429,126.022699
1527.153117,3018.801762
-2302.155412,4781.946576
1387.863313,5059.998524
-870.789759,3877.480785
228.017461,482.443143
-1427.899180,-853.548139
1791.653279,-2622.848768
-677.170504,-3438.151960
1300.718769,-3793.047170
-1997.974218,-2611.267701
2382.950431,-842.617138
-2925.112106,2891.095929
3876.613066,5206.459505
-5018.455683,4326.437263
4142.505601,4080.253893
-6177.362945,2603.024337
6062.322586,1658.809251
-5469.099817,-1153.440355
6118.947042,-2655.396423
-5288.777507,-4672.276368
4584.366229,-4451.259024
-2922.369578,-3569.292250
3230.904330,-1071.488437
-2774.750186,-69.056901
1360.783825,1693.254862
-423.133229,3219.166716
-850.899349,3068.865270
1899.963380,2165.829962
-2281.735040,-421.463802
1599.113205,-1305.232595
-2821.202062,-2104.733404
2896.467551,285.353703
-1704.356042,269.066430
1455.750539,845.060608
-1394.181113,851.421347
409.800186,1212.524905
-21.565349,1832.218422
-1115.893382,1673.734850
655.132074,1661.732040
-2148.814512,1279.840924
2401.276330,1585.278075
-1171.821711,-1282.880855
2421.909322,-3030.397130
-1293.722519,-5616.332380
638.768392,-5823.152317
-50.290179,-4390.496920
-363.762214,-1441.879562
1733.793423,1747.661067
-3620.638526,4743.446531
3429.947226,6583.660677
-4162.423949,6064.579304
4925.910956,3800.292461
-5611.447472,-1331.598078
5907.843458,-4831.287201
-6867.834968,-6583.825162
7534.770864,-4117.590789
-5593.109803,-2011.219519
6280.792295,660.367755
-6750.030258,2456.951214
5885.199680,4428.997858
-5971.130199,4598.160362
5900.248332,3261.008061
-5706.456937,669.894711
3925.893424,-1192.708612
-3521.394886,-2200.364302
3867.932246,-1836.880101
-1412.383089,-3351.770356
2211.611627,-4596.394214
-1327.032395,-4032.167411
262.126204,-2149.580731
-437.144313,1734.568335
1284.525362,3640.244607
-1105.128356,3730.138606
-506.031578,2605.755418
-470.379033,2645.778555
1038.482280,1237.322917
439.844120,-1248.398506
331.813043,-4639.289478
-995.769957,-6578.753922
614.984457,-4236.303116
-5.179634,-1246.956518
1782.301194,2016.947768
-1584.999995,3411.184007
-960.649945,5325.370168
-240.736913,5949.486720
-1432.417991,5746.108314
2552.966191,3589.724001
-3461.711530,-237.787847
2689.490889,-3009.142113
-4212.785831,-3417.784514
6380.029452,-2680.425765
-5001.308129,-3433.004269
6480.680671,-4340.152695
-7070.093832,-4956.017198
7225.858922,-2550.006086
-7049.736039,71.011078
8688.527299,2305.420121
-9492.203051,1673.711131
8025.089617,1579.123974
-8830.649842,2000.632700
8390.548111,3331.735213
-7935.702725,2476.839542
7346.415177,1779.815447
-7993.562604,-22.854417
6389.327578,166.513065
-4671.464748,-552.049366
4102.198824,194.294156
-2783.614736,-676.410977
481.387345,719.492340
637.418350,1324.920666
-1660.567560,955.936072
4107.679622,220.390687
-5081.746697,-2529.869113
6016.423048,-2605.087100
-6334.573320,-3482.292317
7870.370335,-2026.140742
-7348.350462,-2576.872489
7139.242587,-465.231210
-7920.587767,483.341211
7560.089872,3087.363322
-5961.105615,3303.727897
5465.394410,2151.742568
-5387.663773,332.840115
3345.610227,-886.293320
-2323.800068,-1152.416600
2998.159329,-1938.134356
-1687.285188,-2200.725628
2026.721512,-3049.842510
-1982.511744,-1656.005611
2900.031309,-640.930277
-1955.109892,165.471140
1690.752343,912.267696
-3449.035494,2290.880034
3080.025126,3344.447011
-2963.326483,3701.212321
4161.808886,2384.749346
-4283.401718,-770.293753
3909.279571,-2429.664618
-3675.259407,-4431.803224
4998.871969,-4050.528168
-3382.902552,-4431.743361
3523.521864,-3383.993352
-3591.270738,-404.434037
3715.140789,1826.565510
-2466.238143,2993.093963
2782.786048,2527.310757
-2975.334729,-167.757870
847.025092,-478.927060
-205.846449,32.745965
938.436354,-402.776381
1772.248149,-2848.857913
-1800.079382,-4706.714132
2420.049337,-4769.362551
-2923.931937,-2021.106849
4350.916747,1125.845826
-4434.396707,2575.904622
4529.860834,3697.884408
-6902.007840,3586.486075
7488.804801,4658.238749
-7263.580677,2807.900696
7700.405934,899.675002
-7570.405421,-2740.253079
7103.523817,-4988.932332
-6249.068793,-5934.245490
8045.938156,-4737.997416
-5218.655227,-4309.611251
4401.016167,-1648.126279
-3821.742799,338.984587
3020.526138,2688.603193
-1664.395901,3000.017788
1141.631227,1673.711438
-1616.737240,1244.701852
-234.237309,833.149734
832.620956,2181.491317
46.905931,403.194963
498.928166,-1834.249591
-1251.363740,-3270.300681
824.215323,-1834.064207
-496.694639,-62.870431
1177.444208,1882.607595
-210.675069,1808.253420
-1123.541595,-54.638344
93.158403,647.397861
-689.733376,1462.769488
1679.391045,1437.570870
-159.290076,-1192.485422
-290.487904,-3693.159396
192.241207,-4720.270181
-492.042994,-3307.058475
3037.405428,-2219.915488
-3185.814145,-519.297000
2740.457035,944.429467
-4921.717434,3466.890269
5353.922092,5582.602475
-6181.944707,5071.439784
6346.664665,4203.781070
-8005.318370,1366.658751
7426.859832,-220.813961
-7204.913675,-3099.428905
8409.327925,-3243.950543
-7129.381513,-4738.348184
6038.687384,-2990.774140
-5491.021276,-1286.922321
4712.094851,2243.588911
-3074.407616,4156.943701
883.934931,4166.825292
-898.838251,2951.620078
-906.648210,1562.345318
2152.176428,755.957264
-2959.965024,-1501.215845
3239.681280,-2396.154976
-3699.475441,-4007.334262
4298.834028,-2199.395579
-3367.640712,-1901.574800
3825.017485,-561.171350
-3523.826095,-52.118917
2500.056184,1182.159647
-1491.221847,854.166865
685.886252,568.426349
-669.189946,687.906764
-490.605221,548.459336
1300.404717,1213.430848
-1956.892363,984.095972
2049.281964,1522.543820
-1995.595554,-12.563366
1485.348153,302.619485
-1140.060138,-118.262777
170.882864,729.970205
764.982912,639.168966
-1059.872395,500.988175
841.529367,656.513402
-1958.103908,488.292291
3752.257365,223.146533
-3387.214316,-1859.688524
3961.925918,-3047.230208
-3945.417733,-4041.537403
4598.229249,-2397.564154
-4322.824103,-1867.720229
5161.161874,-844.935539
-5197.212896,805.417512
3349.783822,3479.772016
-3262.695123,4472.559175
2954.742941,4070.606156
-2871.259770,2719.570351
1666.271210,978.930160
-2406.196603,-1052.906937
2360.096550,-2134.888850
-613.778642,-2451.087132
943.834987,-2976.363335
-812.627704,-2877.597050
402.909536,-1295.557932
66.376107,825.370001
200.195014,1731.406936
23.010783,2422.195765
-853.073158,1160.641792
-625.330825,940.814332
1089.760261,1500.318893
-732.829005,753.659921
963.047137,-1466.628322
-1331.142822,-2863.662400
1873.250753,-2751.171121
-1628.677845,-1758.145679
2581.903857,-825.497563
-2496.938932,-526.835158
1463.874190,1870.731353
-2120.593707,2872.805297
1821.655787,3769.003907
-1744.152021,3194.277147
1734.492467,1118.682776
-1636.317650,-869.684292
440.472564,-1767.775381
-63.829749,-2024.511362
436.583507,-1586.528166
619.359878,-1376.578104
-2303.793382,427.996193
1567.813945,3324.530911
-2313.396814,4809.632001
3237.918983,4650.764347
-3479.207454,1476.337213
2464.591765,-2076.947098
-2869.626414,-4016.166488
4236.888874,-4399.752886
-3445.984059,-5042.779101
4428.118103,-3872.426548
-4698.729125,-2432.467143
4243.895219,372.818334
-3678.440494,2599.431418
3676.198539,4224.172130
-4448.314372,4691.052206
1901.769517,4350.959084
-2796.278537,3395.590704
2514.474976,2344.292790
-2303.186340,341.808465
2444.013902,-2114.615471
-2646.878560,-3149.716380
3213.618485,-3250.628868
-2507.937472,-2062.091392
2864.861561,-1233.864561
-3666.381686,373.197158
3080.907123,2371.727166
-4103.071170,4566.007633
4953.969701,4708.009921
-5013.404463,1933.146631
4179.903080,-268.295242
-4741.568688,-3301.646216
5365.467231,-3692.319215
-4418.009258,-4457.872386
4440.920376,-3160.776537
-3693.017564,-1426.529737
3068.753239,962.855942
-2288.142739,2546.274313
1213.653376,3739.915215
-1125.583344,3403.886004
-568.634422,2453.752624
181.807897,1963.031975
-479.644819,-474.057052
1363.158159,-1115.430289
-1311.623671,-2243.215058
511.172212,-1922.935541
95.131287,-1273.285526
470.710268,-53.619145
368.455482,-239.979964
-2126.873702,1095.555116
1635.505027,2730.406933
-2795.400711,4074.878438
4436.549564,3059.168897
-4833.784248,-765.796777
5160.505422,-2754.658367
-6082.782826,-4351.868478
7089.195744,-3534.327591
-5243.434705,-3658.241746
6518.951711,-3248.749172
-6472.466721,-3362.965674
5658.775403,-297.845667
-4541.990338,1747.607710
4738.644102,3780.896704
-4366.123565,3634.527689
1867.819503,3026.987377
-2671.866793,3053.386609
2287.442692,2127.579114
-445.847732,897.108679
1062.411897,-2276.949697
-1146.455846,-3907.426925
1327.962207,-4526.586593
-55.870710,-3255.075738
2128.809944,-2986.855459
-2531.834899,-1088.173894
2287.182307,1135.374433
-3577.372920,3855.432305
5230.167264,5143.242152
-5420.577935,3192.737628
5387.957945,657.459398
-6765.060352,-2431.825919
7422.422588,-3118.446224
-5135.511014,-5398.005133
6303.102407,-5042.530540
-5317.332130,-5353.322347
4819.931344,-2748.655590
-3788.428198,28.090675
3632.776226,3303.943332
-2360.325461,4200.317085
-21.624070,3876.960266
-209.657486,3538.010565
-1231.578936,2545.404576
2407.794058,1850.126320
-2444.675509,-1750.020248
2972.085778,-3616.513502
-2788.026324,-5478.348796
3331.391676,-3623.529593
-1687.635575,-1983.376046
1419.277172,-177.230899
-1681.221463,1788.355079
-82.372365,4760.235818
563.090868,5093.218103
-996.114179,3399.010652
1387.808614,1425.620039
-2453.145518,-1925.705903
3213.934844,-3753.439216
-2390.147533,-6139.420035
3762.635371,-6177.819348
-2624.591916,-5692.463287
2827.149923,-2759.186117
-2536.305293,691.968499
1878.760255,4407.575081
-1339.408510,5786.558433
-25.562498,5703.411441
-1343.267380,4495.882263
-493.598381,2616.382054
1033.870194,1892.331169
-1095.569186,-99.307457
1963.351899,-3343.226963
-2433.659594,-4820.008761
3371.604880,-3963.304274
-2439.955525,-3032.073270
3215.192763,-1045.617406
-2555.570057,-550.684903
2488.668310,718.103059
-2676.233750,1139.088761
2390.998198,1386.634863
-2189.117801,1557.566743
1497.312869,1378.431773
-1953.747514,733.716323
2025.272828,67.785585
-967.220351,-1594.250424
1209.404960,-2790.571457
-899.336931,-1677.897987
-243.735080,-291.294671
545.643580,1234.553300
-201.179681,2250.020214
322.474803,1588.244201
-542.347063,762.914187
539.931831,-52.708435
208.943412,-1475.455015
113.342875,-1646.384389
417.964267,-3125.126080
-1513.817365,-2222.837549
1557.477345,-331.042238
-1865.434503,2528.781120
3520.351693,3707.126909
-4433.746247,3102.328006
4249.728891,1586.744766
-5340.652801,-831.966942
5898.001124,-969.615150
-6022.477948,-2612.796395
5622.583436,-1054.087353
-5678.494419,-461.314481
5931.407667,1142.609587
-4072.916790,43.743964
3798.584962,-1390.241885
-2831.195966,-2620.429742
1065.830815,-1860.981857
-473.903793,-462.637670
57.499083,502.108898
331.224348,2572.962651
-1547.431706,2430.455516
1049.627372,3670.376073
-1240.025036,3089.834785
1216.529628,1985.261793
-314.508301,-1668.778268
-1455.188043,-3049.461943
1725.525111,-3570.653593
-2084.591111,-1752.777264
3857.065741,385.291767
-4637.386895,1260.773928
4343.031290,3174.749167
-6368.933575,3075.006667
6617.851185,3874.775195
-5868.585619,697.173280
5901.320227,-2084.871267
-6058.497050,-4582.157235
5459.569735,-3646.289480
-3665.631976,-3886.990976
4664.063165,-3289.205457
-3163.929310,-2381.307877
1288.705945,-841.775956
-978.030790,2434.276199
204.068832,5027.732266
441.321499,5834.900950
-2319.053313,4546.919330
786.322270,3568.238317
-2270.709795,2111.248420
2781.276841,1464.420943
-1833.178042,-760.076697
2587.576707,-3219.133471
-3534.015871,-4454.596882
3158.464800,-3006.769143
-1716.196538,-1201.305091
2971.923577,-76.850628
-3033.534557,-208.302156
1681.037627,1001.660036
-1398.336397,1725.492591
1869.400262,1129.176772
-1428.702283,-78.459095
1345.134123,-2585.001523
-1483.996042,-3724.167915
2179.028933,-3368.647879
-1437.237238,-2133.646176
1314.013170,319.504349
-1856.351601,2791.995491
706.241100,4260.531575
-1567.256224,5154.218802
1565.848215,4934.535393
-2506.906208,3851.626862
1973.840119,1536.417408
-3040.211403,-903.272251
4674.033161,-3269.943516
-4439.705349,-4653.275496
5282.545746,-5527.818303
-5395.826305,-3920.896086
6182.648022,-476.710924
-5692.026200,1295.720377
6256.109033,2783.907711
-6988.688578,1242.525922
6145.578164,1714.004863
-5879.182161,402.707613
5542.367197,413.359048
-4617.032099,-1315.176022
4217.429020,-2573.393172
-2777.727289,-3586.172277
2353.620656,-3203.235656
-546.788532,-1506.317533
-297.557954,-44.268942
1153.733781,2175.280695
-2519.991223,3231.553389
1633.761093,4897.744830
-2167.576846,4466.310014
1873.076438,4115.054127
-2137.699390,1789.570513
1261.729686,246.131514
-995.926060,-1508.282150
1136.178238,-2892.287674
615.201690,-4827.391749
247.590068,-5565.636730
187.489481,-3736.008403
-523.912492,-1314.398582
1160.257871,1853.486103
-1206.038730,2658.017555
290.146569,3847.892989
-1523.061489,3388.261699
290.055939,3016.443159
1213.009328,904.733996
-1351.836912,-1768.220960
1696.832238,-3992.452945
-2642.833716,-5100.467121
3837.401865,-4136.819084
-3385.678246,-2561.005538
4762.657791,86.380751
-5829.940532,2173.234445
4750.042444,4513.539280
-6011.218067,5744.924056
6053.061777,5936.662902
-6669.041227,2923.539198
5021.361890,1047.414248
-5709.975671,-931.017614
5903.107232,-1291.807082
-3803.213373,-2846.571833
3464.961305,-3653.852106
-3637.155635,-3353.268386
3272.343800,-1351.506065
-1990.808283,909.100345
1610.523146,2196.248945
-1724.990123,2800.185191
534.819835,1962.242879
-347.736589,1144.123130
678.197895,-1220.197125
-576.395221,-2015.422454
1234.265366,-3435.153018
-1496.530136,-3525.030577
2160.156580,-2317.921702
-1921.435928,-612.670884
3009.424928,1053.191164
-4730.084756,2790.169240
3908.229823,4628.808389
-4954.002867,5590.794277
5093.744966,5221.541692
-5718.722236,1652.995939
5110.872216,-415.064728
-5773.580511,-2113.341917
6170.433692,-1855.377811
-4710.549303,-2954.222800
4621.551866,-3139.227720
-3433.177782,-3338.731290
2863.585540,-1420.601543
-1515.975064,-604.563778
1578.533100,245.813555
-417.009774,663.312263
-1825.437164,599.809358
2330.103032,890.838795
-3226.767686,860.685854
5166.713410,191.861591
-4689.574055,-2155.472951
5151.686894,-2679.061459
-5684.611894,-3556.080460
5537.360123,-284.942260
-5251.012830,1562.347091
4612.856541,3577.872757
-5158.380739,4553.070757
3916.740333,5194.660230
-3309.263741,4216.750622
3211.501644,1889.022093
-2763.461001,-1911.372595
1976.930005,-5178.641044
-1190.630607,-5387.566385
2369.104446,-5884.178447
-904.567423,-3612.292055
1561.061121,-1076.938966
-1860.587929,1455.937077
2490.123595,2857.662662
-3269.287494,2747.507789
3460.500930,1890.825768
-4484.095443,936.349411
4322.082716,98.039867
-4972.719235,-285.482855
6274.645265,-659.505230
-5738.368647,-2648.225165
6210.758141,-2799.761930
-6357.944548,-2990.037851
6264.448942,-583.672450
-5320.578484,1169.250305
4931.548695,2677.678450
-5337.202646,2161.225922
3755.602555,3121.571031
-3378.882336,3107.506612
2695.617360,2161.529294
-2029.307898,435.013228
1165.692896,-1664.238877
-186.577808,-3014.923234
-457.026744,-3608.981308
1463.022056,-2100.776517
-1321.569016,-903.147122
1377.810186,998.809734
-2232.767561,2278.578430
2030.858971,3075.090151
-2218.087168,2290.348300
2077.465270,1117.006484
-2135.696292,-925.239704
1568.107366,-2072.198134
-128.267968,-3973.427005
635.634043,-4231.096376
19.992955,-3793.750650
-153.465259,-2437.629350
401.294924,1013.075339
-1288.079978,3730.659956
1377.479525,5105.958591
-2115.004638,4787.527934
504.102592,4688.992672
-1259.926378,2594.336491
1013.436854,1304.128391
-208.341192,-1515.952311
-123.463101,-3314.695818
485.285372,-3841.122915
-373.018356,-3772.564505
2255.463222,-1921.201277
-2072.147149,-1061.745294
2555.626232,-181.906982
-3481.493025,1593.454050
4133.894728,1736.007688
-4515.342374,806.185516
5765.571177,-21.361602
-5642.877619,-2517.526859
5808.398782,-3504.587167
-5225.763716,-3403.552285
6482.427196,-2367.102202
-5291.012882,-2421.595744
4493.708146,77.521691
-5066.628947,2175.167072
4564.981226,5505.066633
-4249.039394,6087.781201
3247.313534,5098.505362
-3369.418232,2810.465202
1593.682270,211.250134
-189.027357,-1486.534142
908.314356,-4245.310230
153.736592,-5162.178843
907.500264,-5927.556387
-196.693464,-4343.640887
1557.440100,-3104.622302
13.382816,-1680.681802
819.304675,-90.414119
-2999.173679,2056.918588
2670.599541,3849.505535
-3550.860512,5247.013255
3897.970478,4524.907614
-4723.850613,1763.307316
4680.703650,-308.613882
-4377.588097,-3759.131080
5980.430835,-4789.421452
-4527.190808,-6536.114481
4327.395506,-5658.398976
-4084.916322,-2836.999662
3675.176934,1643.957455
-2906.199927,4954.388796
2533.411709,6989.800343
-2427.170431,5192.475034
-300.623299,3158.530815
1238.450843,873.581808
-1806.636409,-2379.431242
3656.250296,-5055.321954
-4494.380006,-5889.291334
5857.981017,-4360.523777
-5576.810422,-2010.090183
6994.930434,1182.109609
-7265.651032,2077.342523
7576.201888,2786.037204
-8957.481604,2028.000983
9242.692541,2134.797629
-9036.519829,-279.909620
9012.310522,-868.687004
-8637.729423,-2347.469974
7902.153728,-2119.058810
-6397.071239,-2197.531539
7165.896531,-1583.980522
-5615.190694,-1641.850658
3873.802220,-297.330505
-3516.681092,1612.345093
2109.203337,4122.075072
-2463.617247,5523.185830
1127.279980,4784.293961
-1410.014992,4107.403354
-188.895131,1942.429443
1185.601156,-119.144456
-1005.789912,-2844.093598
1290.231050,-4819.270042
-1482.011329,-5765.989022
1873.768771,-4270.169559
-1016.993023,-2274.941251
1573.695652,449.924200
-2015.792349,2677.873432
1973.250226,2305.576168
-2075.402455,1581.283403
1722.032964,147.810021
-3125.160784,-809.914304
3134.900748,-349.934128
-4134.866946,504.227589
4635.434309,854.155418
-5013.959007,1514.273780
5238.095084,1355.619991
-6499.838784,1093.713131
6316.700691,2094.016533
-7487.634063,2056.706294
7723.477209,2320.503026
-8565.843331,672.912465
7819.010235,581.868279
-7729.130058,363.459590
8087.893110,557.450237
-7185.682788,-1903.421502
7243.451168,-3071.699126
-6461.361497,-4268.270036
6346.169811,-3883.271938
-5232.070674,-2327.276087
4367.375207,493.224156
-3237.133184,2097.032406
1872.855677,3541.831062
-2110.533129,4023.316224
975.015343,2995.565841
118.744235,1481.300012
-422.240310,-1208.134700
194.482283,-2243.263858
-568.108076,-3032.531387
1376.248375,-2058.309271
-560.315064,-1283.213919
914.084351,-266.977723
-831.632429,284.426439
207.051162,2543.825643
-990.171105,4242.464145
-236.342297,4399.532298
223.359009,3873.156428
-1022.045639,1390.817559
424.430948,-308.360089
660.966484,-2707.858273
654.165027,-4388.565658
283.038661,-5650.434545
-981.244382,-5165.829900
1628.009147,-3100.119967
-1882.754260,257.964039
3048.416474,2300.070245
-3236.156292,2997.368854
3880.712948,2711.702058
-5799.441249,1782.745311
6009.048809,609.815944
-5992.592765,-1867.358532
7167.384411,-3186.932904
-7861.762921,-3765.082084
7715.436895,-1182.926018
-6869.830406,913.129379
7763.220199,3219.613555
-8598.981147,3115.157493
5696.345766,5156.161434
-5716.807835,4620.402723
5041.341129,3825.651497
-3955.358440,1424.365207
2925.310709,-1081.026169
-3025.815261,-2164.929638
2085.401080,-3207.525155
46.027276,-3286.342727
1039.696930,-4092.406758
583.841839,-4587.891345
-2001.580983,-3120.843618
2164.804865,494.084805
-1258.116995,2131.255890
2314.152818,2208.561630
-3314.226249,-22.967946
1315.412043,-459.174885
-1278.285948,1303.087265
2840.185984,1281.432813
-2041.532034,-854.199189
881.536260,-1406.124186
-1880.349462,-1607.151106
1289.549485,876.042169
-407.886626,2882.990195
300.956572,3356.116080
-1103.717998,4256.245563
-693.918048,3087.287467
-55.289741,2719.564036
1146.242727,917.643746
-1060.578380,-1411.670794
1769.378439,-4357.511216
-2300.863720,-5375.488196
4088.505116,-5298.026458
-2780.533894,-3777.751935
4648.613313,-2841.360076
-6428.190043,-1644.949462
6979.679180,1731.070736
-7519.634351,3426.478804
8420.817013,4516.554067
-8839.226558,2177.068435
7226.953512,1776.324828
-7575.749923,148.059254
7753.766552,-59.076064
-6245.339647,-2193.651965
5535.396535,-2459.018098
-4396.825050,-2708.497171
3585.511414,-962.365066
-2000.061023,724.218282
1361.055781,1625.726243
-892.703352,2736.315333
-550.676464,1594.451049
1444.597759,1242.779169
-1230.229501,-779.371797
1940.834508,-1345.258540
-1587.406469,-2919.945004
1415.010084,-3283.391085
-705.415910,-2730.140344
2048.381291,-1983.911265
-303.960612,-2308.738476
-417.232180,-1364.762464
321.033074,1178.437494
-1130.345402,3361.871162
1303.031934,4470.556207
-1845.850020,3263.980033
1331.045477,1581.688418
-1819.681305,154.551106
2563.783533,-573.804740
-1029.248484,-3097.452400
1579.860407,-4865.850257
-968.945167,-5673.186928
513.169663,-3674.895308
230.352522,-1160.566449
-156.401609,2651.284695
1509.134588,4684.266371
-3371.608290,4612.720085
3043.703494,3615.858143
-4407.109472,1962.084015
5188.379192,289.308280
-5293.849904,-2726.067133
6329.196223,-4190.501151
-6657.340952,-4935.906199
7250.459022,-2454.143035
-6265.022234,-929.133185
6513.358196,1002.761100
-6977.286128,1616.173803
6113.594078,2981.528674
-5580.252517,2495.642587
4757.620767,1991.089922
-4362.723249,401.709271
3186.900904,-830.303288
-2873.465186,-1305.814201
2808.391024,-2034.047082
-1990.653593,-1609.195391
1616.569848,-589.168700
-1891.766643,1579.584343
1669.183461,1966.285896
-2480.344177,2853.771886
3170.931872,1641.960882
-4238.384339,790.068201
3634.893724,80.960333
-4202.987210,-496.533598
6008.219806,-1071.631626
-5799.508586,-3360.614459
7028.182592,-4544.275718
-7531.595474,-4705.119676
7049.124356,-715.829190
-6175.836697,1402.153929
5959.122368,4044.834348
-6204.820542,3277.611809
4219.033161,3780.722403
-3820.929345,3329.137438
2621.846058,2037.368444
-1553.892955,653.269227
-96.437914,-1029.649251
433.567707,-2167.739101
-712.175872,-2645.206136
2704.055449,-1898.059920
-2308.484763,-2462.737293
2789.564597,-383.225843
-4493.691404,1328.632056
4515.872768,2212.751247
-4685.411722,2860.212363
4792.092882,2181.297803
-6009.555048,1151.212422
5727.219882,826.533018
-5181.133686,-626.735159
6103.858834,-1701.117352
-6181.286608,-3851.046041
5529.281184,-3836.592862
-5015.037350,-2724.333343
5662.622554,6.421535
-4039.042491,418.413302
3914.751201,1063.268597
-5399.883703,1735.325625
3862.323586,2289.426602
-3274.884097,3398.544571
3347.449754,1810.401118
-3651.893082,444.929446
2926.749691,-570.537648
-3345.872416,-229.275040
4791.190664,-609.211180
-4458.969660,-1768.761949
4871.574598,-2663.646411
-6277.827781,-1578.137428
6591.855681,1187.681482
-6765.702321,2666.179585
7858.353409,3618.344325
-8847.800135,2066.474299
7614.298778,856.863690
-8002.391692,-295.783221
8507.804328,-238.828636
-7016.348060,-2760.289288
6561.784472,-3092.341206
-5817.159353,-4300.834596
5272.491110,-2529.634418
-3521.060902,-787.831760
2313.940348,1538.328144
-1699.972005,2827.049895
-1113.939599,4039.371552
2197.253900,4286.386504
-2729.049223,1812.762733
4164.157280,-595.084284
-4924.802222,-4551.789326
5618.152864,-4677.998567
-5754.851734,-4530.611704
6922.055442,-2240.949022
-6098.585313,-818.690351
5613.738268,1616.115855
-5555.439064,3186.360880
4470.033163,5674.457318
-4409.936213,5315.280193
3307.576063,3427.828215
-3634.885760,1144.672417
2538.437553,-1774.939415
-1661.076574,-2653.240594
3056.234458,-3781.666620
-1824.207031,-4168.904413
3519.399083,-5268.336154
-2937.464384,-4907.866733
3878.222302,-3866.559276
-4504.934493,-156.509431
4536.349298,3714.111621
-5435.566101,5636.742548
5640.957584,6559.764527
-6410.022869,3679.993691
6585.082915,1251.720322
-6891.873804,-2076.815596
6887.687326,-3538.216331
-6237.293684,-4640.654422
6782.084985,-3757.996829
-6671.543888,-1777.760416
5498.423550,2188.090031
-4855.369436,4959.713858
4498.490070,6006.737134
-3921.503235,4022.161562
2907.696970,-105.374481
-2782.121553,-3696.512314
2066.710422,-4626.145752
22.581949,-5784.206913
1066.185762,-5882.269075
146.889758,-4145.940580
-380.473124,-2155.327183
920.672023,1326.259737
-914.904486,3258.908401
1607.990915,3963.853266
-2599.417513,2551.965306
958.759111,2165.335913
-967.268009,1442.763101
495.808566,1531.670739
451.324192,-137.363092
-273.287454,-1567.317999
710.732623,-2199.411786
-1264.741858,-2559.250957
3164.836600,-1204.520695
-2313.903216,-1162.525713
2161.058628,-717.215510
-3002.709272,616.182144
2792.681622,2648.750502
-2861.652547,3197.247026
3098.882438,3363.425119
-2730.313729,553.281953
1619.430232,-987.943813
-213.485321,-2908.395114
736.779091,-4729.894122
1336.373881,-5692.405938
-1533.540359,-5021.354344
1570.929983,-2072.834197
-2095.915056,1313.316785
3184.143521,4409.574752
-3406.167238,4707.097408
1824.285240,5204.440146
-3223.226225,3464.285662
2557.455010,2862.455005
-1704.992683,-396.679475
1673.217693,-3319.152960
-1209.450451,-4749.331515
-45.570903,-4224.227654
1183.398964,-1268.548451
-1014.609899,1248.622743
1288.935353,3183.657539
-2861.033676,3286.589622
1907.226268,3685.723998
-2194.150517,2507.350579
2417.997383,1365.726893
-1932.596949,-2117.546170
508.340755,-3845.408126
312.359802,-4527.191321
-723.624800,-3007.835911
2470.491753,-1500.927648
-3198.325876,329.131760
3349.059888,2191.711921
-4743.160819,3015.884681
4919.572757,4237.189130
-5732.274233,2432.331132
5089.376129,1840.363678
-6531.214242,420.764346
5722.836770,1387.908878
-4919.545657,33.324114
5120.577210,-686.902830
-4482.585642,-1794.643426
3816.161709,-2488.532322
-3262.942297,-1426.168533
3539.206642,-1128.237404
-2497.420458,-465.728270
1494.917879,168.135228
-2603.373698,2076.882699
1832.262860,3897.788389
-2446.351215,5156.669842
2914.715619,3768.556654
-3774.694007,1247.577130
3001.914746,-1019.415382
-3354.695717,-2765.019025
5677.322978,-4109.954659
-5073.907945,-5331.037969
5298.027727,-4742.367212
-5718.457959,-2460.286414
6194.017745,875.552484
-5926.239347,3132.459579
6137.314374,4586.643433
-7444.318355,3418.121364
6057.578264,3464.180918
-6411.311255,2142.443498
6483.496157,352.407163
-5736.962290,-2091.730276
4993.787187,-2978.865662
-4895.563667,-3136.446214
4977.201175,-1284.687611
-3429.121507,591.742024
2364.011315,1889.291884
-3101.050022,2783.638192
1622.615357,3783.524424
-715.769340,3235.729915
563.633701,853.069159
716.555718,-2686.253699
-939.184864,-5586.107604
1774.170368,-6280.362883
-1030.565497,-5912.005165
3118.451247,-4068.007008
-3317.770014,-1713.316283
2990.211325,1898.666677
-3064.048419,4263.686697
2604.078450,6822.677034
-2624.716920,5595.366235
1024.676005,3904.577576
-2124.102190,1723.989356
1215.185699,2.150465
-867.585748,-403.344611
1644.466950,-2139.983396
-764.583789,-2743.086893
1134.968595,-3184.123664
-1288.728111,-1940.742198
2344.874630,-965.251600
-1879.821489,131.736486
2189.797563,-381.979812
-3670.954815,523.453292
4772.691505,1268.187308
-5731.559249,906.964326
7141.204619,654.913082
-8153.758449,-1150.825484
8698.483877,-1757.538113
-8468.956081,-3109.965095
9663.245285,-3028.912597
-9452.539160,-2540.055809
8573.050222,964.002391
-9690.237916,3219.858637
8660.531434,6268.899061
-8458.876206,5772.076096
7400.395221,4849.396716
-7202.917123,1326.862175
4796.533250,-156.441035
-3156.058847,-1936.269720
3355.582847,-4508.262547
-1460.708719,-6091.105016
455.461416,-6226.194881
181.077886,-2457.371451
-124.577323,1336.074259
1675.202707,4290.540170
-2286.309957,3597.411275
932.462668,2774.979422
-1692.139183,777.574482
1661.947709,191.057113
-1567.125684,-582.004724
1266.722858,-936.113939
-535.299951,-1520.168665
206.501419,-2455.699621
1164.829909,-2315.436400
-450.414602,-1642.532413
6.960639,414.430872
-1307.612752,2671.763744
1011.328592,4123.388850
-888.237655,3602.035224
698.227344,2527.414162
-1062.308204,360.875647
-50.869391,-169.457535
1323.919736,-996.797445
-17.941307,-3061.161490
558.741860,-5075.688391
-1331.130893,-4892.083264
1153.123766,-1057.145941
-1726.391407,3555.819768
2970.656245,5857.852741
-3413.759155,5196.928730
1860.595441,3370.802301
-3377.181975,815.828750
4032.339080,-713.698719
-3482.350735,-2680.857077
3850.697956,-4162.957303
-3276.471728,-5219.833807
3226.590837,-4443.275107
-1588.399735,-3177.187186
2336.204328,-354.929417
-1736.735069,637.246620
-257.419493,3117.009476
-412.428251,4714.177394
-749.115685,4521.213837
1232.688064,4265.195332
-2286.382862,1692.428468
934.434228,929.164837
-768.410551,-643.013158
1684.193594,-1143.152597
-255.366693,-4305.298555
-1054.576032,-3967.511355
1313.828260,-1959.996738
-2712.962393,1889.862044
4147.487152,5007.302485
-5222.304773,4710.957292
5375.757785,3988.857992
-7965.108608,1291.087545
8895.327303,-321.744988
-8085.921732,-3522.165351
9279.806204,-5143.403535
-9002.185753,-7265.458014
8533.047883,-5083.312976
-7457.498322,-2613.945692
8117.469167,1320.833862
-7052.067931,3177.077316
4877.801819,4544.658702
-5514.778170,4945.593493
3450.506547,5474.048863
-3123.902941,4190.623854
1609.964981,1985.213064
-1725.868138,40.648819
530.688307,-1971.349343
878.225423,-1603.446087
-34.130178,-2949.445730
208.390733,-2552.130953
-343.025236,-2108.863858
-700.595051,394.778731
1854.352165,1366.991017
-1784.138405,1756.202731
1960.187719,1326.674865
-3518.505391,656.669339
3842.593507,612.033963
-4043.249908,-921.098293
5685.113096,-2411.395088
-5112.735409,-5218.527124
5282.653553,-4576.556667
-4555.637991,-3736.420426
4482.229030,191.401317
-3118.732798,1830.324628
2336.485298,2683.491950
-3270.163353,3859.251363
842.349836,5227.082022
266.131505,5661.905419
-1422.470708,4652.715907
2188.456624,1049.940769
-3642.702714,-2456.852400
4535.909764,-3685.530944
-4073.870079,-5245.495826
6040.521145,-3907.978717
-5890.020230,-2939.366071
6593.796955,-1143.110205
-6055.596566,-163.128549
6159.917044,1104.521971
-5781.596355,1071.450522
4824.476808,2780.072567
-5983.137916,2392.259038
5560.867596,1992.920739
-4266.809874,586.823030
4478.037453,-2820.015601
-3629.479493,-4453.794689
3416.687216,-4503.024114
-3029.813881,-2710.795993
4046.040596,-691.231892
-4618.552903,1412.409563
3823.823228,2619.451170
-4397.166048,4205.619020
4708.361832,4790.993411
-4686.242276,2711.451014
4869.993877,254.024116
-6326.574914,-2535.485374
6463.562035,-3698.036808
-6056.506720,-3409.785775
6986.845239,-1924.612399
-6827.205849,-114.111121
6056.657936,3198.592593
-6381.883073,3854.335800
6187.132790,3807.458922
-5976.217439,1700.189395
4724.394477,-512.262895
-4596.023557,-2260.217940
4196.356584,-2043.546099
-2117.454517,-3391.839470
2745.419240,-4023.197178
-1393.012022,-4598.367586
236.522812,-3543.241119
493.008414,436.247330
-1001.249875,3079.350991
1708.140784,4768.206819
-3268.793058,4357.808950
1988.915173,3900.235834
-3056.963894,3279.833297
3668.418535,2198.420933
-3671.921696,-783.203178
3766.729573,-2719.846462
-4631.371111,-3176.097895
4837.424268,-2374.425741
-3625.236487,-1130.791894
4719.781506,-332.896121
-4567.795148,-353.469281
3326.554776,1341.917972
-3915.036285,1978.424406
4366.357714,2031.640706
-3750.423757,556.278250
3534.393559,-1678.268548
-3436.506714,-3265.927841
4132.498196,-3653.882508
-2369.844151,-3709.837437
3702.689921,-4023.704542
-3827.482932,-3104.893802
3411.990277,-1362.788535
-3318.881308,2005.441264
3772.401336,4803.078627
-4838.645540,6290.874610
3452.780688,7013.901457
-5418.512105,5521.423383
5688.799169,3244.400846
-5545.654529,-10.132456
5551.783677,-2930.603620
-5861.377034,-4537.771011
6187.364659,-3442.807657
-4543.956182,-3460.187702
5987.685060,-3021.385037
-5188.061200,-2963.399970
4361.882887,-1271.812086
-3875.005974,650.719454
3079.629377,3376.344171
-2370.262170,3102.528066
819.501247,1897.234113
-1136.379592,527.678240
513.136632,-720.723236
786.134764,-657.373795
-939.029610,-1985.639138
1232.354126,-2075.613377
-1870.158009,-2243.052216
1715.711290,-790.566543
-1670.879934,1167.935595
1159.403675,3911.936205
-1297.163369,3967.013476
-362.294502,4521.216123
170.028271,3493.432923
-670.366329,78.304553
1763.877025,-2636.089314
-2020.713541,-4834.225684
1763.307523,-3800.765682
-1237.153673,-2243.258048
1640.224218,107.029691
-1351.016153,1127.025131
-346.060299,3527.173426
813.715145,3305.767269
-1765.574872,3557.285312
2920.473410,1426.725007
-3848.314833,-1929.850781
4915.664587,-3481.061717
-6294.729151,-5116.991543
7732.629226,-3664.965324
-7199.512993,-1978.586326
8021.105709,1270.195407
-8966.619020,2314.622999
8232.522805,4425.084600
-7840.162900,3467.442212
7132.155682,3292.122389
-7122.135742,469.372310
4879.595706,-319.544423
-4074.904368,147.457895
4027.448756,-641.884809
-2025.170979,-2253.089423
2114.696391,-3771.004652
-1758.398797,-3128.031913
1169.320750,-1584.701027
-65.260164,953.332264
129.665126,1271.851071
-910.618925,2315.142081
391.239181,1775.407240
-1228.298280,2555.927191
2053.153866,2215.557585
-2397.877115,367.087810
3444.766085,-1933.113203
-4024.197816,-4610.874821
4531.027744,-4721.559753
-3928.734729,-3484.679055
5161.394534,-744.464002
-5650.405031,1326.393508
5079.887838,3475.990174
-5154.152763,3226.942071
4807.769815,3584.446325
-5174.748384,2105.657897
3558.537661,1445.670835
-3184.672116,560.830718
2783.308534,-523.507193
-1691.042278,-2126.272858
1710.304735,-3549.944259
-1341.372632,-2647.221815
1593.022772,-1600.029780
-741.597176,-276.663513
674.324942,512.668403
-1330.387843,1771.730670
30.459823,2325.269826
-182.946027,2743.494220
765.396180,2288.085439
-714.256942,308.650383
1120.325309,-2451.512212
-1169.212386,-4456.789464
1349.417108,-3967.528196
-743.632131,-3111.879651
1850.127800,-1791.187396
-2165.242319,742.142773
1473.373270,2750.513172
-2431.764221,5330.452612
2811.448051,5568.551940
-3945.516888,3954.604153
2723.228227,2349.322335
-4130.180209,579.180069
4481.634505,-56.053944
-3852.970913,-2089.929692
4746.989162,-3514.399399
-3778.499581,-4838.226007
4291.683386,-4340.514536
-3095.358715,-4610.452112
3094.894826,-1737.941873
-2752.862287,1153.400016
741.280593,3872.983716
-542.370771,5344.407212
20.212029,4410.719421
1208.492862,2315.556685
-1783.055062,-1510.953633
1057.663936,-3122.762051
-1113.149833,-4041.001390
1519.125549,-2414.523657
-323.159267,-2129.864152
-935.512277,915.612557
734.299794,3617.619503
-1797.875935,6212.033929
2694.257647,6851.036470
-4099.704138,3466.891281
3344.912006,287.481346
-4778.182137,-2911.623408
4771.182780,-2168.922179
-3160.090341,-3621.266346
3841.214906,-2808.690440
-2906.889896,-3285.580204
1675.017155,-1741.900321
-440.388060,-505.873470
-427.274122,896.571176
2187.714352,1485.874101
-4019.455003,327.630752
4120.608700,997.690457
-5896.405751,1457.630879
7126.324459,1781.243332
-6967.022831,-741.161166
7280.474014,-1345.271813
-8294.941348,-2195.958459
7263.256089,507.792589
-6124.173358,1753.237882
6006.589601,2615.093379
-7008.239780,2555.397809
4954.922772,3498.801838
-4761.079195,3660.151786
4347.256451,2775.916266
-3885.231576,1107.875858
3028.253781,-1337.942114
-3323.527354,-2625.150695
4258.267475,-4967.361764
-2075.691186,-5372.964393
3289.336552,-5139.626710
-3947.200308,-3266.044689
4253.457998,-658.615822
-4295.993420,1446.515862
5507.069330,3047.803015
-5971.290815,2396.836687
4576.399924,2166.560714
-5533.540367,1982.518442
6604.865571,1903.934685
-6190.497784,-421.064157
5918.563206,-2418.148559
-6430.114982,-3207.244986
5980.504067,-877.913242
-4772.055792,1670.163243
4759.752428,3653.620593
-5704.344929,3795.601106
3660.419189,4193.528765
-3556.137022,3745.665191
3328.510474,2094.688880
-3233.443914,-18.238394
3201.555686,-2544.348601
-2672.958679,-4638.576722
2883.283948,-5325.553082
-1072.585118,-5226.942557
1451.030229,-4198.562776
-582.866001,-2345.568670
108.535341,294.204649
-55.528886,2511.626602
-1037.089971,4454.322344
1104.312155,4151.586841
-1933.953635,1988.091425
1694.707069,63.436198
-2181.724112,-1220.614888
2948.545447,-1732.129753
-2717.465096,-3425.125995
3530.696815,-2908.002389
-3396.380263,-2221.333435
2701.046662,571.759679
-1734.217221,2284.203762
1707.260105,3390.712935
-2391.815695,4193.667719
1406.787777,3347.795397
-2026.101060,2614.169755
1526.385474,950.184334
-1408.501946,72.018594
2862.263158,-2234.359149
-2866.150382,-3741.240831
4769.890746,-5637.936294
-4342.143795,-5186.623235
6450.159725,-4097.237513
-7401.901926,-1964.804950
7386.407907,2142.952555
-7634.198794,2963.353320
9357.290845,4147.567579
-9691.968095,1943.721580
8471.937902,837.443800
-8183.231124,-1196.057366
8162.244109,-1026.413944
-6658.188400,-3531.019156
5777.353752,-3190.534500
-4962.160004,-1507.730279
4088.329093,1046.493752
-2364.210097,3623.180333
1352.884439,3618.533262
-741.577927,2820.841837
-1432.724735,965.311582
1230.847789,60.602535
-360.836897,-1415.762363
1520.106439,-1643.870637
-1208.724781,-3945.077014
1187.065868,-3749.850424
-545.494729,-2635.392782
747.350912,-1124.245434
1044.654324,-497.888661
-1913.095570,226.969775
1222.252684,1753.645824
-2458.489097,3646.420112
2925.536202,4227.077930
-2965.973372,1595.514746
2972.226345,-132.592784
-3772.940605,-2600.685001
3998.671694,-2535.913422
-2436.597376,-2762.823021
2389.764073,-2141.210755
-1669.556536,-1734.566990
993.133080,-303.092033
-408.198080,871.923747
-461.601744,2871.708053
1696.193611,3701.965982
-3227.128100,2602.095494
2553.960691,1987.487903
-3182.561943,-74.392743
5307.422684,-2129.112018
-5001.524225,-3977.441333
5226.603506,-3886.048599
-5534.619872,-2989.718742
6528.197433,-283.663036
-5950.646432,776.058928
5290.203636,2147.997031
-6402.688472,3156.627184
6021.459371,4332.347099
-5494.231074,3389.908909
5499.965028,562.455804
-4996.332489,-2972.421071
3910.176082,-4054.753535
-2771.395675,-5493.736244
4423.835155,-5054.848880
-2253.004841,-3406.452720
1724.373032,-2016.207100
-2206.110084,1017.088202
1851.117156,3680.672616
-2077.340472,5870.418793
1614.016264,5378.173599
-3381.743508,4500.133873
2309.568250,2834.267320
-2904.656356,1851.159757
4072.692182,-780.157706
-3728.228129,-3958.345174
4300.167723,-5365.306609
-4731.693589,-6045.799010
6267.173844,-2932.308006
-4939.854769,-1215.958828
4896.402655,695.533782
-4754.367689,814.893612
3754.005029,2164.600876
-3180.345162,2040.946238
2199.034314,1747.740303
-1583.452716,707.070246
453.392180,-560.143066
434.329284,-1471.818568
-588.080291,-2570.422547
1870.201428,-1953.723479
-2526.742617,-961.604401
2188.368982,1511.958650
-2277.554001,2190.075365
2176.139236,3402.075068
-2239.536613,2378.997626
1977.917059,992.226054
-2058.861587,-36.421774
1413.999163,-463.826245
-202.005157,-1644.253247
316.417572,-2765.693764
844.875354,-3772.857871
-856.656719,-3612.309577
1711.746662,-1384.986347
-1390.328319,368.109163
2028.307533,1816.019950
-2148.137702,848.395713
803.526059,1589.554752
-599.645518,1702.563898
-69.545187,1945.958238
1112.291614,751.222510
-637.578742,-898.711475
366.643320,-1945.822914
-1593.861873,-2016.461503
2971.294192,-895.857236
-3061.928005,-216.545100
4520.047196,75.910297
-5469.275267,102.050336
5311.521717,1235.493372
-6065.638330,1666.229703
6397.925910,2451.860674
-6821.696884,1480.008818
5610.984866,814.006032
-5658.550067,-36.233214
6836.265231,-1224.270816
-5272.784174,-3742.337677
5555.266503,-4086.112320
-5240.998419,-5458.622865
4826.142435,-3361.367942
-3184.449684,-1089.475867
2630.270542,952.520809
-2662.224137,3892.849004
1173.263029,5035.272837
-1439.518265,5843.197584
969.873393,3995.436679
-931.092875,1016.562844
332.222870,-2251.527172
-780.513286,-3681.588232
1860.332612,-4324.010726
-999.639863,-2563.148862
1867.371776,-1304.118333
-2865.263142,181.745880
2795.516323,2988.584032
-3770.489717,4416.202240
4128.757068,4735.755578
-4336.900904,2264.111555
3226.985365,414.152703
-3386.078434,-1721.983329
3623.428536,-2750.328480
-2599.671060,-4065.577725
2759.646757,-3540.632393
-1936.090357,-3215.990924
1150.885117,-763.389673
-127.133618,1765.210090
-601.656465,2670.901430
857.787301,3042.019799
-2822.207823,2798.968884
2330.315948,2664.829603
-2830.282831,822.618790
3109.099561,466.492126
-2902.532988,-1463.301718
2220.643366,-2089.630702
-1854.797162,-2383.431677
2954.163838,-2163.806131
-2300.210678,-1895.151887
1065.428156,-121.197337
-1470.617121,2389.508065
-101.751039,4839.172689
131.149827,5764.209634
-622.893614,4204.029397
-664.028432,3030.493090
-621.607100,420.841760
865.294958,-1048.669121
675.655176,-3390.193845
-985.956904,-5052.276069
1668.783989,-5372.874724
-2266.577818,-3416.842964
3775.033961,-1072.120508
-3414.833653,1401.107257
3927.491583,2347.678114
-6047.478192,2339.193979
5499.128128,3800.156687
-6406.470078,2702.025952
7035.727441,1957.859928
-7479.945645,-293.702490
6227.518293,-776.004034
-6653.296597,-773.776613
7238.145349,414.725561
-7004.694253,637.900663
5475.470046,1643.817012
-6601.587320,3024.399870
5234.533202,4658.542923
-4413.185417,3995.924191
4186.677898,1396.071913
-4054.747261,-1875.786564
3009.881901,-4027.230494
-1988.275964,-5376.292256
3522.234970,-5943.160903
-2219.787177,-5139.184477
1684.583500,-3206.406288
-2087.401294,223.680442
2531.994727,2929.073991
-1743.878553,4507.865650
1585.950991,3120.625062
-3792.160875,2424.633663
2516.649926,2242.189272
-3496.783302,2412.199680
4680.004912,1726.572775
-4915.211425,-401.462298
5269.270599,-1952.541079
-6061.760520,-2353.382825
7121.823332,-558.446170
-6287.541564,-265.854958
6736.669468,-428.105410
-7696.691708,-910.212679
6829.891175,1381.923655
-6216.894378,2311.748461
6332.461007,3260.146641
-4813.510397,507.029944
3742.871457,-1852.870784
-2491.509119,-4618.260799
2624.622888,-5589.889375
50.191800,-5634.869996
-899.237910,-3591.631579
1949.033519,-66.068523
-3370.837553,2738.089335
3872.549256,5879.433779
-4022.487919,4912.579253
3606.860967,4898.518019
-5354.913582,2410.530109
5196.434918,472.247092
-4489.295850,-2129.723724
4314.071539,-3316.260898
-2965.474089,-4846.869502
3034.713776,-4590.911362
-1401.658350,-2994.044824
2055.172183,-978.305886
-1721.188310,1666.138126
723.057536,1845.559079
-1704.470667,3573.383850
1221.109457,3830.867086
-2292.121090,3850.646433
2417.062681,3186.410287
-4005.046145,1694.510093
4705.763231,-1144.658788
-4183.254313,-3383.495585
5698.583545,-5659.855787
-6558.858878,-6598.158831
7336.082180,-3009.300222
-7860.340964,240.377541
8411.213317,3850.203301
-8093.072631,3189.657320
7367.178870,2821.580881
-8154.114910,1833.757326
7560.250251,1064.674142
-6110.619293,-1898.903573
6073.835296,-3559.008358
-5507.437084,-4996.148218
4219.351029,-3584.589450
-2987.844171,-243.150646
2958.422291,2823.854687
-2011.146184,4826.262036
178.630534,4936.558942
-808.175324,4155.178373
-354.995640,2292.139930
548.071227,1230.239560
327.908178,-1549.149106
-591.361157,-2850.197328
-5.307431,-3433.590192
744.803983,-2155.396507
1719.099135,-1980.639866
-1498.898175,-2325.352274
2611.965098,-2847.135320
-3212.321354,-1815.520076
3560.150657,746.269164
-4120.348758,2163.454584
3974.559219,3515.571742
-5113.032922,2694.935752
4917.514008,2958.066772
-5332.678027,1958.104411
5873.869675,87.624381
-4971.213866,-2217.540570
4473.466337,-3388.637728
-4794.396780,-4290.686766
4230.337241,-1541.872409
-2843.390246,681.101464
2357.427234,2419.921336
-2177.699475,3780.113218
706.238628,3793.879931
-403.692171,2098.396777
-276.047945,62.013497
1318.690247,-2853.965582
-2235.028233,-4301.530978
3538.922607,-4285.875444
-2606.494477,-4925.918034
4799.731278,-3241.422377
-5857.404670,-1231.895376
5457.946775,1736.258637
-5898.440139,3757.003398
5767.219065,5231.957828
-5569.548105,3807.489998
4457.096266,3000.268513
-4741.198196,65.863306
4594.799816,-1170.310781
-3485.043154,-2364.497619
2968.558949,-2917.528219
-2597.828326,-1856.752069
1957.836130,-338.674088
-1121.089038,2071.853690
2515.491274,2292.835983
-2665.514833,1881.607094
897.198779,473.116323
-1900.093362,1264.653897
3287.735914,36.532903
-2537.339256,-2415.784647
4019.361417,-4484.414642
-4760.774260,-5213.448949
6057.448569,-3179.054024
-5208.526759,-1986.952264
6476.007879,-897.682436
-7001.835576,-694.236149
6399.251108,1385.966586
-6996.959902,2996.668564
6956.415666,4834.985455
-5943.463638,3588.552352
4924.984030,1764.117921
-5886.781743,-999.373793
3925.170182,-473.814369
-1825.759833,-460.046497
2037.579828,-340.890695
-611.023328,-1294.654167
-437.867479,-2328.234974
374.401153,-158.199525
-174.395006,354.706678
1325.342023,866.104493
-1895.553490,-320.675061
1223.434048,248.733832
-1602.066230,530.244245
2376.196468,558.079269
-697.212589,-1458.341186
320.970796,-2929.372152
184.102453,-4130.606955
-604.311900,-4064.536682
2129.863523,-1430.322214
-2666.674912,664.163989
2073.408041,3669.283207
-3598.501461,5855.394464
2198.576738,6726.580645
-1682.870962,5075.141156
1714.711050,2257.055582
-2246.882315,-2047.745199
1260.906618,-3886.666447
-224.056977,-5228.302357
1591.991814,-5108.709593
168.687248,-4668.725530
-731.317920,-3545.280358
1152.644805,331.801468
-1131.684890,3438.709258
2067.779493,4525.766379
-3158.381337,3202.118923
1920.852707,2242.210007
-3204.955819,1078.630372
3192.955006,825.696812
-2459.472376,199.727591
2437.679339,-639.809156
-2490.222570,-1853.017099
2280.638413,-2043.561531
-643.305761,-2545.433714
1494.531844,-2442.546215
-495.776797,-2708.021471
-458.908490,-1185.296176
-6.620946,1320.204492
-544.621677,3314.810186
1571.033095,4032.871285
-1568.071240,1462.013639
928.456082,172.687690
-1079.751339,-1135.449731
1400.025190,-1082.022436
-272.060531,-2502.569421
-314.098656,-2575.992801
575.062373,-1880.193696
-1412.742718,367.420329
2656.461590,2979.371063
-3113.785972,3725.967815
2941.928900,4123.980440
-4721.787555,2354.323530
4907.596743,255.646920
-4543.569202,-2687.629790
5266.778350,-3397.295492
-4690.076755,-4057.809825
4772.025147,-3207.315518
-3734.022692,-2689.782325
4507.020017,-1550.313985
-3777.973098,-865.678468
2453.594862,792.576979
-2675.094417,2844.551226
2345.353070,4038.504844
-1817.535627,3516.200898
1216.897443,1087.477810
-2587.791308,-183.061391
1657.359233,-478.380466
-1198.846367,877.446230
2334.289270,253.290469
-2621.596574,-991.365914
1961.072307,-781.707995
-2764.761377,355.471240
3664.347163,1156.581345
-4437.705484,2018.493858
5120.228968,1112.289641
-6258.063906,-484.674103
6645.490464,-897.841764
-5291.272496,-3556.847144
6576.578154,-4310.700690
-5711.397096,-5557.133273
5211.831165,-4030.177181
-5083.445575,-1548.867680
4901.786015,2033.350982
-3401.030338,3275.021202
1647.448911,5107.126607
-2457.412158,4980.668693
752.766429,4871.471754
365.729318,3757.765984
-733.666776,-1613.367574
1677.465925,-4193.522667
-2098.221446,-6297.979543
2716.255979,-4626.370425
-1257.584113,-1711.632472
1611.543361,1083.838895
-1509.825727,2197.394252
642.705937,3336.165607
-762.205165,3226.685504
350.495338,2893.493171
540.172689,1673.434591
-2052.913913,-669.425232
2199.602174,-2010.423736
-2085.726149,-3431.642494
3585.998543,-3932.390876
-2211.172245,-4071.076231
2271.215949,-2316.589036
-1770.664811,-1330.244236
1775.470351,932.131794
-858.904700,735.171305
234.352278,464.885995
-476.589469,833.396150
-711.071668,1930.433490
1470.771741,2617.611651
-1928.729072,1852.002922
2516.801483,527.450244
-3649.575594,-1671.328875
3460.737569,-894.221272
-3100.550181,-720.063569
4856.769152,-561.291405
-5632.098058,44.144313
4907.456517,414.548262
-4887.166224,756.269380
4863.370473,1479.141075
-4838.199256,1392.737687
4512.543781,1546.301745
-5099.932515,408.089687
5359.808767,-473.175671
-4053.476085,-2513.521593
4964.930635,-4608.086839
-4633.531755,-5279.051948
4492.079498,-3322.213163
-4430.718628,-873.584288
5358.292711,1389.060382
-4987.258096,3144.955402
3326.265790,3051.544081
-4246.457693,3575.833730
4260.258215,4209.201169
-4046.496449,1830.609854
4105.333097,-1071.682401
-4887.995662,-3098.079740
5012.481183,-3475.844264
-4708.820044,-2208.237506
5844.209303,-472.065371
-5679.696957,909.470465
4958.117061,2289.251151
-6111.993856,3110.985044
5833.910575,3681.040905
-5384.126124,2324.134856
5129.315562,252.556128
-5397.401503,-2385.441200
3953.232139,-1387.307354
-2796.606888,-2193.462183
3488.632556,-1945.003574
-1802.246612,-2899.799537
833.186595,-3295.928731
-823.936289,-401.965765
-91.249900,1903.797176
1143.744430,3491.441265
-1964.895019,2517.814247
870.976382,2141.382984
-1457.399710,391.802764
1213.842142,852.779012
-498.129892,-52.576643
192.428179,-702.317093
395.711054,-2129.497039
-1724.285318,-2989.092083
3263.622356,-1567.973508
-3777.042747,343.509225
3927.937766,2742.733478
-5488.466430,4289.184614
4902.557702,4763.292942
-5060.449055,2369.704088
5037.706607,1363.338741
-4924.233680,-2239.563459
4274.830901,-2911.401148
-2360.320643,-4001.060323
3055.818284,-4731.533203
-926.844838,-6082.652279
-84.375046,-4434.775847
439.321540,104.600045
-1094.084680,3817.904329
2161.633090,6771.930302
-3453.218950,5662.104833
2519.496326,4572.691189
-4848.447175,2586.150628
5504.558686,1013.001526
-4568.917912,-1674.638488
5083.448980,-4085.481869
-4942.332683,-5334.261758
5194.781966,-4581.947818
-4044.973390,-2905.553437
5606.465438,-836.417894
-4950.798841,643.360565
4131.083184,1680.271059
-4882.066244,1940.729852
4336.908189,3812.319960
-4408.432042,3359.543654
4129.572980,1639.821087
-4785.054507,172.452741
5089.484810,-2170.012746
-3323.901462,-3597.698786
4063.628346,-4322.892138
-3516.888474,-4929.541226
2907.955047,-2508.669509
-2247.287754,6.307928
2651.093837,2262.183957
-3161.772354,4452.070713
2323.614905,4731.453170
-3234.458219,4616.901733
2913.833175,3489.136831
-3220.423629,194.454730
3466.088420,-2925.611673
-2557.436951,-5146.780047
3159.081003,-6586.342391
-1760.262244,-5267.850649
2356.755750,-2209.446315
-2470.125193,246.275502
1421.616058,4395.800327
-2275.703461,5795.641789
1332.458765,6867.283443
-712.807762,4972.621325
-365.511298,822.709675
1504.602101,-3009.877979
-2008.364679,-6215.711006
3297.346969,-7349.577752
-2413.924366,-7345.225316
4072.729393,-4876.835498
-4141.477084,-1222.156117
4201.134132,4078.388380
-4399.422425,6441.906259
3630.094895,7444.052387
-3768.948084,4698.467642
1244.094145,2886.578294
-2140.465875,1196.113302
1801.283270,-301.528188
-372.517191,-1719.258733
1260.620386,-4204.861658
-940.654997,-4310.833143
262.331003,-3215.829967
380.631587,-418.531107
1207.164703,553.108684
-1576.470495,1828.760522
656.482870,1546.421240
-2421.654354,2525.726126
3896.138961,2123.962047
-3666.077661,-333.566914
4426.549666,-1822.399018
-5616.580049,-4610.020430
5901.816995,-3677.049906
-5216.195537,-2075.636980
6275.262801,-305.881750
-6183.392209,678.420590
5223.816831,2229.922775
-5713.436049,2625.689763
5287.637128,4039.237391
-4994.657964,3305.686376
2824.882350,2490.047919
-3924.336213,2067.356408
3277.101271,1154.283627
-1140.942705,-569.566623
1621.441610,-3090.176240
-802.950045,-5572.754458
498.934896,-5147.400479
557.737291,-3175.781045
-992.880743,-888.792843
1449.264042,2092.110748
-2220.506771,3160.335138
1627.297026,4840.925807
-2078.199302,4773.263357
2358.717297,2796.189052
-2085.084331,-943.285469
1993.159980,-4664.953024
-1855.517118,-7160.909807
2604.613325,-5983.707518
-923.183851,-3633.752403
832.945125,53.557345
-1138.209918,4055.051244
-35.516110,6397.283607
-405.842721,7200.357275
-256.781321,5142.836719
-553.479925,2541.216385
118.631676,-158.096117
-1027.462556,-1758.657119
2052.624260,-3787.175489
-750.147598,-5077.256959
1934.684303,-5601.193524
-2123.762603,-3936.124934
3011.804547,-922.704103
-3599.602610,2459.545977
4923.952165,3953.668492
-6295.189662,3014.169605
5350.096385,2487.066276
-6193.065594,1004.908495
7165.548157,255.303379
-6314.901265,-2367.186146
6280.702406,-3303.859742
-6453.468571,-4006.119990
5959.572628,-2186.381388
-4097.924308,-1074.895969
4129.088443,1334.624906
-3699.535040,1788.357085
1551.224283,3472.878402
-1141.921983,4330.091268
318.792270,2426.644510
577.429515,1077.562048
-1461.650172,-1961.794622
605.879399,-1587.287911
-204.152989,-1389.340037
1771.333243,-821.850112
-385.513878,-2304.465961
-449.667408,-2477.864489
503.757206,-1851.974606
-1048.393415,465.761663
2388.603966,2581.570870
-3493.304346,2680.946016
3187.325807,2880.828893
-4810.357009,1618.754252
5783.833957,814.356764
-5046.557245,-1337.281738
5689.269540,-3069.700624
-5252.613675,-5070.092929
4952.559941,-4420.092513
-3719.335377,-3552.004414
4566.357447,-989.366051
-4591.929721,1374.241448
2504.501577,4699.109942
-2717.985254,6771.633493
1804.118664,6824.285747
-1682.123613,4407.602633
748.029185,22.332303
-574.205079,-3273.999462
37.083366,-4774.351035
1714.070305,-4515.572847
-1264.444216,-4145.439414
1526.290406,-2198.534013
-2088.103446,620.592812
1936.811801,3389.492575
-1659.014836,4655.007278
2196.374194,3813.177525
-3374.709542,1263.952822
1934.008209,-438.992815
-2316.518892,-1361.060320
2915.794432,-1805.831704
-1151.198455,-4140.691537
1761.229035,-4333.877975
-1159.027851,-3653.681903
655.536341,-1607.738513
292.431723,1124.462152
-319.700118,2198.984915
-705.367853,3261.026585
-671.063420,3567.356523
-174.295550,4758.105959
557.712988,3923.319360
-510.053039,2154.638727
883.607789,-1922.405758
-2189.534432,-3906.374315
2767.645129,-4130.586609
-2336.547974,-3203.412151
4860.350851,-1610.882395
-5282.332148,-1210.633827
5601.508732,485.270314
-6650.371476,1787.658237
6423.320259,4042.248020
-6421.626715,3060.684531
5420.881248,2474.218062
-5816.686319,606.415220
5428.202942,-231.445541
-3956.200940,-2346.832693
4103.041809,-3488.590410
-3204.535805,-3887.644430
2417.350583,-3365.113191
-1406.525877,-1841.674282
784.906896,914.494604
-322.953106,3674.947383
-1097.529449,4427.239642
1509.278302,4175.476605
-2357.264458,1871.802905
3140.098921,-1170.789246
-2851.227371,-4153.833250
2659.402752,-4666.400664
-3002.190187,-3696.499290
3323.703120,-375.000120
-2116.921554,1215.490928
1400.143338,3157.091420
-2555.238998,4273.068598
1705.472738,5020.816871
-1275.484869,4100.662993
1269.381997,236.256255
-1505.905516,-3089.298489
1168.117947,-5099.727091
-696.197650,-4328.392582
2185.349112,-3865.084181
-1076.511905,-2016.246969
2138.389692,-972.749434
-2938.032559,2.683362
2511.164824,2237.246049
-3419.618648,3726.527570
3587.905535,5212.329752
-5463.117038,4519.484016
4251.942946,3570.922612
-5725.071046,3070.185293
6333.748209,1527.531571
-5878.043402,-1286.588916
6324.308477,-3794.390367
-6323.158123,-5897.852707
7240.306929,-5481.472371
-5745.139804,-4869.257398
6137.916189,-2675.686128
-6309.888172,-274.682174
4988.699971,4080.770903
-5150.651822,5529.421889
4325.527848,6051.080725
-4612.199685,4293.008955
3245.741572,1243.748302
-3066.346002,-1228.224475
2854.171710,-4086.339707
-1022.741465,-5340.350941
1279.713696,-5412.477922
-1413.568061,-3092.371968
1070.031107,308.254476
-1131.268285,4472.125081
1238.773433,6513.489847
-2486.493969,6679.758244
1541.180595,4680.339327
-3057.739722,2169.838102
4090.930379,-701.328385
-3823.886003,-3981.102820
4195.770362,-5888.000161
-3780.410223,-6145.083150
3999.101754,-2973.083040
-2836.167130,-748.049964
3412.221886,2097.509941
-3147.008672,2232.242275
1045.567090,3833.928035
-760.129758,3515.215823
-271.838548,2440.284226
987.555321,624.442510
-2387.265054,-1638.275914
3492.721180,-2484.197239
-3752.425247,-3755.152478
5433.329730,-2417.664091
-5167.387805,-2591.871109
5389.800259,-800.606274
-5744.271719,422.135862
4996.407172,2585.473346
-5242.984490,3972.227970
4914.792276,4375.011637
-5155.377719,2976.971595
3919.322491,1025.655331
-3578.838987,-592.399412
4275.468357,-2531.869514
-3850.242951,-4083.641458
3814.567473,-4158.439262
-3539.043255,-2207.933947
3486.537546,675.899640
-2807.054969,1924.969075
2734.025833,2700.020644
-3351.242952,2644.645572
2436.444940,2261.404505
-2619.866455,1279.240820
2483.176264,-251.039547
-2327.050986,-1439.016361
2208.798218,-2195.837751
-1952.169494,-2563.730301
2820.255245,-2392.826377
-1745.852721,-1603.959737
2628.010306,-1942.252650
-3537.923492,-655.581080
2427.432386,1885.984299
-3159.046355,3692.175517
3655.113955,4896.250938
-3864.769188,3238.259854
2282.362772,2263.483025
-2351.966026,419.605531
2396.925754,-646.298953
-638.514559,-3467.952909
93.117018,-4843.835959
66.194000,-4184.383486
-212.856715,-1935.549394
1907.004114,663.936703
-1895.039370,1639.543326
2491.668034,2645.506270
-4874.945332,2610.091413
4422.387150,2764.600348
-4166.149702,1254.199019
4739.443550,318.841084
-4461.699169,-2555.863008
3580.502751,-3124.280781
-2884.588894,-2556.756505
3624.604890,-1477.625134
-2631.116247,-468.883280
1537.461319,431.825598
-2159.715913,1564.084106
1518.823100,3745.015755
-992.389780,4319.768990
734.281369,2345.129213
-1402.374764,736.996091
644.784324,-2021.140056
-485.079958,-2096.505154
1660.447437,-2576.702141
-1593.706962,-2872.061653
2649.785033,-2322.133350
-2669.248354,-1944.175698
4064.320410,-1489.845126
-4064.163052,-650.082245
4221.032996,450.615344
-5073.240318,928.249011
5454.613987,1957.660694
-5844.056034,1283.241735
6835.316690,486.939685
-6425.386870,-1233.837917
5916.722777,-1198.082169
-5498.342089,-1303.117048
5763.754987,-510.534582
-4576.311445,-1086.850645
3505.093537,452.778628
-4398.551448,2790.454019
3542.737380,5061.831522
-2853.853674,5892.231483
2658.852826,3180.408426
-2060.371555,-1229.808430
1688.820074,-4722.425175
-658.692091,-6166.310128
2265.353287,-7341.154792
-184.880164,-6349.529060
937.909726,-4831.080128
-811.756601,-2458.986776
626.721667,1816.883675
356.855844,4270.426639
633.328866,4486.529800
-1886.247494,3219.344047
726.822556,954.956428
-1414.286575,607.263678
1773.102118,-406.346368
-1323.401619,-1367.276134
2403.867690,-2012.498468
-2889.401796,-1918.345472
3491.993862,-675.940826
-2222.353984,-190.998184
2348.730742,506.075493
-2937.511670,186.295295
1541.407734,2510.871480
-1144.314415,2042.496009
1063.899358,2605.022310
292.004965,1136.934025
-2176.772443,-811.733339
3868.147006,-2561.221865
-4143.609371,-4326.386621
6195.977394,-4536.637695
-6289.833138,-4979.146630
6968.347635,-2043.679073
-8281.937990,440.219428
8554.029271,4558.123910
-8158.003031,4812.780010
7447.023665,4338.964769
-8071.998445,1333.881617
6515.315728,249.072862
-4894.730818,-1790.408176
4313.445922,-2563.440051
-2809.051331,-4252.738562
1790.693966,-4221.475979
-742.177972,-1089.362270
-114.824284,1621.950109
435.211497,4802.625893
-1375.111952,5242.925333
206.154659,5708.451354
-916.659746,2487.931724
127.261640,1033.573915
525.392358,-1585.431653
-1089.280182,-2856.052244
2610.136899,-4478.209626
-3147.269175,-4801.498741
5025.157807,-3335.136104
-5366.130495,-2780.013025
5554.157296,1429.164965
-6411.763128,3358.403030
5894.442563,5375.067628
-5701.593038,3528.833550
5367.363355,1482.457812
-5442.106682,-1614.489482
4314.744890,-2690.678025
-2613.473036,-3154.774676
2570.694911,-2996.832549
-1654.709104,-2298.739638
188.849682,-304.946847
732.927646,2564.657761
-1185.739899,3481.621971
1954.659162,4085.842687
-3339.904591,3365.330202
1042.401144,3538.219372
-1676.694324,2000.106197
2230.018507,685.986013
-1235.454339,-1953.588991
866.112931,-2985.260255
-1043.536100,-2929.242620
1613.518836,-2422.531542
1377.106081,-3408.999300
-837.152631,-4681.014223
719.100285,-4016.269736
-2542.771820,-1017.169111
2477.815537,4628.365796
-1719.308912,6296.082792
1580.313634,5715.217451
-3002.361346,2439.686043
1258.454506,54.364553
-940.508590,-223.360045
2138.135591,-1527.707473
-1492.285696,-3364.466639
554.086010,-3778.292849
-727.740251,-2948.190616
487.146890,742.715915
1243.518117,3448.713102
-2068.979999,4134.940724
1506.788075,3696.425164
-3378.018788,2472.078539
3089.469461,1181.366341
-3177.771748,-173.881979
4200.098716,-2198.509652
-4975.914508,-3244.548446
5861.375166,-2708.987917
-5166.383585,-3568.018356
7325.746067,-3135.904888
-6771.597793,-4133.070616
5638.428961,-1619.341168
-5280.752291,649.658472
4575.914991,3652.139053
-3869.701044,4713.066942
1956.318044,5005.139981
-2769.883883,4267.020025
640.246574,4131.845691
286.160400,2592.617114
-585.152881,-378.486031
1694.012704,-2759.108019
-3161.116437,-4878.693484
2909.662909,-2288.107878
-1893.265366,-992.264280
2659.702954,1496.618478
-2748.367543,1470.382573
706.153724,2162.972355
49.126873,1969.102244
-660.547189,1454.370346
1950.205039,-845.062797
-3048.851518,-3340.029636
3381.873946,-3629.800172
-3881.432861,-3865.753458
4810.032324,-922.506609
-4447.124028,-217.049599
4117.756684,2113.076752
-4760.029795,2412.653407
3768.751507,2890.347700
-3098.410628,2412.501958
1288.678323,2464.721536
-1616.721040,1354.347336
-155.795515,1050.427934
1051.377708,1381.264895
-475.452165,-1365.235590
1899.825411,-2876.203331
-3005.409888,-3366.509628
2762.204730,-1341.242215
-2846.768582,797.204736
3019.660853,2447.715701
-2894.602882,2151.342859
1602.258383,2695.270215
-2695.532263,3132.249816
3486.971293,2406.603338
-3136.414898,636.732727
2646.351078,-2583.323098
-2450.660622,-4741.579103
2064.815082,-4385.534973
-1691.874247,-2619.802109
3997.215944,-674.860373
-3296.057535,142.308602
2370.816338,231.108431
-3604.913254,1548.350999
3670.246175,2703.950634
-3754.467464,2393.180808
3346.170946,2618.725317
-4092.156605,875.369695
4061.065991,-440.755178
-3340.606779,-630.324960
3466.840897,-1651.728681
-3763.352903,-2095.354014
3688.063657,-499.354226
-4558.589331,1106.684030
4144.408630,3139.963007
-4295.013089,4671.794187
3648.931156,4362.520054
-4820.715050,2996.029808
4675.197417,498.178300
-3396.361840,-3294.402381
4136.781415,-5874.439085
-3402.965803,-8495.388194
3860.418530,-6883.251760
-2072.442566,-4423.683378
1630.269462,-572.488903
-503.019970,2160.680329
-1451.859989,5362.215591
521.952801,7810.357216
-2776.146744,8110.346187
2632.288187,7020.027666
-3695.967181,2398.391366
3408.682846,-913.949125
-4935.475818,-3845.869841
6059.251900,-4262.004954
-4389.061178,-4858.998126
5132.172092,-3928.422107
-4821.260340,-2818.921389
4006.863914,510.243055
-3698.007288,3149.880049
3252.817184,4388.075640
-3223.301376,4445.467183
2068.784122,2140.413710
-2695.449567,5.800490
2884.462048,-1751.938198
-2072.809218,-3360.150548
2605.242082,-3906.406580
-3071.463850,-2968.703750
2959.459129,-1595.577940
-2080.204709,823.898741
2991.274737,2019.839451
-3616.177027,1972.272873
2992.120976,2291.769864
-4424.990595,2485.480680
4841.936420,2148.846878
-4969.831699,448.778927
4676.665812,-809.329825
-4846.634086,-1594.709796
4896.673707,-581.444445
-3984.254956,-678.796451
4967.764857,-1011.841778
-5047.290543,-1681.608484
3203.721422,-6.400060
-3099.798600,1749.034664
2301.573129,4310.857659
-1658.227832,4181.379334
148.800112,3166.975287
138.480795,883.953679
-1512.760741,-1429.701218
4183.900267,-3865.922926
-4321.886215,-5972.679998
5864.579751,-6488.931231
-6174.768640,-5868.403232
7338.892808,-2327.295259
-7022.685886,-40.500867
8042.579697,3370.366287
-8846.929659,3315.019694
7392.612598,4540.178878
-7163.296074,3364.519362
6958.226981,1802.752146
-6633.853042,-964.488334
5571.709931,-1992.514513
-5513.979927,-1384.019189
5220.914462,-116.838049
-3781.381518,1572.168984
3216.811641,1613.275970
-3662.080161,2334.346962
2776.579456,2848.930737
-3763.976666,3771.887270
4484.289232,2088.786821
-3931.310677,-1073.403057
4409.555690,-4040.759247
-4558.889570,-6159.773506
6716.326129,-6469.693706
-4939.648986,-6333.956806
6265.324624,-5041.893372
-6025.004506,-3673.790221
5635.804279,75.025756
-6327.580914,4145.270712
6258.347071,7261.383223
-6690.524653,6820.289847
4824.902691,6083.310000
-6133.356895,3737.069592
4265.744603,1970.644684
-3321.893682,-182.229585
3022.631708,-1783.129485
-2617.003183,-3378.297192
2072.019266,-3431.292783
-184.412918,-2313.898398
-259.524282,-751.287230
1711.786379,-655.713323
-2711.577201,-106.837482
3036.676889,759.653805
-3834.013626,-112.324385
5416.357917,-83.997424
-5308.098350,-1797.190628
4963.720884,-1753.495120
-5449.348375,-1740.727795
5933.932427,-417.396722
-4340.736676,-1224.530405
3947.280727,-526.931652
-3949.762981,-415.682405
2515.295752,2244.481417
-1845.320788,3911.406695
604.635427,3807.977084
-61.756038,3475.864409
-1957.827588,1896.885317
1870.042432,1387.539981
-1069.856725,-605.756308
1860.478687,-1075.098736
-1193.099456,-3725.266897
1089.649511,-4481.190780
377.305274,-5234.307607
-331.385843,-2772.419776
1678.864781,61.676636
-3632.152003,3008.515198
4002.433537,5276.216322
-5517.450890,5089.937931
6289.568400,3956.215430
-6878.505993,-201.023500
6289.570454,-1171.227213
-6736.258965,-3454.223096
7832.487860,-3501.103791
-6103.336032,-4676.440979
5874.310440,-4466.893799
-6133.234333,-2093.073538
5549.586888,2185.273589
-3888.289281,4170.492277
2738.599388,4532.638910
-2892.829398,2926.986000
986.233955,725.349983
-1288.994152,713.840901
1184.373497,-500.042769
214.668411,-1525.495350
315.169382,-2944.489628
-785.737719,-3499.276300
518.778178,-1999.750483
-237.539226,1184.822195
774.996591,2635.232208
-1221.280684,3375.822241
-108.893428,3094.282529
-689.277846,2616.398900
1107.670812,2404.706438
-631.510776,-955.117606
1327.809380,-3740.995866
-949.801676,-5354.456148
1195.709469,-5675.691068
713.334002,-4847.403385
324.069905,-2737.508256
159.669040,-408.554731
-671.658645,1887.778342
859.894228,3630.883479
-1199.107303,3840.910676
1557.913619,3269.405928
-3501.498224,2871.410544
2466.107508,2525.367363
-3138.725925,2175.084963
4609.172847,207.493875
-4132.740919,-2157.505263
4233.302489,-2776.927610
-4884.820842,-3105.139484
6232.768682,-1676.808896
-5478.288406,-647.168143
6144.981922,-755.772522
-6780.217509,-1444.124593
6019.174122,991.794192
-5095.760024,1365.805325
5895.347795,1235.170063
-5160.603626,-1018.867546
4405.524352,-3515.925187
-3325.273131,-5048.255209
3994.122164,-4716.706408
-1925.646150,-3472.951050
1066.994516,-726.476452
-1483.146424,2045.174949
298.442293,5048.852769
-395.090367,7548.099637
-1050.664934,6532.691357
474.131819,5639.098256
-1693.344449,3150.594256
345.833641,984.357572
1255.940058,-2788.918960
-880.939601,-5159.151457
1019.530147,-6187.929344
-885.236118,-4889.784792
2545.293289,-2073.221416
-1868.818440,-139.326111
3116.472525,781.612965
-4066.354340,-64.181600
3301.963830,1191.616156
-3794.332143,1504.056767
3667.427313,1972.823961
-2710.219456,-136.171506
2136.805372,-1223.044302
-2110.475524,-2289.223529
1492.247258,-2068.208991
393.840451,-580.268302
-946.895874,-52.821689
490.670576,707.804665
-2325.491360,3110.676872
2215.753822,5255.236272
-2566.092436,4556.506769
2875.323603,3553.594832
-3338.754066,64.340569
3416.598047,-2841.940974
-3506.609455,-4471.668720
4531.310731,-4667.189174
-3782.864340,-3695.166623
3472.465303,-1371.740576
-3526.154447,967.289852
4053.543011,3117.061075
-3427.270830,3131.511908
2359.196242,2819.893563
-2869.254982,1344.292723
853.349970,922.533434
-57.592859,-206.626590
831.896974,-1748.198047
-733.116066,-2682.308744
1091.535288,-3475.374714
-374.747495,-1865.701737
1039.930075,-1690.814355
-383.282287,-881.847400
380.585686,-718.763033
-2658.068724,1831.752275
2501.735507,4179.932683
-3378.895760,6243.865641
4032.358362,5711.659217
-4939.172921,1519.500416
4534.916867,-376.420941
-4782.879693,-4321.572312
5602.968258,-4271.099282
-3977.005694,-4959.583401
3272.090892,-3684.133383
-2470.285274,-1241.548583
1028.054673,2545.068577
-381.681664,5178.363846
-616.130937,6064.822351
943.898055,4660.675193
-3704.852238,1863.788927
4959.126426,-621.618328
-4568.696273,-5163.809784
5930.463451,-6467.371110
-6008.311921,-6662.413429
6467.828284,-4204.789916
-6038.129419,-776.653019
7131.258554,2305.327419
-7103.609919,3165.877538
5360.492854,5155.244578
-6619.137332,5498.681240
5200.540691,5818.387411
-5636.089151,4170.224623
4386.905753,2012.129760
-5028.390115,-67.186907
3900.107119,-1735.912650
-1732.113441,-2896.558389
3881.770238,-4729.864553
-2970.468928,-6598.090334
2472.617651,-6323.007390
-1946.400814,-3261.819390
1700.824515,532.797365
-886.742508,3630.426647
529.745982,4850.486433
-2051.934503,4975.232070
1282.860838,4416.014989
-909.884929,2158.357785
1565.242404,-2043.757729
-1975.629218,-4796.721189
1382.725842,-5193.103765
-1405.928288,-3087.936306
2691.918081,206.842966
-2190.357456,2939.007551
1777.419620,4067.464531
-3269.220525,4475.946161
2747.680283,4498.914364
-3037.492628,2249.708608
3026.823743,315.186357
-2548.995357,-3096.816033
1756.283687,-4199.284568
-534.951969,-4577.689996
852.558578,-2682.653033
1111.535973,-1524.574932
-3012.003982,474.662783
3110.369781,2541.798726
-4164.734524,3807.015288
5196.083222,4051.768597
-6045.126192,1110.019154
5669.975247,192.842507
-6851.180157,-1811.927923
7514.948450,-1674.087644
-6217.981607,-3636.981134
6356.638169,-3412.675410
-5361.951878,-3500.879269
4518.526320,-1041.150042
-2998.268739,709.675420
2248.927838,2149.040707
-1625.777446,2979.604592
-216.535498,1848.186159
102.094251,2347.312982
-186.909551,1308.441482
1319.096429,289.270105
-880.517098,-2021.890053
-354.561634,-1819.360560
384.427292,-1686.934811
-294.056767,493.328041
1791.369526,1136.841235
-2272.859100,794.597076
2498.361549,1288.872154
-3855.923651,1479.473888
5136.139429,1542.539248
-5478.972669,-486.620685
6306.019644,-2262.091770
-6362.336663,-4066.721834
6523.355645,-2809.038011
-4914.449290,-2971.562743
6199.575976,-1639.861869
-5154.075781,-2081.549331
3851.969962,-1396.995977
-3732.570063,610.618368
2279.060589,3828.124085
-1403.151564,5021.105730
-182.455099,5401.113558
-425.096034,4426.686943
-1498.771346,2374.681100
2469.106166,1043.671874
-2571.352297,-2531.168745
4543.308416,-5318.728192
-5019.152409,-6745.037995
5261.715099,-5032.186945
-4182.984200,-2725.190651
5056.645896,474.685568
-4770.469713,1354.991029
3400.391118,3739.539247
-3684.799248,3885.272393
3497.363030,2625.490000
-2964.818856,1089.014287
1858.174265,-1107.538535
-1598.444304,-3206.796287
1702.139967,-3654.626692
-274.378383,-3211.563409
1131.390367,-2825.162645
-1011.321638,137.317943
-178.396845,2011.089815
-1052.357983,5214.733760
1550.910489,6093.490963
-2713.766764,5179.619544
2468.929397,3019.184843
-4799.242509,1041.196329
6347.797997,-973.561460
-5086.643508,-3913.779486
5922.072253,-6071.229545
-6203.368821,-7526.526905
7288.533209,-4374.108348
-6715.652373,-1629.401085
7707.185576,1922.135057
-7628.683663,3265.718118
5691.514601,4963.465363
-6454.169372,4585.816559
5297.391050,4138.145903
-4544.797554,1721.996111
3623.054900,-1011.723767
-3369.080052,-2865.319445
2945.066349,-4532.409524
-1208.995691,-3742.144342
2249.543361,-3324.661080
-1676.015517,-2792.087932
590.416656,-9.696888
-729.872323,3075.243056
197.382251,4839.738188
13.627833,5140.806152
-1017.522185,3259.647253
-829.663097,2192.934660
172.460015,1387.159331
735.611705,-609.467015
137.924396,-2950.153323
-302.498218,-4275.642493
184.976615,-4214.870322
638.495633,-2335.702699
560.191251,-1063.241834
197.523865,-160.507027
-1265.818459,1787.461282
-280.545955,2821.434418
39.159213,3858.034862
1046.907534,2567.232660
-877.257582,-103.324302
1097.186112,-2793.903186
-1874.593226,-4453.771603
2790.203868,-3750.406524
-1656.618646,-2270.526928
2630.550291,-1318.322895
-3879.672745,86.620617
3824.697187,2838.731730
-4254.850921,5027.221241
4852.510357,5522.766371
-5449.909318,3264.450020
3523.235875,1510.055004
-4007.110139,-657.986515
4802.526819,-1576.026636
-3369.721938,-3289.468256
4175.627356,-4485.561835
-3280.356420,-4829.330345
3535.417915,-3259.210110
-2996.038791,-1179.421286
2806.819309,1149.252770
-2245.041995,2501.947180
1034.237601,3117.690008
-1233.269377,3611.220842
839.324960,2384.218347
-297.450128,767.119661
685.316911,-2263.779403
-1122.509837,-4598.297216
1623.407406,-4701.433262
-391.893343,-3723.255983
1852.102150,-2769.025687
-2448.551870,300.448399
2179.934127,2869.031854
-4098.892649,6055.443648
4139.521014,6796.209592
-5136.905173,5017.950517
4666.574817,3557.148850
-6151.784137,327.616149
6477.079221,-1408.984507
-5451.727988,-4336.620987
6375.812345,-5537.950119
-5613.747524,-6478.919117
5710.440298,-4572.766970
-4175.558835,-3008.780954
4779.700357,387.603575
-3482.551875,1792.029863
1764.978214,1943.933640
-1953.265179,2757.949480
760.963933,2210.003550
117.936310,1958.075556
-465.299213,399.855763
20.248090,-629.545830
-603.730653,-834.794287
932.713308,337.651235
-5.813685,-221.670513
-406.045061,59.973619
383.048389,-66.410831
-1000.151117,998.688491
1890.411132,1737.780999
-2205.084954,858.037286
3209.329255,-604.684221
-3725.231387,-2085.866244
3750.885634,-1819.683377
-2973.198957,-2377.084041
3966.002705,-1438.971861
-3434.939955,-1735.276954
2919.643205,-356.868086
-2817.302692,260.694928
2266.696066,1782.958961
-920.584318,1929.852565
-103.186157,1168.693618
359.192680,387.182357
-1781.526403,193.906463
2819.526213,146.347941
-2517.493512,-1503.108721
3955.729784,-2250.943367
-4377.754880,-3510.763284
4576.865713,-2261.350852
-3753.378804,-957.057220
3322.366070,1853.531549
-3906.943970,2960.325050
3008.514343,3918.023753
-3332.692776,3981.386592
3124.827060,2693.205443
-2633.712472,631.618698
1780.944015,-1199.178130
-1288.241163,-2974.919370
1439.936985,-4511.095453
290.229972,-5021.432757
801.873256,-4884.828576
-936.889077,-1944.589279
1239.019422,411.965082
-1743.373906,3583.561844
2086.143556,4854.900652
-3322.342759,3469.743812
2689.648550,2324.988805
-3354.794988,1226.237040
4074.535408,-489.448808
-3814.884614,-1973.471186
5298.259859,-4027.075203
-5714.438195,-5649.221201
5915.771597,-3063.032358
-5607.845571,-863.613734
6655.480961,2419.247886
-6944.413474,4003.619424
5333.706378,4923.558575
-6020.765709,4960.729162
5027.720809,3857.914281
-4964.677283,1212.939351
4872.620481,-940.772081
-5003.814893,-3160.073629
5470.598763,-4342.936163
-4389.701823,-4124.357522
4979.296327,-3718.088709
-3321.154201,-3139.124805
2283.486069,-459.205048
-2722.395003,1584.567078
2860.704524,3328.070742
-2304.464991,3682.082766
1613.304168,1562.564765
-3273.077749,1036.661348
2539.157238,919.476907
-1628.470706,-244.787484
2917.882391,-2287.056717
-3019.227575,-3606.767087
2766.458182,-3615.099189
-2721.045861,-1072.586082
3054.103557,1431.529360
-3002.299813,2656.138757
1993.302825,5002.201112
-3824.096202,4280.534430
3261.166428,4190.330630
-2363.378429,2411.619750
2079.283585,-468.848848
-1059.026724,-3954.653181
-120.110864,-5918.698937
2114.906055,-6625.499608
-887.169779,-5298.110664
2644.183295,-3123.793176
-4545.394185,132.285546
4908.352702,4415.963516
-6159.972310,6717.089125
6561.899683,7093.878002
-7718.163204,3929.415531
6425.621657,1520.189490
-6813.790360,-1700.244703
7726.712213,-2422.025300
-6632.836398,-5103.642486
6176.367727,-4494.345895
-6120.996221,-2444.879542
5342.352146,944.870416
-3354.354438,2931.470902
2814.681890,3875.669994
-3081.150237,3477.549469
1013.055614,1739.973580
-1192.347590,1558.597241
1032.752546,-612.495799
-611.015940,-1717.090203
1178.422086,-3647.010368
-1105.034209,-3931.341058
2007.164411,-2868.493052
-1371.414084,-1522.612631
2814.221128,-1163.536968
-4037.060330,-332.750314
3475.236202,1095.327379
-4364.835084,2952.381144
4707.699837,5355.101192
-5926.635052,4579.073346
5140.516639,3734.369614
-5970.666742,1677.451494
6146.781076,-530.852925
-5052.045323,-3667.335645
5358.046917,-4867.357054
-4397.268751,-5248.639535
3838.791954,-2435.568851
-2927.769337,-539.102427
2683.780052,1845.308255
-1889.522975,3465.328195
-590.788138,4448.528847
600.560930,4775.391647
-1471.630887,3432.233246
2632.988902,383.147562
-3593.691316,-3257.645250
4076.987581,-4749.043342
-4861.704052,-4905.117429
6261.822687,-2006.001717
-4839.760182,-1415.965751
5079.987013,14.921441
-6071.811454,1140.071564
4770.218492,3244.639699
-4316.674760,3783.056114
3598.762714,4018.675730
-3606.384657,1558.135859
2117.579575,-645.083457
-1182.209265,-2206.204890
1957.763182,-3816.115501
-495.681823,-4031.336348
9.279223,-3840.204156
-244.040917,-848.858961
71.390570,1369.384247
99.716441,3608.614471
486.710483,4015.913716
-2039.171003,4191.674160
1433.578236,2594.212906
-1996.818931,1167.892000
3758.448127,-1499.045031
-3831.895812,-5265.947506
4948.126647,-6366.528394
-5435.376337,-5176.163513
7310.915649,-2036.020600
-6462.320937,224.034575
7109.083913,2142.362045
-8229.228075,2249.351106
6704.727638,4513.475185
-6386.471255,3986.094307
5572.410857,4446.082381
-4795.152576,1337.496354
3004.172958,-873.139558
-2267.349075,-2319.847341
2266.866305,-3346.472513
-230.397088,-3311.659322
66.392616,-3092.057392
438.461205,-1161.634486
-924.294223,-594.650878
1461.031012,2142.448276
-1536.363822,2028.346478
380.764587,3222.456729
-584.583321,2140.384567
-617.099155,1323.592108
2598.344556,-644.558764
-3709.297150,-3012.876542
4861.715939,-3614.253215
-5470.241041,-4159.468702
6551.315834,-2244.005391
-6099.341724,-1214.003581
6400.291807,1131.498368
-7275.011028,1672.600960
6572.770904,3692.925761
-5966.142146,3005.209387
5545.897041,2193.839083
-5050.069690,-673.302598
3631.502765,-1770.076260
-3143.179964,-1631.856690
3035.262876,-1347.261501
-1483.540243,-273.222439
1097.531434,-718.675242
-1661.154278,1312.262986
1383.317036,2341.576311
-972.019691,2615.293328
986.621891,1756.893207
-1835.308838,748.589560
879.003709,328.636933
-1628.315327,644.334067
3056.393347,32.375046
-1811.793963,-2554.529050
2750.826967,-4317.264133
-2500.239285,-5909.378397
2983.806258,-4790.313375
-2326.377928,-2242.367995
3134.290972,-172.030890
-3729.949826,2196.315725
3007.821242,3212.050809
-3437.842784,4307.717958
3776.491033,4740.657309
-4110.904551,2247.947362
3539.514045,-44.076747
-4659.675652,-1712.181538
4258.145333,-1793.097246
-2875.163865,-1958.660632
3364.153167,-738.876793
-3154.729842,-418.418555
2322.478670,1673.101493
-1380.310559,1674.082978
84.907350,1736.073791
656.261793,1066.266088
-2223.738576,-207.335611
3598.315936,-814.030118
-3964.429576,-1730.257274
6064.178098,-3003.778417
-5457.961495,-5103.232320
5955.398399,-4134.053968
-6831.388657,-3270.900373
7227.481112,652.150039
-5982.540218,2088.639702
5116.828753,4219.456167
-6096.834521,4355.921477
4279.136518,5003.389374
-3258.623709,3638.120444
2761.582203,377.928173
-1728.785575,-3287.189030
945.348065,-5433.143082
-181.034041,-4083.092540
1123.321654,-3686.321680
354.150029,-1014.749715
-137.883332,418.805984
-1420.034828,2758.623656
1414.137750,3780.917417
-2184.128235,4923.812310
3814.693807,3103.156688
-5853.321589,545.288163
6051.325393,-1632.042052
-7058.859598,-2977.845903
8398.220186,-1701.751278
-7911.756899,-2859.466765
8715.600653,-1518.486680
-9087.624840,-1671.792363
8757.991742,769.576439
-7209.321600,731.474866
6636.933472,1260.920809
-6481.892357,-464.284233
4362.845960,336.522006
-2684.547795,193.930836
2139.551747,-704.049333
-984.553746,-22.006224
-678.085026,-857.377505
1475.665341,329.579843
-2353.062310,733.705727
2992.862151,1125.070134
-3847.271091,1342.476574
3057.233624,2705.909648
-3645.850484,2018.044525
3122.964338,2607.470319
-2996.069818,1710.148345
2471.140838,205.071145
-2656.314742,-1165.854353
1994.874039,-1958.863099
-612.278103,-2065.899566
1443.112593,-2521.011117
-1234.181759,-3366.837077
1102.357876,-2751.562154
-1400.239239,110.179284
469.039908,2551.664179
-500.324491,4529.015515
-460.829269,4494.050571
-1281.540463,4327.824271
1245.210431,3175.627926
-1285.218908,81.041000
1583.280888,-2759.506049
-2108.360803,-3899.152279
2258.180285,-3988.417779
-3433.676414,-1664.299885
4097.290437,1264.693305
-5311.212907,4386.340825
6021.641442,5028.129705
-7780.522086,4552.356234
6822.014325,3894.223955
-8350.593202,1375.421328
9378.520466,-564.743050
-9529.871325,-4476.030155
9552.182245,-5535.648903
-9018.932822,-5688.003076
10010.353081,-2227.024232
-9053.146677,-1234.119389
7724.450576,1846.455839
-7822.259232,3532.258492
5994.076477,4908.168433
-5631.425070,4798.683343
3867.646478,3405.507312
-2831.031399,1749.057275
218.851240,619.054071
-292.147229,-366.543512
250.988810,-1928.028644
1083.982793,-1750.306358
-779.269851,-3093.455309
1515.798476,-2624.423820
-1269.647189,-1965.379576
1951.912004,-410.320940
-1712.254654,313.897660
382.186048,1390.769070
-1367.326822,2614.876678
1249.476199,3850.357113
-512.063140,3239.595396
1053.374848,397.744169
-830.152216,-1861.719714
-328.104454,-3883.900166
322.902837,-3094.734333
1275.502873,-2129.977345
-1180.178007,-1346.244248
1930.258892,-73.865719
-2244.098827,1582.242727
3169.407464,1904.092289
-3109.354530,1119.010449
3192.558614,291.121969
-5566.121444,366.440243
4853.101513,1853.661141
-5363.407197,3017.068040
6430.454891,3365.757823
-6452.087655,1482.840575
6113.584874,84.800622
-6477.873949,-2615.994616
6071.110468,-2191.805051
-4865.430837,-2953.885018
4285.298641,-2216.831068
-4017.847000,-1349.920280
2651.406695,1290.978688
-835.984215,2436.113114
254.543841,2238.171400
638.737683,89.401066
-2220.212067,-3011.538584
3449.770025,-3817.057833
-3903.445689,-4064.235505
5537.773607,-2445.619435
-6967.236681,-375.985117
6287.236518,3931.573118
-7040.505298,5794.812067
6191.281364,7122.986475
-6878.634850,5533.642251
5787.079392,3898.567827
-7019.790056,1358.133698
6042.743917,-264.729352
-5234.174006,-2035.830496
5323.895631,-3487.384950
-4388.559159,-4647.911055
4203.280565,-3301.173718
-3612.426185,-788.514923
3447.912796,1277.299911
-2471.541116,2334.554651
974.280435,1768.615680
-1533.543299,880.437572
740.879093,1234.412984
-354.793535,836.632400
76.597222,-82.079001
-202.354008,-383.195912
194.107161,-2290.426233
-261.051740,-2037.552492
956.100434,-2104.115110
-1299.229842,-478.621411
1578.126469,1154.183092
-2765.351868,2661.494242
2413.745821,3545.000105
-2941.426988,2894.413331
2654.167336,2698.468819
-3016.205933,282.513315
2621.178480,155.990519
-2491.674996,-1269.243850
2860.185363,-1754.844467
-1399.029466,-3595.529053
560.722271,-3497.919067
965.354919,-2090.734154
-2904.689666,1249.184546
4433.374837,3565.177331
-5457.957702,3328.384190
5906.586835,3104.393323
-7357.386537,634.402725
8825.181455,-1127.318773
-8432.156749,-3644.209940
9329.688994,-4034.491240
-8345.524251,-5486.796029
8216.642881,-3328.390458
-7611.470385,-2194.366931
8873.602318,520.185230
-7285.695265,1260.820503
5967.740353,2669.128218
-6186.863828,3843.572275
4207.907993,3834.802715
-3023.813375,3113.726300
1862.682472,1746.113770
-1912.485549,92.286658
2007.507530,-1861.882152
355.144959,-2343.896936
929.334549,-4786.344469
-502.695512,-5537.615971
677.599245,-4276.691333
-983.058527,-1460.352881
1437.209766,1781.941744
-260.550102,3932.046486
224.393520,4052.794134
-1808.676861,3480.938825
1533.535297,1813.288205
-426.543208,-1589.789357
1473.168233,-4332.731831
-1406.352791,-7027.427000
1781.027661,-6426.208165
-439.488345,-3485.629231
1670.397804,-622.053610
-357.408224,1021.955089
-540.963722,2109.019017
-542.183227,3598.715315
-641.681577,4982.372022
248.836632,5411.778409
-1347.248516,5042.055336
800.378870,2854.456296
-2975.581931,1108.076082
4466.734339,-1193.772481
-3250.517853,-3605.328255
4340.673362,-5439.128074
-5263.198476,-5534.723632
6353.505767,-3383.259120
-6610.421790,-1236.030706
8215.106351,722.202226
-8397.901962,1043.649542
7604.860250,2645.761489
-8238.651839,1912.681916
8397.044219,2295.149760
-7385.508588,-1205.688215
6534.068852,-3115.255683
-6525.764590,-3785.946925
5416.355198,-2216.963505
-3778.227238,660.229732
4015.013770,2520.039408
-4299.971011,2953.786559
1874.138839,3501.250717
-1747.340061,4063.932708
1119.814723,2820.035682
-676.419602,1890.477146
-332.584010,-218.838540
-619.552734,-946.759254
1227.078151,-1701.387564
-42.436609,-2548.483112
1661.744480,-3674.440188
-2748.060072,-2746.301899
2159.160470,-368.284125
-2599.961242,2574.445256
2778.421085,4492.440511
-2820.893739,3267.474963
1425.559070,2457.404963
-3237.396729,1563.444920
4034.730994,821.029621
-2080.063241,-2723.913342
2133.463841,-5467.685018
-1759.609705,-7608.478581
672.060087,-5370.855106
1119.207152,-1708.572200
-1585.473047,2791.549951
2627.953952,5400.421846
-5860.606537,6077.170905
5406.554822,6700.379942
-7312.724303,5586.069512
7839.885369,3314.646777
-8981.207700,-184.983014
8489.722090,-1903.103424
-9502.758325,-4337.263647
10487.406659,-2004.230866
-8936.023308,-2430.970376
8171.930548,-568.040206
-8228.689566,509.047641
6834.589787,2927.450224
-5988.404948,3488.559146
4864.885484,2145.579649
-4094.221917,36.519770
2428.152431,-1876.012005
-1920.261546,-1879.296864
2116.257108,-2851.722768
-433.739232,-2851.144493
606.305538,-3952.981643
-1155.555618,-2159.490763
1122.659639,138.220101
-1193.252853,2639.810105
1073.367953,4968.919162
-2323.354771,4948.497911
499.666295,4969.592294
-1402.969098,3939.305463
1524.214711,2073.669581
-415.366179,-1425.866808
526.978894,-4055.765356
-337.735294,-5633.324643
-427.804349,-3867.184804
2959.551406,-2574.535334
-2323.437488,-1361.236264
3357.737251,-37.048718
-5464.155800,1603.948263
6176.783707,4049.439212
-6701.205362,4180.267837
6985.444127,3013.613147
-8863.754344,916.586740
8685.648948,-116.085635
-8711.772646,-1814.093755
10311.864555,-1539.842248
-8785.896970,-4044.879172
9396.016950,-4515.921494
-9754.805372,-4190.630348
8619.554655,-699.435901
-7649.392820,2855.495689
6890.918670,5722.801319
-6574.602276,4918.853232
5065.609877,3376.903246
-4399.446212,1210.043334
4928.747083,-2517.603189
-3559.826172,-5819.776153
2563.544379,-7190.889622
-1223.785358,-5882.671815
1590.907076,-2858.311250
-446.745672,666.948490
930.337282,3108.341921
-1478.602446,5701.810521
-292.165249,6079.776006
-26.978623,4664.658298
-407.760720,2174.110971
211.512709,-1126.064092
96.083884,-3556.435734
73.260659,-4064.959641
1560.559025,-4850.124201
738.394863,-4544.444795
195.912471,-4039.168420
-1034.252650,-2603.878819
934.205985,1418.038880
-531.628434,4096.176773
663.502608,5174.405253
-543.891180,4028.165104
-2010.357468,3186.708141
1448.154598,1915.247795
-1473.184488,1318.466865
2981.183564,-1669.986323
-3738.362299,-3767.586174
5394.162853,-4937.320910
-5723.957499,-5125.855616
8436.520295,-3204.008936
-8339.703438,-2108.149182
8400.320959,560.952533
-10332.159228,2293.574698
10584.566440,4677.999467
-10290.713771,3587.943218
10747.949150,2453.228792
-11107.964533,-720.090491
9920.843577,-1909.537737
-9224.221285,-3297.316300
9407.533763,-2482.632996
-8002.056424,-2834.003357
6295.455533,-740.921238
-5862.300032,2387.642477
4856.148311,5220.164513
-4184.381625,6123.496986
2444.814448,4400.936331
-2898.134431,1560.988137
593.968098,-416.997691
650.056850,-1345.383335
0.374648,-3247.491575
852.828556,-3591.531432
-793.231848,-4722.342262
1124.386354,-3339.475549
-607.265276,-1827.386638
902.321941,68.697811
-985.315655,2017.375569
-242.231038,3250.054623
-423.076525,3769.720297
-147.310936,3622.845558
687.313317,1049.257099
-1035.755491,-1625.625207
932.479993,-2542.642216
-1465.271612,-3188.103759
1819.913591,-1032.953507
-602.712007,-350.550495
-258.016444,779.016821
-82.884012,2431.890797
-2055.981865,5281.566512
2081.232867,6371.650221
-3060.635457,5508.146456
3759.403229,1640.605502
-5602.079756,-1757.846043
6332.226058,-3596.326890
-6528.152664,-5130.890216
9435.789257,-4707.725216
-8977.045103,-5804.753270
8661.159524,-2892.090372
-8999.864466,-718.482764
8927.205371,3369.879536
-8244.941363,4739.738257
7686.864236,4530.911891
-8291.179625,2106.071370
6512.793800,604.778689
-5507.631249,-1386.049509
5163.758898,-2269.656202
-3269.908564,-3648.407867
2138.817758,-3882.132718
-1895.076667,-908.758681
2028.936796,1102.397437
-618.774581,3044.388740
-80.937105,3003.025647
-1650.474855,3162.010849
617.787488,3480.548621
-307.042030,2797.148529
613.057702,351.285318
-349.537708,-1771.430346
408.490030,-3753.198342
96.729333,-4398.716187
1315.762914,-3661.447225
-370.042202,-3474.935368
1003.024148,-1722.085893
-1423.056803,46.695902
114.425148,2721.011336
828.244388,4431.857353
-662.035600,3988.310124
917.492789,1187.174104
-2863.762022,-750.690976
3449.061071,-1900.277993
-2503.026794,-3019.288529
4260.513693,-3893.908023
-4647.108872,-4274.050513
4864.267479,-1812.906634
-5155.505590,992.620617
6194.923145,3529.111977
-6842.011799,4160.848794
5614.104904,4989.900623
-6963.713594,3738.132368
6679.319378,2422.413098
-5694.473941,-530.684094
5788.072256,-2660.835542
-5324.072227,-4662.530327
5051.835204,-5210.349303
-2639.073210,-5286.183878
4405.229354,-4549.448296
-2838.705641,-4077.869015
1498.577881,-1378.869220
-1845.678299,2686.542853
1535.939931,5302.232026
-544.234082,5877.211831
-1203.880348,3960.772940
92.217985,2175.397969
-729.067256,789.281660
2215.214318,-557.299288
-737.738235,-4010.979770
798.980935,-5864.228523
-1101.759843,-5518.798345
1721.353310,-2693.297789
-424.844867,868.959897
875.233675,3409.958662
-1272.439089,4472.826730
304.234750,3730.011495
-797.205959,2282.342487
1743.971875,-21.753380
-1835.151676,-1813.253385
2301.072184,-4286.404740
-2132.779279,-4701.955215
3053.040963,-3364.205037
-2447.807612,-1788.296041
4262.603141,-408.582067
-6125.200256,1627.663299
6642.527691,2848.467711
-7345.629791,3435.988605
7625.068383,3493.746465
-8841.305440,1031.340214
9125.432663,-226.975724
-9518.218241,-1993.610871
10743.406035,-2433.094992
-9655.375210,-4140.819047
9555.004011,-3347.526174
-9058.056440,-2588.492213
8919.081658,541.923450
-8959.378836,1774.403255
8660.196835,3517.610227
-8436.042981,4035.011285
6390.347493,2977.332198
-5954.285089,2105.404621
4858.886848,1189.797419
-4506.301751,-878.899440
4434.581452,-2653.779346
-2925.431370,-4115.597192
2596.855004,-4329.367437
-1284.054162,-2976.052917
1317.486616,-935.690491
-753.565693,287.827377
112.698785,1407.981004
-834.914003,3404.840873
300.035854,3200.787419
-367.334243,3444.601189
-0.712114,1696.240031
-2.671034,-320.318234
762.900907,-2845.871695
-678.547571,-4783.803135
1453.036928,-4681.735338
-1516.684981,-2462.722032
1923.424099,811.018040
-2278.021278,2796.919239
1418.077505,5530.809036
-1307.508477,4654.480061
800.171224,3538.536726
-986.913856,1124.751858
-735.733038,-688.974240
2243.743782,-2251.497190
-2416.469626,-3690.201203
4704.541669,-5751.012673
-4625.954186,-5876.986058
6382.914338,-3619.265540
-6463.195114,-1535.457026
7797.258046,1385.957151
-8431.144103,1377.013966
7712.367551,3660.431638
-8491.412952,3378.885887
7726.214737,3716.196125
-6871.637940,2309.287874
6311.064136,1504.643015
-5579.409101,-1985.100475
4095.012504,-2917.139530
-2762.534126,-2669.848858
2478.553478,-2111.934463
-1364.846821,658.558176
116.562621,1996.049289
-334.890762,4110.083961
-508.624428,4175.864640
1166.183642,2859.326305
-1073.719288,-796.216623
-49.674612,-2686.625893
1108.087633,-4753.353988
53.596805,-5219.401844
1229.964367,-5197.489257
-1417.863758,-4411.467979
2115.280760,-1132.367965
-2766.671276,1503.952524
3062.151881,4165.717462
-3341.479917,4915.486414
1953.171236,4733.901739
-2925.990875,2926.035513
1863.933163,1994.612850
-1735.395915,-290.830311
1615.477880,-1156.493154
-1515.982517,-1481.161768
787.933465,-2076.225228
1104.053097,-1725.169038
-755.551363,-1367.641515
1069.631833,-1038.624747
-2581.271916,632.569858
1984.370653,3334.346773
-1794.611471,3194.089499
2436.988788,2301.763144
-3774.650293,940.220931
3486.996724,-543.792499
-3750.243754,-808.174255
5036.981048,-1922.150377
-4100.456551,-3947.930078
4251.029022,-4193.379293
-4848.786148,-3668.063109
5248.539223,-196.086446
-4256.899284,2323.347946
3797.947330,3757.792380
-4950.615477,4146.776667
2898.300657,4480.038817
-3107.095959,2954.022286
3422.553554,2067.423525
-2631.023427,-885.611321
1296.471815,-3530.439136
-811.732336,-3265.032025
1651.727171,-3990.805874
-305.172697,-3019.158463
835.075243,-2150.194155
-2210.069827,701.866168
1404.870449,4166.531365
-2103.734142,6585.911078
3034.304524,5259.514561
-4425.645328,2511.517035
4150.789538,-1000.728004
-4907.902581,-3490.168766
6518.926594,-3692.347157
-5917.013131,-5049.569609
6837.254965,-4119.323991
-7392.111816,-3123.522502
7053.934627,677.762506
-5452.721869,2547.585842
5352.438977,4175.178562
-5646.300042,3261.309231
3160.249476,3045.558517
-3359.732171,1830.437333
3579.984396,-297.419495
-1983.843488,-2014.898602
1381.638730,-4159.145377
-853.706962,-3249.672590
934.595240,-1553.914983
-822.633003,1353.838771
1719.965240,1342.998923
-3491.048347,3176.900064
2289.224123,4429.248356
-3079.709240,4561.880661
4317.829651,4046.997210
-5147.656369,632.011026
5416.146166,-2867.892838
-6332.896590,-5737.547193
7629.971064,-5549.558418
-5332.009753,-5982.498353
6624.245497,-4634.032274
-6217.447331,-3570.132606
5686.293816,398.312072
-5777.008718,3256.527972
5143.176783,4940.331981
-4423.985604,5072.376446
1596.458938,4285.569999
-2500.400834,3245.876350
1607.768771,3241.130332
-483.897832,1003.009360
-347.243983,-2169.878326
1936.841562,-4451.511995
-3250.263148,-4701.430456
4064.144146,-2021.488225
-3621.719210,250.413166
3959.250403,2753.350626
-5386.481516,3255.253088
4619.302700,4061.003879
-5626.240510,3277.866779
6254.656994,2254.374473
-5865.459343,-1069.044849
5621.575424,-4072.157241
-5019.503011,-6477.494394
5700.150853,-6517.202753
-4044.514452,-5625.355585
4637.205692,-3338.731355
-4251.926327,457.865675
3380.681062,3433.852603
-4223.091853,5985.370717
3578.746926,7276.665961
-4729.086618,5772.544928
2884.350239,4238.868010
-4004.953251,2790.273694
4257.021538,29.461407
-3781.950136,-2209.576938
4787.823024,-4790.250806
-5123.600543,-5258.879821
5406.221688,-2968.085271
-4868.022221,-906.595128
5755.003798,1650.327410
-6116.823910,2406.670649
4980.624727,3195.187218
-5281.700849,2703.103254
4411.116109,2671.022153
-3610.443914,7.490580
2989.741932,-1482.788204
-2995.174889,-3314.099852
2433.743627,-3589.177288
191.865975,-3317.673524
158.955485,-3541.622502
931.942261,-2102.730912
-2407.484485,-472.425102
2791.192682,1842.651149
-3342.764425,3519.991739
2776.213039,5265.739663
-4436.409324,4608.915403
4024.313106,4016.857228
-3215.642733,963.715452
3532.577889,-2086.504850
-2327.302224,-5373.861184
2169.856361,-6396.557918
-2255.725343,-4607.332373
2388.570172,-820.225829
-1645.538754,3297.147824
652.232670,6205.458869
-2198.959289,8091.916718
1419.641031,6853.722833
-1612.407382,4670.443098
2341.122144,-1184.130613
-2744.064756,-6570.946912
3379.463318,-9221.715599
-2878.414704,-8683.482813
5869.833116,-6560.732211
-5030.322831,-4324.357360
6159.496458,-376.795746
-7237.181339,2972.639740
6786.126805,6032.460959
-7586.603259,6495.336496
6827.968602,6373.576201
-8329.393053,3239.828751
7232.873651,1004.226385
-7534.545422,-529.510597
7961.131874,-1796.408650
-6840.442615,-3168.095680
6960.943832,-3099.365728
-7285.967236,-2449.266078
6681.150590,370.718305
-5724.185247,2623.974881
5294.328372,3644.148368
-6187.624899,3507.946828
4560.862182,3188.197142
-4219.570322,1685.831789
3838.766891,37.226731
-3278.715996,-2897.625321
2605.817482,-3992.900733
-1262.594829,-4458.619535
1901.551303,-5019.504928
192.720489,-4312.946350
-497.636121,-2658.376385
753.331071,-253.566661
-1743.251264,2116.914324
1633.914414,4503.952568
-2172.649515,4825.856119
507.232861,5937.008853
-1978.019601,4594.455774
1139.638843,3644.672878
-337.358913,1120.817343
215.614090,-2095.992745
285.074040,-4462.838840
-1101.792353,-4732.265251
1801.562288,-2335.811408
98.505795,-1400.136636
842.887305,-369.000126
-1488.317444,-358.755429
195.153554,2305.925086
665.615954,2611.940254
-174.560991,1490.754879
1506.271466,-1127.765451
-2820.446280,-3865.488320
3253.516897,-3442.909324
-2442.791012,-3126.203559
4164.842604,-1692.684711
-3893.648352,-1295.187204
3768.277658,470.239913
-4375.743877,1469.759845
3567.394003,3983.104814
-2495.753231,4645.737831
1546.811301,4032.152983
-2245.895336,1889.287458
1080.014923,-303.010395
381.630096,-1325.001574
390.333905,-3008.984998
522.436363,-3915.142480
-806.829029,-3970.700765
759.534924,-1485.264423
-59.448213,715.725486
608.859832,2053.758789
-1017.086341,1859.067579
-381.716012,3019.741641
702.921665,2419.418857
-816.867503,378.270530
2013.119502,-2207.134584
-2211.283313,-5080.676263
3226.419578,-6201.595719
-3354.443879,-4788.939392
4778.105571,-2016.336006
-4421.263091,-40.099467
3805.844530,3340.823478
-5210.514741,5018.062557
4055.160403,6501.781505
-3898.041722,5145.036263
3412.797496,3461.767919
-3424.020070,-554.003077
1758.632204,-3027.957979
-444.048322,-4073.279645
1127.358234,-4286.953489
21.671121,-3493.771873
239.415127,-2819.333706
138.444550,505.854912
-272.352666,1817.722967
696.424667,3231.900521
-658.334816,2603.934453
-1550.648858,2393.437120
1478.668573,1350.408304
-1987.370632,955.111081
3124.852110,75.698867
-3126.640297,-2499.366470
4118.322924,-3267.311944
-4187.245888,-4397.667773
6051.386282,-3947.463713
-5843.101461,-2923.745056
6057.881782,-745.451575
-6990.030038,2192.951860
6045.216571,5424.403355
-5896.531288,5499.887607
6302.323795,4412.597347
-5988.838989,169.425721
4561.283516,-2463.244166
-4530.142157,-2884.222778
4463.877395,-2268.709812
-3080.176828,-2520.220413
3936.741472,-2373.920375
-4015.888797,-1146.977674
3524.891923,961.577083
-1946.535118,2531.662781
1628.848425,2090.809838
-1952.097684,1187.658949
621.796486,-417.864729
-920.066593,-900.319027
1543.934162,-313.498559
-78.650157,-845.314484
1081.251045,-1909.302740
-719.182383,-3453.521867
622.163198,-3918.358293
-100.554555,-2566.389028
600.453748,-633.778283
-657.361431,2151.888700
83.802595,3195.783089
-169.169041,3863.329109
1063.511328,3104.188820
-1556.982514,742.728612
79.504661,-92.352616
-615.647663,-235.184596
430.882242,710.740439
479.286874,-79.770557
353.591733,-1310.536360
-120.419146,-1707.138116
-421.725156,-960.821799
2108.667085,-1490.655076
-2264.507669,-1591.223253
3241.969454,-2263.027897
-4465.215049,-2318.484449
5538.557061,-867.961557
-4912.519001,-553.214383
6944.619241,-163.843689
-6930.281598,-1658.202198
6542.805286,-2029.118558
-7084.079308,-1601.002383
6796.473244,1151.272246
-5412.562803,1209.779940
5648.606391,2405.190708
-6599.704703,2098.793053
5141.975711,2956.858613
-3908.291799,3167.753271
3240.467988,1294.874543
-2950.522353,-492.463145
2053.666720,-1944.053930
-1135.700036,-1809.127677
2178.431212,-2013.588972
-619.796046,-2207.850700
703.882544,-2798.575880
-1064.225114,-1561.857665
1012.837542,-257.785566
-770.333164,801.221243
1389.373888,2290.939368
-2254.367342,2807.134203
1317.663463,2111.937171
-1455.362664,1176.027577
1903.668917,47.666358
-1749.147760,-2048.278733
1765.446160,-3521.916198
-1865.736271,-3428.431815
2328.437331,-1819.296369
-1405.783892,-764.641709
1749.451284,50.570666
-2032.180401,320.343623
117.389026,2389.910187
39.463959,3614.310328
-794.902137,4315.100954
1079.122191,2536.035430
-3086.113591,855.835620
4202.043448,-963.978315
-5094.457855,-1844.239067
6509.889559,-2427.415220
-7113.238834,-2924.521994
7817.905938,-1049.275989
-9710.908236,485.789765
9923.342415,3572.636118
-10082.525495,3503.755812
10918.562953,3237.771683
-11098.171509,-375.555711
9815.025778,-1586.896111
-8422.842154,-4216.331446
8772.752067,-4387.834634
-7410.725893,-4759.745561
6784.954978,-3571.146810
-5432.971739,-666.551215
4088.044501,2962.967577
-2743.376777,4892.422278
1481.861619,5072.288108
-2256.407669,4724.040107
-256.988445,3257.700072
560.980704,2534.584068
-326.962101,-217.353255
790.616597,-1453.626733
-748.764475,-3441.182728
1229.291110,-4353.402463
292.274626,-3879.530818
368.798975,-2794.895812
245.920757,-2218.914519
-1090.055395,723.702724
962.377997,3303.215112
-1289.929272,3564.006116
2319.037006,3040.175605
-2024.316844,-453.117724
972.704982,-2133.456393
-340.905633,-4109.746742
1259.112940,-4017.197286
158.753865,-3474.580593
-1516.548633,-1627.498643
1909.342477,1017.462371
-2726.035834,4512.784682
3257.252076,6340.509978
-4870.373598,5786.141806
4929.345020,4564.668525
-7507.033272,1681.028369
8165.550870,-477.790586
-7501.399090,-3879.175336
8257.609167,-4513.526053
-7912.666632,-5250.776992
8124.790694,-3665.550195
-6437.959549,-2512.775637
7419.376387,-713.198855
-7610.339802,-45.216492
5227.233542,2817.327631
-5243.419510,4802.798480
4538.138579,5296.981595
-4318.594861,3578.424207
2640.169355,1043.197562
-2745.233021,-651.193902
2323.088005,-2916.580357
-643.889559,-3392.154105
1514.375066,-4326.578632
-1645.679574,-4227.394862
1119.816027,-2006.848348
-1003.463794,1494.061876
1349.614032,4061.259932
-1568.973703,5012.739483
533.085751,4072.343466
-2463.708275,2955.274138
2716.403378,1497.129299
-2395.845584,-619.433165
2978.738882,-3086.268518
-2665.231807,-5391.586852
3414.262347,-5099.739140
-2845.063350,-3197.454195
3593.250386,-722.301271
-3201.573151,960.079328
2199.125780,3645.051407
-2628.846576,4247.000637
1543.840529,5048.132828
-1029.428110,3331.671741
851.556519,390.352216
73.551684,-2937.053277
-682.428207,-5447.368607
2382.448365,-5609.408480
-1633.804933,-5153.084414
3390.412157,-3489.439356
-3723.724619,-670.820327
3728.563252,3070.879347
-4499.538844,4850.083482
4972.078564,5948.573857
-5612.240728,4341.515863
3908.739339,2765.816180
-4528.411708,850.956443
4903.286426,-1056.391855
-3588.603446,-3624.475374
4061.911804,-4549.419653
-4084.558353,-4129.726214
4270.435924,-2345.264267
-3499.650756,91.938125
3522.917901,2221.877213
-3617.906258,3007.291741
2483.327691,2521.788809
-2570.221269,1553.285064
3342.891564,-397.767160
-2897.642192,-2424.200001
2890.538444,-4197.201159
-3231.341803,-4669.347536
4075.531743,-3257.940766
-2261.315250,-2381.754568
2579.926169,-416.706270
-3645.989201,1860.926971
2665.087964,4120.694423
-3153.733044,6229.324439
2199.312622,6227.632994
-3624.831883,4357.807151
2282.056478,2961.971723
-3430.164693,2046.528507
4315.953811,-78.275803
-3277.003625,-2824.902879
3594.748160,-5231.641643
-3678.117358,-5893.943306
3704.634254,-3768.979916
-3276.353545,-999.005595
4402.931143,1909.489439
-4280.970764,1877.574782
2899.794246,2213.979833
-3035.482844,1992.206723
1940.176800,2060.779660
-1657.582018,630.285611
1416.232011,-1187.179348
-1320.062923,-2491.931845
566.425156,-3072.931032
-207.546028,-439.437874
604.525563,904.696687
-665.562053,1743.569948
-533.993620,2687.068210
-1336.628836,4217.511449
86.631120,5083.105052
-182.505813,4524.391497
516.151595,2132.149299
-1372.586632,-1002.292855
1072.023519,-2802.305860
-464.409000,-4875.698405
1241.369026,-4750.617919
210.062728,-4710.080451
-665.343660,-2832.744886
1102.810936,-150.884156
-2332.443141,2941.166405
3308.480333,4944.579476
-5175.009626,5859.105349
4435.788427,4636.427068
-6774.398517,2761.633542
7911.023227,728.044930
-7675.819990,-2741.496827
8956.908922,-4374.763137
-9764.653765,-6128.880611
10440.437906,-3724.564101
-8362.090636,-3362.606493
8310.922982,-262.078800
-8230.410495,1277.676722
5376.182307,5864.931214
-5134.925123,7732.345979
3840.288179,7358.566902
-3363.919511,4853.473120
759.648768,525.168469
-491.189368,-1675.051926
490.589880,-4526.711278
1684.441665,-4922.545409
-1233.548143,-5876.005374
1150.329012,-3619.540780
-1326.892153,-1620.195534
1370.301396,2214.534191
0.392631,4232.879012
-1248.431788,3963.404791
625.684653,2926.441885
-2184.176627,769.320856
3302.482636,-874.962010
-2723.081801,-3360.237319
2528.119951,-4179.714361
-3111.854045,-3550.077549
3160.884148,-287.170199
-2006.680081,1608.998814
2169.083830,2729.357924
-2934.830112,2569.694210
1105.940072,3270.928869
-1846.152560,4259.426859
1131.756222,3796.875404
-1249.870108,2354.747336
-131.239850,543.988082
733.645515,-1730.926278
32.600592,-3884.666747
1637.333251,-4677.185111
-1211.349298,-4926.493487
1973.930224,-4617.279807
-2317.723667,-2621.429471
2644.530647,244.128363
-2751.354417,2991.580927
2632.343065,5042.949087
-3594.724367,4937.798161
2247.550894,5151.721655
-2431.584409,2296.177192
3232.930777,-1328.631334
-2518.868840,-5375.537694
2080.072581,-6815.244887
-814.041993,-5211.984461
1675.409133,-2204.342578
-1034.603495,572.626952
844.535451,2194.449385
-1783.329109,5119.230144
962.545942,5684.675833
-1527.669449,5470.054036
1856.106347,3053.269713
-2464.478361,-169.370444
2198.543974,-2571.301517
-3338.261070,-4070.381688
5621.487399,-4435.985011
-4226.218584,-4037.076193
5498.729433,-3153.669853
-6490.184265,-1800.619523
6619.912555,1674.592605
-6333.924200,2600.472036
6979.897774,2492.396213
-6854.253264,77.021074
5972.002220,-1290.427840
-5878.701623,-1591.858294
6612.575853,-1002.004066
-5113.065484,-2439.780897
3707.662055,-1189.276338
-3956.765702,-163.414484
2561.714125,2678.191866
-904.658486,5000.620833
-100.010291,4669.566367
120.182020,3361.434393
-1886.480996,710.731192
1484.274037,-122.258839
-1578.663094,-1444.695774
2154.068817,-1466.200790
-1351.792334,-3065.485676
1237.517765,-2330.279061
-514.762998,-2436.531784
1018.929386,-1336.773871
1061.478650,-1724.223936
-2892.855622,-1821.660362
2780.353219,233.213151
-4128.036924,2164.428841
4601.760995,4409.733469
-4744.134191,2808.417381
4389.602636,2099.926399
-5705.053886,693.359724
5080.516468,427.556200
-4336.300633,-1234.896393
4250.485788,-1732.184754
-3368.557809,-2826.464092
2474.601859,-2284.477017
-1990.555033,-530.258158
1339.377737,2091.121206
-877.449010,4384.324265
-683.641696,3678.766481
63.660881,2985.419552
-1074.446502,1741.232574
1683.750496,213.546296
-1185.861131,-1656.708376
1499.817150,-3291.382398
-2126.990849,-4278.470480
2384.671587,-2677.004703
-1725.731134,-1116.097220
1116.089806,1227.317306
-1819.728434,3871.173103
934.366147,5669.939483
-830.081029,4768.433340
129.801663,2143.993648
-473.381188,-1155.415678
-119.314125,-3139.419058
824.542766,-4254.590409
465.059124,-5541.532687
1240.086465,-5123.541969
-1145.890638,-3618.301214
477.771226,151.864530
-804.557927,3402.433623
-84.924865,6677.145303
60.966816,7232.741290
-2253.929635,6330.407528
1403.577484,3760.743075
-2890.767462,1791.347307
4377.624086,-726.440140
-4679.538423,-4013.588375
5701.066492,-5799.123306
-6299.525238,-6051.673901
7424.270932,-2834.274807
-6166.816163,-924.870029
7102.525356,1392.539588
-7482.474257,962.665351
6239.965150,2525.719229
-6229.018158,2416.743698
5513.787361,2128.951494
-5121.088315,649.416548
4075.660557,-497.818327
-3323.905007,-1310.025969
2764.540548,-1778.287108
-1086.396003,-1831.618030
736.969842,-1774.253203
-928.175122,137.742098
129.954054,1069.057829
-824.514233,3433.889773
1427.685038,3521.113532
-2181.243786,3291.226902
2111.242579,1472.244922
-3662.016464,217.777395
5102.199848,-1571.169367
-4984.613503,-3332.740116
6646.563326,-4961.139021
-6599.314634,-6169.501489
7212.745730,-3001.292522
-6320.397165,-1845.838148
6366.925195,2589.614673
-6473.009720,3203.541624
4428.025897,4986.937890
-4024.082178,4659.092418
2607.623540,3519.581097
-1883.441498,2049.935169
55.265864,103.207055
690.030318,-1070.362200
-1662.909974,-2735.408229
3865.817974,-2949.944187
-3858.184885,-4192.235997
4970.490145,-2414.545937
-5732.789369,-449.926954
5303.123985,2457.683838
-5259.375495,3891.949060
4938.960324,3310.807101
-5961.869969,1972.722694
4718.916984,1817.301448
-4602.948766,797.074346
6224.108952,-1376.188615
-5342.793577,-5055.049270
4887.898565,-6300.441778
-4245.831550,-6061.777628
4316.106133,-2870.447500
-2855.565301,653.527307
2540.363495,3432.886213
-3252.083089,5241.276944
2147.320394,4816.214751
-2116.622716,3404.004220
1811.075158,1359.056949
-1759.669057,-699.813320
1257.967126,-2546.859485
-2116.238793,-2121.573395
3562.007369,-2139.517252
-2427.221312,-990.551736
3188.463179,-827.139192
-4626.116388,253.062739
4890.070123,2934.941744
-5774.166042,3851.758803
6420.914377,3223.539455
-7570.997299,920.060220
6626.007832,324.798400
-6625.553508,-475.299996
7163.771235,210.751704
-6178.114138,-2410.717080
6250.811887,-3294.414620
-5162.885227,-5039.234517
4436.150082,-4376.314192
-2356.767867,-2564.260664
1793.391093,-16.316255
-983.550556,1847.246321
-1037.026046,3047.535894
1622.699340,3334.396756
-2641.102821,1992.144981
3757.864061,1425.988013
-4530.688376,-1109.103159
4747.085181,-1786.783954
-4648.435367,-2778.157054
5097.315558,-1933.341031
-4573.491617,-1666.021115
3894.747731,802.275773
-3910.015462,2957.142955
3852.239676,4318.182906
-3085.312720,3428.293548
1788.402200,1843.856136
-2424.922870,530.751449
1551.127413,-659.101148
-362.097822,-1045.877190
1609.770704,-3011.536627
-635.970238,-4183.195066
1456.615445,-4990.140602
-1553.599263,-3084.581080
2662.337017,-1361.763159
-2238.522160,-16.780517
3578.762797,208.040762
-5264.661518,954.257742
5111.606995,2387.378648
-5295.773380,2962.344702
6257.818050,2903.565096
-6798.301003,-239.551297
6897.409265,-2002.814684
-7400.318367,-2974.172826
8468.693698,-2033.754420
-7377.310104,-1760.026220
6974.188635,480.353621
-7560.382997,1936.577766
6242.464302,3871.605617
-5546.221840,3748.711301
5174.536009,3109.470821
-4553.270570,988.465033
3311.673981,-1637.911093
-2311.330868,-3525.487594
2343.052266,-3954.924486
396.224462,-6023.559106
-995.698927,-5378.091831
1831.036052,-2299.607149
-2912.178509,775.515022
3974.104407,4980.330207
-4295.628496,4959.782834
3645.457051,3871.309419
-5891.883636,2275.158182
5564.215980,1872.807122
-4500.839621,-687.847593
5445.189340,-3035.503293
-4828.163534,-6062.475702
4601.795202,-5381.123169
-4685.425259,-2561.157900
4797.547782,721.717238
-3042.036147,3703.278563
1667.794202,4506.341479
-3160.784829,4824.209127
2566.546932,4289.678694
-2583.775640,2475.800614
3204.207253,-555.707271
-3397.424647,-3399.891606
2556.954632,-4853.467643
-1800.770774,-4317.765278
4204.824250,-3242.533104
-2803.219999,-2982.458583
4049.648053,-3061.625643
-4490.978517,-1822.815697
4025.996967,767.579506
-4027.391044,2946.798363
4122.608846,4503.457557
-5178.069935,3491.702114
4219.353706,3119.081868
-4101.881388,2313.988624
4194.308786,1104.309553
-3063.810181,-1784.016488
2175.090685,-2953.031474
-1913.071861,-3844.160841
1552.285809,-2080.945680
482.669378,-551.427854
-1777.453297,1752.636262
2332.308619,3927.358240
-4472.422011,4434.801930
5258.726366,3397.207912
-5651.459656,-8.907085
6875.148651,-2928.923839
-7608.507664,-5791.758830
8873.310593,-5524.791994
-8230.227965,-5505.122393
10520.324431,-4173.499220
-9259.337734,-4334.720055
7647.414106,-431.152935
-8148.952397,3011.891237
7066.367254,7722.530457
-6078.319798,8101.154172
3776.726312,5961.011679
-4517.197334,2737.296004
2177.683108,713.998586
-876.474241,-505.741881
680.902148,-2049.470223
645.474580,-3115.871524
-1774.395137,-3908.014032
1959.215367,-1061.255296
-1590.989356,-128.942146
2715.485162,2261.477731
-2515.156828,2015.128931
1030.926124,990.876495
-1222.440105,146.354852
1239.644016,-826.834131
-113.855938,-2095.008025
170.818953,-3400.105979
-489.101863,-2564.015082
349.173211,-1244.930220
670.646240,313.659586
192.110857,-62.913696
-898.404211,603.692708
-97.950915,1463.244410
-1344.436750,3046.790159
1754.978453,4527.762508
-2701.956793,3979.655999
2588.172607,1858.718320
-4362.953165,673.718824
5838.762816,-1240.678210
-4902.310938,-3735.951433
6713.074519,-5057.551765
-7140.386712,-5719.307769
6794.801425,-3026.466894
-7446.394318,420.963173
8549.716215,4392.309624
-9047.878036,5809.950065
6840.095121,7454.553118
-8196.127964,6119.438161
7569.385240,4648.768733
-6257.292909,-1005.073589
6316.702282,-6208.177799
-5267.380375,-9470.154813
4398.353327,-9031.029204
-1745.994312,-5366.908306
2203.388758,-884.459648
-1808.923649,2828.054071
17.940956,5345.111881
-946.527854,7596.421734
-377.439743,7261.712967
510.996976,5748.557299
-1813.294383,1449.377518
184.801061,-1791.940923
-389.120010,-3848.513169
1011.801014,-4137.575752
763.043343,-4291.520342
-362.045593,-3131.942330
-15.722497,-602.987575
-21.771393,1181.399367
128.458677,3380.346473
-1127.897793,3690.262202
-449.710502,3734.352052
-324.220216,3181.523757
-193.664056,2115.578717
1939.193730,-1384.319783
-2471.810234,-3461.739910
3246.838900,-5262.134498
-3670.084372,-5624.752495
5217.554668,-3469.052822
-5006.121949,-1694.445100
6311.488242,1039.593535
-8308.632510,3468.285989
6736.409911,6958.740417
-7176.044094,7584.017452
6536.667261,6917.180896
-7459.205785,2299.697202
6134.136388,-218.480614
-6796.288903,-1967.799675
6845.842716,-2126.966598
-4374.900873,-3055.839701
3929.893630,-4272.973603
-3091.607403,-4202.789380
2902.718279,-2269.441882
-2351.845216,484.036279
2368.908466,1949.051717
-2232.965973,3306.798194
517.519151,2480.409033
-1082.613394,1395.809479
500.217815,1568.148978
222.822953,-4.530124
746.700213,-2680.009607
-252.002692,-4338.065279
428.395307,-5769.024846
-266.334489,-3823.656019
673.634615,-380.683568
-1225.590804,2717.932810
446.820829,5888.928981
-1293.787194,7292.629790
858.546884,6081.352645
-1435.190728,3873.451578
380.625457,1039.695205
-654.046136,-2090.927879
1248.770669,-3662.944257
-337.890079,-6079.542834
1254.196247,-5608.931880
-530.400398,-2895.091009
-678.951256,1156.614894
1509.458029,4399.179750
-2432.857769,5586.573684
2457.525457,4364.594555
-4358.493630,2579.455993
4168.226056,562.423335
-4502.568357,-1664.417727
6931.584840,-3914.529311
-6845.962436,-6758.523535
7668.135197,-7230.232024
-8344.656718,-4899.159082
8519.689293,986.491982
-8060.531571,4276.922576
8207.568679,6745.069150
-9063.404938,4817.050230
7415.732885,3515.638116
-7398.856128,1391.827152
6585.917184,-124.627698
-6648.224531,-1363.231302
5567.155892,-1695.887757
-5192.814146,-1150.293644
4584.775004,558.285831
-2903.048193,1358.673414
2322.679373,1423.609231
-2467.805092,1977.057359
1259.375681,948.058824
-1360.652603,-220.923579
1709.953473,-1535.256842
-898.435669,-2772.654919
1044.308370,-3198.600823
-748.984688,-2246.419811
1829.747179,-1828.315023
-1110.933131,-1371.825482
1341.370110,-2041.802702
-1662.327666,-1301.298701
1052.732340,1349.051478
-2274.724757,4253.978861
2592.918321,6413.406600
-3569.239953,5599.639259
1383.094520,4629.055849
-2085.555110,2579.868227
1014.015620,1978.920803
-86.878668,-380.003686
-301.449710,-1891.504296
1077.354625,-3613.702980
-1678.031888,-4416.411188
3617.019166,-3874.904594
-4170.707282,-2546.774996
5984.504265,-1135.347532
-7143.259672,300.662022
7220.255636,2200.671494
-7788.935846,995.001496
9349.030062,641.513621
-9264.631726,-2450.927082
8743.670403,-2852.646992
-8423.633159,-2848.129829
8392.892563,-990.802167
-6836.955102,-828.012727
6421.791758,165.693219
-6711.276086,1229.659390
5325.178706,4000.995668
-4702.871448,5614.930940
3534.650102,4967.877430
-3851.414411,4385.804775
1579.340918,2403.495150
-2279.248477,1534.499093
3702.704600,-725.162864
-2578.643141,-2305.994093
3763.811610,-5028.254342
-3556.419697,-6468.961410
5137.272546,-6274.355880
-4696.210814,-4589.415178
6334.666427,-1826.800141
-7243.651641,951.787214
6799.082900,4252.358220
-7586.259683,5281.715580
7779.021446,5883.347016
-7993.089108,2345.969797
6324.558491,469.178487
-6391.176193,-2718.607641
6089.572993,-3044.664732
-4046.645046,-3458.561443
3772.159407,-3674.203189
-2894.279478,-2525.437683
1886.215040,245.339765
-1028.150452,2982.030178
-378.943617,4205.082885
613.932845,4680.493358
-2599.219155,3176.233649
1989.165335,2755.903153
-1597.389078,-274.662696
2384.519177,-2324.836479
-1185.709416,-5285.156262
1224.982262,-6643.043649
-236.739871,-5617.644737
177.888075,-2575.759180
1159.142153,142.781103
-2133.144245,3702.500115
1605.849396,6154.944579
-3301.524779,6639.218772
3443.155033,6139.204822
-3285.496197,1237.433750
3093.274228,-1817.083161
-3723.501629,-4984.967297
3894.411314,-5376.396985
-1828.807287,-4609.072669
2073.200363,-2512.611613
-1325.239175,-526.532182
1131.854241,1578.558434
-386.832283,2803.764017
-396.620995,3055.619959
636.735669,3136.621048
-2732.528319,1857.990389
3080.256069,492.917931
-3134.475077,-1196.907803
4826.529130,-2971.586850
-4373.877352,-3749.878294
3933.922014,-2416.765183
-4141.711697,-1270.891173
5247.234550,906.539281
-4666.672576,843.576130
4238.250419,564.486200
-4624.285461,359.057830
4165.896629,2184.178654
-3825.504433,2297.916689
4074.168440,452.822043
-3645.593330,-2330.963912
2806.370045,-3666.815646
-2156.430018,-2441.836956
3213.657164,-1681.167839
-1554.399151,-812.528510
1620.321421,-724.450423
-2631.802979,-531.035523
2237.067359,1092.601256
-2124.391161,2582.205827
2134.039834,3383.156070
-2832.708526,3604.593349
2549.058811,2419.135329
-3523.028110,929.587729
4537.335558,-1522.900016
-3095.540216,-4201.945625
3913.633113,-5371.972876
-4107.974576,-5401.045319
4910.957820,-3150.848801
-3931.886929,-498.575305
4415.914398,1816.386580
-5314.344226,2789.594692
4033.182780,4769.132681
-3440.420437,3932.913957
3386.429210,2715.741976
-2730.692096,-973.107642
1764.341775,-3957.048948
-489.687486,-5231.635441
97.260170,-4730.025334
2316.766961,-3148.834379
-2452.358330,-811.255515
2550.837496,1851.982019
-3290.327795,3071.749851
3045.790760,5558.017668
-3313.940382,3967.174392
2108.762792,3616.347404
-2690.504247,1080.752721
1236.305125,202.392027
710.531566,-1646.847782
-1044.254658,-3207.308755
2557.235228,-4304.052024
-3097.261078,-4336.372468
4532.818171,-2230.531375
-4791.174152,-1610.718973
6067.068447,852.246196
-6861.769962,508.228702
6402.483757,2052.135610
-6222.314101,1714.163924
5931.967971,1435.733646
-5520.703256,202.948233
4123.618673,-51.183936
-3809.797928,-688.481976
2945.169145,-191.965776
-1333.767416,30.665762
847.903986,-304.117148
-1186.537933,985.799544
-686.096382,2720.655613
390.825918,4487.326122
-694.943821,3757.862815
1077.902025,1802.241291
-1612.582306,-1204.878352
1014.845140,-1979.432944
-261.690551,-2898.343213
1354.180146,-3275.020197
-1008.977135,-3647.567749
868.479371,-3694.380747
-941.245595,-1192.117817
595.947707,1761.522612
332.716354,3576.557604
77.343997,3080.099619
-1984.228760,2249.310513
703.067337,1055.749326
-977.190803,270.530626
1170.069815,272.688021
-1226.979205,-156.016965
1416.163669,-649.709627
-1342.717820,-1764.867093
2434.182885,-1951.513120
-2409.885666,-1469.916756
1957.815336,-791.087264
-3272.759641,2089.105333
2883.570963,4265.107577
-4019.167605,5150.474847
4690.610248,4567.234017
-5328.141069,2157.034037
5266.998669,-1312.492625
-4962.338374,-4367.662756
6325.908590,-5235.800994
-6506.277077,-6204.514337
6235.709099,-3419.657681
-6418.714553,102.904712
6523.571124,4648.206272
-5762.355781,5540.382367
4476.986382,5443.065859
-4701.508828,3044.054933
2867.370432,599.693004
-1521.924978,-2749.816750
2670.433142,-6952.391584
-1452.586325,-7815.974092
1506.177998,-6830.079306
-551.992720,-2666.584043
1384.256785,1248.072192
-425.760683,3484.072120
-9.372683,3940.544329
-1861.497608,4951.917599
411.392568,5486.101122
-1222.364485,5718.660042
620.149330,5249.889173
-1251.975135,1681.166625
735.119080,-1029.477243
-131.057252,-4140.390842
1444.640299,-5049.732843
1248.130020,-5631.114676
-1368.745484,-5930.787903
1934.319293,-4033.283589
-2160.327107,-1203.973070
3569.206352,969.112377
-3550.230231,2394.427137
4305.282527,2615.993107
-5692.906236,1659.038566
6357.807570,1018.387523
-6917.696954,-866.140132
7587.755324,-2753.602999
-7266.838190,-4314.986407
8013.330374,-3071.667343
-7606.102480,-1604.678357
8342.313509,1187.950705
-8246.330046,2491.737720
7154.943632,4179.422512
-9084.961925,4941.327354
8066.039368,5741.258393
-7422.857105,4209.549045
7196.365303,1778.468422
-6250.276696,-2371.229581
5876.367017,-5200.354582
-4468.977074,-6803.507527
5013.132162,-6752.265555
-2133.800098,-6467.948007
1749.331418,-3332.635215
-416.021616,-526.144933
-881.668328,3388.732625
1560.853562,6282.841265
-2520.954612,5188.519601
2328.396280,3631.151548
-4693.612879,731.904227
5316.607241,-240.894150
-4447.672206,-2781.575100
5702.871453,-4175.774783
-4854.800436,-5868.681152
4706.501404,-4102.329152
-4172.512331,-2171.330988
3992.478172,1741.552171
-3184.241286,4701.118132
1864.753793,4961.931366
-2306.747085,5341.527144
872.529074,4022.648119
-936.589126,1755.130108
1814.809774,-1503.201744
-2082.145390,-3725.591355
2208.375249,-5666.487242
-1541.550317,-4596.533882
3778.808143,-3645.259292
-3268.247082,-2261.573690
3980.516694,-554.641960
-5601.791587,1661.448302
6207.680530,3876.733574
-6647.439895,3247.793232
7285.159052,1932.357303
-8094.748060,-409.504129
7203.710931,-164.280440
-6797.908286,-1738.556140
8027.235488,-1714.179766
-6930.629567,-2802.235323
5927.371974,-2390.629474
-5495.661505,-1125.640525
4052.594246,2946.069674
-3307.385514,5449.739973
1602.377668,6240.907759
-1916.351292,5124.187376
-388.252645,2731.769330
2317.153429,-436.791947
-2494.474291,-3854.377123
4265.956284,-6019.509735
-5026.103442,-7388.274181
5883.055372,-5640.501760
-4583.410228,-4022.363883
5924.334574,-459.719058
-5863.997435,515.412286
4541.675118,4283.496746
-4192.423144,5097.279801
3121.270912,4262.506143
-2958.809318,1655.635361
1042.358197,-56.994979
-688.965080,-1340.251272
524.364623,-2211.487447
2017.836528,-1682.832960
-1839.349384,-3187.385782
2057.064681,-2070.832983
-3033.582227,-851.246979
2842.878584,2494.841571
-1710.935468,3389.001939
1352.310099,3573.440009
-1042.276129,1927.948182
-1206.647206,1289.700538
3025.420473,-364.087405
-2827.412075,-2147.360410
4343.910420,-4116.979963
-5675.477759,-4992.009169
6632.575163,-2104.637786
-6590.322293,167.696809
8679.013553,1951.713891
-8443.138555,433.787569
7353.236989,1424.055876
-7619.239235,-278.467817
7768.259113,159.539435
-6465.455854,-997.790219
6035.386896,-1561.579691
-5285.533549,-2253.064221
3939.491056,-1553.470274
-2067.267137,309.291527
1634.859284,1211.460985
-595.818944,1078.596947
-1451.918896,1288.854622
1160.924239,2576.491132
-1562.562561,1961.518006
2874.681368,1651.342818
-3106.108165,-782.634949
2127.239432,-2002.296245
-2310.040155,-1488.762181
3220.754032,-553.036280
-2470.302146,-1583.346011
2021.394630,-915.452226
-2526.464128,143.331181
2091.304826,1453.992113
-1476.152889,2023.742318
1073.944118,1506.292401
-1604.683953,1395.939163
-266.616494,832.132490
184.514272,468.630562
953.318912,-473.352442
-259.483433,-1942.566142
179.560907,-3277.118528
-786.918516,-2865.090379
967.435302,-1683.505405
-1010.968788,802.780518
1864.883146,1625.220786
-4091.031357,2805.753650
3657.291779,3619.242435
-4819.970438,4688.390046
5032.275196,4655.227886
-5923.998086,1413.587859
5064.807744,-331.816088
-6103.534397,-2357.703195
7018.299936,-2088.161850
-6503.599822,-2228.348919
6420.815042,-961.889073
-5965.485956,-1220.193770
5145.051363,631.739442
-4542.129090,856.234760
3825.560177,831.915834
-2756.425744,568.909990
1834.363618,-934.110932
-1598.534580,-483.038853
927.974721,-629.489272
-696.785351,-188.691778
1110.780292,-27.780736
-1183.921852,-157.764679
436.675629,470.140423
-910.057657,2740.006621
1005.658377,2655.256709
-1796.071032,2535.646044
1468.725872,2219.854055
-2760.154133,1048.039963
2530.590346,1212.098202
-2063.163326,-20.312817
3163.138611,-1622.249665
-2974.062703,-3240.122192
3183.864689,-4181.167367
-1765.494697,-5066.415747
2013.787184,-3155.780308
-1248.514826,-1395.707114
459.409010,1638.987573
-88.458013,3008.351065
-372.630895,2958.746128
1224.211676,2874.501058
-2955.934334,1751.116278
2690.944963,988.186552
-3077.276007,-69.118710
4526.052589,-1694.102078
-4433.532419,-3242.627683
4850.309849,-2413.940437
-5133.927696,-2125.709525
6415.949971,-44.838615
-4543.511487,-103.429359
4065.141354,-437.035050
-4952.797130,-85.092562
3944.576025,1744.876390
-2840.082427,2518.691272
3395.570528,2241.247876
-3517.930253,619.394798
2709.018822,-1174.743913
-2276.987289,-1514.414415
2820.370449,-1722.292446
-1107.093928,-2298.493225
1441.768076,-3435.268418
-1285.352397,-3150.588160
1949.089662,-1916.601998
-1995.896348,821.647854
2545.195810,2577.397218
-3128.649376,2839.816570
2113.916095,3121.003890
-2453.262207,2133.032022
3858.093351,163.115349
-3596.762074,-2154.783516
4771.756563,-5135.985939
-4751.536177,-5521.237084
5145.617542,-3607.748967
-5445.372229,-1283.341325
6331.418330,2239.673127
-6533.372052,3632.825679
5793.411332,5404.087842
-6209.658189,4977.315647
5217.937969,3623.680359
-5564.116781,1153.278125
4878.778962,-686.173958
-5210.572195,-3289.089421
5112.865775,-3127.831764
-2784.344110,-3264.914142
3135.361464,-3400.213875
-1073.456232,-3209.290149
-324.993916,-2001.763897
332.834659,110.817997
-1452.592078,2253.298655
1936.232944,4052.935806
-3307.286930,4221.128567
3123.023231,3541.282336
-3789.264304,1664.603930
4896.866233,-641.441302
-4880.698090,-4495.765853
4579.725647,-4760.177176
-5540.068704,-3461.341637
5072.588782,688.345899
-4414.464970,3762.660758
4274.075231,5521.020258
-5840.645313,6659.053476
4175.561448,5417.153372
-4355.993284,2566.726766
4317.592464,-608.636114
-4105.254413,-4455.453694
4067.194762,-6695.544916
-4311.431507,-5371.725047
5808.480938,-3529.558322
-4760.254038,-1082.973801
5977.823958,254.969047
-7078.218634,548.412933
6417.447828,2165.500377
-7486.876608,3264.580894
7577.557609,4287.774095
-8731.416839,3443.601845
6705.444363,2796.616726
-7208.746771,1749.410783
7710.406503,1636.926864
-6468.256569,-2195.183826
5938.314642,-3021.388237
-5707.855221,-3370.852054
3764.266274,-1266.655286
-1999.378846,771.044462
980.433142,2215.348385
-64.164990,2802.112848
-2199.453310,3118.525731
2975.102797,2889.680760
-3694.284824,495.492139
5587.329999,-2076.794283
-5940.682481,-6366.339196
5819.169254,-6034.659199
-5851.537284,-4577.108326
7454.606131,-792.206506
-7001.344347,2208.516431
5554.509849,5001.363201
-6301.069169,4848.073390
4734.776608,5511.776764
-3749.561222,3512.197330
2512.193510,1093.691447
-2167.416811,-1634.838076
1080.077823,-3742.534101
411.446065,-3739.197582
66.218540,-4019.535868
774.929373,-2027.707304
-826.461421,-301.786670
118.306646,2670.263000
884.616947,2733.356294
-576.087266,2793.125650
-79.929416,639.206153
-2132.837830,266.723680
3152.694810,563.736486
-3745.641404,-20.368827
5759.209631,-997.883835
-5813.263235,-3753.888533
6674.358065,-3717.163601
-6691.230490,-3499.415783
7898.000825,-1275.221071
-7401.863352,-567.625976
6758.078518,1425.073384
-7316.698893,2280.759409
6505.998599,3655.558636
-5344.069603,3473.217462
5306.347913,2134.288529
-4864.383367,-1253.635646
3433.972851,-2735.560205
-2210.987261,-3216.535832
2777.864487,-3824.629338
-1042.844030,-2974.181086
910.534621,-1477.552692
-1540.526672,1985.532813
878.952486,4316.212496
-24.815303,4910.432951
-260.661721,3062.851844
-864.287622,936.786546
50.679307,-581.630655
-429.697867,-266.077935
1514.650244,-941.320409
-926.254017,-2379.788322
1597.207200,-3487.106254
-1701.453542,-4519.550475
2852.356862,-3280.173175
-2001.912831,-1258.033990
2433.318010,192.836708
-3602.047302,1536.785690
2261.637052,2886.504972
-3107.814133,4026.418075
2764.503579,5421.919287
-2793.216285,3251.320093
1788.839175,1439.575791
-1716.761750,-1043.573221
1891.919626,-3937.742910
-575.109493,-5738.999783
277.837196,-5234.364636
76.265120,-2888.963690
-341.649424,906.301141
1074.859047,3981.947798
-1676.457670,4536.769150
702.263826,5182.233083
-2755.697148,4354.017190
3014.768942,2402.752052
-2814.070238,-685.419232
2734.448385,-3131.555644
-2605.235989,-4317.888862
2406.853775,-3763.794361
-1282.660670,-3137.050814
2327.722932,-903.947480
-1086.948609,-563.521112
-52.073783,261.846782
82.964064,1508.917544
-704.602582,2458.445539
2089.054630,1597.494011
-2311.201120,-414.412334
980.332017,-382.179033
-2106.209970,-169.219031
3102.359093,2214.110098
-1640.623733,687.996031
560.398330,238.098179
-897.153586,-347.739238
-349.977537,874.728009
1308.799683,2196.147398
-1799.773522,1525.665284
3238.770665,-48.892905
-4619.428161,-1813.744735
5382.735498,-2115.500240
-4923.619770,-3267.291640
6464.869878,-2009.349641
-6291.373660,-2557.950754
6030.440636,-2174.384265
-5533.834412,-1784.761125
6088.854253,198.076931
-5023.819007,1011.827582
3068.057560,2549.738535
-3375.629782,3047.284094
2004.302290,4019.103278
-1896.439633,3366.070380
1123.102921,1476.709248
-1451.749703,1425.164067
610.698380,-240.919834
961.352271,-1588.796442
152.488094,-3764.940342
-503.911639,-4469.286037
483.947803,-4266.339399
-807.682550,-723.161077
1825.099586,1878.429316
-1338.573103,2436.906762
1829.302023,2019.566057
-3486.169854,552.590595
3729.992425,431.138431
-4239.317987,-267.049274
5457.021037,-1390.542630
-5014.274262,-2881.625242
4677.334446,-3069.727718
-4477.724438,-2287.576638
4893.323895,1435.492056
-4341.722423,2408.600376
3433.176418,2957.502959
-3192.371565,2273.390973
1171.308317,2474.586832
197.866611,864.052938
-561.674708,215.512970
2182.584383,-1782.912526
-3679.885875,-3086.313417
4740.730058,-2017.017810
-5096.491281,-2353.539540
6840.111698,-214.964003
-7320.849669,59.566785
7656.666009,1515.860350
-7936.430797,1359.729947
7991.833825,1551.423519
-7575.094369,-419.158760
7256.822633,-867.134004
-7126.255723,-1945.275977
6117.564411,-1096.450898
-3455.059097,-1307.865804
3973.317608,-2350.468874
-2309.400081,-3532.623499
1611.726543,-3802.408629
-1687.823799,-1179.610926
1805.359638,1469.638568
-1388.553526,3581.794051
651.107543,3472.050798
-1819.859490,4635.430344
1170.944695,4122.424912
-877.860731,2707.936560
1797.498892,-419.373692
-2649.641059,-2852.573140
3394.592197,-4894.974020
-4463.328371,-4360.770234
6444.556474,-1588.148834
-5815.662339,-691.887585
5833.226294,2008.429847
-7327.579061,3379.817574
6457.559913,4505.625931
-5773.703541,2638.475421
5816.442342,503.251601
-5508.910001,-3212.411343
3909.744750,-3872.142863
-2595.778629,-4210.281139
3725.169306,-3253.741271
-1484.648039,-3801.240400
-105.165797,-3186.303164
682.250602,390.668211
-3022.811567,4092.340258
4143.381709,6860.048004
-4289.843494,5267.965343
3274.884219,3091.857115
-5360.413873,-103.757937
6050.161890,-1027.241278
-5456.654694,-1982.264462
6131.426428,-2499.944308
-5757.755962,-3717.589847
5383.171357,-2763.725014
-4289.522418,-1581.813489
5208.923979,580.211672
-4433.351431,1572.983491
3299.122700,2097.165985
-4159.947389,2887.431400
3304.201991,2310.683852
-2545.990566,1380.388319
2117.080628,1043.749201
-2947.775846,259.949612
3161.233399,-580.014225
-1091.717478,-1857.443399
2409.896473,-5087.319671
-2606.746015,-5821.282215
2336.520923,-3735.836269
-2525.387914,-195.222406
3605.738834,3157.761885
-3901.861582,4700.417900
3343.414501,4395.678880
-5084.902232,3681.644614
4908.433016,2359.571153
-3881.925724,-634.311260
4646.197030,-3009.901005
-5105.911058,-6079.431557
4782.195172,-5424.146788
-3262.978040,-3705.497014
4261.375144,-497.810865
-3020.154386,1186.122019
800.687061,3435.630305
-979.757202,4385.877938
60.430595,4537.472893
716.967016,3146.415939
-2175.976170,107.612334
2928.376347,-1860.483279
-3417.301257,-3834.021388
5866.267419,-4650.906097
-4619.096398,-5715.621764
5146.448816,-4449.325139
-5505.001100,-2576.253408
5805.026448,1663.180474
-5273.197607,3946.976919
5138.894693,5233.377376
-5821.817859,4536.912451
4332.551501,3171.204699
-3598.954066,769.076302
4069.665539,-1600.012329
-2684.567520,-5023.508883
2439.214231,-6130.804697
-2144.955186,-3858.266121
2144.699241,-828.844563
-1291.623694,3251.634845
2006.791568,3914.275143
-2865.961850,3660.152588
1777.353878,3307.564123
-2103.951879,2017.823131
3261.344311,-754.260761
-3239.252971,-3376.409110
3783.569364,-5684.954077
-4268.789151,-5367.840369
5456.903785,-2502.618283
-4371.077088,-1117.516160
5582.832150,1016.000997
-5969.723639,925.524302
4762.194214,1866.379523
-5040.758379,2283.287315
4890.689655,2066.625501
-4436.186150,1122.038057
2833.106010,911.655204
-3743.764945,465.109775
3129.657237,1820.842345
-1064.857061,869.457865
946.156730,-1733.115190
-616.179441,-2686.724793
-90.926341,-3255.698396
257.212153,-1182.713506
494.815835,73.868181
-242.766340,771.111053
-582.239960,1143.019138
-137.673099,1992.722832
383.702211,2091.206505
407.407930,1294.438942
-380.998071,-597.651960
-858.008241,-2013.401724
1200.522550,-2615.930118
-1142.291623,-2332.651583
2976.340374,-1343.157022
-3029.419125,-619.623920
2377.971775,841.910183
-2873.268791,2338.764613
2291.556873,3635.508908
-2712.208175,3591.160634
1851.726073,3231.841153
-2492.494061,1417.833967
2071.559450,745.897753
-264.556691,-2075.265917
483.207336,-3739.401352
364.974447,-5556.341076
-1388.277108,-4946.602418
3367.167620,-2537.781058
-3620.718440,-463.433340
5097.382261,1890.786172
-6652.088308,2816.329642
6461.261411,4170.449419
-7010.807109,3081.902033
7831.083705,1352.974902
-8405.585667,-1831.513307
8687.080999,-3033.415879
-8714.440323,-3719.202338
8854.474010,-1522.181387
-6768.209197,-1315.026574
6561.574079,-5.111671
-6066.316004,13.454765
4032.964580,2513.361622
-3620.715481,4463.596246
3258.233869,3941.139345
-2648.775026,2528.155249
1623.730318,-677.885869
-2419.875596,-1110.709577
2502.863865,-1445.425804
-1002.685096,-1401.378553
2263.522230,-3603.451166
-1397.356276,-4675.254503
1629.370639,-4531.572358
-1760.301304,-2739.751123
3023.039431,681.135005
-3284.924630,2153.839436
2762.896199,3770.451948
-4326.068177,3422.646265
4566.279977,2681.937994
-3220.604517,524.854006
3709.328668,-2451.069228
-3111.202955,-4961.520948
2392.093446,-5315.402485
-738.888899,-4861.091412
2350.325438,-3498.272531
-1477.076679,-1240.127501
-474.428470,3549.203526
-338.933899,7685.398014
-745.919313,9909.029699
1261.360035,7965.638240
-3236.568202,3633.591637
3202.880103,-1137.173681
-3996.024685,-4768.340624
6370.730078,-5600.681451
-5417.264037,-6824.364906
7826.191852,-7478.713203
-8351.825967,-6058.663224
8879.208523,-1967.598882
-8030.655425,1611.197740
9521.535889,5001.699850
-10453.042575,4268.320302
8920.203529,3352.620201
-9457.964493,903.448115
9537.076033,-158.071197
-8122.395045,-3336.292645
7860.864321,-4350.084736
-6495.952493,-4548.531254
6349.274337,-2494.174028
-5260.809122,-515.259286
4919.796289,1100.236929
-4690.967106,3946.945285
2760.151148,4929.799818
-2691.808308,5041.186048
2674.730582,3712.891134
-2640.057746,1395.953218
2223.142800,-2207.187500
-1883.873040,-4359.191201
2950.546693,-5387.223469
-1417.344323,-5593.277684
2916.818602,-4429.680916
-2728.006382,-2573.913129
2648.381349,787.323462
-2340.994788,2981.838871
2362.295077,4013.280036
-1757.944697,2702.193188
34.383970,1498.970954
-406.014695,503.192569
93.725552,628.130428
1672.958109,-1332.584205
-1630.594153,-3811.817486
3000.546735,-4780.285210
-3136.349074,-4402.936064
4263.878333,-1781.240957
-4575.669289,916.099859
5444.234592,3092.518849
-6855.074830,3357.682893
6445.482982,3903.253191
-6591.297248,2351.268670
6981.811087,1503.805171
-6406.109313,-1138.450740
6220.626139,-3194.948471
-6660.417403,-3873.008359
6763.490972,-2843.844479
-4939.193428,-2052.351043
4920.250006,65.560222
-4501.220639,1082.153829
4086.917421,2264.582287
-3049.092101,1403.555551
2506.325506,-511.549734
-1966.031962,-1724.276722
755.614412,-2241.225220
-456.388962,-810.320636
1298.438270,46.961992
-931.324408,916.764419
1064.067925,337.433078
-1306.960383,517.133775
1488.756539,-699.372933
-1729.537883,-197.685069
2282.289971,643.875191
-3854.986609,1003.922010
3601.027481,2101.350092
-4280.252574,2507.299530
5239.268639,2383.774045
-4883.039656,-474.133861
4693.375777,-1572.233224
-4458.539276,-3629.854900
4487.992662,-3214.598787
-2580.733120,-3847.412595
1835.804890,-2726.553114
-1924.494424,-47.579907
756.397306,3217.386205
536.130779,5129.258655
-1165.935509,3962.939591
1476.409711,1497.055661
-2816.368898,-1557.283610
3178.076851,-2573.360469
-2419.510037,-4650.320701
3518.856308,-3830.720384
-2684.833587,-3461.535197
2208.003384,-1405.684506
-2117.939051,1466.969064
1593.057678,4252.715881
-650.006194,5188.996009
-1384.818333,5028.193292
93.173779,3909.037911
-1104.207534,2317.896631
1984.975206,828.616477
-1748.327718,-2502.231764
1966.899137,-3799.927190
-2004.636046,-4687.147340
2447.082521,-2967.389215
-632.909353,-1992.107184
228.350645,-558.456384
-500.059853,1044.478035
-1374.730928,3935.733953
1998.549549,4431.597777
-2650.374423,3127.659489
3183.763043,1417.240695
-5088.987955,-1693.151507
5695.620846,-2932.595057
-5300.971080,-4039.336735
7360.171211,-4436.727738
-7519.257941,-4332.704013
6955.221478,-1233.456250
-7839.532786,1845.370295
7698.324976,5727.484815
-7580.417852,6250.489496
6260.325875,5601.455149
-8174.910587,3738.754357
6327.356439,2731.222645
-4849.882510,225.418652
5582.219468,-3054.716479
-4742.031531,-6791.576400
4692.001523,-7751.116400
-3320.713778,-5590.697016
4041.389331,-2429.394315
-2351.910468,619.713717
1166.337971,2838.789684
-2468.723517,5072.707649
2170.482670,5363.993740
-2082.003197,4563.793640
1955.350942,2086.618853
-2569.051606,-630.600351
1977.673023,-2814.938122
-1635.122667,-3957.997055
3042.552069,-3380.618664
-2790.741980,-2056.113739
3240.214920,-574.027782
-3999.688516,2281.134630
4008.682596,4323.372308
-4319.490013,4036.254878
3894.052411,3485.969360
-4582.718141,256.120660
3332.564264,-558.812875
-1836.137397,-1865.710726
2480.477018,-3300.646507
-1518.717294,-4758.856520
1631.053418,-5022.579748
-825.208415,-3649.288516
643.436404,-696.777431
388.074955,1473.846958
-1211.056237,2510.359036
605.738896,4722.914417
-1854.221229,3742.235689
1618.651388,3203.385365
-1313.669904,756.580299
1096.981628,-1694.781223
-586.053682,-3240.822326
-167.626102,-3657.294031
1735.890991,-2892.832572
-1063.507146,-1772.605492
1998.483720,-1173.843303
-2686.600237,555.804116
1990.260714,3509.120641
-2567.941310,4272.325168
2939.549358,4764.158930
-3154.243334,2048.387098
941.524482,978.570803
-1013.332667,185.705572
718.106830,432.242162
1596.437061,-1941.551979
-1680.145026,-3928.905690
2807.425679,-5002.743629
-3559.354052,-4758.809330
5469.790006,-2022.370859
-5916.930855,-173.787349
6623.431415,2460.387886
-8734.171706,3324.478214
8141.415245,4708.139331
-7829.754671,3134.415886
8345.452598,1785.502105
-8203.838932,-1955.305701
7046.523971,-3624.476412
-6778.050633,-4119.879060
6852.701120,-2585.106200
-5131.858032,-1297.670786
3635.010743,1340.512374
-3892.873915,3732.547962
2821.346175,5743.063219
-2555.301860,6025.304816
1609.436042,2773.559207
-1877.769257,-158.152661
392.737865,-2843.903601
-17.731763,-3010.491632
1379.398331,-3268.905129
-553.085997,-3166.681438
1409.819059,-3492.532613
-1212.234155,-2793.024163
1408.811809,-1050.063097
-1501.479510,1057.305907
2162.144213,2515.642693
-3788.969950,2880.286391
3376.417662,3069.835875
-4216.760624,2748.483686
3845.069757,2401.241165
-4061.318620,1274.276795
4280.294689,16.011657
-4919.813890,-1572.066959
4803.144069,-1370.955717
-4353.040208,-1343.063112
3699.229096,318.680827
-3817.410612,1541.458422
2637.993288,3813.453792
-1888.313250,2701.849697
1360.607683,1062.164954
-648.692301,-869.791383
-927.810272,-2591.048992
2503.319132,-3454.308943
-2801.822946,-3636.135041
4945.508557,-4069.199775
-5520.666091,-3745.558258
6205.662338,-767.111626
-7445.311319,1411.713218
8030.884975,4391.006493
-8555.380264,4330.198645
7705.388428,4161.588826
-9497.456257,2583.619363
8424.267818,2435.829100
-6684.436499,-221.967658
7627.403613,-2529.625487
-6532.128118,-6368.177003
5869.153477,-6406.060124
-4658.811142,-3862.246637
4039.115177,-94.280389
-2561.711983,3492.032630
843.604986,5708.297934
-1807.366078,7301.218863
761.763737,6231.692003
-201.189457,4128.268902
-208.910756,-226.831838
57.618747,-3681.510843
-647.934205,-6084.444667
1601.844977,-6152.839984
425.147094,-4890.794382
1100.384977,-3508.973278
-500.431406,-1735.588484
-57.518785,1074.089550
113.458611,2852.903561
246.873351,2586.685634
-795.335867,2217.161473
-345.994120,1011.822262
-1284.987312,1459.982139
1653.455680,2433.458724
-888.792202,1148.163609
1860.094489,-1719.829994
-3094.025069,-2897.829098
3233.825487,-2829.179646
-4459.066589,324.093941
5448.122231,2811.565361
-6280.171351,3526.260244
5145.921243,4999.354280
-7530.770355,4284.100917
7895.617485,4052.997973
-7732.973567,1425.394695
8125.372938,-2234.058056
-8251.284582,-6220.429858
8004.431747,-6701.997611
-6940.530918,-6787.712155
8471.578959,-3966.531400
-6824.881220,-2455.275404
5747.789187,-104.048176
-5473.404376,2639.286720
3446.290062,4983.421106
-3129.610129,5779.737021
1502.562777,5210.635534
-2740.081462,3318.546164
1202.930781,1675.164299
-859.468309,1398.788691
667.809259,-664.955372
445.838878,-2283.116035
-1056.538020,-3132.190885
1123.369314,-2491.744595
-304.178922,-1728.510520
929.791500,82.105869
-1122.291896,1365.237184
204.166322,2683.032715
-1198.322454,3963.342476
1484.405056,2639.307797
-1026.569339,683.749247
1597.665951,-2457.502837
-2026.023920,-4392.216940
2606.116832,-4053.604860
-3085.030202,-2408.168556
4431.331164,-700.401962
-5161.016034,1483.039812
4895.848413,2689.137592
-6141.580107,3810.080548
7180.349468,4646.885648
-8063.797136,2299.530691
7388.150018,828.973832
-8394.771068,-1964.762187
9091.711749,-3434.713829
-7703.066369,-4680.207751
8502.829557,-3793.270768
-8322.129995,-2629.506415
7607.507717,1126.421375
-7797.529573,3373.534081
6704.878693,5009.549056
-6474.139969,4547.385423
4194.945549,3981.787885
-3907.819504,2490.345365
3192.493060,587.314968
-1345.316585,-2606.961320
819.673342,-5466.239341
-673.255733,-6121.362310
-103.800944,-4172.891795
2187.730964,-521.392587
-1535.741324,1133.873093
2180.969273,2294.317453
-3228.137534,1740.989919
2302.636220,2442.189296
-2327.319254,1172.746553
2371.820930,593.433207
-1984.438490,-1043.407617
618.732069,-1207.309017
-391.125780,25.215125
-15.456051,1558.441324
1376.417149,1982.451905
-2241.411732,1259.297842
1952.306144,661.416596
-2662.780183,-210.122026
3244.567296,559.488264
-2982.994238,-375.494277
2255.563657,282.295329
-2443.732999,-304.768902
2083.535224,1.315631
-783.226921,-455.677201
772.836137,-1085.597926
593.568115,-2585.253844
-1512.889649,-2806.676198
3024.541107,-2895.490066
-3463.495549,-2509.647483
4369.400450,-423.472593
-5703.510374,766.360142
5574.046482,3768.477695
-5361.085251,3596.224511
4931.400232,3984.078685
-4685.052694,1179.893315
3416.097551,-483.959138
-2785.062922,-2220.686270
3027.850287,-2840.173245
-1083.491279,-3902.002376
140.984853,-2803.182464
-622.802540,1462.751618
-479.971203,3843.859534
1573.024902,5991.944509
-1937.831177,4268.705547
910.415337,2754.771732
-2044.165063,382.295202
1474.945029,-463.728195
944.875792,-3160.411258
-756.843035,-5785.835873
1616.374872,-6367.008150
-2317.636053,-4843.625561
4038.541979,-1840.187696
-2921.773489,149.027218
4304.716341,1714.340979
-5833.482555,1125.218768
3863.798752,2373.101063
-4212.030362,3514.730753
4930.888280,3973.360568
-4093.160417,299.535652
2531.006194,-1101.662322
-2730.266654,-1932.471315
2690.664732,-1547.462100
-531.409417,-785.364952
139.905114,-1221.501295
-1031.828401,176.276162
41.297067,1740.866772
550.443036,4125.079175
-351.090489,3788.778382
42.677255,2324.070565
-669.111753,-246.437508
-708.952069,-982.506705
2160.860082,-2690.498271
-1357.595750,-3631.804914
3122.528629,-3995.893657
-4057.748181,-4465.266458
5305.985105,-2863.901299
-5097.508800,-678.189535
6212.625105,1265.825509
-7311.753346,1778.191432
5838.459812,3714.471774
-6726.795746,4307.265842
6722.757998,4899.449217
-6507.737586,1742.237424
6024.504175,-444.488180
-6382.103872,-2573.375147
5569.970865,-2814.558569
-3903.908026,-2292.618849
4288.793434,-1953.837650
-4084.619421,-1194.460716
2940.439272,750.513044
-2740.058836,3350.046390
1989.802383,4251.494370
-1770.684314,3805.250419
996.010497,1525.093359
-637.611656,-2163.048045
604.262994,-4100.976109
806.652718,-5137.604063
-456.877838,-4525.098005
1020.720070,-2736.657618
-1073.357177,-1338.967406
961.026660,1785.450399
-918.443725,3514.971394
486.211133,5051.085548
-1634.643875,5033.712602
148.484080,4635.622397
95.784219,1928.674402
-556.595933,-966.860358
682.086158,-3233.023159
-689.518951,-4425.866532
1307.127512,-2216.973759
-754.335809,-1414.994667
992.540401,511.047447
-956.382836,775.855461
77.442163,1487.059568
441.085318,1865.108886
-1460.809895,1666.559915
2126.927874,1052.741722
-3453.493794,505.183787
3476.196968,-436.048181
-4758.728996,-1055.900983
6177.981242,-406.592818
-5829.605333,-1786.400213
6573.029202,-1766.329906
-6161.671787,-2673.414749
5655.894832,-1468.062664
-5155.587850,-1082.223368
4665.921598,657.653092
-4312.029548,1036.187275
2608.252593,3355.179275
-2329.288904,4311.441738
1440.261170,3894.303250
-1062.356642,2814.628899
-286.270170,-109.746678
326.591007,-924.671574
-678.095303,-2593.586934
1510.647291,-1986.402207
-615.230897,-2184.070064
67.090170,-596.870979
146.886842,454.409378
-1230.594909,1896.888907
2691.791462,1629.066566
-3292.403172,522.817640
4127.285479,-579.722362
-5951.572547,-1610.862380
7916.471248,-2057.874251
-7101.758020,-3619.034152
8807.983867,-4504.946404
-9324.847149,-4834.252941
9426.732946,-1257.871697
-8954.174184,855.313952
9586.892024,3961.026348
-9241.897621,3128.739118
7207.136470,3854.292905
-7538.860474,3123.156939
6960.757859,2653.520510
-5054.104699,532.201184
3942.477602,-1374.885552
-3397.847172,-2604.339465
2550.460757,-3140.711368
-762.784110,-1004.110799
1481.888015,-781.177457
-698.249588,176.420254
-408.293823,623.056299
475.567468,1303.340220
594.539407,530.448999
-127.961915,-683.649241
535.706101,-2463.474608
-934.577665,-3451.718942
1725.806761,-3045.783030
-600.675591,-2199.087017
1805.970810,-1717.638998
-2052.242386,-1837.474037
2050.776109,-309.051081
-2051.665810,1562.521500
2226.218869,2483.238604
-2146.005878,2348.037928
669.011591,3005.721976
-2358.138044,3100.535549
2626.211008,2684.709514
-1795.821886,1257.136797
1369.738927,-676.744642
-926.522671,-2802.134948
548.289285,-2946.154816
813.703892,-3204.359285
-294.568480,-3005.051827
1502.281362,-2567.197344
-2922.878541,-372.152449
3286.042757,2022.960215
-4454.064852,4055.464375
5484.946976,4521.191735
-5799.973712,1711.614279
5006.436516,-437.254762
-5691.610423,-3117.759672
6912.722669,-2387.499883
-5174.227521,-4525.455940
4951.194753,-4166.923911
-4744.517145,-2534.306239
3580.076097,848.313953
-2492.918300,3548.929521
1813.742895,5209.859352
-1495.161332,4830.402244
-748.100381,2845.456191
324.413576,2577.027917
-861.536543,35.280723
1288.200049,-916.491003
-436.781459,-3251.315341
-15.524746,-3641.619691
950.594611,-3394.418607
-879.859661,-1505.551607
2881.350989,-256.184154
-4523.094971,1054.928508
3532.534239,2924.990632
-5410.059729,4556.680201
5797.273287,5917.925931
-6333.350213,3078.856020
6987.479867,212.445244
-7214.441456,-4278.963245
7420.588764,-5763.381373
-5583.328763,-7549.187023
5958.401834,-6142.670828
-4903.994061,-4141.384595
3390.842952,720.668788
-2879.664753,5115.365843
2353.384762,7078.401212
-1104.043619,6457.099934
-1667.954053,3964.203064
1160.713134,1254.990214
-3310.139497,-193.758510
4249.613271,-668.719371
-4335.305462,-2151.866341
4817.112103,-1101.679256
-5984.919052,-305.345463
6239.086530,2134.256322
-5649.805826,2590.200708
6340.547065,1122.727792
-7015.978944,-1427.169337
5301.019402,-1322.209865
-4660.168284,-1991.434735
6310.438073,-1772.595930
-5064.333119,-2667.546197
4514.440926,-3740.430424
-3932.682396,-2848.654071
3704.105160,-1344.371103
-2514.505659,58.717393
2119.461612,1827.850530
-3475.836776,3328.021221
1800.650348,4777.982667
-2267.135833,5900.051307
2086.221733,4574.536261
-2355.379613,2566.012356
1429.909706,-358.505548
-3402.993441,-1304.496778
4805.214084,-1578.036623
-3652.075123,-2374.264448
3879.261259,-3059.489714
-4277.426782,-2777.781744
3969.393750,185.285677
-4063.464152,2096.294653
5140.127495,2720.425136
-5407.843000,656.562343
3986.514129,-123.643179
-4135.545716,-976.831500
3694.688306,-26.419558
-2202.907354,-901.610811
1124.199429,-862.745924
-542.709694,-1164.020798
-1105.926336,-1074.213621
2421.360670,888.761569
-2625.233665,1381.120270
2942.509243,1308.465014
-5228.772208,2006.341630
4464.785039,3157.416565
-5872.705623,3305.768916
6693.611396,3781.755927
-7250.326434,935.428984
6885.066433,-536.894331
-7154.088963,-2084.436791
8260.573947,-3163.146377
-7020.003331,-4576.480428
6601.033212,-4257.503582
-6811.398517,-2345.889197
6221.735352,1778.919050
-5998.198637,4261.782041
5453.415846,6051.931374
-6036.851085,5447.422765
3565.708698,3865.031027
-3090.058702,1009.382560
3174.654172,-2132.185619
-1942.160493,-4991.294974
2474.239409,-7058.179485
-2363.101106,-5688.922162
3282.536699,-4112.478717
-1782.293187,-797.924500
2098.893854,1733.644702
-4120.811497,4648.004620
2417.058162,7669.190743
-3876.099346,8933.754010
3924.381611,7285.303615
-4561.059151,2397.820458
3599.615564,-1623.289150
-3808.147251,-5492.143281
4782.026248,-5353.031391
-2905.538884,-6151.873049
3121.087066,-4956.364888
-2543.475309,-2394.808917
1182.817032,1060.095475
107.263385,4417.318611
-554.914223,5597.262585
876.865806,3955.383763
-3337.808186,1582.729864
3180.348759,-295.100273
-3121.039167,-2976.422235
5093.238494,-4339.455796
-4741.048631,-5702.590996
5196.818175,-4406.582993
-4550.867129,-2600.904705
5191.687959,529.801032
-4701.100056,2063.824292
3220.430096,4509.606856
-5061.663762,6113.975103
3665.969846,7295.916181
-3810.275156,6694.669693
2911.938319,3858.613957
-3042.197217,205.833955
2064.721628,-3357.941555
-1448.478294,-4770.055103
3320.378455,-5887.535091
-2420.455078,-5323.061012
2296.241470,-3564.516239
-2851.354279,-180.883161
3487.167981,3072.083236
-3272.267867,3861.118371
3179.446846,3459.231564
-5116.110709,2110.660165
4563.106269,602.850309
-4355.557095,-966.442555
5447.172333,-3065.973070
-5031.164959,-5485.296227
5193.935402,-4717.076721
-5033.803757,-3070.314534
5191.243522,532.808599
-4447.274943,3063.423123
3259.811597,4696.687853
-4545.250861,4969.751547
2706.057134,5644.499907
-2115.331932,4164.003651
1357.354330,2319.789992
-1005.724857,-856.083755
-540.791161,-3287.282004
1890.395876,-3703.842663
-1522.840753,-4016.843169
4143.665263,-3974.187377
-4861.034352,-2593.031364
5360.072516,-122.142425
-5957.368255,1697.216424
6215.858468,4025.255411
-6673.503705,2975.171625
6101.095936,2689.015246
-7091.050219,1013.482828
6939.358678,502.224751
-5181.981551,-1982.861944
5229.548796,-3589.158694
-4049.042464,-5662.183924
3238.365333,-4456.474677
-2378.300336,-1666.201186
1678.954988,2043.210050
-829.049332,5514.512545
-1223.076783,5674.015013
454.519837,6222.175295
-1080.482084,4001.592890
912.663955,1299.971160
-738.061288,-2370.507211
477.568087,-4281.689040
-369.966528,-5390.229029
341.504107,-3593.268498
1767.996236,-2254.827164
-2459.976321,-215.605023
2464.758745,2766.809203
-4053.348075,4450.679455
4442.698838,4843.617389
-4807.178253,1915.801948
4780.934504,-522.946859
-5733.957562,-3145.708898
5920.475795,-3628.941678
-4238.111802,-4471.720981
5013.742982,-3393.119567
-4485.800014,-2923.737043
3776.703418,-549.143479
-3466.950768,1818.663323
2737.646253,4124.705482
-1952.611171,5299.358129
-31.661338,4547.578882
-1255.428176,3729.108817
-42.853000,2598.150854
867.617974,1353.903194
-722.853348,-1116.712095
792.564269,-2711.420802
-1078.517482,-3608.621737
1787.165963,-2326.603774
-274.274549,-1853.434696
393.191084,-1513.186900
-459.816201,-882.123323
132.843617,575.259295
1054.285481,671.699169
-747.318077,-198.421863
1100.674749,-917.960378
-2026.331061,-1427.451778
1634.442682,-364.913864
-1164.132060,-133.183893
2189.858768,194.955860
-2404.432700,105.198154
1672.831623,848.957870
-2573.330558,2192.381107
1835.183949,3809.317184
-1371.894280,3361.366379
179.658709,2466.950372
-1502.902932,1687.136212
924.574645,929.134410
371.472233,189.311049
-116.887024,-1562.735177
611.249244,-3972.534262
-877.954885,-4998.210744
1332.477854,-4166.375963
156.807192,-3063.792806
995.572098,-1516.516604
-1336.755794,-570.035169
441.780727,1901.493679
-1155.242757,3594.872684
727.050718,4003.892742
-592.003724,3398.715705
-302.548812,1444.793083
-273.200004,-467.361507
505.991930,-1277.791870
788.771393,-2436.224533
-728.393881,-3516.708712
1025.063344,-2795.971628
-1572.181610,-885.943674
1301.409325,2171.171918
-297.721445,3718.613395
-428.879924,4721.565490
-278.052649,3695.544259
-2332.144528,3892.998081
3023.850079,2143.712016
-3020.569109,-245.949691
4369.618421,-3279.656191
-4678.297304,-5938.351517
5787.893769,-5441.234667
-5630.527938,-4390.546008
7690.419982,-1883.887238
-7892.248411,-1126.906799
7231.112708,1998.695625
-7409.972676,2284.882593
7465.859768,3458.781791
-6679.504248,2410.630782
5571.422288,770.619303
-5461.626982,-1282.563259
3862.095238,-2094.953528
-2628.813935,-1238.253662
2537.553809,-403.412513
-1792.903768,206.574101
885.484400,1492.306001
-927.405518,2857.839523
812.183774,2018.213273
-431.926433,1583.956346
-199.747520,-462.110519
-1063.322169,-661.644017
1755.182088,-439.638409
-820.993715,-734.757960
1805.483147,-2138.165372
-1975.197397,-2939.621442
2916.241850,-2883.819955
-3364.763666,-1952.491241
4176.675521,-175.521097
-4389.669796,759.247150
3269.879104,3704.365050
-4110.527159,3805.366237
3873.614108,3787.944194
-3017.970018,1972.606676
2509.384742,-443.448482
-2398.752100,-2790.443036
1735.144267,-3866.229252
-299.431809,-3897.457927
796.966969,-2908.566231
-30.982537,-1579.450551
-1087.382610,589.968223
1094.980469,4184.821080
-1997.278961,5386.409219
2467.931318,4776.991360
-3160.183450,1871.270003
1085.595423,131.892223
-1174.936259,-925.014911
1103.902313,-219.272082
-97.533580,-1321.659215
80.980278,-2333.082682
407.202610,-2744.317747
-819.428276,-2106.875521
1788.985475,-575.635696
-1626.326058,-176.206260
1228.249128,1440.429911
-2115.331860,1333.570012
2001.718595,1251.290061
-1639.844462,53.758299
1701.138705,251.295355
-949.514063,-1230.722044
145.725248,-2243.305049
454.401597,-1524.901776
-283.893843,-1852.016430
627.202382,-385.404528
-1633.329984,1660.595368
613.951724,4662.716263
-1286.553187,6165.650893
1474.779633,5415.288629
-1764.327802,2643.359750
-164.269100,172.211714
-156.855196,-1528.546402
1230.817165,-2415.481522
-174.945395,-3408.373387
520.232143,-4793.077390
-2.247412,-3827.788582
502.547886,-2407.917535
224.872547,-1029.529513
381.910722,979.128442
-635.278040,1650.559043
-882.017261,2340.589090
508.655624,2401.671128
-297.977374,1469.360538
863.998316,410.399181
-380.433960,-2069.339778
211.605691,-3863.294936
295.465147,-3599.879781
1137.326644,-3020.759469
-592.994131,-2388.123305
-45.708182,329.037322
-664.340069,3246.686275
-438.122691,6884.454565
811.934252,7567.957066
-1736.995555,5370.651121
1528.088316,2015.620441
-2749.204162,-1553.360325
3710.332527,-3621.278665
-2792.416875,-5317.478801
3690.652833,-5524.385111
-2797.345499,-4816.381054
3879.759263,-2950.608896
-3774.015121,-953.697067
4468.067342,2209.511009
-4794.942455,3616.122079
3385.777344,4430.683254
-3714.773589,3142.138418
3424.329035,883.244122
-2196.770502,-2198.761732
2132.120007,-4149.511204
-1201.424907,-5149.162292
979.646930,-4095.674188
103.905713,-1876.483849
473.681798,-553.109142
-1286.548735,2025.937937
224.588677,4558.191524
-1090.053455,7458.941212
973.795269,6530.545317
-2458.791292,4894.008842
2283.866492,739.546929
-4079.338618,-2150.301287
4899.695980,-3233.735927
-4475.408778,-4118.922585
6392.280077,-3547.680925
-6088.436237,-4556.333608
6338.186609,-2021.491902
-6492.409832,-1081.335268
7242.475643,725.687092
-6838.717859,1631.313471
5266.015990,2631.247294
-5255.027819,1613.409987
4182.275217,1792.922767
-3078.689301,708.938398
2195.984682,-1201.033254
-908.816609,-2388.320416
220.528879,-3075.065295
534.208435,-1841.024141
-288.417569,-999.207366
431.003835,1092.144552
-1415.947664,2924.770770
-76.363154,5214.199080
78.328440,5071.704547
-551.268480,5290.600043
822.615396,1444.072063
-1907.912085,-1884.504327
3118.575358,-3616.140722
-3515.125733,-5063.246652
5358.986666,-4863.747683
-5164.496799,-4416.468910
6051.439373,-1334.770354
-6197.084004,177.183604
6189.264576,3141.440376
-5297.305516,2776.508366
4262.497809,2924.175051
-4538.269378,715.492367
2986.722363,87.378948
-2017.094790,-182.823919
1016.969341,-775.465671
1231.916122,-1785.902508
-1841.895316,-2525.749642
2898.691587,-2118.443175
-2869.602368,-2507.594800
3503.839973,136.511733
-4067.304449,657.562852
2108.413175,4289.923344
-2328.293140,5193.156039
1380.816801,5688.030836
-397.277404,3689.326170
-1164.579713,763.140333
2601.280162,-2854.806954
-3359.590551,-5261.034703
5518.787975,-6537.314489
-5524.149003,-7298.735430
7035.024487,-3487.451648
-7789.230434,-1089.300865
7560.449130,4705.474506
-7738.211055,7033.712946
6471.186060,8047.030332
-6975.096732,5162.068769
4426.196039,2513.222634
-3345.068276,-1299.276262
3232.488590,-4004.372172
-1800.320031,-6033.952724
1181.603327,-6496.965925
608.127479,-4180.844237
-1067.476872,-2046.523917
2880.979510,949.750894
-3949.746429,3052.660777
3510.883672,4997.390343
-5088.905583,5282.544646
4705.654648,4706.023939
-5765.013573,2178.929433
5383.121636,453.293698
-5650.068221,-1829.132199
6116.052937,-3188.936123
-4434.273046,-4451.158492
5454.862973,-4364.043456
-5208.575066,-4130.632455
4793.750098,-1377.439852
-5017.785685,1945.860232
4728.941182,4623.327606
-4237.388902,5236.606741
3241.311248,3795.013885
-3372.381737,1415.985696
3322.945222,-1191.915807
-2155.827110,-3869.034367
2025.613072,-5089.534360
-1984.106376,-4373.606549
1959.692074,-1870.534406
-1363.082432,1563.369847
2550.077240,2955.694423
-3097.560068,3878.672437
2815.970574,3015.282895
-4382.799112,2639.817395
4575.436870,782.286545
-4084.555438,-2069.444318
4625.438033,-3221.835631
-4932.471670,-3998.923389
5142.720507,-1710.995003
-4002.027696,-684.016143
5238.169187,436.307697
-4301.335925,-1693.770026
2696.876219,-846.532330
-2232.324847,-220.587670
1383.201343,1584.162129
670.752449,2130.937866
-1302.840893,-302.688828
2088.999951,-1281.613492
-3393.389664,-2447.617667
5025.289609,-1373.129386
-3999.218763,-1422.084338
3993.065135,-545.867707
-4564.640090,-362.032437
4430.808412,1241.021504
-4001.559759,1876.034283
4458.907377,2401.656995
-4444.002683,1992.180036
3038.601607,1253.380092
-3544.900929,1417.824647
3728.619935,514.068443
-2642.423376,-1365.379627
3657.981939,-3285.707200
-3417.022366,-4121.144352
3847.933565,-3698.288042
-2550.242140,-2593.627809
4006.765771,-2196.861296
-5232.517033,-1085.872996
5009.684029,942.176455
-5484.584227,3208.467612
6270.685027,4376.427508
-6924.087085,3658.717628
6376.297877,2265.271220
-7940.852856,274.441421
7946.986294,-745.626731
-6339.794117,-3590.949971
7317.553887,-4028.687408
-7198.072854,-4229.215945
6888.598032,-2038.003192
-6068.091829,-324.062854
6467.422548,1642.171757
-6107.022598,2208.322493
3157.663676,3475.383016
-3954.438600,5300.697956
3266.205300,5699.913101
-2170.150532,3475.950551
2055.285105,-1839.286481
-1053.223986,-6603.285152
599.640352,-8343.351261
1027.326682,-7131.886774
337.044455,-4003.364490
305.951641,-1013.661645
-1510.073020,1845.560752
1031.571030,5766.004395
-1109.892277,6810.766218
1056.849173,6358.028128
-1670.189508,3292.452907
372.847032,-422.188491
-253.046155,-3862.064941
682.212477,-5291.257620
840.872648,-5858.058886
-1022.972656,-3175.876770
1877.542575,595.787964
-3237.196081,3933.829110
3083.519401,6950.283028
-3770.304638,6050.970865
3183.233880,4230.030629
-4113.130811,619.017580
3687.908012,-1486.793948
-2163.933189,-4320.887637
2368.495642,-5410.144971
-1182.393768,-6861.776453
380.257463,-4566.316588
1124.604081,-1495.692666
-1570.025373,1905.787563
2888.741422,4396.975481
-4114.486420,3266.513114
4086.449415,2939.975786
-5328.832657,371.279793
5228.983891,-559.282166
-4262.169443,-2956.465699
3796.615885,-2112.791133
-3579.980067,-1784.777798
3063.045682,333.815858
-1773.013021,1807.403546
1623.369279,1508.080731
-1388.029486,1850.126393
-210.004231,1375.558860
-291.831178,2793.609893
290.769565,1926.308060
-210.098194,1179.047767
-55.688593,-142.490816
-1962.421418,900.653095
3713.608098,-415.922773
-3030.387285,-1748.335640
5132.251664,-3120.277387
-5926.113165,-5787.083862
7128.706720,-5265.165469
-7117.375262,-3885.216634
8467.351502,-675.804409
-9262.840108,1882.943307
8260.815432,5159.320419
-9312.658586,5612.272902
9089.673246,5877.105633
-8438.665841,2336.465426
7552.596557,14.683671
-7842.447069,-3376.253582
6926.182931,-4802.425605
-4368.646058,-4161.874832
3897.174231,-2501.523962
-3832.418351,-449.236029
2621.426798,3087.221038
-2297.302395,6364.805452
1361.391044,6286.663951
-1282.037609,4362.448245
-503.787133,657.193018
578.386806,-2165.965662
-167.635948,-4491.352445
2342.120264,-6422.911317
-1639.177868,-6883.187700
1517.556674,-4735.956864
-1507.675238,-1519.851179
2018.230035,2700.444422
-1317.109170,4293.684588
935.076361,3915.990640
-1601.182001,2720.870430
-305.571807,2892.980682
-491.678187,2343.845973
578.383698,1063.856504
276.944793,-1226.073761
-912.080346,-2988.948694
1101.353802,-2334.657464
-176.733725,-1861.608717
1688.645230,-345.079922
-1097.073266,-1263.271059
-391.950188,-723.162163
50.124038,760.402284
-1514.415859,3689.448160
2792.741748,4652.415316
-3610.938076,4128.442774
4275.977878,1637.819785
-5898.392623,-1881.963226
7114.109848,-3670.255733
-6403.671411,-5611.208387
7937.925500,-5081.386802
-8440.929420,-4606.919332
8683.689218,-862.529129
-7735.482500,1161.438309
7976.585408,3547.259440
-7527.529663,2537.760438
5803.038008,2639.434652
-6069.020690,1917.161313
5288.602033,812.540093
-4390.475177,16.788081
3359.882585,-1171.641170
-2792.127364,-1226.875950
2866.746418,-1330.130867
-1574.285488,-811.483227
1964.057712,-955.572853
-2708.959327,328.892920
1451.749903,1546.889846
-1587.496751,2638.026103
2339.103117,2546.451458
-2711.756420,1446.015567
2929.385978,7.858040
-4108.771772,-868.695751
5028.448836,-1849.543575
-3319.174210,-4020.665906
4035.712448,-5159.263852
-3960.662097,-5626.236251
4021.173942,-2357.120707
-3012.955150,640.615968
3709.440841,2779.425208
-3404.321498,2671.383472
900.880188,3193.150924
-1334.363351,3011.143919
1208.219149,2962.663528
-270.260852,1791.650763
-949.518560,-387.316938
1385.353980,-1380.974478
-2016.162977,-2772.679469
3570.406095,-2263.234256
-2517.571143,-2198.606451
2792.335980,-1606.233197
-4041.180056,513.193181
3358.058191,3477.687204
-3096.442768,3988.821105
4047.258617,2727.919966
-3841.248797,-674.157431
2768.499637,-2860.839194
-2560.035562,-3039.302367
3848.777040,-2797.399881
-2503.252366,-3864.804649
2509.858932,-4057.095421
-2289.782737,-2627.164756
2004.465299,687.139347
-1338.593579,3540.765834
1602.152754,4341.871481
-2177.075713,3744.413062
140.232089,2079.265542
-328.560330,324.379035
1137.513430,-938.334111
-549.162996,-1416.790783
1347.550555,-2807.942567
-1976.818723,-2503.266414
2883.398644,-2366.793839
-2896.158898,-502.100862
3877.200972,853.195136
-5024.591991,1841.446891
5354.219639,3084.074951
-6213.031380,2835.483433
7089.639743,1875.403258
-7214.541889,-1138.648012
6469.597441,-1686.448379
-6902.385851,-2820.014513
8036.290437,-1151.385781
-6154.397527,-2393.702496
6527.148662,-3214.906588
-5856.134480,-2952.163989
4758.945115,-1023.428561
-3337.237862,705.078128
2256.730167,2353.090430
-1875.129554,3004.389420
-12.573078,3248.545284
56.740669,3513.871153
-194.889439,1510.848361
1549.628975,-318.132086
-1412.402478,-3298.166224
663.997075,-4226.487798
-1059.983456,-3347.741178
1117.617392,53.820455
4.657724,1834.649061
-488.166871,3617.163754
-343.341742,3816.854015
-604.438574,3207.893883
1032.125853,2625.783279
-995.062487,-1294.020769
888.396080,-3558.484269
-1346.844660,-4997.005091
1389.887273,-3616.463657
862.618695,-2727.265859
112.057945,-2003.138192
-13.998771,-701.540532
-1672.821299,1314.517905
1613.858888,3362.870269
-2189.390605,3688.434321
2987.536340,3097.841539
-4383.297098,1090.303466
4399.795675,-487.406277
-5516.975768,-236.595486
6406.610631,-286.337011
-6145.973324,-1013.979297
5980.929488,-668.008799
-7485.046863,-123.783731
7078.897157,2810.695430
-5858.848492,3157.741982
6371.744814,2590.796541
-7511.580419,-125.330054
5912.309179,-649.608924
-4936.509857,-1771.971681
5207.103109,-1783.176843
-4040.089956,-2455.534523
4084.202937,-3436.655648
-3413.324712,-1956.350436
2752.915486,-1047.001211
-1780.431623,565.370427
1655.151317,1406.274298
-2485.493345,1873.259073
2186.892481,1378.525359
-2258.912318,942.943099
2869.856333,790.732187
-3061.353197,6.023390
1927.080470,-223.744350
-2689.640090,184.876858
4099.878916,367.789424
-3956.796724,-207.915250
3758.717632,-276.212654
-3945.983049,535.351857
3513.644213,1584.016775
-4037.263550,1929.787725
4290.539723,1815.667425
-4994.433752,444.068423
4210.253417,295.662178
-3497.567178,-1.600375
3939.332035,-193.200725
-2981.053253,-2352.555571
2641.385198,-3221.306199
-2127.461772,-4202.834775
1682.683354,-3095.615570
143.097863,-976.460689
-962.714938,1020.291134
1614.624853,2041.703568
-3429.099162,3293.865986
3537.233001,3765.476089
-4978.329127,2565.014106
5575.416384,1938.033271
-6430.845248,-385.820201
6815.402941,-1237.347002
-6940.499305,-2424.239652
7935.485947,-2411.619011
-7663.593871,-2787.614245
7144.609439,-650.401818
-6565.512607,35.783173
6324.489102,2098.509109
-5939.213060,2480.387067
4757.781276,2612.439553
-4541.333142,2156.601263
3307.748265,914.620402
-2424.326122,-514.892050
2259.418250,-1915.196333
-1508.934348,-2644.710550
1873.877961,-3430.831759
-751.537852,-2849.379306
1843.433077,-3379.944831
-677.411542,-2569.070808
521.112062,-1379.802254
-1493.961838,893.045920
1881.577553,3500.372750
-2245.912017,4638.253809
1427.456496,4828.545229
-2040.635732,3310.855883
1296.540774,2279.025603
-1111.006417,156.067815
1354.631243,-1424.953614
-783.307622,-3354.351668
469.287247,-3731.539986
479.042291,-2825.644657
-333.260626,-1478.496066
2368.702138,-764.799841
-2573.230360,-236.183469
3111.609394,-295.764221
-4503.880756,113.697816
5072.164284,1446.081864
-5482.793916,844.467353
7004.262024,-907.830680
-6592.078178,-3140.522403
7072.110427,-3304.654415
-7093.637364,-3079.246066
8043.784636,-1134.186153
-8043.786264,-238.764438
6877.324767,2786.668425
-7471.078081,3973.258080
6331.460093,6199.946539
-4992.437240,5115.588472
3964.388402,2757.416722
-3546.081950,-549.916896
2265.854490,-3528.087838
-626.078711,-5603.924343
1086.014015,-6247.960267
1338.037005,-4752.594839
-2431.921977,-1814.731218
2788.500001,2154.569442
-2721.698463,3636.481371
4017.482920,4164.536411
-4827.284883,1384.600075
3854.085490,-289.034444
-4172.691864,-1336.466306
4664.026934,-1309.418851
-2977.157830,-2714.012771
2902.415484,-3286.444523
-2578.537361,-3609.114668
2673.991027,-1677.317455
-1037.204550,386.525993
1219.436727,1379.265958
-1699.154432,2729.397414
-326.241742,2946.953581
-835.910470,4559.866120
1272.617509,4199.962142
-1281.076850,2708.511487
1382.193456,-266.271768
-2281.266426,-1812.725062
3108.119377,-3169.794341
-2870.612234,-3883.624973
5699.759546,-5156.659036
-6706.925056,-4752.622694
7552.959272,-1910.876975
-8558.013658,1346.970266
9876.617258,4602.708387
-10332.595860,3789.018816
9250.139363,3603.454706
-10789.384181,1413.742999
9767.437937,1903.692921
-7488.611979,-1497.086880
8544.253444,-4013.346855
-7171.464716,-7436.997269
5865.016293,-6624.765216
-4320.988240,-3975.897916
4138.029482,-67.215864
-2141.472025,3761.236959
67.937521,4494.008296
-572.967055,6273.922074
-933.858290,5658.457511
1428.967829,4868.929996
-1642.784034,942.239715
1158.508209,-2520.822083
-1712.750957,-4573.039370
1897.789475,-4299.844030
322.827131,-2914.938898
273.319857,-1102.092046
-927.128031,1012.309047
254.317474,2549.858737
-316.412625,3859.514008
389.379713,2976.743804
-939.627218,1235.326311
955.787265,-1212.637024
-999.620590,-3001.914446
2613.322490,-4877.415195
-1622.378879,-6088.755038
2217.822275,-5237.997163
-2689.226856,-2718.078732
3234.172129,552.303451
-3392.435741,3427.799791
3769.794244,5628.733751
-5151.567314,5023.577555
3228.266056,4896.423461
-4938.943817,4856.227244
4456.222015,3868.049953
-5039.886376,1519.388793
4989.500519,-1205.918004
-5395.681764,-2733.664243
5607.171541,-2634.238486
-3886.306798,-3427.007240
5368.976893,-3927.500819
-5001.819871,-4984.484243
4058.296933,-2934.435972
-3474.809575,-251.492933
3319.423715,2385.832342
-2709.694112,3288.243208
2825.560106,2230.949486
-3365.182751,675.421142
2148.465407,-440.274898
-1674.152491,-490.967114
2041.294690,-1264.767336
-1696.032403,-1238.951249
1183.628082,-1183.586014
-1664.205999,402.495852
2363.670809,2504.029104
-2003.667074,3057.761549
1796.509366,2356.936928
-3630.167876,1650.654652
4003.896440,965.523284
-3796.111161,-326.982326
4886.362812,-2004.826071
-4202.476915,-3330.880540
4448.133202,-3243.768195
-4392.336520,-2774.832911
5820.978358,-1623.558548
-4846.273342,-1583.872711
3814.132508,702.875860
-4057.655861,1861.367318
3024.265037,4316.830031
-2175.605054,3950.430966
1314.771491,2801.192629
-829.226567,-4.456871
-998.828916,-2379.193969
2909.777610,-3028.513101
-2932.199641,-3582.757740
4338.549583,-2811.017467
-5099.127377,-2313.946787
5201.032036,337.313750
-5416.998265,1359.839369
6055.677250,3599.460283
-6832.767776,3433.606208
4863.632847,3526.442025
-5353.084280,2769.891037
5248.247783,1250.871353
-3416.943935,-2940.205175
2602.303692,-4792.278196
-2166.492865,-4741.637294
2642.827439,-4054.942897
-885.738606,-1942.262742
1125.279058,-1272.196350
-1654.086266,829.533460
741.696856,2650.257103
-941.931337,4397.689996
2056.476714,3566.042669
-2087.177296,1345.332910
1597.618736,-1600.849228
-3013.868934,-2456.039304
3310.283737,-1467.562735
-2535.984154,-717.375594
4590.173005,97.790317
-6380.453012,251.058072
5569.473202,2257.831465
-5779.363531,4172.969360
6029.868306,4574.967051
-6312.080600,2003.485171
4595.334406,864.022874
-5619.800934,-65.811449
5848.637029,17.855934
-3737.630006,-1997.856611
3855.974862,-3641.534679
-3360.397140,-5197.110415
2103.225187,-3732.642145
-1080.475038,-1558.094389
1174.124880,656.236093
298.617943,1657.882250
-2563.971041,1288.001873
2959.484956,1478.604876
-4278.002342,1657.773072
5946.512730,637.635672
-6829.354010,-1242.838595
6097.384744,-1374.207771
-7657.476799,-1046.367453
8203.476417,2148.374876
-7713.313672,2613.079373
7305.959054,3165.585508
-9477.290715,3515.712512
8048.571424,4589.472585
-8041.582482,3231.585713
7855.648444,1933.818528
-7703.176831,-1241.527190
6512.985255,-2684.110996
-4778.125768,-4065.323830
5576.238719,-5216.859841
-3426.910809,-5085.089288
2423.989689,-3678.595061
-2541.990590,-1148.302255
2219.195310,2052.537792
-1525.061302,4342.846336
1477.296809,4301.430298
-2467.749274,3909.261522
530.277979,1917.371026
-907.854016,1570.007937
2122.661264,-631.127153
-1813.151964,-3297.367172
1888.944104,-4529.493772
-2948.622059,-2884.642758
4268.953002,376.662607
-3398.282969,1818.370150
3329.530451,2666.568423
-4536.611943,1537.420085
3246.276314,2957.264712
-2661.397516,2347.474944
2224.631182,1859.913545
-1300.689647,-328.789133
-5.459590,-2038.391963
1062.263606,-3327.675524
-1808.104674,-2936.381733
4209.761922,-2175.157223
-4408.080008,-1786.908588
5747.252452,-1123.974430
-7409.260036,-839.354726
8051.893322,1947.566623
-8477.556254,2125.830965
8677.793073,2614.883577
-9268.159685,906.187140
8540.571031,1020.400197
-8202.758240,-10.489903
8780.415477,-927.060126
-7412.922220,-3586.463107
7259.571757,-4051.830479
-6020.214037,-4030.580561
5430.707983,-2041.136173
-4328.497813,739.404441
3868.464981,2624.149638
-4312.514530,5065.871993
3111.651851,4951.121376
-3774.443699,4688.320438
4129.908540,2452.269520
-4000.172220,-369.210238
4016.772030,-3001.246306
-4224.934154,-4728.193584
5868.930405,-5467.356263
-4105.785975,-5512.802123
5738.599623,-4384.453769
-6285.079142,-2461.395261
6015.034641,2254.310485
-5544.664671,3894.299550
5650.376079,4700.212162
-5069.355678,2008.301230
2809.161862,736.687560
-2572.829995,140.291553
2201.314319,-187.696916
452.162664,-2151.834283
-1006.023135,-3802.030499
2233.222780,-4785.648845
-2469.764036,-4294.074562
4552.564484,-1072.670546
-4782.590593,931.647699
4828.886060,3899.352268
-6957.885839,4397.574553
6172.498943,5535.979421
-5960.063797,4091.981077
5897.696625,2629.796489
-5817.863949,-429.422932
5300.314862,-2980.169147
-4194.396340,-5351.418930
5447.017148,-6522.882001
-3373.515659,-6750.005404
2513.075826,-4512.048701
-1769.621739,-257.585580
2033.512630,3713.745463
-872.764406,4646.968946
317.856844,2702.627345
-1191.108460,1124.815838
-366.360539,246.466932
205.655750,1021.524659
1243.969980,-423.565477
-1076.606866,-1773.010393
1055.645970,-2991.446409
-1707.168673,-1729.086585
2612.362331,68.456032
-2884.020238,2322.008330
3404.975693,3400.165105
-5773.934995,3129.788455
5575.457934,3101.609195
-6305.119522,1865.167303
7784.810152,534.052307
-7420.739040,-2898.332443
7849.089552,-4632.810965
-7829.863995,-6240.117509
8068.748759,-4247.096007
-6265.570678,-2785.408501
5708.602418,347.715949
-6141.475612,2855.991389
4971.283583,5651.769679
-3812.913413,5213.283430
2492.533817,3128.622817
-2217.020032,-62.256010
400.014485,-2552.339870
521.472950,-2804.550843
-497.230020,-3209.931610
2348.765200,-2439.103992
-2479.757518,-2173.396623
2535.816638,133.710426
-3127.695549,1935.731483
2888.556138,3986.962598
-2937.449994,4229.649292
1295.748603,4178.138841
-2907.890158,3112.709735
2401.671392,2257.159321
-1511.882935,711.872956
1928.176322,-2387.755975
-1461.475312,-4748.678346
1588.386724,-5747.581931
-1599.402193,-3993.142902
2703.666732,-2167.998266
-2070.566966,-217.406151
2247.854937,1058.618725
-3250.528108,2271.027479
3590.094836,2734.233367
-4131.973237,2173.046822
3942.284796,1648.731638
-4909.549604,-529.949842
4965.324284,-1424.387654
-4946.559477,-1633.151921
5403.968512,-724.898847
-5160.930891,-222.422239
4999.351035,1110.789237
-6197.549234,2617.036437
5247.294464,3608.223470
-5344.627221,3524.450504
5173.332582,2790.137367
-5450.077492,609.510584
4515.059009,-293.377884
-3323.557026,-2106.509731
3807.014076,-3695.782559
-2452.666998,-5934.389827
2734.250207,-5820.712655
-1045.378647,-4565.219304
217.454036,-1179.845545
1031.716584,1873.956748
-1829.658327,3834.723341
875.906350,6017.131907
-2768.120218,4974.038466
2807.825750,4486.805101
-3096.437826,2012.730032
2807.577672,137.426764
-3430.713006,-1927.030164
2884.574678,-2613.402305
-1955.297666,-2638.613247
2625.968741,-2115.674673
-1784.382049,-1766.847608
1630.259505,-647.272903
-1276.379158,1140.977406
365.069507,1888.476023
33.285785,2019.886765
-485.491408,900.130732
-1424.151907,848.427433
1399.480469,1221.987516
-1689.093600,2265.311460
3724.374809,-611.853147
-4028.038013,-3144.220959
4219.398602,-4406.482106
-4964.734852,-4129.114767
6175.083887,-1793.676967
-6538.280536,261.607069
6975.893912,2842.926043
-8023.010302,3101.102245
7824.162921,4068.676173
-7799.682141,1654.509129
7958.158242,1046.490773
-7600.452003,-1958.734380
5560.709951,-2109.113818
-5117.420792,-1315.162788
4597.492345,-101.687907
-1718.391027,591.382449
826.392407,196.499210
-1318.293736,916.020458
16.333682,2238.180810
1266.137702,2473.130743
-1808.243797,160.422910
1900.462884,-1130.595933
-2636.055011,-2292.274904
3413.661041,-1207.888849
-1848.875080,-1728.323823
3158.667595,-2623.218024
-2874.965326,-3622.338807
2388.376252,-3435.109938
-2206.422145,-1667.309821
2595.527232,1311.422396
-2025.000865,3710.654259
1193.905874,4414.196896
-2576.429292,4150.715423
1358.868199,3864.515105
-543.681486,2194.030199
586.278947,-461.099900
-1044.518902,-2436.757360
1198.332394,-3569.363591
-1452.607016,-2159.088766
2731.702540,-1201.283504
-2987.254015,172.223924
2733.418139,1176.160544
-3688.344398,2496.408724
4814.980938,2313.396181
-5733.093751,1215.533084
6251.429206,-547.031775
-7480.230649,-2126.077789
7452.192588,-1538.772981
-7057.154044,-3118.634467
8471.723331,-1835.414058
-8350.011007,-2215.896795
7675.727680,-507.587249
-7409.337150,819.311417
6655.351332,2158.875375
-6262.739649,2452.178046
4474.005836,2978.653364
-5427.898524,3022.956157
4325.674418,3134.504660
-3007.958504,2272.834237
2605.963602,-715.082573
-1503.048835,-3583.142774
528.371544,-4742.356329
-800.462704,-2929.313909
2191.980055,-1137.988733
-1566.011329,667.250121
493.561751,2103.352635
-1397.053257,3831.828823
1428.358469,4088.202024
-1306.208136,3019.556673
1667.859883,176.560895
-2689.674494,-2313.330514
2737.673545,-3655.394114
-1423.949122,-4849.049390
3252.311257,-4594.151593
-2512.986467,-4191.981081
2707.098891,-1222.087494
-2883.437793,981.674515
1879.690347,3816.480224
-1206.001256,5603.911956
99.873942,5202.374768
-1739.048926,4061.204422
952.212531,2600.891870
192.267652,541.031003
-33.779089,-2372.392935
842.284288,-4975.458595
-1484.767267,-5749.968262
2025.963005,-3592.098758
-1133.632081,-527.971118
1844.315812,1930.276348
-2538.661651,2930.563082
1741.774601,3742.128544
-2368.662920,3663.638536
1944.328609,2269.517590
-2047.006916,-149.248910
1238.882222,-1162.757892
-1465.832722,-2798.292950
1968.665494,-2871.232711
-225.569292,-3289.961485
801.923483,-3893.243078
-314.639341,-2653.517855
-224.537510,-1121.825512
-289.538260,1770.643268
262.230457,3344.655194
-602.653802,3976.388866
-622.061476,3893.077547
-1005.242826,4134.617437
1094.293276,2937.619730
-773.238811,721.737428
1595.654966,-2446.128365
-2452.735635,-5073.745984
2468.885763,-4123.794813
-2570.714527,-1501.058205
4083.426821,934.743884
-4016.422864,2078.749719
3400.584582,2753.634328
-4222.097583,2542.157319
4098.683402,2118.406054
-4120.323446,896.872599
4451.979518,-552.890802
-5087.115086,-2572.089706
4753.824989,-2686.676406
-3659.345656,-2425.168949
4458.262823,-1353.283792
-3421.287024,-1455.570887
2356.106245,175.768761
-2524.161665,1281.002025
2025.255529,1898.331601
-1117.017055,2113.825418
108.651871,1243.371507
-1082.362806,1307.496744
1008.698443,852.296516
240.489389,-157.313714
529.371823,-2879.383870
-1212.169924,-2962.449494
1547.704080,-3083.992544
-2297.865444,-412.560942
3830.722996,1457.500848
-3895.468121,1641.817781
3492.253193,2961.613932
-4949.642168,1930.199764
5365.885525,2021.624054
-4524.198010,-25.841858
4759.387302,-1546.059798
-4790.078165,-3834.286148
4102.013660,-3312.644017
-2169.359717,-2946.833714
3453.233610,-1904.096241
-1960.613263,-1810.937462
466.111899,-1227.869320
-162.587076,1840.056693
-1212.880011,3782.953819
2197.028287,4627.469231
-2679.063195,3140.961410
1600.654918,1584.443211
-2240.283108,325.478349
2923.244052,106.675306
-1457.171728,-2662.100970
807.975327,-3095.959723
-535.899811,-3458.303237
-600.681745,-1193.606309
1595.967385,1844.706331
-2107.188411,3853.874437
2633.025170,4145.286546
-4704.459402,3056.499523
4716.280703,1719.996505
-5497.766173,-1172.570458
6723.805320,-2300.990854
-6294.662163,-5366.040140
6038.588711,-4770.942685
-5475.104052,-4338.349451
5720.155826,-1255.104194
-4052.387151,334.074561
2552.729268,1462.613794
-2690.491080,2877.025019
565.827223,4670.061417
-43.500535,4455.703562
-579.619319,2104.702894
712.375053,300.644619
-2261.803065,-2045.913787
2475.339598,-1280.456764
-1850.369948,-1769.260707
2279.863847,-696.946614
-1495.828375,-1063.701796
440.927034,-88.689396
145.105893,808.454402
-806.958849,2100.387976
1844.135834,2303.967185
-2731.197813,973.222748
2177.736468,887.169747
-2829.276774,-635.821604
4425.730718,-843.250075
-3822.263392,-1983.950390
3698.937156,-2095.085061
-3535.123994,-2473.526949
3710.217443,-960.696808
-2385.225948,-609.096356
1259.417666,796.924030
-2050.901766,3071.352097
298.010770,5015.438683
62.307876,5719.291515
-627.883653,3400.727645
931.744910,287.683726
-2115.906053,-2303.578733
3121.491152,-4959.409206
-1949.516227,-6330.107049
3511.394221,-5464.619554
-4565.489938,-3870.369082
4014.530593,398.041393
-4246.602023,4104.132712
4357.450027,6701.381737
-3951.151633,5435.197967
1943.121942,3764.650554
-3211.472431,931.125239
3164.844375,-1469.323364
-1742.059604,-4200.865460
2349.628086,-6281.126570
-1761.925123,-6224.337945
1336.168169,-3882.823591
255.387778,533.162481
456.768365,3040.911989
-1082.263184,4305.508852
-385.107638,3989.873637
-1138.522668,4776.823308
1020.497262,4170.826298
-1663.126131,2804.592724
2002.363875,948.941019
-3268.632194,-1585.501569
3690.606482,-2743.435185
-3339.289425,-2586.867714
4697.769696,-2400.236782
-4666.892900,-2058.064550
4695.830053,-264.266790
-4945.427980,311.727521
5316.765515,1637.903181
-5914.884539,1792.331299
5572.882850,1545.448231
-5783.290989,359.491085
5555.819123,-341.712763
-4167.121228,-2592.676506
4028.589930,-3373.846061
-3427.261768,-3948.985436
2994.282053,-2625.392941
-1458.288484,-1329.913747
988.009136,147.103705
206.899944,1186.943936
-2299.285930,2995.692868
1346.797033,5171.656273
-2027.770438,5233.435527
2215.628946,4697.826144
-3913.282504,1797.791320
3908.126513,276.459582
-4519.103225,-1296.260376
4942.647222,-1528.825477
-3030.981401,-3349.854348
3542.474151,-4446.104685
-3056.708511,-4956.051725
2451.694331,-2368.273184
-1853.559260,1141.054415
1544.983531,3431.727222
-1224.734765,4622.794132
362.995172,2629.363300
-952.982461,772.363710
1007.706500,-195.166317
-889.428654,-1361.081322
2027.399732,-4183.370599
-2019.781568,-4110.719249
2546.221798,-4025.549251
-3542.777580,-1317.290989
4665.792154,2485.342115
-5849.618850,5016.989546
5697.826865,6655.785644
-8070.048226,5803.181131
7725.962050,4556.377831
-8880.453314,1492.775378
9061.766782,-575.261704
-9042.094735,-3497.212055
8721.481585,-3046.021456
-8166.984699,-4255.019708
8928.688818,-3206.020738
-6988.477144,-2854.752303
6187.978813,-1761.903691
-6331.641117,597.579697
4699.285091,3665.270110
-4007.597970,4506.233826
3046.216396,3222.249928
-3392.280205,1483.810808
1420.675178,205.497026
-991.140038,367.724348
1582.565860,-1332.516142
-946.976627,-2185.236873
759.231191,-3312.697227
-1723.914862,-2524.047951
1728.926590,320.390462
-1631.079592,3318.808422
2068.080980,4200.596342
-3076.501419,3705.904814
1984.091760,2480.988764
-3276.475438,1234.773702
3647.548763,891.794488
-3457.184734,-810.390164
3167.891187,-1536.918190
-3336.840634,-2608.141737
3067.397989,-1084.918412
-1495.583054,-693.415101
542.754601,336.887097
-82.744173,628.615410
-1296.709474,1464.382810
2230.852000,1178.169427
-3400.880695,532.790654
4727.092280,-196.634021
-6669.209845,-651.613953
7580.034594,-147.109966
-7437.251051,-1944.798305
9135.047652,-2144.333661
-9598.873626,-3237.021028
9053.372023,-670.736156
-9372.336163,830.144729
8774.689398,4017.918180
-7885.131680,3828.611478
6057.884594,3840.469856
-6789.276250,2980.775668
5743.341284,2233.463692
-4509.188694,845.741334
4310.541890,-1920.556490
-3626.478724,-3607.714091
2097.222563,-4222.462229
-1742.774444,-1602.228269
3469.556510,-270.895738
-2871.355792,1088.742871
2024.538733,1267.801919
-3219.805653,1774.386085
3680.168172,1806.790275
-4070.871120,727.055039
4181.738770,328.795704
-5350.776013,-816.153706
5473.775226,-1067.098754
-4021.625654,-2199.774890
5461.952365,-3265.100977
-5202.639223,-4123.899247
4127.515526,-1699.275646
-4524.631757,662.600121
4153.007515,3566.715608
-2673.646673,4185.778229
850.852327,3984.110745
-1879.156159,3206.365750
671.321694,2898.075920
1529.669818,791.040884
-1998.155672,-2594.355048
2868.332485,-5544.114914
-4324.487489,-5698.339936
5313.203680,-1852.875600
-5002.188287,1367.272094
6644.467158,3622.407673
-8311.845217,3445.784857
7037.269197,3989.015489
-7275.826156,2122.911720
7423.308285,1453.127129
-7344.144019,-783.282401
6369.687969,-1961.409780
-6182.799333,-3345.886356
6794.933836,-3233.857290
-4546.815961,-3474.709361
4713.363339,-3472.051703
-4081.226510,-2158.833867
2153.410803,1216.313527
-2515.111771,4259.353881
1601.653030,5625.882051
-1714.441812,5875.009360
64.099859,3400.919557
-992.491063,2072.107512
1117.586742,823.452198
-952.787123,-1260.822353
939.348770,-4052.840787
-1561.943323,-4498.345081
2271.725585,-3898.127033
-2530.583416,-659.908485
3665.502232,1956.701810
-4285.078393,3459.712691
3511.567640,4648.094532
-5485.690728,3022.399347
5421.775043,1981.854789
-5149.900399,-858.467369
5025.520346,-2148.612358
-4399.726898,-3842.452882
4140.000534,-3225.784396
-3128.382511,-3051.866974
2703.609335,-1093.578007
-2015.692418,304.185599
584.758662,2073.786380
188.583091,4080.461281
-1980.548572,4638.347426
2279.228437,4563.787005
-4084.409571,2698.108773
2530.945691,2278.089838
-3647.973306,1135.042068
4288.981560,957.475463
-3497.500900,-1306.966967
3856.555477,-2952.810865
-3637.613620,-3854.505013
3860.652149,-3497.033310
-3392.636952,-2448.520535
2908.282922,-439.493647
-2673.322224,1035.098724
1902.853694,2684.637997
-1947.131533,3690.028046
1970.454487,2097.676617
-1266.593598,-75.811774
1081.943243,-2759.122996
-1849.916567,-4262.100018
1900.983346,-3459.251910
-1314.280369,-1428.883124
2445.768727,153.529723
-3341.202797,2558.446643
2439.802151,4354.753407
-3650.879178,6024.817519
3520.487196,5708.176373
-4788.579974,3207.182117
4790.962388,820.948122
-6643.698908,-860.123500
7690.902068,-2168.694842
-6664.938880,-3527.892300
8198.213741,-3961.833145
-8553.209609,-4656.133556
8250.117339,-1851.427456
-7776.946842,-363.635190
8465.317853,1946.494730
-7835.843588,1907.166737
5745.688485,2571.513525
-5756.291220,1636.175856
5052.462434,1514.420105
-3513.843773,-624.184194
2721.076233,-2451.790528
-2077.615188,-3095.476737
98.542425,-2186.598842
2684.605002,-488.732504
-2965.407168,233.636199
3103.007233,1706.299521
-5303.653120,2398.994097
4774.803576,4559.437526
-4811.942303,4050.782346
4869.311149,3557.507955
-5290.863847,13.704984
3847.087754,-1262.336717
-3452.593500,-1842.275755
4327.590379,-2273.971295
-2473.345482,-3884.244329
2167.872792,-4020.043963
-2635.722370,-1886.065817
2352.213774,-9.577181
-1028.971563,3035.170729
1627.824725,1943.392908
-3449.747035,1820.037896
2731.127905,1304.594439
-3233.046177,1027.191497
4932.972193,20.392864
-5147.474052,-2440.118554
6252.661608,-3696.797430
-6509.250085,-4927.921271
7988.729013,-3804.530490
-7205.930513,-2286.699482
7754.348226,952.851637
-9625.284381,3286.431601
7758.694133,7030.720644
-8227.184760,8472.211742
7795.385818,7838.803452
-8423.276671,4621.969502
6658.276480,907.814222
-6117.951782,-3221.839138
7058.302765,-5669.260653
-4909.589840,-8481.076039
5401.018872,-9013.991723
-4435.590995,-6417.055151
4264.206121,-1132.995046
-1985.048017,2421.104913
1998.220110,3596.552827
-1712.435690,2993.422724
-583.286408,2047.929989
-25.438979,2070.842667
528.222360,287.938513
558.153333,-1187.296708
-694.597316,-3688.810591
271.084865,-3448.545031
-64.298906,-1246.575331
35.013694,2003.925820
709.710370,3521.889007
-1493.787490,4136.683275
-677.653139,4966.945238
-886.391471,4739.051354
1317.887346,4591.368590
-248.574418,609.470065
-241.763066,-2773.023849
143.247511,-5827.241904
-663.021199,-5678.259622
3313.791780,-4434.635370
-2959.160668,-3309.080226
4456.995378,-2230.341193
-5403.746027,-758.104827
6169.695312,1568.256505
-7456.962499,2712.014158
8092.848119,3899.191013
-9394.617473,2191.087149
8488.160395,1232.895072
-8397.648656,-1088.552008
9198.472043,-1336.159656
-8167.139630,-2867.653629
7261.155070,-1937.076426
-7431.216091,-864.027758
6055.678108,2297.902374
-5574.938137,4376.543667
4203.166364,5353.717347
-4469.545131,5528.484776
2701.033351,4510.017992
-2672.943484,3047.003802
2224.251192,-973.612236
-1708.775665,-3912.563332
1899.399117,-6615.161169
-1496.987447,-6319.819270
3052.934542,-4703.140876
-1606.342240,-2879.628802
2093.732152,-580.383507
-2466.769398,533.102689
2078.995941,1911.310878
-3053.662475,3065.244168
2984.573478,3460.218698
-3338.546655,2646.897441
2551.606889,1682.736767
-2973.612300,30.349761
2844.272629,-772.282259
-2374.380173,-1280.856457
2223.789856,-1284.760863
-2353.495640,-309.158778
1955.777627,1019.975664
-1235.936244,1649.032396
764.747626,2555.105057
-1578.342756,2195.942445
-90.680842,3165.679395
699.070202,2568.228146
-776.611822,-72.604002
1723.092740,-2090.489960
-2533.781277,-3494.992067
3739.743202,-4332.392620
-3301.093627,-4031.987002
4928.118074,-3166.978685
-5729.287805,-1826.485601
5152.123236,1658.523821
-5921.839426,3369.535877
5883.856531,5544.350147
-6092.561770,4771.839258
5036.219510,3010.289998
-5684.632845,-68.927261
4272.694648,-1171.156994
-2622.357489,-3041.588818
3049.578443,-3494.237350
-2455.213088,-3860.092505
1063.491559,-2159.455529
-267.433253,1829.034344
15.300745,3386.637219
690.846230,3892.597958
-2126.160670,2298.162216
547.964747,2389.236431
-676.660383,1611.941978
1168.133546,299.012770
-109.149738,-3001.038548
-523.925869,-3850.779798
1594.603835,-4378.359681
-2035.068711,-3317.914926
4339.482645,-1248.363482
-4580.962910,-71.378192
4476.993422,1891.866924
-6369.294892,3154.693989
6322.155076,4794.607749
-5956.270218,3363.290936
6427.466502,1880.513964
-6200.585061,-2663.008917
4952.439679,-3504.985848
-2902.650231,-4964.988267
4411.638218,-4912.351124
-2811.015454,-4242.461070
1272.262995,-2275.347498
-637.095238,2262.986352
-119.650604,5614.486519
902.154183,7296.429653
-2372.625643,5692.451191
1317.898137,3929.394296
-2795.927550,1223.231920
3357.564671,-418.420221
-2698.856039,-3005.104453
2488.751552,-3812.498476
-1605.358206,-4274.880000
1275.624618,-3417.118943
1125.197278,-2514.294987
-80.794187,-1692.456769
531.866842,-1754.666700
-1664.394565,-990.801308
1780.175543,792.229530
-2035.999456,1335.695232
2557.188915,1703.201445
-2977.559664,255.868461
2505.714189,517.602363
-2739.016720,157.962316
3240.319022,553.008125
-2206.261172,-1294.117108
728.933139,-1485.616761
-1108.909801,180.641306
-489.314502,2903.210592
1577.476089,4985.244901
-2568.648518,5031.505334
2870.092446,3118.261861
-4729.205467,827.547048
5375.390888,-1073.824128
-4587.471899,-4132.345580
6952.238848,-6344.538797
-6212.988637,-8316.373326
6565.116405,-6130.761615
-5901.008871,-3780.554386
7180.361161,579.095210
-6122.916745,2781.164777
3777.203336,5640.022699
-5412.593142,7060.908974
4217.233558,7302.598530
-3539.011191,5280.431120
2598.112979,927.388314
-2594.963248,-2620.773335
1136.110288,-4395.344222
-135.910661,-3712.244414
1555.615070,-3213.759846
-236.760852,-2358.153639
-153.284180,-1571.322847
-365.888441,435.205535
1392.465988,1674.196425
-1652.302832,3020.132502
1677.794502,2019.303200
-3776.655476,639.558163
3868.738584,-227.192887
-3462.111838,-810.617612
5248.445339,-2293.288772
-5253.568846,-3924.533080
5164.956714,-2517.755158
-5737.672804,-1687.474077
5688.549387,1603.148660
-5133.018893,2335.272879
4602.045941,3334.267892
-4638.190652,2135.073751
4660.112689,897.245168
-3197.925191,-838.224164
1668.353159,-2209.906717
-1147.911049,-2596.123703
486.411900,-2214.218181
358.543529,-62.752638
-552.363548,1592.067603
1471.073695,3408.879124
-2814.120803,4119.309493
2409.728544,3426.996000
-2606.000820,1234.121148
2482.923207,-854.528385
-2643.924133,-2853.894173
2046.833111,-1965.823863
-1692.876380,-1119.680153
3163.853338,-366.986328
-1798.373866,-1760.309846
1464.881767,-3472.028957
-913.005989,-3597.959810
1173.778015,-2294.869327
-967.700133,-267.330604
1160.941642,816.042598
-1045.515856,1733.117312
-108.721042,1743.395016
-263.096369,2569.523502
742.241837,2442.376610
-632.724881,1048.357166
582.250399,-322.472067
-1433.594843,-1752.301197
1043.044882,-1308.433783
-782.523079,103.967285
2136.988795,182.614037
-2535.445477,671.690561
2190.547273,1526.652660
-3555.355919,2896.248027
2713.961711,3885.244909
-2840.040624,2989.843772
3408.585049,836.591252
-4792.786815,-990.175105
4875.374601,-1660.187975
-3857.131795,-2955.275814
5094.652326,-3477.193093
-4288.843172,-5536.352827
4771.551250,-5506.045273
-4910.787152,-3833.357308
5044.213564,-331.501063
-3486.627878,2371.108830
2324.192337,4005.549411
-3325.387324,4281.001113
1328.774374,4653.110503
-1031.662841,3040.660635
1044.172445,1030.340578
-835.070470,-445.950378
-1485.054438,-1317.648836
1353.985820,110.887772
-368.931804,364.496178
911.020148,204.119520
-823.310471,-898.305545
-563.346212,1170.463058
753.339163,1377.272903
-417.376966,1346.824810
844.736457,922.150406
-1996.785942,-1287.252880
857.956442,-560.581597
-962.181898,-129.314641
2691.203339,478.762171
-1484.980068,-1353.544017
314.364957,-2202.108215
-743.399573,-2981.194455
490.217625,-1485.208415
1663.169574,-618.300693
-2177.942262,-448.778212
2140.518944,759.921040
-3940.674244,1014.478090
5558.836852,2180.061336
-5289.071724,1104.465334
5348.433000,-786.743156
-6692.469675,-1101.695437
5779.307550,822.270972
-5683.560370,1822.783346
6661.473760,3045.077045
-7062.737711,1837.385009
5266.868157,2010.143222
-4779.887268,938.371588
4962.325387,540.712676
-3526.427706,-1376.607390
2791.204166,-3034.917304
-2420.140662,-3806.159038
2380.822163,-3118.192547
300.689634,-2203.851121
-194.973595,-1879.628193
1084.868099,-865.009471
-2693.927309,290.580434
2506.622372,2660.332131
-1785.981585,2377.442971
2271.739991,1919.287719
-2762.604522,-374.935678
1769.875758,-840.985614
-733.805978,-783.493664
1740.529063,-1591.377492
-604.276053,-3239.667003
145.091366,-3356.495363
-853.345500,-787.651884
854.328115,2175.066490
153.369552,4588.276222
-113.786951,3663.288632
-1120.538097,3064.701952
394.339352,1062.927142
-1184.554328,251.795535
2876.168190,-744.395216
-3400.188710,-2091.061573
4342.087914,-3214.543232
-4849.145504,-3694.835069
6528.127912,-2558.019592
-5886.523140,-2011.696620
7439.304394,-1200.550927
-8121.231285,-1379.730967
7686.293796,250.420824
-8196.174905,1457.145544
8976.385461,2587.811366
-9055.433104,1287.127607
8070.094692,1267.159894
-8292.942796,695.255907
7769.541672,1357.853417
-6576.572822,-293.036355
5990.758875,-1440.092429
-5403.871066,-2103.937193
4843.959158,-1515.994571
-3900.984207,-369.190467
3193.070921,1232.486829
-2765.299515,2481.489084
1469.145607,2574.962776
-2157.377485,2974.301835
2025.220429,1374.387817
-792.051334,-58.215977
1429.146719,-2942.996955
-1376.722500,-4891.026990
1898.610220,-5406.176972
-1039.569660,-4850.080960
2651.598126,-3232.303250
-3292.871902,-470.974149
3266.030553,2311.872619
-4043.807467,5159.026344
4339.541909,6316.981469
-4972.160240,3898.658604
3833.274593,2343.402534
-5103.960344,349.691915
4794.886806,-670.102051
-3294.079489,-2299.618713
3318.664133,-2226.946556
-3096.974096,-2381.496825
2792.514969,-1184.758795
-1686.036223,-378.553828
1533.560841,918.432621
-1046.100824,1463.818709
-885.483933,1307.936931
1830.935392,1308.879970
-2281.383434,38.334133
3860.195650,-1614.354031
-3926.133068,-3427.311050
3815.211720,-3348.176331
-3908.691937,-3034.813195
5176.073769,-972.785754
-3947.508646,-764.639868
2741.611366,715.620399
-3811.421026,2492.347843
3602.457308,4675.987088
-2735.098249,3989.184305
1813.183840,2145.408723
-1944.638233,-484.592205
581.195700,-1626.557140
427.450681,-1160.362936
855.493379,-2815.667328
202.437018,-2589.955401
-481.633309,-2582.685148
-376.931840,-366.252788
938.174255,1753.290353
-1090.766009,3579.418797
1808.447981,3448.916428
-3984.523298,2615.736841
3605.023582,1585.504670
-4254.715729,1069.579265
6079.936316,-576.419137
-6152.056619,-4139.444717
7131.426526,-5152.985801
-8013.930183,-5095.886560
9020.914924,-2195.191113
-7692.759454,-481.302014
7648.004505,1525.780880
-8218.088972,1385.543097
6805.510687,3522.474512
-6831.518185,3873.057010
5791.564234,3909.684465
-5210.159427,1696.855158
3365.920478,-146.899295
-2599.095235,-1784.308199
1838.311655,-2559.056182
-40.823792,-2241.811139
-117.049805,-2171.716805
325.130723,-451.232845
-1480.103102,265.383961
1555.419097,2742.624284
-2181.737473,3851.613926
1760.377456,3807.993414
-2777.036251,2931.258309
1578.838792,2355.701936
-823.146994,-495.753380
1386.070548,-3160.455959
-310.087995,-5673.065031
-276.286043,-6052.422137
1251.724252,-3961.798555
-819.474304,-1558.655595
1996.589760,724.235637
-2347.535918,1812.550380
1064.369475,3604.556667
-1488.970748,4088.184552
1399.979055,3917.630371
-1261.218000,1215.073684
398.932085,-93.627325
-706.146950,-1849.451729
-398.343629,-1657.753857
2604.065155,-923.383491
-2396.089289,-849.146203
3423.792831,-814.566658
-5271.580490,-31.442076
5884.991238,1895.771489
-6006.123708,1843.645776
7206.104600,1407.951149
-7460.415647,-1327.404069
6907.179105,-1657.654152
-6383.626630,-2149.826092
7722.995478,-1626.844618
-6918.660059,-2393.301361
6880.987938,-2466.320111
-5881.774646,-2817.169434
5810.105460,-1127.129471
-4184.552086,-142.440596
3848.009333,945.309263
-4101.187104,2351.015094
2811.437325,2310.843047
-2794.705485,2965.659029
2895.207820,2089.484573
-2755.519482,1105.894842
2028.653670,722.278531
-2787.708383,453.788155
4027.215200,-963.193564
-3212.870760,-2213.942213
3884.608741,-4155.756476
-4209.819448,-3918.283348
4875.372420,-1224.048114
-5445.357824,1103.458692
6568.502204,2756.832499
-7149.043027,1890.313261
6033.377946,1665.040593
-6369.817095,879.418458
6452.692297,974.584481
-5232.109565,-1263.326699
4974.580725,-2286.626858
-4744.633532,-4479.165643
3967.046352,-3700.687737
-2223.321039,-1732.682013
1195.020072,1025.330676
-829.569385,3592.156509
-727.149404,4685.277437
803.134008,4752.518489
-1690.279648,1974.353433
2414.471622,130.987771
-3084.140666,-2495.048940
2665.642767,-2628.701731
-2193.884175,-2717.845345
3077.165346,-2034.951226
-2969.205062,-850.578926
1602.481450,1578.628461
-2335.531529,4472.560865
2139.946476,5816.291665
-1846.306823,4649.469699
1184.842687,1045.624727
-1901.510255,-2169.658552
1375.746057,-3537.493090
-550.939017,-3921.379960
2636.260610,-4697.487789
-2074.042343,-4346.273284
2515.609636,-3504.150190
-3391.721857,-693.731238
4456.663172,2207.980428
-3856.153464,3160.545463
3713.649550,2794.960905
-6260.102242,2587.255655
5610.590116,3114.707125
-6811.543520,3769.680637
7417.595612,3384.716015
-7917.233796,722.495828
7669.457058,-307.149657
-8238.522205,-2233.276283
9138.124398,-1867.439988
-8049.150852,-2257.282258
8061.491909,-2371.021415
-8847.707266,-1159.497858
7565.618895,1834.499618
-6795.843057,2951.826623
7364.220358,3357.922678
-6319.988525,-92.923654
4851.383316,-2509.447306
-3459.844581,-4424.904334
3449.068308,-5400.776608
-1387.671044,-5273.349470
548.919785,-3224.192060
-528.031966,282.297617
-897.827257,4468.032916
1818.056467,7527.379011
-2711.062620,6774.880739
1779.860780,5972.571283
-4633.563038,3192.979661
3520.305083,2008.781908
-2381.323358,-1117.031395
2554.749830,-2804.833463
-2029.154855,-4368.629929
1763.044909,-4489.125928
-274.740481,-2897.989069
1622.816683,-2013.358257
-983.703864,-1036.627630
251.113408,-913.361607
-1267.338473,1273.964926
1691.021262,2102.907049
-1168.255476,2380.034416
2013.035968,468.980635
-4176.073286,-265.719106
4147.481803,-702.653522
-4372.042942,-729.455911
5964.887616,319.687722
-6689.272405,-1161.512379
6474.391911,-50.537156
-6925.149208,840.639273
6815.397689,3015.108696
-6556.437100,2565.960438
5986.681383,1788.147909
-6850.487041,776.187169
6179.810160,284.408131
-5345.777515,-348.558659
5753.348988,-831.274585
-5041.901641,-1928.353867
4779.783912,-3566.201415
-3798.175673,-3505.070001
4014.761533,-2089.878839
-4012.024526,-353.062652
3292.823357,2318.613798
-3270.650182,3445.923088
2549.865217,3859.700000
-2463.411081,2308.317857
2149.997760,429.054708
-1799.897420,-1346.793424
1045.827074,-2764.579165
1.415492,-3078.913471
549.729214,-3315.358448
-524.697067,-1998.149128
-9.307268,103.120611
-280.858528,3616.945391
-54.123525,5541.938962
-434.878002,5275.709682
-131.908154,3087.101593
-793.020326,409.553528
986.460146,-1876.969590
-892.548934,-3405.795329
1975.308617,-4189.447242
-1668.306734,-3834.097627
1450.214488,-1763.186711
-1473.681452,-83.298149
1689.171520,2437.943235
-1355.412054,3342.094234
169.622891,3557.278890
-1355.007365,3418.845621
-422.177456,3384.474353
1416.891787,775.564880
-1711.929089,-1520.021388
2466.016130,-3683.885319
-2830.227434,-4848.739976
3842.594863,-3175.892759
-2820.496117,-3139.864226
4087.486326,-1856.849858
-4156.216771,-1864.927866
3027.588928,519.137537
-3084.621538,3123.311076
1979.582756,6152.236929
-1849.663866,6008.636519
552.523864,4202.667121
-1196.252724,1605.559309
-84.267793,-809.833395
1100.689505,-711.401178
-465.044938,-3049.246882
1265.810614,-3777.030053
-141.422713,-4929.597064
-83.843026,-3708.192011
1657.790066,-2069.772538
-1545.277289,133.118942
2522.313866,1466.340564
-3981.804074,2518.335999
4189.289483,3240.312261
-5125.759841,1900.195638
6336.463531,911.456315
-6523.841895,-1410.929825
6956.295429,-2091.045826
-6973.829506,-3213.362792
8026.905729,-2719.177876
-7149.064582,-2452.035166
6814.231757,-176.985935
-6469.464041,1008.881436
5794.886141,3097.077710
-4920.982779,3464.777141
3840.658701,3402.082802
-3892.724491,1982.093484
2357.181362,467.444704
-1343.244592,-852.822823
2229.083356,-3048.647192
-1349.641058,-3580.216080
1007.554835,-3832.824196
-370.571533,-2345.552182
1063.018163,-1212.253429
276.829202,-371.269788
-395.252361,-326.574678
-1305.419537,1405.549117
1132.560849,3265.923212
-623.130011,2940.262985
693.073191,1815.341148
-1397.931324,-671.449390
1028.319432,-1848.427209
-661.715368,-2388.162303
1297.891780,-1878.639774
-593.363720,-876.478030
-399.677874,-184.436551
-571.070401,1774.680825
65.159489,3861.970891
311.960594,4023.680883
-825.270448,3513.683791
387.102017,1605.329295
-2077.387878,-427.305959
2751.214907,-1740.381001
-1739.229867,-3272.796125
2584.166206,-4841.858074
-3499.799691,-4017.310970
4202.815441,-1379.537903
-4594.975460,1610.103435
5721.777463,2860.595763
-6227.327933,1666.857764
4921.207145,2437.392194
-6013.088854,1524.394886
6830.537512,834.909974
-5940.425369,-1130.072637
5781.437434,-2826.353444
-5375.463758,-4433.208088
4379.059680,-2387.520891
-3090.862690,-617.134589
3153.577138,2026.186398
-2555.438165,3028.712800
-129.254431,4038.011287
-950.563713,6381.468095
-15.376403,5433.703075
1018.929209,3630.821200
-508.595654,-1424.530251
-1074.594181,-4315.234295
1144.810557,-5088.853631
-426.370028,-2807.212881
2844.118288,-3394.859220
-3249.644171,-2766.282973
4061.680750,-1047.424470
-5859.604606,789.462413
6731.278629,4172.108885
-7210.217634,3865.143161
7129.411086,3590.111955
-9121.181520,585.123893
8404.988851,-456.606572
-7193.284588,-2342.948260
7606.041609,-1928.816489
-6029.036897,-3563.738446
5361.669580,-3908.900643
-4823.825419,-2968.519497
4571.249073,-950.646725
-3560.270128,2157.061642
1420.408215,4551.002329
-1851.087188,6242.153359
671.567114,6138.733746
-627.123718,4481.752949
212.548800,544.809134
-1591.240753,-1020.666781
1268.234761,-2772.108822
109.081673,-3457.351287
1330.086446,-3749.189997
-1089.035800,-4552.219094
947.094165,-2094.755134
-1053.086054,988.403405
1452.763097,2676.605171
-1302.700548,3357.115891
647.386943,2516.225270
-1705.361952,557.332105
1965.497492,-450.548474
-725.243954,-2536.519450
1393.221696,-3943.383164
-471.798230,-4477.709383
-554.494287,-3962.243079
1442.667504,-1436.426798
-1157.940738,2046.825369
1519.572166,3762.213103
-3165.451261,5663.392787
2039.320973,6285.133576
-3864.317967,5919.005753
4273.774046,4550.282664
-5146.629013,375.212568
5818.554479,-3167.967862
-5879.707074,-5803.980371
6953.719372,-5218.108634
-5645.088697,-5054.159049
6788.003673,-3687.950847
-6743.402067,-2037.246673
6106.811636,1224.684752
-6048.953190,3507.053158
5798.750089,4752.933299
-5647.498698,3789.765201
4291.977143,1994.721961
-4403.384308,-796.447573
3318.221533,-1851.867758
-2405.391141,-2624.557333
2863.606402,-3074.904892
-1453.397767,-2833.335664
786.589158,-1858.961161
-566.653895,87.832865
845.862093,1472.938670
-799.419167,3031.509767
-451.080528,2787.894591
-1529.145445,4228.575070
1336.725114,4093.609362
-2139.231216,3968.544573
2307.378862,1886.664113
-3577.707910,-433.131330
4483.188664,-2003.794303
-4838.085760,-3941.152790
7076.022427,-5107.077013
-6606.387700,-5715.838916
6596.246825,-2757.051965
-6953.606855,-1090.037075
6561.063071,3288.185052
-5961.506082,4372.032007
5299.997369,4253.095573
-5292.204433,1908.897234
3776.729271,107.242445
-2478.845525,-1585.102658
2150.953078,-3148.120117
-710.781749,-4499.033516
-398.235006,-3918.659258
511.031951,-151.174528
-369.383018,1965.183312
1493.914154,4941.820040
-1905.138937,4147.310085
749.691939,2699.012760
-1511.743881,1811.042541
1369.566682,18.444016
-990.129258,-1495.320721
1433.276531,-2326.819845
-535.709234,-3418.217108
908.508060,-3187.086876
203.213906,-2147.011884
434.703084,-1350.958253
-563.197326,917.203470
-543.381211,2421.917987
-238.745748,3368.288119
1293.578269,3345.467327
-1047.960240,1128.786857
1701.008163,-2043.975855
-1573.887529,-4238.398697
2380.854326,-5618.344148
-997.400461,-5623.521337
1958.385012,-4484.522660
-3051.217141,-1166.024089
2830.244374,4072.973667
-3786.848180,7832.292816
4085.269596,8930.659857
-5641.712051,7450.479985
3681.425846,4684.531349
-5269.681774,967.461485
6068.703407,-2212.586139
-5556.020978,-4976.520044
6454.292301,-6479.188082
-6439.971025,-5990.014902
6725.849238,-2831.744108
-5349.068709,-1298.947537
6170.412262,1020.328666
-6005.259862,777.435786
4541.468877,995.356961
-5469.888389,1987.222378
4603.429813,2982.457696
-3485.977243,1744.834933
2294.443701,-252.949736
-3111.919910,-1208.688456
2437.775540,-562.741270
-1268.694854,540.727462
1781.636484,-757.782254
-2303.856581,-231.757845
941.248320,426.925900
-1956.860366,2041.134910
1678.448166,4711.404595
-2663.415460,5506.473202
2330.418444,4303.737357
-3565.970266,2737.818890
3457.266781,-306.013718
-3014.689060,-3515.684501
3963.489551,-4407.090386
-3352.172937,-6183.176091
3233.620203,-4968.486843
-2263.505185,-3267.577957
2461.573944,87.907058
-1217.467667,2132.992154
-565.652047,3468.730252
590.848909,3784.380793
-1675.889346,3800.637179
1879.879940,2081.856634
-3299.479929,-334.232864
4074.751288,-1080.960304
-4745.053949,-2757.637001
6558.576702,-2397.928062
-5702.183306,-3214.511984
5582.049595,-1847.800992
-6315.270327,379.099350
5669.913213,3624.865665
-5670.955152,4811.596577
5558.136049,4488.887362
-5789.773580,2789.789570
4629.711024,1164.093257
-4047.362151,-1127.311090
4310.070755,-2884.596161
-2424.148933,-5525.662726
2953.573929,-6929.192034
-2419.834153,-5452.426330
2568.241016,-2267.191385
-1924.227433,2474.581220
2783.578717,4305.036016
-3147.166361,3876.290277
2292.089177,2165.428076
-3685.794615,1753.595881
4417.817371,557.604904
-4128.107467,-788.945429
5487.269497,-3306.076984
-5435.439412,-5570.324478
6271.787544,-4219.729607
-5924.808825,-3132.930945
7480.750183,43.999378
-7729.084139,2157.224773
6660.262809,4498.689365
-6897.091783,4395.567956
5856.346569,4376.351005
-5053.426861,2256.334891
4177.969357,805.457411
-3727.052766,-1617.041486
2762.994503,-2999.469770
-651.771839,-3727.863799
618.130113,-4117.276442
1427.049114,-3755.117394
-1689.168600,-2568.627756
2351.384489,-107.365312
-1804.979139,506.424051
2571.334252,1736.311168
-4122.073803,850.796644
3639.937341,1285.053773
-3407.184359,1320.086336
4082.667728,574.987600
-2800.604016,-1925.187801
2529.619737,-3268.563810
-2038.262116,-3784.248573
1883.435973,-2458.627566
-1030.111144,-202.994255
483.704200,1758.399095
-1175.459310,4892.394476
-74.160329,6273.544819
-656.621198,6196.568921
1375.563561,3780.986927
-1939.002375,229.957412
1563.451762,-3700.489760
-1914.623058,-4848.192788
3629.259725,-5712.427237
-2108.470317,-5890.624601
4178.345179,-4981.171020
-4644.878085,-3527.445547
5258.971839,81.048605
-5435.421396,2531.559623
6008.528967,4192.315509
-7152.398993,3566.472236
5680.947634,3273.719680
-6638.490849,2397.296827
7130.060320,1646.395547
-5911.253288,-1098.767188
5974.254933,-3453.027960
-5924.508775,-4829.678001
5209.938023,-3096.865792
-3288.698715,-1676.609537
3702.014647,491.000825
-3039.037650,1369.267922
1026.730548,3021.042283
-1524.620815,5005.119982
602.000283,5112.811776
439.583710,3217.969356
-1873.077849,-12.989766
1879.857447,-2199.786344
-2403.686362,-3458.319686
4545.314973,-3522.593986
-2847.433266,-5233.177938
4133.504883,-5570.587675
-4750.708091,-4569.367081
4831.529866,-1359.521899
-3888.644029,1991.502637
4217.370696,4039.527984
-4242.933101,3193.012280
2650.170156,3000.097404
-3232.480373,1824.643932
3759.886435,648.715547
-2358.417557,-1602.264558
2072.582285,-3921.787985
-2574.097205,-3209.992213
3014.406207,-1989.862785
-2113.178218,502.122418
3185.415700,1838.134478
-4885.941721,3782.788580
4288.744478,3998.155823
-4446.086406,3242.976423
5403.747251,1616.056180
-6039.939887,-1477.545753
6930.887502,-3269.308696
-7592.110579,-4749.202645
8833.004964,-3517.537563
-7330.551237,-3485.088425
8223.492678,-1914.852433
-8355.132604,-1259.212441
7431.286813,1299.195006
-6300.022230,2495.362173
6218.918359,2830.710176
-6004.767390,1218.696861
3444.189905,431.054209
-2412.297241,-274.908506
2537.740315,-236.382779
-644.871314,-2125.825176
-577.276756,-2992.593763
1098.538755,-1174.836689
-2587.046625,547.221209
3191.369761,3354.207445
-3668.808336,3752.459511
3641.371868,3765.136159
-4601.620126,1568.265659
4631.299539,338.889135
-4249.988964,-1671.610941
4665.275850,-2757.006015
-4448.043474,-4252.309224
4067.647934,-3995.070192
-3014.028594,-2273.399375
3690.449598,-473.493152
-2687.710459,1069.204487
2198.578712,1496.689642
-2555.270256,1342.207103
2156.363147,1042.969027
-2437.679930,690.468707
2250.241970,173.979370
-3334.619839,1169.852986
3231.268599,2016.662034
-3398.346903,2405.000542
4416.005882,666.170244
-5037.687526,-981.644949
5358.711344,-1863.642078
-6534.144149,-1369.139819
7661.504203,-359.623142
-8362.722342,500.116823
8011.813076,2547.040406
-9585.619170,2871.503377
9218.866854,4474.032355
-9137.440999,2560.126339
9774.480755,311.767097
-9104.238303,-3946.335705
7871.396877,-5266.696147
-7132.042578,-5770.845701
7048.419964,-3279.158264
-5031.564276,-1562.786085
3506.067891,1025.306921
-3928.992887,4139.872702
1964.860795,6037.883328
-989.637987,6568.291652
-364.400753,3524.993393
-401.072638,396.752813
-1430.960048,-1853.094246
1582.290452,-1996.403731
-295.560660,-3358.735919
1257.916581,-2789.761312
-980.544313,-2819.439722
-138.109089,-867.695071
99.882278,2056.271856
-496.846858,4017.756077
809.166924,4540.757988
-2193.940976,3002.478025
1379.048952,1514.542488
-1447.925637,-208.860843
2193.065929,-1162.381234
-1354.503635,-3712.327764
1107.392735,-4142.441633
-944.853360,-3905.741171
905.197846,-1322.508309
1306.204597,544.902439
-1327.555458,772.692318
1257.680150,1680.725233
-2839.112977,2431.693958
2948.799325,2897.164138
-3269.543692,1911.316218
3665.411615,836.495486
-4414.946481,-790.004000
4331.159209,-441.812749
-3709.820471,-886.554018
4783.298005,-1253.067946
-4321.115276,-1879.175646
3777.005109,-1648.452500
-4083.693039,-551.083820
3944.692575,1399.546568
-2920.183072,2361.127519
2492.076810,2640.130132
-3832.008799,2095.178955
2912.459663,1424.170610
-2017.727204,326.138223
2778.546762,-1935.609012
-1939.149742,-4488.802358
1629.833218,-5090.617024
-1993.230815,-3034.613261
3318.797708,-1214.470609
-2659.237276,502.046560
2287.101472,1251.584351
-3510.353300,2390.650707
3146.032717,3694.577292
-3551.809034,3623.826057
3725.043992,2676.913080
-4982.843660,542.183983
3864.837926,-589.671546
-3951.673698,-1169.716222
4387.336692,-262.645329
-3906.706610,-498.227767
3922.957481,-9.559774
-4035.868027,-525.598341
2960.880862,-62.570529
-1567.249710,87.427956
435.674942,702.750627
-633.765939,896.482902
-920.532526,1783.673613
2249.663566,1445.088248
-2192.548478,-597.694137
3478.201821,-2649.014443
-4285.598594,-4554.435242
4522.164294,-3024.164683
-4329.545172,-1706.743176
4542.065749,1031.254264
-4993.500247,1983.473379
3678.271020,4629.599052
-4206.558400,5263.352883
3070.462759,5525.404894
-2537.719094,3758.527911
1183.044811,461.223543
-1005.426919,-2640.369108
328.868538,-4735.123044
1061.914575,-4195.823282
-892.165871,-2998.510769
1692.658657,-696.451946
-2457.143454,1232.088470
1761.967911,3627.142557
-1512.123108,3422.267383
1079.444501,2808.501336
-998.278832,340.395864
-864.035333,-214.069963
1016.983266,-550.875270
-1171.518035,-1196.469557
2902.188712,-2691.751021
-3141.674211,-3904.314758
3872.587601,-2909.764461
-4317.083214,-1326.544658
5336.798371,1139.433412
-5672.244996,1407.337477
5041.369293,2932.643695
-6149.542916,2176.286522
4913.224322,3367.604533
-4623.021075,3718.244772
3828.475794,3470.522120
-3392.885031,1326.383049
2048.849175,-1304.126550
-1350.222749,-3077.907309
1595.410336,-3578.721646
-537.183437,-2454.344545
154.332633,-1353.628638
-530.096128,1351.789222
422.878390,2325.238974
-10.762503,2636.079208
124.945806,905.069335
-1817.346215,689.348923
2111.754361,382.905015
-2435.683470,-183.409476
4459.060129,-2783.370847
-4566.199457,-5256.836665
5630.324285,-5168.526096
-5803.786983,-4183.002528
6827.489160,-297.921565
-7237.082638,2341.869870
6476.229062,5360.090850
-7524.662331,5345.212113
6131.460157,5649.153206
-5868.835486,3575.374273
5816.728566,1840.450833
-4945.849402,-1884.905008
3761.175085,-4647.305946
-3392.073088,-4741.337162
3475.450124,-3736.324333
-1283.829808,-1683.047798
592.616454,642.771185
-613.165955,3290.894881
44.115840,4640.852402
438.215111,3962.049988
-1016.181160,644.651497
974.601144,-2336.933239
-1443.945965,-3708.645042
1848.560106,-3274.217795
-600.594005,-2927.260398
1945.391409,-2611.163902
-1493.628388,-2291.808578
1692.276862,-1426.476767
-1371.530461,-1062.776320
1769.382926,803.728493
-1397.936699,2175.612416
-14.378213,2666.398624
-518.818876,2663.470825
-105.907750,2852.609797
393.284526,2525.793963
-663.000686,1306.119681
388.199186,645.343650
-1084.592132,-137.762168
1430.833606,-664.359988
144.826104,-2546.927840
418.628155,-3511.126254
-357.973444,-3723.099935
-582.160988,-549.393174
2214.599228,1280.155612
-2408.110066,1664.229718
3016.103970,698.383884
-4588.737566,-123.681768
5059.747375,572.609297
-4998.318439,-400.943426
6613.445066,-1242.778703
-6246.814981,-3740.248776
6181.591725,-3935.981311
-6703.968228,-3438.052706
6493.297124,741.305053
-5334.112545,3134.835084
4047.720023,5574.846540
-4945.513891,5553.169113
2894.635395,4526.735734
-2001.423540,3122.685340
2073.338732,-537.913945
-1362.068192,-3767.593678
298.397876,-5461.603995
-424.100118,-3631.716524
1621.916909,-2251.128812
-1018.614175,177.410338
966.377472,1464.431408
-1727.082964,2942.306829
1766.248574,3412.892783
-2043.660986,2040.079716
2724.706943,-29.112282
-3574.269310,-3137.208658
3662.802743,-4215.760881
-2870.991585,-4503.575321
4070.465668,-2964.631702
-2823.482691,-1976.274292
2270.217792,627.728815
-3458.941956,2896.157226
2200.273793,5022.846258
-1295.827579,5656.010305
269.333048,4182.476291
-863.436072,1870.649016
-1191.670450,1341.095237
1580.526140,741.141248
-1093.166297,-1344.204904
2198.512512,-3155.995417
-2545.195805,-4792.083269
4017.426420,-4591.865783
-3644.756405,-2760.538860
5311.625455,-1113.496024
-5857.033408,294.798050
4820.145178,2368.632945
-6155.984834,2918.949291
6312.793247,4249.422587
-6225.890745,3376.177944
5826.296828,2080.849378
-6199.117189,-402.647305
5655.366104,-2488.280952
-4341.896167,-4859.741499
4855.088106,-4528.215784
-3917.164594,-4618.187611
3211.716949,-1762.880070
-2435.208758,2398.536985
1763.282085,4291.845147
-1412.556887,5199.832535
54.146283,3435.779131
-1496.708545,2563.147863
1725.416481,778.685965
-1136.501879,-824.148977
2014.381021,-3509.285682
-2388.083313,-4442.575745
3010.718356,-4183.985783
-3233.233651,-1926.884742
4580.533627,873.354612
-5487.179544,2535.396510
5087.860137,5178.830110
-6285.356568,4758.911587
6622.606570,3082.170536
-6299.406706,-587.517296
6157.919911,-2651.537135
-6031.067793,-4844.056225
5231.365782,-3719.232170
-3141.038897,-3042.891448
3945.477201,-1954.846544
-2490.446488,-1826.387973
1149.714442,-358.222295
-937.380130,2487.099316
-390.474212,4475.782388
896.008700,5163.372162
-2117.450697,2805.459886
970.102451,1517.174936
-1936.647452,377.338864
2546.907151,1161.156017
-1261.722763,-1281.966340
1218.528963,-3039.325459
-546.241151,-4648.092354
366.907993,-5052.843377
1300.655796,-3388.953320
-1349.569728,-719.900563
1816.867376,2194.942287
-2765.643843,3308.929528
2297.749785,4238.045791
-3095.734475,3137.081271
3416.785013,1785.726445
-2957.968601,-1079.438631
2877.995626,-2876.704232
-2287.624104,-4472.893311
2425.779782,-3945.476963
-442.382382,-3564.850226
-372.018832,-1527.960249
469.298310,1504.852350
-923.032265,4335.571089
1895.457252,5463.767452
-2999.898568,3699.246439
2810.675134,1745.502823
-3807.563670,-520.312395
4339.946293,-1804.620977
-3567.622824,-3913.499259
5155.377952,-4279.023108
-4853.753556,-4107.269555
5197.961340,-2232.701427
-5182.839863,207.016282
5780.788655,2124.430758
-4749.336642,2350.030767
3434.582146,2389.545547
-4633.271604,2062.304766
4456.487206,2234.546605
-3555.359768,853.200702
4021.457643,-1698.942127
-3815.409499,-3979.938938
3931.167240,-4604.582479
-3172.424113,-3365.875985
4195.774136,-1357.108900
-3606.042015,9.575593
1973.608045,2247.821022
-3329.444387,5187.445092
3045.626624,5705.787986
-2983.726641,4784.590773
3610.119091,1610.088086
-4998.935173,-2074.225383
4959.555397,-4155.888345
-4191.028986,-5326.151198
5999.998797,-5515.385351
-5129.491224,-5322.438473
4917.867241,-2455.700315
-4824.830741,816.341740
5017.620639,4125.620316
-4880.830986,4936.008334
3544.259620,5352.901228
-5247.904646,3337.393151
3861.342184,2089.800785
-2117.732952,-41.125432
2213.115243,-2642.477293
-880.498971,-4903.537043
83.257860,-5578.095388
1204.993486,-3887.513596
-581.243208,-1981.078884
1513.803167,763.860262
-2366.675806,2611.523536
1195.434811,5054.257652
-1482.648919,5545.423898
2061.759369,4239.215949
-2732.611910,1142.508003
1623.040004,-1377.661253
-2102.586392,-2686.000639
3489.346790,-3426.227822
-2210.479443,-3394.543191
3117.467314,-3655.424661
-3045.500952,-2498.956119
2649.233556,140.287681
-2590.038486,2385.461975
2858.121780,3740.204937
-2985.806197,2381.338820
2721.048384,695.687343
-3873.366344,-312.732491
4561.612923,-739.289272
-3342.095683,-2032.366449
3865.520254,-3542.447004
-3727.101793,-4468.557191
4455.312465,-3823.640522
-3655.983541,-1342.097076
4408.997966,509.497094
-4999.847196,2757.609729
4396.281398,4566.362160
-6213.142795,5017.202966
5495.001035,5767.479224
-5574.092175,3316.094567
5250.495085,1767.264080
-4679.595953,-1576.215916
4184.920864,-4006.665201
-2267.163729,-5991.872433
3349.642395,-6499.631162
-2079.880340,-6002.409546
1395.270594,-2826.209395
170.331395,656.785730
-1248.273357,4043.664667
1862.698869,6003.001587
-3892.823396,5130.878717
3289.428744,4585.098965
-4242.397904,1459.604538
5700.763962,-1901.446453
-4672.837155,-5842.604715
5336.925191,-7647.011349
-4726.394406,-7518.051405
5379.915489,-3987.077158
-4465.102856,-515.304664
4136.538381,4090.508469
-4900.514078,6528.910764
2975.853656,8286.666658
-3404.972312,8478.774853
2470.625457,4949.181864
-2871.046504,875.387273
2321.289618,-3453.244856
-2029.947802,-6428.079402
3351.430808,-7449.975643
-1530.510918,-6243.034403
1866.990096,-3432.998544
-2380.977598,535.692167
2194.895582,4233.706519
-3022.979235,6569.086020
2921.617268,6122.966444
-4119.251038,3515.842781
4011.383165,336.917018
-5128.613035,-2086.531813
5459.360738,-3546.465496
-4951.562183,-4483.806222
5284.332703,-3955.496200
-5026.499160,-3129.784652
5686.546511,-360.741722
-4973.623514,1172.498444
4785.265062,2996.120722
-5440.945000,2416.410350
3265.474078,3372.736445
-3704.102599,3228.045156
2509.677203,2637.540316
-1573.040656,1398.239594
1069.682842,-448.903410
-811.752989,-761.613300
-31.437956,-1846.116381
1392.579235,-2418.630294
-882.289697,-3095.268612
347.425563,-1714.909414
-1273.576000,813.409409
816.127608,4286.110559
-102.080071,4819.387447
132.112335,3153.698046
132.167655,-544.842341
-1819.748056,-2908.186351
2826.388472,-3917.922664
-1169.503745,-5066.670282
2471.092147,-4505.875200
-2744.099990,-3527.871566
1812.052210,-31.408568
-2455.456175,4032.314141
2985.524503,7447.724148
-3128.500728,6796.768671
720.858844,5419.410658
-1451.863866,2309.441891
119.641379,636.361584
1090.069283,-1530.936463
-972.861711,-4297.452382
2265.183457,-5275.984528
-2454.655146,-5985.818275
4097.804240,-3628.053160
-3468.830426,-851.131585
3577.177460,1310.839431
-4294.719425,2354.390169
3805.445559,3666.986393
-4329.873606,2763.081867
4354.039706,2234.942424
-4426.152824,391.715664
3603.112885,-1153.921030
-2175.266027,-2972.834565
2694.317609,-4664.857831
-1006.870934,-5727.918324
407.734566,-3396.519835
-308.644625,348.261659
-409.517113,4287.863950
779.582918,6809.940704
-1839.445210,5884.208571
774.037737,5070.318842
-2684.370401,3674.330669
2349.878128,2427.554641
-1013.837744,-1554.643564
1629.965040,-4568.850754
-355.205231,-8427.452724
-98.914915,-7901.595862
2666.388481,-5592.678810
-2109.851798,-2053.459070
3449.215878,1771.520471
-5191.726402,3053.387223
4689.768685,5209.636969
-5784.760162,5181.565355
6444.532206,4059.806106
-5972.197714,-247.113032
5258.937089,-2424.940650
-5452.597399,-5230.183772
5550.180749,-4111.955545
-3584.951438,-3151.510042
3369.580622,-1566.805479
-2392.135712,789.436680
991.640834,3034.886026
-726.835910,5726.826784
-237.888890,5295.851280
-201.121251,3610.888140
-1107.306104,1133.853723
-96.270255,587.308267
413.336464,-1235.046889
402.568056,-1555.497975
1392.421219,-3386.555425
-1809.481275,-4835.065661
3230.162114,-5159.068992
-3472.663506,-3757.575513
5117.028184,-1524.843338
-5471.540044,-57.415968
5347.108776,2618.591650
-6380.683453,3084.905387
6360.144611,3881.554387
-5954.408438,1667.285869
5813.672259,403.747425
-6023.686181,-2152.714552
5222.611492,-2499.215488
-3911.047110,-2187.739425
3496.946697,-812.983482
-3011.900912,703.921675
1890.118065,2376.871500
-1322.781051,4127.928570
392.273069,3849.714802
-530.046563,3592.848517
-260.950357,1362.671385
251.461336,-1050.756216
552.107740,-3744.850137
697.362954,-5256.210262
755.068006,-6133.857571
-1089.882635,-4212.255979
1979.236335,-1940.510026
-2227.423579,1111.469898
3402.567157,2649.094982
-4533.057378,3009.625612
3486.572368,4551.714161
-4816.551837,4416.213300
4920.589464,3967.865849
-4936.546781,458.693699
4313.638397,-2057.848505
-4149.145141,-4576.400391
4026.001362,-3409.367441
-2232.400756,-2897.364635
2756.573148,-1695.433345
-2103.794929,-530.857753
-193.887581,1090.216296
-46.045444,4089.252419
-1681.485477,5848.139898
2183.165842,6361.301515
-3876.824024,4311.814675
3448.958787,1077.605586
-4415.511470,-1926.055099
5212.213951,-3353.030203
-4777.293613,-5327.383399
5103.511364,-4885.013958
-4659.393887,-4047.823864
4929.352462,-1555.047354
-4404.201810,684.648885
4136.364459,3136.132561
-5034.034191,3857.778948
3991.112655,3746.838079
-4242.382031,2422.904767
3815.278413,295.341323
-3455.071507,-1669.124442
2869.899805,-2675.585933
-2107.449663,-2321.670825
2596.896783,-2073.830916
-1724.233971,-1713.336414
1151.344816,281.610604
-2590.061403,3212.401515
2113.386712,5576.309309
-2525.979660,6638.381069
2142.389106,5165.071511
-3621.947763,3021.179721
2828.381646,416.709708
-3447.838606,-846.935366
5059.879782,-3137.164810
-4246.633562,-5346.273423
5786.650773,-6447.064961
-6019.520964,-6217.463886
6911.845575,-2750.515231
-5936.842290,-652.197705
6867.490906,1884.596702
-7714.825685,1761.910147
5820.702981,3305.251147
-5462.203296,3362.717394
5102.218261,2964.562864
-4392.562279,460.827349
2824.387581,-1121.467142
-2121.442690,-2342.036575
1537.772827,-2616.261179
466.056229,-1828.139724
-1068.004989,-1001.992367
1656.624804,793.667495
-2656.390052,1735.382807
1955.333164,4332.761924
-2323.171536,4435.744930
1926.750612,4191.804156
-2495.870145,1614.021414
1730.085693,-242.491316
-703.154566,-2228.597579
1744.871625,-4338.877175
-751.176216,-5603.091871
558.977982,-5528.640363
-532.099164,-2191.504642
712.612179,960.066276
-110.830693,3468.908478
114.147408,3322.713252
-1042.410728,3301.179274
622.296610,2376.287888
-1267.498916,24.404729
1873.533014,-1594.860550
-2179.156051,-3001.458823
2619.447722,-3369.406953
-2634.267596,-2802.886219
3805.364857,-1094.246110
-3135.967621,419.963428
3284.146520,1388.666244
-5196.347209,2997.874317
3662.763110,4832.519006
-5170.086955,6179.746302
5760.842295,5414.342129
-5494.200151,1360.773717
5039.016498,-1894.531356
-5572.010373,-4197.086126
6684.791241,-4427.525925
-5199.210548,-5769.608661
5403.185923,-5123.994963
-5022.853438,-3259.215427
4604.035844,710.131041
-4239.034265,4213.517837
4605.521556,5281.982990
-3703.357949,2992.599309
1855.703151,45.696853
-2243.368178,-2213.289787
1579.338569,-2854.223211
198.147495,-2328.696771
966.815504,-2309.616408
-1086.312862,-1507.556815
170.091171,-130.109699
591.458157,2107.018737
-150.056100,3279.266506
-978.048786,3854.465402
-341.237766,3580.225909
-1052.647321,4125.080999
1120.320226,2750.277859
-268.847037,249.766143
642.712075,-1932.231069
-1244.829208,-4288.123561
1864.728622,-4107.993661
-472.123372,-4198.823755
745.547949,-2509.653224
-292.807919,-959.559227
-1131.479920,1448.309087
2179.008556,2444.176965
-2083.991456,2738.516951
2611.670497,1509.862398
-4825.867433,-327.889713
5144.333792,-853.858826
-5594.543975,-2089.412995
7353.638865,-2106.864690
-6798.273628,-3237.193094
6387.112795,-1796.716335
-7475.974598,399.970452
7037.746942,4532.685040
-6900.553472,5383.859128
5723.764900,4823.142833
-6621.821855,2974.408694
4714.668540,2550.666776
-3803.029834,1427.812956
3419.842728,-158.756360
-3131.190833,-2263.061804
1941.611369,-3693.545151
-1546.689346,-2580.053809
2388.896131,-2206.571093
-843.854590,-1210.510355
704.649131,-232.261763
-1719.027019,1065.447181
860.349082,1501.883368
-1480.270321,2182.322449
1492.024725,1972.787779
-2498.734056,1886.984988
2135.558136,1335.954606
-2942.257407,563.915220
4827.492128,-1111.491477
-4835.489244,-3635.957998
5017.487422,-4683.611252
-5930.320695,-3780.766414
5404.026394,584.689781
-4453.632735,3329.527012
4718.928719,5011.989316
-5736.071986,3581.148228
4123.484892,3172.140464
-3901.029243,1868.262182
3281.121071,901.285004
-2432.811511,-1497.682010
1052.909632,-2412.070681
-29.090953,-2604.649714
-790.816556,-1583.500416
3805.532473,-741.183684
-4133.537352,-1206.359441
5147.749971,-691.410555
-6925.312486,-156.995369
7289.103737,966.917500
-7090.353588,735.242358
8133.139179,1003.842006
-8591.528212,-1028.449708
8704.895922,-483.229249
-7901.539725,-1563.865812
8777.610577,-1566.201516
-7712.142656,-3172.164173
6459.658098,-2057.218062
-6548.637999,364.502669
5708.776124,3472.821054
-4403.167617,5509.952301
3033.627643,5390.730141
-3178.043177,3428.867782
1281.045791,1217.694010
-212.956090,-740.395048
834.566616,-3529.141448
82.606335,-5037.972062
-330.065237,-5349.804449
935.701841,-3351.610938
-131.431621,-1407.115735
1582.623543,162.863207
-1268.463691,436.562714
50.077884,1475.230213
-599.481074,1748.981209
533.392272,2235.785937
-1129.956626,2355.282861
432.816294,879.204598
-1096.313864,771.353638
924.231393,112.172766
-953.599500,379.867037
2332.553547,-727.031988
-3514.923964,-1276.596652
3201.799795,-849.631353
-4602.735273,694.380261
5241.362357,2414.454176
-6093.726498,3048.449011
6274.824594,3101.353027
-8172.501420,1579.855477
8934.330515,926.857633
-8741.983349,-1936.088432
9164.892313,-3888.757284
-8656.137156,-5865.061154
9215.421620,-4936.868316
-8357.404985,-4033.211839
8589.670800,-930.203441
-8072.972738,1671.263786
6285.350445,4705.514507
-6818.644338,5753.967232
5299.513314,6328.288020
-4723.850990,4312.651989
2877.118979,2070.863393
-2266.435763,-644.279271
1263.281548,-3052.188164
547.847588,-3975.334119
-724.904553,-4266.246669
1812.256749,-2924.166933
-2740.468998,-541.221695
3198.449518,3093.158913
-3415.624914,4208.861323
3787.386526,4252.691941
-5074.317791,2267.901434
3791.743519,1557.364943
-3885.497879,-199.319832
4372.530078,-1423.049463
-3077.057629,-3711.915848
3134.689466,-5127.619726
-2718.141984,-4340.156145
3220.998717,-2466.182067
-2188.164750,-426.505640
2457.821418,601.679821
-3260.116649,2258.148664
1736.183936,3688.334461
-2024.995433,3974.551058
2940.866568,2546.045451
-2793.551856,201.820646
2252.620562,-2255.583656
-3394.116970,-2860.737676
4113.875089,-1677.181442
-3515.087879,-814.235584
4841.056554,-556.115060
-5399.288953,-202.380655
5143.877192,1009.503921
-6000.313927,2987.690517
7059.383571,3186.332203
-7390.091067,1340.220146
6379.675987,219.948529
-7582.243392,-1043.740005
8335.132350,188.788729
-6449.119174,-1344.927857
6635.116431,-2024.247384
-6213.659761,-3625.668635
5404.881133,-2730.291934
-4105.110378,-1880.261974
4069.499636,-308.659540
-2478.534487,326.863567
929.806109,1085.840103
-1092.591681,2696.980619
-39.247220,2554.399049
1655.348930,2187.967244
-1417.652428,-1154.726522
852.314773,-2641.115513
-1308.408678,-3058.803832
771.802765,36.631756
767.126652,1332.190283
-2177.369975,2727.050895
1337.069166,3788.935355
-2860.653020,4213.776575
3636.713537,3988.845137
-3822.016986,1213.274475
4186.899187,-990.110535
-5168.896406,-4228.030574
5400.125349,-4922.883044
-3196.843811,-6816.618987
3981.386488,-4809.678091
-2519.979868,-3704.218079
1916.273592,-1056.019224
-1236.285997,1874.417182
183.936779,3212.289572
419.992397,4545.383848
-3332.568326,4469.060394
2483.853134,4529.896589
-3090.628970,3441.956968
4318.855530,1648.156635
-4657.542096,-2053.334608
4037.473306,-3226.143932
-4672.181693,-3545.324409
4718.318417,-659.881343
-2988.202011,825.462440
2007.979779,1571.673006
-2792.905514,2876.041017
1753.574338,4184.128431
-1155.330074,2936.170465
1007.104480,606.472558
-876.931702,-2030.826831
-501.798433,-4230.915233
689.497456,-3140.083932
847.942531,-3216.119733
343.765678,-2149.593247
11.841042,-2010.484680
-1096.193081,-416.952659
649.302211,2049.820689
-1204.216176,3343.081257
2167.512602,3386.494782
-3609.839741,2178.704780
2027.776640,1700.766558
-2952.542018,1543.222308
4074.248496,1553.612597
-3635.449123,-912.130100
3970.495207,-3151.079124
-4975.067683,-3436.268634
4321.815142,-932.107208
-3276.338518,1553.099718
3591.114391,2739.786292
-4438.288012,2737.379448
2954.080876,3187.428571
-3377.653185,2469.260817
3967.553124,1208.314431
-2538.898191,-1725.294616
2349.431000,-4751.802043
-1902.930998,-6649.148187
2277.455286,-5626.516504
-828.798445,-3086.003725
1612.919215,-898.804408
-1313.032424,1862.259504
220.476567,3486.349134
-1255.075874,5212.307622
1648.119116,5077.573478
-2318.792935,3690.478751
1124.046968,1436.633753
-2515.828819,38.965115
3476.005222,-1089.590670
-2637.390099,-2454.366119
3964.240873,-3585.758306
-4253.242139,-3962.605302
5198.263850,-2423.464915
-5362.055070,-681.194691
5945.440877,1341.883580
-6069.813280,1788.743860
4584.494378,3695.278082
-5454.617184,3875.371949
4908.037197,3936.542909
-4377.136999,2185.341903
3693.979966,-296.687200
-3253.244785,-3871.387995
3094.947080,-5422.625089
-497.698861,-6496.327875
913.341740,-5764.910043
752.457517,-4247.604827
-1964.785663,-1376.818123
2629.574130,2901.428296
-3227.041462,4262.751676
3611.280240,5375.155110
-4624.815961,4079.031264
2968.621190,3432.432189
-3670.918515,2039.393265
3831.871935,1126.149136
-3356.291791,-1815.265335
3484.276565,-3576.143006
-2954.349881,-3741.172844
3117.178132,-2274.704163
-2046.819391,153.710262
1935.325143,1312.528273
-2504.504913,2919.099296
1494.522993,2898.734110
-1811.451368,2553.361295
2729.332588,1261.096459
-2658.685017,-720.046028
3317.779379,-3151.329910
-3387.947881,-5215.709462
5065.753139,-6126.862230
-4228.164835,-5920.528325
5756.274588,-4160.138846
-6328.190922,-721.284626
6035.216447,3847.768416
-6711.119619,6379.058042
6655.675903,7186.533439
-7885.492256,5012.137374
6514.417402,2988.649670
-7038.110231,245.571825
7231.678461,-758.703222
-6046.813197,-3390.055199
5696.652499,-4177.758060
-5005.120333,-4234.547743
4773.983016,-2125.566782
-2907.001394,-228.497131
2483.147741,1538.857843
-1601.678630,2310.467619
-41.740324,1818.622619
-152.689645,1719.324645
-339.261505,601.677695
1944.355452,-1130.238050
-1993.340679,-3562.679632
2199.802604,-3433.312027
-2128.716925,-2827.290094
2801.590773,-1004.388430
-1978.889179,-325.376528
1343.960009,1076.792240
-2200.224179,2510.845851
947.025267,4772.298162
-1083.626619,5936.096034
252.409135,4589.343685
-158.192038,1573.396270
-320.922397,-2026.153207
144.745569,-3893.387288
683.386025,-4942.342583
1143.917328,-4477.436945
-463.261697,-3980.170604
-287.602448,-1812.636315
373.230750,805.689187
-1156.890589,4272.747882
2467.246149,4620.996741
-3804.057366,3648.239278
3273.608141,2271.951204
-4597.281310,175.924207
5315.866023,-1184.335294
-5724.947694,-2803.354733
7296.949138,-3585.696366
-7259.104691,-4136.155739
7928.116647,-2431.368815
-7234.630560,-1429.740238
7808.863849,1345.453057
-8266.807214,1587.959238
6534.318756,3611.229786
-7009.460573,4373.098914
6082.176576,4265.096810
-5288.176160,3249.166066
3631.253295,1751.528605
-3405.079030,-912.838094
2994.437793,-2173.775965
-1663.819210,-3194.594437
1351.140653,-4196.236189
131.630126,-3268.144171
-824.157360,-1623.027994
1308.153006,1060.100568
-1778.049409,2813.390277
2552.390663,2623.714891
-3160.699308,906.682522
2224.062136,464.984858
-2552.243033,-686.508587
3984.601238,-1420.017732
-3219.706857,-3253.802652
3340.934411,-4248.578467
-2795.007153,-3777.817834
2734.170086,-1316.136193
-2253.352413,938.043958
2012.135157,3475.260784
-2905.938300,5464.887432
1686.949858,5484.269685
-2601.789331,5015.377825
2594.836061,2610.002656
-2602.152789,426.735927
2380.861856,-1745.656337
-3308.279441,-3341.830637
4337.993599,-3263.128887
-3189.071039,-2804.652953
3507.396900,-1733.717005
-3854.916143,-562.874525
3643.722055,2044.438202
-3759.370200,2807.301561
3811.102203,2816.366048
-4036.483608,597.274291
2651.721840,-815.801762
-2628.107890,-1113.187497
3393.887997,-2161.604933
-1849.649655,-3281.639315
1591.258564,-3682.050673
-1713.859310,-2881.285277
1335.238483,-720.525457
-768.816016,1809.380201
389.170657,3524.667588
-1223.715855,4199.856266
-1130.644576,5547.115961
614.967272,5192.480711
-1262.619840,3479.038667
1873.340405,545.237044
-2018.522077,-3197.254360
2225.997844,-5135.820437
-2243.039254,-5480.172221
4278.530947,-3844.412250
-4199.282959,-1765.976108
3398.008125,1191.718351
-4058.218975,3486.623893
3667.455470,6064.695464
-3858.586207,5559.623256
3618.283127,3275.649903
-4835.850283,691.454656
4012.927221,-2162.055674
-2738.922197,-4471.757411
4277.611565,-6158.589859
-3920.035250,-6164.901435
4662.488477,-3976.398881
-4225.461522,-1119.424307
4908.435608,1699.128323
-4593.954207,3381.213164
3550.067669,3841.752565
-5797.743596,4514.692083
5511.959343,5111.443398
-6449.647013,4131.141039
7119.352674,1586.475003
-7573.427283,-1377.899580
6656.975723,-2621.931640
-6400.919816,-3387.953382
8114.625755,-2337.107443
-7242.513128,-2493.290483
6533.721430,-1321.671537
-7605.418041,1107.985742
6763.445532,4675.966718
-5850.344526,4306.022079
5111.416463,3509.008749
-4459.202168,-483.256226
3041.814285,-3302.794274
-1211.713063,-4966.002355
1539.728342,-6417.497638
352.762334,-5456.849157
-1519.651330,-3424.306119
998.745209,940.847525
-1409.873473,4931.035386
1970.336493,7803.055503
-2931.000894,6743.713249
1487.894581,5224.026487
-3451.260925,2172.312523
2714.020163,392.761081
-1628.575733,-2023.734999
1391.588698,-4177.350894
-710.342395,-4435.706909
1447.193586,-4082.247532
-96.582711,-2283.287937
1090.716595,-1003.711388
-1293.811831,244.360775
349.641137,1316.597151
-1129.709007,2628.009360
1363.358313,3312.334312
-1619.639702,2975.982691
2108.985631,801.243320
-3118.237344,-608.190259
3833.744812,-2284.380882
-3774.127233,-3382.112978
5562.482059,-3626.877355
-5618.341349,-3880.134056
5675.506546,-1113.409717
-6236.875015,2154.782556
6465.008304,5068.495087
-6931.706236,5149.025110
6502.842751,4200.461755
-7896.604966,2029.897379
6451.637672,2257.836329
-5978.049930,331.013131
6550.918049,-1591.849692
-4758.161250,-4665.449113
4516.534030,-6692.051152
-2965.341542,-6528.826701
3121.196795,-4043.282924
-1357.259159,-1133.032091
1063.277963,1219.699786
-2155.300162,3705.439689
143.208196,5560.042792
113.405263,6421.721686
-52.021559,3971.040159
455.962617,716.456186
-1012.174348,-3558.394208
813.299423,-5947.544282
929.000872,-6874.400156
370.918087,-5818.582675
10.668221,-3028.703609
-153.724324,639.229351
20.860459,5107.664729
-774.738037,7632.859890
-133.550514,8213.179411
-1223.980522,6453.540171
-692.699126,3549.718719
670.185110,-194.376982
-101.228562,-3030.883947
1474.747967,-5787.587571
-1941.777970,-6227.931895
2968.984956,-5073.176730
-3497.539107,-1826.357223
5173.594132,1352.696562
-5942.196188,2740.459363
5409.558064,3996.201507
-7049.346375,4273.905359
7382.827053,3490.130988
-7614.578201,-464.016617
7607.800758,-2721.727923
-7844.454173,-5584.778509
7122.819977,-3838.267810
-5407.761030,-2949.454686
5714.985069,-570.145414
-5242.467285,1011.765674
3092.804064,2967.718823
-3409.631892,5224.794381
1244.628555,6124.923151
-783.463086,5631.971746
-715.507997,3072.563614
-564.541402,1533.081484
-390.896046,-1134.329644
1648.231429,-2066.610732
-217.845733,-4460.372737
101.075751,-5003.094609
290.743217,-4330.864426
-820.640091,-1919.602791
2664.257803,632.661906
-2264.194527,1323.131580
1867.476461,1589.274958
-3678.196929,2294.965038
3476.765114,3399.542097
-3053.052890,1509.476336
3967.793955,-272.680561
-4262.411754,-2953.173169
2972.307783,-2738.437146
-2118.860618,-1573.983929
3008.148653,269.201563
-2025.970823,769.973538
449.876488,1319.990370
-830.179498,2530.164603
-579.497496,4068.210924
1397.990253,4555.836978
-1549.498698,2400.132673
997.557180,183.781852
-2241.291276,-2192.044673
3581.441781,-3318.981723
-1763.823228,-4631.386399
2751.944310,-4804.453464
-1991.704182,-5424.833474
1597.962854,-3065.398506
-668.562392,-206.188689
1447.771942,1587.915678
-1877.330350,3070.696969
126.073029,4065.308999
-840.267453,4969.472287
190.872905,4010.789395
921.145144,891.618696
-497.812508,-2911.960667
382.149784,-5467.405955
-752.958790,-5385.388127
2039.405245,-2702.713146
-1423.906046,-243.374706
588.379994,2401.823802
-1573.043290,5290.294181
-44.421262,7273.410172
-106.221201,6803.755804
-159.854968,5161.585556
-60.305619,-63.920905
-1168.113726,-4151.179730
2557.409697,-7283.564321
-1736.586678,-8502.134082
3591.464063,-6485.224469
-3118.064789,-4395.748957
3718.706054,-474.146021
-4412.662125,2810.365084
5231.515032,4818.403699
-6452.221743,5003.113320
4754.343085,5039.680100
-6092.900960,3475.829271
5942.318171,1925.988992
-5952.677223,-433.723950
5387.485648,-2047.222274
-4954.523558,-3335.545399
5336.408115,-3215.160955
-3459.400456,-3116.916671
3639.498766,-1759.996264
-3057.764811,-1776.588294
1566.445457,1341.212855
-1976.910507,4313.335940
767.808404,5290.461020
-582.961982,6309.181215
-518.725741,3596.378340
-617.955520,1779.254756
578.433235,-763.448349
616.758246,-3195.832962
622.354216,-6503.304585
-647.572402,-7198.481615
1083.619955,-5089.513456
-1860.068060,-286.983631
2952.419652,3830.051799
-3245.166275,4950.816359
2963.068397,5882.785015
-5070.959035,3866.303864
4696.128342,1856.904129
-3886.817099,-1261.830270
3930.590922,-3797.219076
-3514.258479,-5683.875023
2603.539811,-4485.924372
-1699.157895,-2279.146700
1838.269512,1859.747565
-959.650103,3884.256799
-933.320490,4994.807485
-75.399104,5690.406816
-938.294301,3527.410006
1758.738011,1476.216403
-1218.420289,-3003.081453
246.845666,-4701.988357
-508.712559,-4812.762379
1532.452688,-2482.800994
535.017685,-1641.581378
-844.077743,-860.666486
730.656315,833.717245
-1950.011454,2507.673512
2114.776881,4846.577001
-2543.889237,3687.863803
2467.760607,2219.121674
-3614.919088,-506.624553
3198.375197,-1816.921355
-1855.895426,-2636.387295
3625.826711,-3940.839322
-2054.366234,-5033.075081
1270.220110,-4423.499784
-1542.265543,-1831.376979
1611.263778,2186.706689
-924.549662,5032.761360
-930.094332,6841.201600
13.097251,6580.688888
-1546.030148,5613.789710
1964.192978,2572.719537
-2036.267268,-1700.298195
2757.900164,-5175.365985
-3710.500193,-6772.791108
5240.778306,-5675.001984
-4169.156443,-4203.424829
5924.235039,-1469.772821
-5868.700621,-259.660632
5746.919244,1347.242813
-5572.661903,1401.583381
5198.512320,2589.191499
-4852.750806,1117.033498
3164.055725,458.810045
-2426.102009,-527.948558
2178.868538,-938.037769
86.543267,-2343.448558
-298.647966,-2756.361554
488.091841,-1311.228069
-1750.958650,45.801217
1960.675522,3663.528851
-2058.524915,4044.243661
361.543027,6012.351927
-1625.160847,5620.578432
273.170365,5881.534611
1178.268383,2419.041721
-1521.333724,-2663.659231
4038.246693,-8110.082089
-5076.493023,-10618.348402
7328.147414,-8934.237121
-5985.269849,-7162.433405
8595.334556,-2238.081471
-9521.062740,539.874274
8788.222776,4840.941052
-9379.969320,6347.272393
8723.965179,7671.216377
-8081.297013,4302.519590
5696.170223,1548.694710
-5955.058862,-1858.244015
4269.994443,-1879.634459
-1493.210051,-2809.514543
1551.251188,-3569.007758
-84.502318,-2027.687529
-1120.631886,-1691.539286
2228.744015,1097.529632
-1884.464592,2004.781398
2079.499117,2450.543491
-3447.571546,797.382296
2443.768487,2118.015681
-1707.105440,1253.127064
1135.148748,1338.318272
912.681520,-1129.022280
-1154.367333,-4259.013493
1884.637805,-4596.849784
-1400.775731,-5793.950651
3407.820281,-3435.074915
-3642.422727,-1176.104143
2959.602383,1750.203087
-3040.622538,3889.022310
3179.594958,5051.302235
-2628.169928,2937.151958
1720.335871,1548.210493
-1847.153426,-657.630518
929.013569,-1762.534287
1097.062137,-2745.892060
-951.844401,-4596.542960
2017.270596,-3268.689351
-2448.881961,-1063.335629
2793.714969,1427.556186
-2223.997674,3548.868248
2301.013800,4155.747152
-3197.977757,1397.620655
2101.835781,976.649175
-1626.169556,-361.060452
2485.244406,-1397.415285
-1475.484772,-2494.725358
1100.365439,-3666.044130
-816.798341,-3009.743970
1007.336154,-1926.586514
686.791209,-579.975697
-1092.087788,1048.694178
-156.561661,3057.250390
-1128.664970,4371.958474
1411.110310,4630.698672
-1005.866670,1499.919210
615.268207,-1676.974818
-1132.115272,-2785.489275
326.214666,-2423.340368
1070.753498,-1965.180314
47.757964,-1726.319465
371.553777,-2629.320164
-1102.139994,-1751.858207
1143.888938,309.988002
-1435.996134,2789.910587
2425.600615,3907.041740
-4218.063904,2824.039525
2712.173395,2265.392407
-4447.043527,2360.874203
5705.540605,1900.266595
-5467.625614,410.599912
6112.387131,-1672.801266
-6922.505361,-4094.358679
6995.902407,-3559.417572
-5703.856293,-3504.950930
5982.977757,-1436.892174
-5650.632867,-609.228430
4278.219740,2660.806093
-3807.801045,3819.508441
2717.887284,4430.726986
-2469.134242,3413.328500
648.999146,1501.020944
-600.823128,-80.486958
245.448012,-2270.111287
2155.999072,-3205.503756
-2355.775319,-4821.362233
1836.358740,-2368.858926
-1881.460166,-712.304423
1275.392464,2923.053805
-677.286839,4558.857957
-945.576459,5129.050994
400.946087,4731.311172
-2436.614695,3530.502483
3616.839469,1418.880857
-4037.541514,-2095.753507
4423.444717,-4663.920586
-4977.760217,-6132.138378
5843.377215,-4135.042080
-4493.014852,-3116.457393
5692.411433,-286.435496
-5404.502974,-309.839609
3485.640268,1716.061634
-3024.144482,3013.832811
1568.735681,4023.617420
-1185.925511,3408.475329
173.439451,1346.963865
-268.833476,402.060054
-7.562349,-1821.142854
1476.538563,-2304.347801
-1552.326583,-3127.403275
1394.463177,-1841.889957
-2161.542958,201.132604
1801.330481,3154.672534
-1270.624617,4313.079091
1362.053497,3527.001078
-1109.265294,1384.917995
-351.067053,-432.001945
285.597311,-883.318824
429.626017,-2744.281388
499.817713,-3817.774914
551.417390,-4500.327496
-478.071323,-3956.843739
1417.833811,-1386.783083
-840.153529,1204.422450
1181.447888,1943.779864
-2405.697366,2589.500118
1913.065841,2217.356837
-2990.771468,2381.277273
3608.256269,2400.145286
-3761.207949,1186.892254
4034.897556,364.846209
-4822.098238,-2023.023322
5472.398743,-2976.949513
-4977.215119,-2835.660493
5430.263857,-1706.476633
-5905.003974,96.388666
5461.111556,3085.194827
-5920.927432,4079.884147
5832.737420,3791.817521
-6421.023255,2080.203059
4571.664172,1405.126760
-4738.610226,573.723575
4827.693733,-421.158489
-2841.613226,-3717.471678
2382.139373,-5063.929944
-1694.995350,-5860.054430
1689.556190,-4266.722182
259.651859,-1696.443744
-322.822278,-393.185354
199.958310,1988.008130
-1755.588799,3012.408614
840.149224,4962.596477
-1527.895881,5102.271324
1797.780499,4228.685468
-2152.289686,819.419968
616.629453,-1145.985347
-102.037862,-2684.959709
653.366047,-2988.545845
1344.910470,-2980.007748
-3292.184922,-1561.940573
3236.910701,1686.464739
-3884.390029,4302.570687
4749.928408,5386.324692
-4701.354045,2714.385757
3938.557776,524.000497
-4658.279488,-1719.001929
4785.072983,-2111.055077
-3094.536569,-4574.235331
3088.684363,-3838.026201
-2078.996456,-3839.064666
1200.406304,-1883.592880
758.883551,307.159885
-1045.929616,1948.713073
1794.785855,3150.174970
-4127.717992,1589.727946
3730.613239,2408.900846
-3673.305597,784.488302
4440.349569,126.452497
-3759.502095,-2097.292157
2999.369196,-2179.818842
-2995.203516,-1819.793542
3001.851920,-129.672681
-1384.871394,542.431297
295.902808,171.862852
-336.215113,1308.947774
-606.266581,2654.916187
1034.011401,3825.519487
-1088.506670,1682.693240
309.103933,423.312815
-922.013174,-1162.484319
956.196739,-1942.927593
805.564945,-2754.061630
-152.314547,-2992.925939
1508.144214,-3708.822075
-2040.000599,-3378.427684
2985.226491,-2407.002187
-3171.292178,-728.890299
3962.945214,1718.434395
-5262.448389,3099.502809
4862.376352,4701.214427
-5641.944004,3873.377020
6414.700375,2229.804368
-5922.508344,-1313.080943
4847.967407,-2811.924165
-4810.483488,-3837.485022
5029.880109,-1519.664471
-3354.995536,-785.790515
2863.047805,-60.627429
-3083.591942,1757.038571
1895.347112,3264.731772
-1470.714050,4521.697770
1093.522467,3218.851671
-1068.744177,868.245304
40.039286,-1848.300696
-312.723355,-2474.245284
1197.639349,-3308.087517
56.081992,-2882.488223
971.125783,-2982.238831
-1212.603933,-3041.279439
1855.600134,-1709.344541
-1934.622476,-440.738009
2761.199094,1045.679843
-3664.582259,2207.474203
2737.046596,2807.522969
-4031.150960,3730.111431
4135.533238,3703.928182
-4548.943575,1949.616710
4277.981399,766.386613
-5272.780579,-704.059971
5762.422298,-1513.390364
-4718.606255,-2703.993696
4848.830344,-2465.132536
-5742.113254,-1410.823924
4431.513920,2331.696182
-4294.744063,4329.475004
4223.009476,4775.840063
-3534.177360,2324.133355
2319.761712,-618.309845
-1891.480357,-3048.800398
1563.403332,-4279.791197
102.267771,-4657.227500
-107.754489,-4270.020423
11.568537,-2182.457257
-939.516329,612.126230
1084.145532,5087.501437
-1092.518582,6543.683159
831.504501,5261.015927
-1772.994013,1627.856214
580.220313,-1102.045755
339.395243,-3763.907423
75.892173,-4556.832437
1416.994250,-4866.607029
-2151.812332,-2947.741828
2140.821329,1113.519210
-2587.301434,3746.328318
3038.166090,5834.863834
-4062.500530,5310.369297
2734.186026,4746.429337
-3546.311697,2640.901659
2403.799446,1397.582697
-1816.068382,-1446.914384
1547.580033,-2657.511354
-508.096087,-4455.696168
78.788265,-4323.293029
3255.567357,-4315.094396
-3316.234643,-3828.296371
4773.777905,-2153.338631
-7057.527842,-351.628418
6949.302293,3043.591451
-7125.134263,3873.303648
7677.061890,4768.382783
-8504.071923,1840.011229
7239.252438,1702.686898
-7730.677189,594.350648
7957.737803,-497.621914
-6813.431384,-3021.328101
5735.102122,-3105.328965
-6093.136418,-1290.681368
5516.461235,1662.135896
-4028.767937,4442.008390
4102.983565,3050.076852
-5354.940746,2132.901857
3117.326820,1336.499593
-3588.450559,1159.853765
4804.647599,558.290563
-4578.463082,-1247.919889
5324.906784,-3224.322586
-6338.027902,-3958.774430
6805.792897,-2953.425486
-4744.568050,-2833.613048
5863.798996,-2022.762622
-7178.162158,-1416.028167
5930.519411,1483.381983
-6455.045352,4520.582606
6769.009478,5665.752650
-6482.543228,3902.584807
4793.807608,1627.485301
-5304.715567,-1360.389067
5795.526817,-2046.509294
-3638.721226,-4067.585335
2507.022935,-4000.642902
-2446.488665,-1786.131674
748.055853,1580.415485
848.694477,3894.340884
-779.518236,5061.145190
1121.789518,3759.142827
-3821.143913,1706.996382
4092.057902,925.517526
-4461.156479,-1575.170870
6183.953496,-2993.642138
-5845.754431,-5764.875509
6319.108856,-5329.408115
-4959.979836,-4471.213382
7003.320262,-2432.509119
-5165.836359,-2069.112713
3637.159620,-494.522368
-4906.132367,1833.911066
3588.160758,5433.340649
-2580.774955,7077.090718
1791.988010,5870.117431
-2180.273119,3334.981476
393.868336,605.051020
-50.799180,-1003.939999
1109.086036,-3888.275986
-621.565290,-4591.340440
1072.994601,-4844.728674
-1298.932951,-2413.816634
1993.964518,819.096827
-1840.469486,3631.598338
2086.139722,4445.878816
-3951.902239,3272.878827
4063.074305,1134.909190
-4912.470154,-605.736539
6151.224918,-1968.425574
-5932.037700,-4393.397431
6939.782225,-4881.528259
-6988.939765,-5247.320002
7623.426162,-2672.449880
-6712.037695,-661.399280
6076.695620,1999.701681
-6768.177049,4151.413648
5239.119996,6599.026695
-5406.509742,5563.415577
4369.304129,3832.915421
-4620.214716,869.222979
3290.402538,-1274.333971
-2044.601991,-2494.740092
2235.092966,-4230.694269
-374.527069,-4826.505283
367.418623,-4136.434230
-58.927321,-1498.201848
-538.148219,1323.829681
590.973516,4438.219975
-1149.837606,5765.140281
466.760459,5247.988879
-1470.216827,2707.110115
443.596977,1057.827296
397.501459,-1200.247531
578.828077,-3990.379165
147.960390,-6337.214660
264.007331,-6797.221448
438.568349,-4406.774308
969.933996,-1963.816035
39.527532,506.935821
-6.060029,1745.019708
-1351.214443,3650.074896
571.733733,4992.562628
-2413.479440,6107.759820
2230.742337,4946.503884
-3224.394674,2826.036975
3953.485932,39.414173
-5094.858128,-2889.128352
6541.026877,-3829.883879
-5926.643555,-4652.598972
6732.670731,-3580.266436
-7442.636561,-2231.992235
7558.448419,595.577438
-7618.457949,2849.641330
8016.530155,4566.097249
-8555.447446,3294.686725
6842.299648,3095.694524
-6070.016625,-470.891309
5976.071825,-3182.355656
-4880.655723,-5375.151095
4785.675024,-5933.551541
-3331.027887,-4493.542224
3577.685871,-2452.207947
-1886.768965,-345.894390
630.416383,2232.428880
-1976.352937,5243.060790
753.687761,6116.985968
-766.609480,6648.254244
199.134002,3904.004571
-839.369551,1329.265456
320.368580,-1490.504923
-1115.326616,-3248.532646
3623.279233,-4158.922862
-2901.281896,-4750.160800
3055.288459,-3951.973164
-3819.254879,-825.009817
3945.183781,3446.113786
-3694.298973,4876.687790
4402.268406,4475.864860
-5489.980792,1026.083517
4390.316429,-863.650522
-4038.056579,-1837.931376
4453.817544,-2089.845439
-2941.799664,-4134.944852
2223.181805,-3515.743109
-1365.506834,-2779.841215
925.645304,-727.673148
977.321521,1697.484162
-1786.018194,2453.661761
1630.990506,2797.014277
-3390.858970,2134.412647
3333.107595,2024.503363
-4077.675018,1462.650624
3922.085967,2184.312648
-4719.466112,1163.139182
4774.915959,974.666389
-4103.151097,-1323.921953
4815.809913,-2907.908829
-4237.362679,-3670.978078
2841.185602,-2532.878701
-2466.550415,-65.816838
2996.557533,1629.550873
-2320.775742,1740.917344
1312.416350,1266.522193
-2091.238160,1460.920741
2084.556413,1080.510989
-1238.614164,149.549853
2081.829644,-2792.485280
-2180.720253,-4986.224617
2498.865494,-5140.261090
-2629.724016,-2469.756070
3815.572065,621.855551
-3827.257030,2937.694113
3310.746595,4342.825610
-5583.626779,4889.957666
5332.447737,5134.778884
-4836.905537,2707.927345
4943.760284,578.366140
-5850.616719,-2269.344293
5377.359238,-2962.528632
-5096.764282,-2536.764145
6261.556056,-2015.101148
-5106.481067,-2009.180993
4505.647809,-290.224236
-4559.040256,1197.890164
4089.792488,2570.518238
-3253.118471,2186.014917
2587.334166,744.110677
-3162.053845,-713.829043
2081.242464,-1359.465821
-1007.960432,-969.552075
2046.530786,-823.396217
-680.947229,-3009.368901
338.008048,-4397.188402
-764.389720,-2378.186565
150.290418,63.666395
686.778667,3020.291394
-957.872158,4259.727171
-378.752064,4308.697150
-140.940395,3327.426740
-9.122593,1985.261425
324.256400,-43.029211
-497.853815,-2135.136294
633.678255,-3683.615172
-364.470867,-3845.913095
1289.473000,-2874.326509
-1075.627697,-1132.428777
1508.418054,1757.556399
-2359.398772,3871.151882
1348.135935,4562.357166
-1205.588801,3253.719501
747.026687,2150.561446
-845.711936,-822.293738
-372.012878,-1810.531651
2307.438494,-3194.373472
-1388.708345,-4589.705655
3077.810396,-5643.598668
-3136.322268,-5789.097679
3695.748880,-2578.693800
-3787.574008,690.426715
4444.910933,4258.286981
-5186.083669,4878.162387
3186.757719,6528.065129
-4238.928305,5120.100927
2820.054888,4981.595608
-1934.809612,2327.832851
580.731841,-719.887391
585.255149,-3445.679640
-780.283508,-6302.536267
2817.224889,-5784.493992
-2768.419866,-4604.256148
3377.126483,-1268.316821
-3940.427052,1664.114726
3404.152501,4936.777139
-3510.305757,4725.286749
2970.334906,4484.444517
-2283.598288,510.625403
795.000296,-1922.428468
-5.434538,-3278.735077
-341.908165,-4398.873941
2507.233478,-4832.873806
-2837.040869,-4553.383122
3405.916307,-1157.218294
-4080.138907,2487.729228
4550.605752,5700.344850
-5061.743895,5052.477416
4335.603963,4470.024341
-5895.070972,1938.972768
4867.800220,994.706199
-4442.959606,-142.848581
4638.967987,-1058.232803
-3407.401325,-2150.029688
2877.195555,-3133.225920
-2569.585593,-2974.986439
3309.867601,-1825.248711
-2258.256644,-11.669879
2069.610531,628.365812
-2878.886576,1390.994400
2411.260583,1957.493668
-1858.074585,1583.746191
2189.613440,423.096615
-2983.694781,-688.987426
2472.627733,-823.132422
-1630.807819,-1257.401561
2801.830956,-2147.557056
-1963.393107,-3595.150871
1275.197432,-2375.987820
-1562.371059,-148.105203
1944.739185,1925.149502
-2009.285901,3899.159458
1131.518027,3887.371871
-2218.229210,3619.015447
1617.925456,2581.346776
-1233.767233,678.426121
2618.936587,-2069.450513
-2130.611095,-4840.626474
1544.736422,-5496.465851
-1719.677813,-3858.688898
1880.289598,390.873307
-1077.091490,3020.642835
794.348244,4664.873105
-1999.342956,4498.402691
625.807004,4333.164579
614.752424,2137.689152
-1165.918683,-1795.952958
2435.861366,-5895.653041
-2320.708861,-8328.428487
3510.341779,-7174.298764
-2438.416783,-5027.005724
3704.819059,-730.988761
-3801.115074,2206.899714
3134.468687,4821.767211
-3373.221197,5194.004348
1980.230479,5502.061994
-2424.866953,4376.879132
800.743030,3679.514183
-1180.282681,1381.562639
71.844017,-376.116177
1385.812466,-1583.254974
-778.014247,-4272.257660
1603.992268,-3699.238701
-1301.271802,-3279.371585
1064.455259,-616.732137
238.739527,69.942676
-718.586889,830.733232
460.194053,1014.765532
-2175.444571,2628.015123
4242.074914,2089.657644
-4396.197789,-424.258732
4912.451777,-1977.801377
-5393.843306,-5160.468833
6346.206934,-4542.625066
-6184.046303,-4070.137516
7301.133191,-1128.818197
-7546.902996,1904.769708
6079.824640,5212.998760
-6301.095968,5779.483959
5220.354365,5747.210721
-4466.213547,3092.408108
2954.246270,751.034573
-3826.316420,-749.476274
2920.042424,-1886.398019
-588.699549,-1885.364126
1315.769510,-3530.560455
-938.359000,-4756.276353
1185.125023,-3214.614488
-319.168255,-473.242130
152.380075,1459.608577
583.919793,2322.150353
-1927.859768,1442.041241
1313.156235,1309.814357
-1524.701041,1784.780696
2450.418224,643.386805
-2204.310681,-541.006296
1730.856213,-1369.295240
-2278.059710,-2617.897750
2645.617877,-1732.547843
-1852.908903,-1140.438474
1923.258555,637.438050
-2091.977064,1788.524965
585.741534,3896.910190
-739.251608,4115.621096
355.517618,2447.877565
-478.285996,992.253521
212.094119,-1747.605538
-485.444240,-2126.945532
1432.195886,-3078.784082
-285.195367,-2935.979825
1344.663586,-3977.029050
-3150.911202,-2484.499487
3997.226051,208.517090
-4787.513347,3076.729144
6636.528777,3733.247804
-7666.220630,1914.599047
7207.185182,1636.222253
-8363.092344,-1099.198069
9488.372370,-1256.449922
-8747.409222,-2899.730869
8666.625855,-2708.952348
-7624.411028,-3156.815516
7182.407254,-828.042861
-5283.796327,-411.667544
4951.763233,1249.325347
-4178.573409,1603.391980
1373.785105,2515.415635
-1219.955873,4550.033193
592.837062,3542.056809
557.776041,2977.478893
-1624.669784,209.346901
938.779734,-922.689287
-523.887737,-1923.761113
2136.459176,-2458.617275
-999.436712,-4822.798250
293.613782,-4074.644262
455.432449,-2276.889926
-842.854570,310.661835
2226.736503,2642.431043
-2518.081201,2104.539552
1766.094809,2293.180466
-3688.391092,1699.315385
4060.773262,1066.206398
-3101.697295,-378.587557
3314.579742,-1901.508157
-3618.228350,-3765.914823
3501.616523,-3204.366858
-2151.814066,-2956.046249
3303.403424,-1826.434318
-3126.921186,-445.740300
690.371713,2097.531542
-1004.548033,5073.174887
-206.007754,7104.976683
354.002088,6217.924403
-1624.320158,3706.956042
967.111381,603.391687
-1688.706196,-2389.878019
3921.084138,-4224.497172
-3173.809585,-6528.716065
3448.953999,-6352.486091
-4121.362680,-3770.761086
4362.233126,1062.466596
-3503.092194,4044.010029
4301.369817,5036.198583
-4620.981354,2528.086877
3232.872994,559.032035
-2979.722890,-1215.130312
3729.554921,-3490.735382
-2813.399328,-4777.565903
2244.849269,-3829.643712
-2311.751504,-1310.116183
2099.769390,2506.592826
-822.239780,4835.925523
1526.299120,3675.182347
-2543.311534,2188.651827
1259.572622,498.982053
-2230.340687,560.724599
2812.284539,434.248013
-3239.821733,569.799359
3510.980719,282.486770
-4371.765899,-66.542467
5633.565481,-190.941159
-4532.799186,-1134.900106
4897.272671,-1826.635207
-5697.722500,-3386.484068
5680.954782,-2005.872181
-5237.268319,-1705.620577
5747.052029,72.664196
-4880.884590,634.148230
3571.494110,1499.823011
-3030.205299,1195.457600
2123.636461,1160.127779
-556.441860,-794.091407
-630.868030,-2587.855467
1150.664192,-2207.221684
-1927.719911,-1232.869226
2353.181719,2079.319859
-2650.564181,2887.767080
1919.947799,3724.469465
-2806.616999,2933.421487
2642.975115,2199.753450
-1994.758271,-51.605549
1630.932663,-1014.719001
-871.042373,-3003.010425
73.777977,-3300.048407
931.527597,-2475.382677
-1109.403446,-1970.840529
2748.972133,-71.974781
-3268.034433,709.734269
3216.131307,2297.392150
-3350.844040,1989.776734
3837.277828,488.531705
-3347.026856,-1981.066234
2097.002013,-1665.207015
-2459.282371,-985.787222
2898.259184,1032.633142
-809.221042,471.613893
116.951331,-530.713447
550.844693,-1206.077635
-1487.826186,-1310.749401
1734.634436,700.092721
-1457.420653,1112.893325
1496.501931,2099.865903
-2882.467274,1870.268554
1903.690196,2798.685450
-1670.806334,2607.096333
2392.292054,1867.376707
-1813.878925,-765.585148
452.973561,-3044.374543
765.160741,-4895.493965
-337.109264,-4630.885180
1745.109520,-2909.704724
-2225.474629,-1982.449369
2107.824489,1458.271548
-2589.326859,3654.355887
1941.250027,4838.053348
-2281.408189,4225.576983
1417.182489,2612.122748
-2404.533833,515.415857
2712.590129,-1480.620248
-1184.204932,-4529.063649
1918.092471,-5989.494341
-1289.293427,-6174.870377
1232.418082,-4433.469779
10.312062,-424.326217
-660.072683,3110.307914
858.868989,4862.966622
-2218.221331,6179.544018
1326.357087,5768.335279
-3261.549241,5195.202096
3718.987192,2863.983039
-4057.107667,-841.693715
4461.975572,-3220.272037
-6034.860510,-4138.306932
7127.963992,-2371.290944
-5587.347143,-1997.350888
6742.296637,-1265.691665
-6394.712557,-2269.443137
5550.172365,-8.215941
-6241.831007,1800.439875
5835.716835,3053.205915
-5181.415708,2799.065078
4372.551547,1167.756898
-4426.666760,-808.957422
3904.471507,-1990.672895
-2299.144984,-2559.539938
2742.515311,-2848.332924
-2791.493125,-2666.992978
1719.046366,-2046.534725
-1701.136532,985.147810
2058.424876,3667.194690
-2226.927427,4601.785667
1369.073091,4704.419051
-3161.436020,3907.092016
2875.429431,1545.864507
-2326.335221,-994.931752
2940.518238,-3956.377518
-3425.668168,-4778.248207
3384.543339,-2554.799927
-2013.865663,-1634.487691
3425.291170,-575.832230
-2683.397269,-1599.594431
953.021232,-4.168023
-341.467222,1087.811554
-400.129536,2668.814185
1840.567653,2246.417992
-3068.427981,1024.949153
2912.355919,208.798224
-3817.124419,-1469.132756
5582.618698,-610.695484
-5698.231652,-916.925367
6104.961697,15.331161
-7179.104216,-419.141394
7074.985299,767.575616
-6094.193684,931.376445
6158.992742,1574.733074
-6013.983429,367.440425
4204.744729,656.172375
-2986.866913,505.724684
3599.638578,-1355.690210
-2775.447929,-2826.875984
2095.287802,-3505.718210
-1681.481940,-2334.710875
2571.216619,-492.817507
-1810.413320,742.648575
1283.467464,350.973875
-2268.090390,1623.845344
2103.419387,1894.435708
-1782.050571,1915.477868
2425.402278,823.166175
-2795.258472,-1078.103349
3250.002520,-2123.975810
-4530.159491,-2386.267683
6090.242122,-1849.558426
-5686.396808,-815.905827
6165.464123,10.639994
-6952.981566,502.021027
7132.638437,2264.379628
-7635.849067,2589.016060
7403.796049,2928.480357
-8128.960539,1591.850153
6851.849841,1615.043735
-6291.802801,119.910066
6226.825674,263.572847
-5002.987182,-2283.617584
4608.696235,-3114.714233
-3678.899383,-3292.094418
2691.923292,-2705.509699
-911.297783,-899.068861
-249.986002,511.973452
547.733528,2365.474347
-1470.003832,2720.630011
1795.471966,2990.828922
-1978.570845,566.364691
2088.935442,-758.085540
-2084.396001,-2999.841603
2107.283379,-3629.775005
-1291.181000,-3047.460095
1413.272230,-1807.780702
-719.602046,-79.052917
-237.899027,2418.927315
-804.516777,4843.624715
19.803144,5889.872650
151.602698,5230.440625
-683.293054,1771.024644
-258.062420,-408.092877
-98.274169,-1954.207603
214.376087,-2404.694813
1302.308794,-3146.930790
-1450.459255,-3107.625000
1628.459819,-1812.077811
-2207.279574,443.063167
3783.661928,1182.734574
-4378.056749,1693.510846
4835.271068,1469.139421
-6519.171136,85.102489
6274.422832,199.047494
-6495.903034,-425.711151
7705.682276,-418.954801
-7258.042882,-2248.879551
6709.506848,-1800.270527
-6710.970617,-1688.686757
6755.996836,430.508782
-5630.971149,520.747879
4231.865369,1478.381202
-5066.513077,2354.653751
3846.822988,3599.415538
-3424.730315,5170.044836
2483.504173,3134.100980
-2360.941370,679.041147
1652.978752,-1629.738351
-1610.418339,-2692.508503
3377.937676,-4921.313646
-2350.621076,-5083.436872
3144.517657,-4216.707206
-3770.409732,-2319.387878
3978.704818,1079.607726
-4489.069707,3711.203414
4477.525835,5943.364154
-6210.453054,5719.769214
5882.843399,4030.191720
-5982.436685,1054.443278
6150.770580,-1939.463185
-4947.882167,-6068.028451
5569.093376,-6942.618661
-5331.830069,-6587.031024
5125.454594,-2675.803209
-3152.444103,1338.457443
1869.508549,4907.510611
-2823.567816,7061.089048
1019.135381,7984.157143
-581.318465,5977.873435
-651.091270,2145.610095
534.428168,-1437.141924
-1533.345315,-4962.275231
2901.517431,-5230.407773
-2215.774610,-5534.739896
4214.340298,-5132.926050
-3744.128372,-3083.881387
3785.214040,153.940804
-4490.852096,2573.916394
4296.319017,4763.480117
-4539.731892,4815.301153
3022.656557,3978.106210
-4256.780166,1947.699303
3686.488432,1086.905962
-2157.601781,-1204.036529
2253.168768,-3326.596641
-1661.482441,-5360.435615
1073.736478,-4324.645615
-368.624155,-1764.370521
1342.539744,-475.338338
-456.485462,1960.310925
-1193.764884,3012.532421
-310.255683,4918.184953
56.502594,4967.541973
-732.338764,4304.716572
488.037177,1654.131140
-2421.213736,53.541423
2519.722408,-847.335036
-2662.348041,-1555.461071
5109.787523,-2691.976228
-4870.039453,-4922.976737
5426.360187,-4526.260527
-6579.146292,-2928.234935
7430.750635,167.050060
-6846.517304,2337.822840
6507.458608,3522.180019
-8025.116832,2445.646311
6861.068234,3541.221338
-6428.593320,2513.539627
6289.850980,1016.921562
-5600.890372,-2340.813740
4788.099004,-4257.357514
-4387.630272,-4089.293882
3264.690079,-970.766515
-2035.421548,2032.933290
693.118482,4588.002599
-1324.583964,6047.161221
-981.449904,5825.830544
1323.305719,4977.637101
-2477.181325,1951.776770
3512.350769,-2009.009615
-4141.048556,-5347.058234
4413.714937,-6103.732318
-3944.181029,-5909.310982
5226.560566,-3403.489669
-4677.424636,-1553.416502
5095.954067,1149.069014
-5609.408507,2506.361908
4269.677882,4308.618024
-4352.115644,4294.083907
3247.575240,3297.013474
-4077.668018,1214.507026
2928.084235,185.560959
-2686.804041,-199.673764
2938.776070,-1346.994858
-2164.402206,-1254.696706
2324.291242,-2333.629641
-3360.967045,-1191.502205
3653.719134,570.737305
-3969.765269,2083.824809
4203.311322,2714.005047
-5067.404422,2631.628157
5208.654877,1849.506924
-6143.164261,211.839390
7229.026542,-994.427309
-6706.244662,-3664.584895
7583.930728,-4585.144192
-7350.432225,-5206.928298
7420.498622,-2207.320214
-5865.301887,-764.436204
6112.551004,1040.949029
-5989.039601,2298.191765
4315.876481,3381.568886
-3800.588755,3274.984958
2558.748562,3679.091738
-1992.726046,2131.904312
544.300344,453.154062
-195.346304,-41.458997
78.831899,-1796.359563
2578.677693,-3424.883023
-2472.538112,-4497.045921
3017.688359,-3316.912636
-3622.199397,-1667.002213
3937.951574,1067.101000
-2820.158712,1833.137277
2367.788932,3149.942282
-3921.545683,2847.968980
3804.856928,2483.829172
-2777.904102,1255.120374
3397.848068,-2401.029072
-2076.112887,-6383.641972
2218.166186,-7748.695662
-2249.565493,-5960.886157
3608.864464,-2284.387258
-2132.334163,1653.489127
1610.828925,3364.393703
-2814.574673,4699.340427
2870.245082,4643.315331
-2867.572104,3048.172994
3700.913411,852.194187
-5135.644654,-1714.156930
4474.557862,-2390.650362
-3976.828050,-1849.119011
4704.154008,-809.206332
-3954.869996,-573.527186
4002.603619,1463.820750
-3885.883837,1502.166349
3684.895915,1250.077860
-2725.969262,-101.524983
2077.071603,-1201.860301
-2079.615868,-2346.980359
1365.294764,-1777.439880
1129.162345,-1615.890106
-307.397016,-2339.678512
1813.532707,-3040.226778
-3388.389854,-2981.385359
4004.010749,-940.765111
-4015.329110,668.216621
5542.785205,1402.593878
-6370.655864,1215.629260
5028.291819,2808.404445
-6201.801103,3858.119767
6376.707766,5053.851801
-5896.698498,1969.129719
5406.827966,-695.463687
-6222.730917,-2540.921586
5486.003737,-1763.717829
-3411.711603,-1440.396736
4462.134702,-1826.619257
-4137.619762,-2201.821000
2632.972419,-1667.605214
-1916.755747,-180.060883
1608.475569,1856.039186
-710.815839,3042.282979
-303.610623,2068.109130
-887.890102,1390.441523
-138.154342,1061.492596
1108.936902,52.077380
-50.078688,-2059.714728
519.437518,-3782.013134
-1030.429918,-4684.528217
727.522158,-2455.949017
199.446014,-51.178831
-669.973008,2737.856578
179.515590,3255.948779
-1322.885552,3719.217284
2037.201953,3666.521868
-2589.638687,1293.803743
2561.833405,-538.420811
-2780.231636,-2739.447786
2386.771916,-2947.087928
-1743.245091,-3540.759115
2649.047449,-1857.296913
-1993.910588,-215.235073
705.179149,2740.392273
-354.447599,3856.203663
-1210.835291,4521.465859
2291.302442,2901.074644
-4186.752161,509.301213
4877.861087,-742.061913
-6173.677887,-1509.204415
8091.988232,-1466.520097
-7850.132749,-3166.712790
8753.765260,-3213.490440
-9248.734088,-3504.263801
9138.868309,-353.319922
-7850.600169,411.012724
8774.329818,1666.565804
-8256.068903,-603.411896
6052.701560,123.451630
-5644.548650,759.661856
4819.340141,1368.216063
-3386.269896,1623.913122
2378.639699,464.961920
-1211.861584,-624.180583
770.254764,-2293.909083
1145.960641,-2362.494810
-837.464985,-3113.107719
761.986008,-1571.949683
-1515.237697,-64.348494
623.876046,3235.352769
137.589655,4804.035017
173.563218,4538.926602
-147.565952,2683.431757
-969.841925,-213.299753
2042.009875,-2891.568526
-822.223228,-5389.098174
2292.620578,-7412.569980
-2099.695256,-7179.387653
2768.634163,-3060.806598
-2784.017742,1603.820568
4041.572363,4908.529772
-4137.590121,5140.240377
2709.614173,4684.159180
-3557.389628,2798.805482
2563.559492,1552.469484
-1285.651724,-1032.920555
1126.121044,-2501.183868
-494.872400,-4435.297364
-442.598460,-3718.947636
2595.483681,-2367.807098
-2703.365587,-510.200374
4107.927190,998.736190
-5991.985957,1920.298155
5971.112262,3217.436860
-7240.967301,2367.174292
8371.413074,2521.170919
-8757.046944,-728.683802
8692.160583,-2194.205186
-8226.407528,-3991.750244
9078.467221,-3706.975722
-7679.201253,-4120.752351
7346.138561,-2704.459569
-7425.527727,-458.316652
6998.765338,2348.014958
-5631.206500,3575.054487
4847.686474,3616.383884
-4969.027565,2511.093111
3171.301000,1539.415223
-3024.738643,894.568554
2960.496921,-335.602816
-2647.467720,-893.840446
2960.709640,-1953.107715
-2347.737282,-1998.792535
2917.219374,-1666.219672
-2236.859028,-1054.193425
2887.227838,-927.463005
-4045.938235,372.961790
3422.504150,1580.038164
-3263.907776,2350.881229
3580.803830,3227.055582
-3303.521282,776.818502
2837.562788,-334.744205
-2445.738053,-2612.467637
2743.501560,-3492.351715
-1278.787918,-4262.109001
839.249411,-3911.243344
18.987963,-1710.212378
-498.793745,1038.433367
1632.815478,2624.296828
-2467.022960,3179.530259
2775.867354,3255.395806
-5021.053198,1969.242318
5766.579258,1065.768951
-6114.596971,-213.112366
7610.683427,-2462.602771
-7630.429441,-3944.614669
8223.878972,-3429.485699
-8438.985860,-2474.843966
9390.458221,505.768672
-8863.959792,611.842622
8947.754834,1785.089934
-9958.023053,1839.034954
9153.685280,3389.454834
-8348.151879,2544.691617
8699.106221,448.872932
-7397.112600,-3660.200635
6185.901697,-4797.200666
-5069.175464,-4021.038472
5333.852717,-2628.147862
-3106.729751,-745.391687
2333.015451,634.158013
-2173.033378,1657.308065
1460.243653,2331.076521
-1196.503008,3104.797208
1323.545678,2246.886884
-1974.884078,1734.817583
1053.756146,-333.368106
-1659.337756,-341.390636
2787.417463,-1098.897279
-2344.977401,-1349.924297
3139.283307,-1338.543986
-3959.108820,-1835.603256
4508.730548,-725.438157
-3445.118905,-1210.504315
3957.744885,-1120.635837
-4313.672780,-2289.160000
3617.547695,-26.850394
-2554.317576,747.057425
2288.090551,1267.657238
-821.008694,-232.314640
-129.158861,-1938.127726
1344.874639,-2437.760865
-1555.991301,-2818.928829
3435.832261,-1813.180115
-4498.531673,-574.613699
4037.381576,2367.101821
-4852.163735,3566.999400
4369.679254,5785.391840
-4485.213482,5279.549102
3879.897621,4297.211180
-4148.170980,1321.355897
3060.640044,-809.827272
-1966.663497,-3158.228319
1905.996612,-4419.743142
-629.844425,-4552.923111
375.648020,-3349.424511
-46.579949,76.768119
247.090381,1950.780211
148.707648,3488.793880
-956.524682,1824.906530
-169.897683,1040.095778
588.748543,-224.039585
-373.517747,-2148.056391
1575.024791,-4093.077954
-2041.815604,-4278.688786
2519.877936,-3192.036678
-3343.775793,-1132.020697
4417.318443,1562.099517
-5126.003284,2956.081515
4692.904933,4783.594538
-7150.331520,5886.260974
5634.478159,6662.136243
-5854.779468,4488.123183
5630.033325,1790.819909
-6159.925431,-2116.260835
5093.657250,-3222.991276
-5156.491553,-2664.718746
6764.727299,-1979.623851
-5212.085847,-2808.701214
4508.308648,-2893.274100
-4562.130880,-1838.020517
3329.216428,1577.202779
-2840.707962,4252.522173
2425.391723,4340.974510
-2613.263862,2622.059496
570.056117,562.690158
233.365017,-1668.008896
598.101577,-2897.645209
61.707280,-3472.639923
58.143518,-4117.970079
14.354318,-2786.643150
356.974504,-2109.646710
1093.836515,132.699122
-602.071102,1308.024294
-1490.094186,3907.148268
577.282227,6205.377078
-1820.169584,6341.261937
1667.222791,4867.938960
-2511.026892,2025.645279
1911.493804,135.158074
-1730.169760,-2658.101658
3351.916341,-3022.321577
-1841.829890,-4940.696139
759.031455,-4803.208196
-420.468513,-2932.228572
-424.775407,739.421193
2323.588717,3171.328692
-2247.991467,3624.498538
3294.381933,1783.263718
-5732.731703,-705.244694
6439.426961,-1748.872799
-6055.133092,-3732.869970
7670.642514,-4318.045672
-7833.136788,-5128.187106
8176.927203,-2274.236023
-7391.737586,-53.515128
8438.056415,2353.827551
-8088.235364,2006.803731
6083.512240,2972.341580
-7595.032140,3972.281848
6484.734396,5030.807812
-6184.422056,4906.502702
5588.642110,3180.410740
-5072.994495,152.566953
3611.970160,-2056.440508
-2137.770730,-3775.430239
3598.128573,-5223.275833
-2613.593086,-5180.384703
2575.849833,-4422.115617
-2074.684892,-2084.288813
1967.873503,1568.956267
-1211.803789,3861.661833
772.968313,4208.367137
-2297.185756,3731.500295
1467.878265,1955.599770
-1483.251327,1066.998981
2381.057809,-2129.315186
-2279.747303,-4506.245985
3198.478473,-5023.136257
-3249.836237,-5006.960659
4465.513538,-2411.043561
-4134.743427,201.060764
3454.562966,2573.453726
-4302.742313,4481.245175
2844.549391,7272.069386
-2891.566177,5334.608255
1988.822631,3837.141564
-1105.166067,-435.185672
-164.472466,-3839.322225
1790.585718,-5659.909340
-1797.767120,-6429.784108
4370.451107,-4983.909808
-5199.936331,-2803.752912
5874.704528,1066.461548
-7050.866357,4181.044926
7532.484231,6927.053197
-8112.802405,4873.885221
8032.051501,2998.826280
-8655.721600,-1176.630706
8048.940854,-3113.546509
-6215.295056,-5067.408450
6364.034501,-4975.349265
-4900.250086,-4613.016600
4471.287682,-2044.439358
-3773.840362,1199.834846
3166.974379,4180.599045
-3200.450192,6377.935442
1624.794925,5441.141552
-1689.460399,3658.755191
828.371653,378.461380
-623.373651,-1859.397520
1104.657941,-3924.905848
-1122.022040,-3731.755242
1988.357783,-3673.088611
-2064.109848,-2064.296539
3636.995018,-695.611521
-3783.373267,-249.805384
3702.937460,1807.566445
-4905.771292,2987.117860
4348.276447,4025.441152
-4663.666844,2658.662365
4049.189109,986.483828
-4611.672237,-771.245698
4604.618788,-929.308013
-3308.684467,-2706.202786
4217.034786,-3597.370724
-3042.858646,-4697.032086
1885.517625,-3763.042009
-1490.406887,-835.658639
214.798933,2829.342457
522.054377,5938.073785
-2536.217723,7761.092830
1463.241760,7188.579722
-3671.635318,5162.232086
4319.963942,2058.560902
-4128.217628,-2870.718233
4294.058737,-5352.779310
-5198.207423,-6692.913218
6193.697684,-4760.120149
-4463.011653,-3265.406523
5554.645147,-1207.474649
-5437.501301,-392.628976
3868.801779,2500.739901
-4230.746316,4531.724693
4163.915210,4234.888117
-3719.374017,1979.332538
2371.984087,-1235.800569
-2804.083339,-2228.499720
2961.551798,-2389.475809
-1419.945542,-1935.146184
2269.212177,-1587.858253
-3211.201330,-972.373947
2562.553697,352.235096
-3333.207389,3643.334367
3697.594479,5515.177114
-4624.386323,5534.061125
4153.760650,4191.372357
-6663.232515,2517.468295
7125.250061,453.338402
-6366.588997,-2377.062714
8062.053549,-5044.526877
-7995.690090,-7372.756049
8394.683697,-5497.852063
-7243.747042,-3977.265169
8328.163797,-474.647663
-7799.299934,335.026264
5715.458434,3475.842771
-5940.769877,5229.041109
4867.215914,5591.040974
-4100.808103,3800.106490
2613.041582,1055.648531
-2258.745822,-1853.548420
431.303655,-3608.377285
913.701117,-2484.765261
325.635862,-3069.928619
749.649173,-2102.302642
-2153.771851,-498.946395
1568.462020,2207.846314
-1528.701062,4203.095213
1887.420462,4317.143938
-2566.581480,2598.638092
463.770938,1372.434998
-1176.462008,770.078879
2394.962080,-101.674422
-1079.439722,-2859.643275
1499.602563,-5608.404738
-1267.830350,-5650.105793
1046.644248,-3550.663582
-924.924431,-41.832933
2508.787180,2488.734370
-3396.880913,3723.303020
2107.748016,3481.218621
-2335.407185,2785.104908
3013.319492,1608.058541
-3279.386399,-248.959989
3319.424554,-2054.687373
-4741.987429,-2812.908751
5717.754687,-2256.696282
-4656.320896,-1591.939548
5648.823772,-136.721579
-7064.841532,1698.200430
6207.168387,4441.004569
-7648.922450,5781.634046
7794.157494,4925.341461
-7820.424768,1728.945709
6885.588331,-908.811430
-7482.525511,-2893.540650
8280.655884,-1970.174179
-6910.472394,-3456.913674
7120.312605,-4180.790200
-6871.765050,-4284.254216
6238.650910,-2372.284676
-4863.512599,152.484229
5064.258482,2693.200354
-4512.561028,2664.840338
2498.209854,1853.370788
-2308.947794,515.008955
977.320963,-228.800435
231.912301,-254.528194
-613.021578,-462.759166
821.385499,-37.305506
-1297.794822,-218.354990
1884.137375,218.806532
-1389.555411,-619.028121
1513.315982,-325.567817
-2893.462390,731.175056
2433.270963,3132.806626
-2420.607522,3954.551248
2596.651701,2893.777924
-3537.801595,1555.749672
2989.522529,12.674339
-2658.726598,-745.529112
4238.506632,-2903.653925
-3594.052478,-4445.216677
4681.855586,-5518.273340
-5318.703809,-4787.409676
6402.300601,-1878.237858
-6113.772731,340.265758
7028.700427,3072.209471
-8055.695169,3510.549558
7112.347492,3724.640108
-8206.798348,3093.557590
8791.393138,2024.373126
-8882.516039,-393.370108
7981.069215,-1543.628648
-8433.630318,-2116.108897
8412.716739,-225.571750
-6930.851733,-306.053186
6727.721222,-201.270968
-6413.034770,-583.897274
4330.301001,1416.215550
-4350.666844,3086.992256
4293.951143,2947.417303
-3315.542309,688.854026
1905.040648,-1364.236543
-1843.969644,-1843.367103
1384.160749,-2194.350313
326.962205,-1438.894459
-353.866589,-1973.801483
211.546538,-1691.799595
-1029.078513,-810.051038
613.511323,1710.296779
353.660952,2802.231446
-526.810535,2771.672436
-145.076004,1700.468263
-2206.509243,1250.189066
1952.775954,1182.556499
-905.258811,406.965902
2197.550858,-1518.376750
-3257.531386,-2962.110336
2675.096884,-1569.305218
-2189.519384,-349.411326
2240.878008,1947.540211
-2373.592576,1702.350607
873.317936,2828.447857
-1245.869176,3180.250729
718.391735,2752.253398
1194.207089,595.080277
-1441.548411,-2849.299155
2148.857109,-5504.830557
-2988.759786,-6465.541454
4694.406059,-4581.277796
-4050.489141,-1961.996883
4858.614193,1578.929781
-6069.781414,3059.094412
5370.497852,5368.037251
-5293.608552,5297.159631
4653.036075,3924.136114
-5321.449037,1260.970781
3496.905237,359.129792
-3054.684362,-1269.885713
3565.366928,-1931.559154
-1408.097591,-3640.602633
751.984937,-3923.728059
-166.495506,-2298.073472
357.598242,-1130.994702
1167.280103,561.659821
-1303.246030,-25.429687
-4.827954,1606.011109
-817.158885,2420.668539
727.474919,3309.401671
-225.710886,2662.640839
-535.267421,1423.159655
763.696112,-1228.027304
-1563.951727,-3082.868006
3305.762923,-3560.105006
-2576.361626,-4121.401164
3533.132102,-2763.643257
-5309.451326,-676.718532
5244.896983,2575.068514
-4707.593616,3938.972224
5691.861275,3344.650394
-5462.588858,105.364729
3799.258394,-958.610543
-3932.622208,-1318.121352
4864.915502,-977.683603
-3845.030692,-2475.395037
3026.040185,-2527.040790
-2872.444978,-598.616387
2342.037914,2211.234125
-741.356007,3394.243368
768.230019,2704.314755
-2240.175784,2457.658848
154.193909,959.635824
-413.545389,1413.456414
1031.209062,1046.543932
-557.855622,220.676248
1629.751779,-1947.645687
-2489.883644,-3702.887807
3897.025976,-4730.592646
-2866.760062,-4629.386073
4451.918520,-4246.226378
-6014.103246,-2227.190086
6122.467396,1481.036565
-6360.716119,3667.940691
7178.294164,5810.749731
-8351.633812,4325.630198
6647.735225,2832.489592
-6957.668248,627.433597
7436.403913,-429.013691
-6077.561203,-4192.337708
5765.134214,-5051.492257
-4745.064345,-4622.073791
4348.112530,-2190.859244
-3201.394521,1049.590615
2260.396041,3800.711292
-2081.090970,5427.994291
-387.718057,5412.765979
161.064087,5293.625312
-494.924131,2970.246334
513.218955,376.868294
380.234354,-4867.961698
226.951204,-7364.419399
492.655740,-7708.638373
956.420111,-6619.654627
1268.212519,-4257.243835
-1633.197839,-926.852250
1818.751477,2307.336962
-2556.937987,5106.177797
2907.898100,5653.022084
-4172.027451,4371.560007
3773.126723,3214.300086
-4909.407561,332.243171
5186.681049,-1046.818311
-4384.810111,-3206.744076
4348.561606,-3458.943908
-3500.099366,-2406.824755
3487.152038,-585.003568
-3113.997113,237.498267
3038.988619,2695.505938
-2661.962179,3112.376460
1266.942540,2103.831160
-569.218905,763.956039
467.933465,-1094.385981
757.090705,-2376.787199
-889.642139,-4292.252820
1902.148874,-4628.789186
-1237.841922,-4087.867203
2607.551436,-2602.261212
-2057.134270,-1193.792970
1156.507316,1668.257012
-1794.439732,3901.466017
1192.572451,5975.983436
-1488.946536,5558.716656
282.253821,3429.761185
-272.594555,574.461342
-294.112608,-1242.445324
1024.614913,-2507.034667
79.171334,-4798.035273
954.828529,-5413.776759
-221.037369,-5243.513795
47.722791,-1941.271047
407.359877,865.027125
-1068.419845,4657.763721
1604.133954,5672.728856
-3409.652934,4596.745167
3682.655261,2449.249233
-5131.405834,227.972779
6282.172681,-1680.697137
-6388.894505,-4153.712957
8084.793604,-4695.755869
-8883.827892,-5115.433338
9786.547876,-2476.042490
-9200.967242,-266.283267
9889.356530,2423.480360
-10473.375605,2952.478103
9145.709144,4491.807956
-8867.898616,2881.775570
7524.868963,2266.377425
-6943.249903,-174.748448
5566.233232,-698.226033
-4023.515921,-1950.407930
2516.607971,-1525.426802
-465.039232,-1353.617124
134.139019,-1798.531103
524.395917,-191.698451
-1857.087418,-71.651327
1597.520064,3053.124022
-1523.150495,2587.442956
1890.380946,2260.518795
-3629.357010,1340.634455
2335.633961,1235.902856
-1193.309016,278.667491
1386.058162,-1266.889485
410.841242,-4326.077020
-545.346025,-6322.370381
847.343715,-4363.671423
-550.716964,-3215.919988
1298.169953,492.169919
-1374.223909,3022.307549
-636.498331,5089.995299
111.131149,6247.604959
-1325.018846,5603.127217
2347.725790,3374.069131
-3065.623135,366.429453
1472.942634,-2482.704124
-2368.742379,-3094.961751
4621.124225,-2803.702878
-3946.515190,-3734.434651
5410.874405,-2705.569269
-6775.794536,-715.762311
6527.302330,2141.430131
-6295.185109,3934.153770
6456.905818,3904.167383
-8077.589627,1792.940762
7011.976759,1086.636878
-7047.966051,343.933247
8379.444282,-759.096987
-6705.203339,-4029.670043
6398.498800,-5257.705788
-6630.690880,-5887.325373
6363.398245,-2604.855626
-4307.767815,295.197693
4055.992188,2881.422228
-4509.676848,4680.637562
2128.796694,5269.443858
-1954.168038,5182.018379
1214.979340,3426.391397
-1098.827186,714.911540
140.348407,-2429.561758
409.462392,-3650.931277
329.461768,-4486.076692
966.956029,-3344.570887
70.297487,-2848.778867
-1462.031471,-239.815477
1498.634953,2268.377790
-1805.849946,4043.988622
2394.350475,4443.242693
-3144.563877,2412.186569
2769.774212,104.187139
-3155.699642,-1968.966910
4593.406476,-3347.065102
-4124.910594,-5120.394364
4082.323315,-3894.351010
-3517.239514,-2839.572581
3309.607815,1084.710016
-1704.573326,2101.949553
1488.024844,2374.687691
-996.886284,1975.071610
-1224.112906,1001.467240
1882.833607,901.009645
-2367.205854,364.311897
3210.593259,-299.851176
-3958.174784,-1020.135698
4550.475290,-257.547231
-5068.819893,-40.951968
6247.305425,1311.644971
-7053.597439,1094.435868
5826.263136,2077.489933
-6572.743035,2489.812084
6343.053652,2400.807876
-5865.714549,1360.964366
6328.022066,-452.769476
-5769.948925,-3920.940044
5451.959560,-4782.197381
-3704.938693,-5849.165595
4134.775582,-5149.589875
-2937.025019,-3902.268471
2770.923636,-1707.770456
-2274.315871,1544.362365
2099.256456,3211.591213
-1180.242454,3507.442571
-193.137359,2610.783472
-962.969777,2052.136810
613.671259,839.634933
-555.425915,990.370248
796.316551,-350.321183
-478.679376,-942.506757
1156.800114,-1081.924412
-1361.975918,-1450.654441
2162.929207,-331.556453
-1509.852051,-638.511052
1233.845552,123.958439
-1507.273915,1112.018101
764.314464,2242.260584
310.616160,1998.035577
-4.693570,1297.640894
156.337267,-980.383006
-1610.352983,-1536.900906
3030.460424,-1530.049072
-2354.231505,-3045.631694
4619.687414,-4352.595727
-4538.439661,-5127.080715
4825.789679,-2940.697219
-5170.307742,-490.950847
6325.113007,1957.271248
-6080.911051,2401.008492
4463.519086,3689.144746
-5882.110205,3554.954608
5268.454544,4278.856764
-3836.678739,2241.374319
3579.912663,-482.611863
-3363.767574,-3663.017763
2248.264761,-5088.294229
-528.375352,-4357.577452
1257.758260,-2568.745651
-823.546886,466.384707
-944.584304,3012.637155
-126.867691,6082.880020
517.567731,5410.434085
171.671988,3444.946217
-1.191903,-1276.689015
-1997.086134,-3828.773008
2465.778390,-4312.278403
-1888.655303,-3773.525126
4505.985362,-3941.452663
-4530.313949,-4417.210669
3981.235627,-975.769044
-4303.594418,2053.848316
5247.285718,5285.005217
-5012.823813,4177.617295
3718.997497,2268.142892
-5722.007232,683.448439
4135.119569,1509.263201
-2512.011582,1500.821447
2773.900171,782.174616
-2158.674861,-1097.319845
710.901515,-2613.090045
-659.685892,-1568.622363
882.841525,-661.741030
725.648253,347.861731
-625.092797,-417.883864
-736.834853,-304.665663
534.759070,706.524228
282.322429,1167.943503
559.270621,-259.312034
-1341.579926,-875.572976
681.689670,-1383.663297
-1338.840435,-309.830967
2778.942135,941.846477
-2412.810803,-211.097114
2077.677721,-195.526010
-3025.001681,-42.621073
2973.345794,792.819838
-2915.423756,1259.326874
2764.826205,1796.681419
-3874.162348,2030.980648
3161.608404,1630.528264
-3104.342011,966.470572
4173.896727,-17.171589
-3684.137004,-2031.265980
2713.634907,-2862.019724
-2579.234578,-2677.974829
2464.266148,-914.962447
-1047.934081,-510.296221
387.885505,1122.471787
-872.642007,1762.034187
-352.818828,2873.827001
1154.756157,3403.268324
-1587.557010,1424.373120
2002.521648,-1169.620756
-3329.699289,-3247.218768
4270.713980,-2673.998371
-3819.046696,-2595.398018
4854.504578,-1168.878924
-4966.694325,-741.615007
4895.921057,188.099529
-4189.148208,86.008758
3885.543022,982.237216
-2542.638620,343.910752
1240.452983,439.087908
-1513.376584,839.857105
911.493888,1356.214116
-374.112622,1460.390789
430.067621,619.191961
-310.564944,853.017044
68.389585,-266.564940
-103.252854,431.469102
1256.060562,-1011.623937
-1419.827182,-1615.563145
1907.300235,-2694.721122
-2700.008690,-1292.121724
4505.290178,29.637642
-4468.844990,-597.122845
6353.229653,-482.990676
-7204.506653,-2308.706710
8094.506009,-2497.024639
-7716.969312,-2878.434649
9056.942306,-1702.784413
-8806.177434,-1426.631270
8015.368739,1076.589995
-8099.172696,2389.989107
7174.120081,4529.179522
-6373.057744,4030.930966
5272.920950,3247.031469
-4937.643668,975.593504
3380.789475,-320.349663
-1952.571835,-1522.926056
2018.685329,-2799.949494
-731.108318,-3552.299243
774.076374,-4530.099863
-211.800609,-1692.551225
-158.848280,522.728633
911.198615,2647.971627
-1133.542883,2568.904426
282.075621,2101.717294
-172.663106,548.452464
-216.846759,-593.535036
1182.070494,-1837.766885
-1510.337253,-2613.867803
2133.288629,-2592.606670
-2149.062556,-3036.826033
2952.795084,-1677.120845
-2944.259248,-300.484610
2590.083524,2112.558327
-3372.296511,4457.447072
2428.092166,4965.278625
-2603.138448,3090.682997
2291.601376,1780.173158
-2322.716071,-1182.893858
422.206052,-901.822272
629.103090,-663.182240
-368.503132,-1161.319803
2047.510226,-2193.800617
-3317.080737,-2897.712568
3881.919628,-1492.064132
-4643.680091,966.927603
6057.647990,2603.539592
-7034.268390,2028.801197
5830.732391,2880.302393
-7704.252935,1879.392661
9107.522626,1224.205572
-8310.538910,-1148.867636
8916.509701,-3056.794478
-8331.963421,-5347.592683
7520.301136,-4732.846207
-6339.188360,-3614.501492
6167.265764,286.290092
-6359.824394,3257.988032
4452.876949,6228.616242
-4624.783372,7772.120926
3114.038543,7011.344066
-2713.532815,4092.507504
1564.317976,-556.616919
-3108.555865,-3072.444763
2563.122243,-3942.329189
-957.882911,-2413.067511
1885.082189,-2944.797202
-1329.621839,-2750.771643
1237.160554,-916.451362
-2645.064701,1808.938847
3222.695934,3567.718877
-4437.279287,3698.782997
3719.299542,2776.646295
-5024.147381,1239.377176
5120.109092,295.880872
-4607.469007,-2211.595532
5726.713508,-3466.621378
-4769.589338,-5470.572411
4258.825056,-5628.686019
-4136.590285,-3708.121307
4453.620377,137.412368
-3194.739735,2360.295659
1507.465466,5906.011410
-2906.210570,7266.225036
209.094400,7889.539772
366.971893,6917.732777
-1178.168727,2002.551106
1327.048422,-2131.663769
-2736.859380,-4495.015815
4066.775240,-4521.179287
-2776.115322,-4497.084950
4389.340623,-3930.660623
-4403.410799,-3144.173310
4128.592628,27.766712
-4278.601021,2185.974364
5130.552360,3970.485939
-4391.147382,3044.139631
3232.658566,453.300122
-3953.160928,-1530.864771
3593.279236,-1790.995992
-1982.746550,-2594.408936
3617.202554,-3295.441138
-3346.488379,-3345.769888
2569.934082,-2265.201199
-1774.129823,313.462331
2632.456295,1984.575713
-2580.474690,2630.325787
1603.319549,2576.211202
-3093.255851,3247.324904
3840.814971,2647.525173
-3384.489853,1132.331938
3662.815915,-899.258815
-4021.302896,-2965.736178
4361.809195,-2980.189152
-3126.183191,-3654.272465
4884.664711,-2990.215089
-4800.766170,-1604.377693
3557.572227,870.683307
-3450.381919,2544.050964
3561.713257,4282.668278
-2303.982926,2259.929146
1310.990734,63.678389
-1736.164085,-1324.476240
1061.097441,-2150.184150
1716.335070,-2841.702894
-1192.120100,-4439.149633
1860.752343,-4957.372301
-2750.005288,-3010.510521
3248.877466,978.371471
-2988.034975,3924.776820
4005.015872,4790.056731
-5544.880048,2530.715764
4865.397476,1282.398230
-5400.904986,507.975655
5984.853095,-285.376297
-5372.486101,-1601.961456
5237.384525,-1919.415824
-5325.850211,-2950.837421
5771.818546,-1699.394524
-3973.540381,-1061.843128
4462.219872,-640.308178
-4612.357744,30.592720
3349.474407,1546.556975
-3871.926891,2891.007384
4134.999979,2540.264355
-3824.458337,1626.711791
3443.066933,85.107420
-3193.441487,-1234.079824
4338.186208,-3111.251653
-3192.145640,-4305.535832
3916.613503,-4962.048121
-4397.749727,-4260.437180
5122.464526,-1300.696136
-5776.589719,2712.165433
6143.869708,6124.451320
-7026.309083,6728.216290
5151.673813,6849.099620
-5970.242999,3715.041828
6177.949275,182.864477
-5221.827280,-3678.602831
4989.689170,-5800.382841
-4233.417186,-6928.560404
4273.053982,-4310.950273
-1900.772232,-2663.562712
1773.664888,-659.610809
-896.671596,721.048280
-1201.295455,3292.605332
2262.954272,4976.079743
-3947.048237,3679.504224
4745.784442,2099.088998
-6613.385861,-437.933209
6327.220704,-1417.257280
-6435.923756,-2015.303206
8678.179204,-1364.029119
-7872.763312,-3660.194220
7631.448822,-2689.808356
-7839.371333,-1917.831121
6875.547562,1410.222263
-6233.762875,3564.487313
5886.949566,4484.868938
-6039.426163,3599.451157
4065.703033,2414.242299
-3109.933620,874.350739
3430.193731,-1663.790486
-1865.707009,-4546.292297
1598.659364,-6671.645482
-1129.817580,-5222.241414
2046.446382,-3284.588253
-899.557306,243.610729
1998.772719,1810.492714
-2886.876481,2625.497887
2344.033592,3435.944502
-3422.854278,3699.777225
3617.756959,2925.672686
-3863.711306,1223.918535
4556.461423,-1420.661273
-5129.535493,-3407.441748
7118.792972,-4062.780427
-6701.851979,-4096.740153
8108.029159,-2563.096083
-8488.515699,-1556.691214
8279.896134,1401.507922
-8169.344512,3019.841082
7968.629266,4520.190635
-7344.782604,2845.793713
6248.590254,2135.203775
-6215.798646,-336.817190
5744.249252,-1564.170900
-3009.450382,-5066.328092
2212.879562,-5484.746708
-603.806018,-4376.812088
-398.178376,-2181.013479
2348.556034,1764.217899
-3315.875390,2837.537337
3800.104311,4115.449058
-6066.636461,3637.445702
5877.854292,3653.546481
-5995.704771,1255.682847
6972.699581,-833.138762
-6198.377864,-4634.594096
6221.129183,-6087.225022
-5743.215551,-6283.691644
6615.031741,-3609.271039
-4230.079148,-1301.716226
3126.041478,905.013404
-3985.371214,3777.420007
2969.749614,6292.636526
-3701.413904,7408.700362
3429.422162,5053.437986
-4546.431429,2530.144348
3262.103552,-472.172829
-3590.873418,-1832.766419
5229.622142,-3501.310829
-4818.992480,-4511.768236
6485.011340,-5158.846888
-6747.349065,-4432.193294
8073.046727,-2311.497522
-8249.369644,-415.324990
8737.883066,3133.812253
-10229.689996,3485.912855
9831.972496,4008.545122
-9681.218761,1987.364461
9487.618938,556.054793
-8978.257951,-1679.445873
8149.384833,-2223.210241
-7655.230490,-3150.883813
7506.570998,-1722.616701
-5755.277350,-1390.251674
4327.174566,349.167647
-4699.825907,3664.562309
2428.544438,6776.875808
-1262.877568,7035.015519
-292.113681,4496.407866
171.061126,663.805412
-1668.449097,-2907.916070
3120.625884,-3987.983873
-1508.607087,-6395.153744
3541.186002,-7209.508332
-4016.885484,-6401.314603
4114.841841,-2812.673941
-4263.257523,1321.322132
4621.040476,5259.163468
-4855.734591,6827.127773
3321.000422,6936.078796
-5168.506236,4576.130549
4423.179239,1939.286752
-3715.265504,-900.263920
4305.169073,-4840.408246
-3918.726644,-7083.170023
4157.038414,-5949.221337
-3622.387715,-3055.430364
5373.735173,230.409493
-5053.433058,2017.159221
3969.434367,2952.003245
-5163.561559,4424.858350
4817.922791,5149.526558
-5338.293619,4055.301946
5035.162865,1915.145576
-6015.100982,-865.181606
6252.910995,-2378.648099
-6216.874102,-2886.008395
6948.476189,-2330.422799
-6223.312878,-1831.861202
6352.835876,-330.673130
-6712.501837,18.234709
6153.815699,1551.680840
-5850.910170,2191.059724
5681.198756,1918.799545
-5909.127321,463.886396
4573.628667,276.963369
-3278.030430,-1528.371130
2899.765329,-2063.021889
-1926.024517,-2811.337714
1041.074090,-2450.675794
-235.755480,-485.617988
-1271.421714,1643.673639
2271.615700,3008.364000
-3754.319561,3428.649137
2593.725976,4598.819197
-3826.566655,3597.102713
3522.656844,3209.649086
-3966.950416,531.654841
4399.068538,-1366.779046
-5123.462398,-3165.589567
5470.111237,-4224.785168
-3550.915333,-4388.720105
4361.500373,-3962.889848
-4075.339160,-3092.160568
3519.798456,-186.045740
-3876.000767,2691.865966
3060.533207,4670.974772
-2615.477609,5137.461333
1722.343216,3516.005710
-3388.998200,1839.553601
3443.458405,842.141177
-3036.483038,-1028.267542
4111.534195,-3656.871690
-3849.939713,-4715.020024
3581.248716,-4280.441914
-3499.246252,-1031.107831
4574.055709,2281.441971
-5600.056569,4605.723013
5603.978712,5097.676935
-7226.080373,4045.508186
6582.425979,3605.367212
-5912.643961,-402.804180
6082.310172,-1922.036808
-5462.255886,-4709.162094
5010.766552,-5315.062223
-3262.112127,-5115.856573
3686.396597,-3280.170206
-1763.901685,-1585.032824
139.211755,1294.322851
1191.639890,2451.930581
-2459.069753,3162.314289
3900.924902,2678.775459
-5763.454817,-109.814997
6371.051380,58.334724
-7594.253923,-1059.144145
8436.161575,-281.293499
-7573.573966,-626.884076
7266.999124,-7.363188
-8070.919949,22.297067
7885.517712,2224.578974
-7541.366723,2367.321646
7204.041860,2651.992457
-7544.392407,1567.669245
6724.993333,-183.387463
-5799.753775,-993.132958
6042.092636,-2471.795716
-4782.927352,-3857.842592
5445.834668,-4635.007074
-4985.525933,-4190.972501
5312.555941,-2494.889342
-4896.442895,-198.091913
4519.531866,2721.905431
-5091.480290,3938.287597
3650.823357,5411.263275
-4328.088491,5299.311051
4070.272069,3336.253473
-4142.868139,316.053037
4139.327308,-3270.611281
-3488.314842,-5127.947284
3879.980486,-5402.062637
-2771.233815,-4884.971255
3663.638382,-2804.368803
-3400.172430,-153.055110
3131.941706,2265.256007
-3255.785835,4127.570745
2861.527835,4820.566729
-3591.829837,3722.908301
2801.140499,2565.880405
-3490.465328,372.588138
2346.761025,-73.943506
-974.239279,-1212.008073
1348.449852,-2623.980820
183.439957,-3726.157831
-769.454898,-3259.975429
2175.687864,-2758.433271
-2778.686986,-448.085310
3939.187851,978.186303
-5881.856698,2192.056756
6205.178266,3910.818266
-6599.180812,2566.726798
7423.770091,1895.386222
-7186.354675,-2141.954082
6423.368050,-2230.929649
-6045.152915,-3612.939144
6509.024143,-3615.590073
-4051.596910,-4035.245258
3688.866307,-2105.853607
-4170.697273,1233.185626
2718.128268,4298.009538
-2195.048525,7259.413083
1779.608329,5071.436872
-2504.295247,3195.828064
352.709371,738.054772
-1530.851743,881.602880
3796.483296,-841.747051
-3077.265751,-3389.538139
4788.740168,-6095.843545
-6462.244583,-7022.183250
8238.634843,-4591.977121
-6955.712006,-1962.341625
8829.969904,961.833851
-9453.363301,248.436493
7854.528951,2294.641444
-7928.168125,2719.034333
7275.564387,4247.616842
-7181.937807,3629.844423
5861.194176,2772.795215
-6089.920300,256.788088
5063.511380,-613.067607
-3387.072046,-1048.949125
3112.981975,-2277.819829
-2950.250678,-1271.871704
1768.851896,-536.358899
-1508.684080,2227.944806
1367.891431,2736.776890
-1456.025524,2334.135815
1143.996929,1468.985283
-2747.052004,971.589680
3985.419003,-476.571502
-3497.794950,-2927.194704
4896.947091,-5892.431485
-5037.710695,-6830.534003
5693.087217,-4500.234593
-5562.412157,-2043.985190
6843.151908,1258.389100
-6917.430074,2801.156722
5475.815392,4469.336590
-6686.371854,4538.493485
5673.040955,5406.041177
-4956.589832,2896.110519
4470.033598,818.603740
-4526.225838,-2312.129831
2798.337701,-3213.574103
-1123.266210,-2032.372838
1706.610101,-1560.574648
-500.572572,-438.503332
-893.780448,475.238196
1159.333872,1853.962987
-1671.714546,2802.153367
2133.524963,3205.898609
-2711.887216,922.552269
1964.896412,-112.311990
-2096.226284,-1204.617876
3198.855450,-2468.106456
-2102.469187,-3430.693659
2295.747553,-3649.304167
-2292.716700,-2938.256624
2193.121928,-955.507230
-1450.342047,507.085387
1774.390828,1821.533135
-2885.425077,2845.964257
1213.505935,3727.301653
-1010.752122,3822.482672
1053.248398,1927.879591
-599.434938,-1370.331409
-92.300627,-2845.694850
-798.217559,-2533.869295
1407.212308,-1792.706660
204.047053,-572.910439
265.634281,-893.720794
-1578.835139,121.008553
667.885685,2227.515060
-1722.252512,4829.803292
2669.327835,4786.117540
-3372.743739,2791.960245
2540.289216,-140.326653
-3356.221627,-2559.680705
4728.816169,-2967.747261
-3557.393318,-4408.970041
4545.659238,-4138.627279
-5087.876839,-3931.411243
4782.724264,-1453.551695
-3339.727173,611.717724
3393.445348,2921.734118
-3145.778497,2878.782470
1389.832426,3001.284866
-1251.583554,2213.776914
604.612616,521.971924
511.849154,-770.130870
-1093.034744,-2540.300380
1548.244246,-2437.766189
-1017.850400,-1928.358205
1624.281075,51.109115
-1550.871602,826.119306
-29.218220,3309.235785
247.319447,3027.666495
-1609.042188,4275.862256
2444.868214,3691.917133
-4385.292253,2143.218292
5168.715563,495.014693
-6777.243338,-1586.210053
8627.912241,-2829.590467
-8356.588842,-5421.340315
9979.201700,-5235.241264
-9402.825007,-6146.503113
10384.698182,-3077.731294
-9292.069851,-2420.497892
9492.792597,-127.491061
-9462.742468,628.449033
6992.519750,3554.082977
-6567.905017,5664.481697
4841.564588,6236.605847
-3781.201887,3962.840420
2884.190489,135.918418
-2479.742068,-2283.084478
1081.940305,-3935.693564
510.392423,-3139.483164
-311.727145,-2206.279571
580.864413,47.253054
-1629.997020,2305.233829
687.980759,5357.270409
-849.359472,6212.473729
1263.735621,4990.685950
-1612.922057,1031.532454
220.877257,-2422.709090
-6.386670,-4439.132856
1233.246085,-5886.969706
1402.976144,-6999.836475
-206.743912,-6856.261050
-62.698372,-4167.992531
-144.028814,-209.410031
1059.172154,3740.909880
-658.010366,4562.839960
-1015.283402,4839.695039
-1086.917326,5085.731144
-497.262584,5073.528511
1551.445827,2970.903398
-1524.594266,-37.914132
2063.697404,-3884.364667
-3480.152599,-5411.790902
4782.928869,-4477.768496
-4107.822222,-2356.550470
5925.915217,59.081201
-6855.364285,847.201787
5629.234187,3185.288830
-6612.948746,4433.191957
7826.857163,4494.222513
-7763.601016,1567.076336
6901.556971,-1054.989518
-7509.064492,-4018.364248
8213.233255,-3958.460893
-5753.847641,-4844.433830
5588.232213,-3940.651840
-5582.091316,-1642.039517
4945.594997,1191.632232
-3709.421091,3461.318393
3637.415613,3490.579588
-3362.279627,1920.455227
1712.825763,1018.414158
-1868.413275,-87.879191
1800.140368,-832.517116
-314.456124,-1041.944003
-37.145092,-2221.394971
-298.483642,-1400.125390
-31.168827,434.779604
580.886315,2525.118656
419.462400,2528.082649
-1709.526217,1964.636121
111.153078,1487.522142
-557.061290,1950.771325
1170.919024,1439.463573
-675.073976,-575.730141
1069.967282,-2553.090545
-1134.344037,-4573.385215
2112.230128,-4495.642346
-129.383163,-5145.769253
702.525373,-4208.551368
-257.913798,-2660.001711
-597.566673,337.382329
941.564417,3087.032441
-1499.862411,4749.881133
1954.777055,5179.105894
-4169.463253,3962.487022
3898.500579,2308.324603
-4830.106914,920.996954
6501.657700,-1358.024516
-6702.939873,-3812.375670
7165.914006,-3753.221595
-7731.050499,-2827.759532
8600.489235,360.212725
-7005.974700,607.871770
6807.297625,1478.505570
-7527.076086,955.581031
5946.909805,2883.034689
-5188.793478,2576.817613
5310.296144,1351.496580
-3826.702542,-2086.432221
3393.759866,-5278.414430
-1936.203953,-5810.203671
1898.849338,-5172.476497
246.016478,-2479.577176
-711.828332,-482.028737
-154.989380,2968.072311
-619.218619,4570.988122
126.182976,6379.549476
387.991155,5755.424299
-1612.966605,3423.933302
794.151090,410.721267
-1987.758292,-1985.022671
2710.951668,-3032.853770
-2196.248692,-3815.129614
3432.966693,-3696.340869
-3180.572268,-2609.281315
3685.141461,-303.653074
-3591.470207,638.387621
3900.264251,1719.084796
-4357.662292,559.968774
2932.495948,892.317569
-2383.287429,839.083116
2206.529592,705.758511
-840.490982,-847.936579
-740.491016,-1016.528265
1698.275382,-1818.008604
-2409.386823,-1837.160123
3962.007990,-1230.311494
-4195.034686,-1208.770977
5233.366450,232.291637
-6700.844110,968.997235
7017.453417,2715.080878
-7512.899631,2248.985657
7404.467427,2820.089759
-7562.331113,662.105824
6679.357511,747.912346
-6336.707577,123.213765
6903.347187,-338.728992
-5980.216169,-1508.252552
5291.380038,-3064.504968
-4857.228314,-2129.623893
4229.395438,245.820490
-3126.563425,1215.213023
3653.629231,1125.367980
-4110.957423,1312.592366
2974.333606,724.292511
-3217.779024,1053.234149
4288.258799,-338.081510
-3950.374642,-2248.996540
5438.570517,-4085.571490
-5886.942899,-4866.403060
6949.811357,-3979.824123
-6743.845674,-1564.544054
7369.370590,913.707236
-8255.050917,2550.720130
7532.814031,4833.780859
-8633.473513,4459.051257
8883.834559,5322.415227
-8644.693678,2350.170113
6762.338067,519.503307
-6880.900358,-1896.399550
6146.666770,-1820.863522
-4135.208084,-2516.771390
3093.343286,-1763.731155
-2201.998316,-59.449724
971.769509,1304.595815
787.146159,1980.814620
-2063.765920,861.976627
2714.671024,-152.608247
-4531.102427,-1063.228114
5452.624177,-848.440771
-4867.571517,-2370.912753
5528.473738,-1795.049700
-5651.357906,-2474.008898
5097.952873,-1068.760044
-5089.588836,90.694278
4928.261709,2024.555033
-3842.606951,1705.535366
1406.421637,2866.532832
-2938.329846,4160.464206
1304.933306,5383.788881
-906.315289,5440.985507
620.881504,1333.116838
-1073.196810,-982.610169
12.435334,-3347.450901
417.639119,-2862.970161
1694.403138,-3466.839167
-1783.157571,-3863.712737
2314.358766,-3541.375304
-3338.927214,-1142.316712
4105.590982,1590.868338
-4858.850913,3696.262714
5401.912125,5427.718560
-7755.300126,3590.425023
6991.882757,2503.620959
-7555.085351,386.369365
8670.577196,-1548.925227
-7988.778505,-3675.271335
7702.845158,-3773.626556
-6931.125953,-4611.401463
7008.990811,-1875.661293
-5998.217582,-1.845489
5032.310874,2223.983346
-5513.021934,4337.490620
3369.343822,6787.952118
-2343.259104,6182.338692
1314.672936,3054.651944
-831.735669,-993.789974
-750.597236,-3774.924145
1771.395340,-4065.842868
-1310.173889,-4605.773982
3332.912154,-3106.488227
-4485.290835,-1366.114543
3701.551344,2047.746838
-3429.015025,4212.742350
3237.922422,5244.527809
-3171.375315,2894.333013
2571.591882,801.955151
-3819.089452,-1383.531509
2726.816001,-2083.773920
-1420.158941,-1902.657324
2132.545274,-2370.380829
-1453.676718,-2848.823978
1059.140646,-2560.340068
-1065.776457,-132.293800
1747.758894,1485.688361
-1966.074712,2555.024393
964.005825,1472.837733
-2267.792214,1413.709221
2928.501367,1624.335775
-3672.285766,1269.979447
3882.932863,1336.313556
-5497.096233,1603.005002
5294.582877,1350.969303
-6056.250760,586.493337
7216.046517,-137.766703
-7510.204408,-1469.764293
7337.897686,-224.491235
-7759.881657,-155.489680
7799.863466,592.515162
-7072.646438,-801.250599
7195.868810,-1776.488038
-6544.923114,-3270.100591
6060.797612,-1892.816326
-3974.938500,-1736.872243
3840.164714,-1034.652862
-2982.705834,-1308.540867
1640.747131,-1505.748195
-1240.306816,829.586083
229.561422,3003.043042
901.899964,4738.998008
-1851.959469,4063.019557
598.224719,3536.181868
-1923.410075,2209.679015
2215.511741,1089.346804
-1507.088389,-1459.412273
2081.599181,-2679.489217
-1310.467048,-3974.258154
1529.116658,-4154.301380
-175.314429,-2961.154198
546.465137,-2024.645373
-519.415062,-278.985008
-408.244511,2602.943615
-839.287959,5462.746719
1085.582354,5178.724812
-139.609674,2826.912586
311.026242,-1451.809969
-1666.046836,-4335.385767
2129.887993,-5410.144461
-527.717945,-5335.962493
2497.774299,-4755.880066
-3488.814200,-2703.712993
3620.340744,711.534392
-4153.446907,4114.288713
5062.909545,5982.176723
-6000.727171,5236.093048
5254.994175,3532.084253
-7771.541618,1527.738384
7661.834944,329.372219
-6857.602255,-1214.439398
8026.009274,-2029.255231
-8669.554448,-3274.798386
8141.571137,-1732.406726
-7082.668197,-1126.887738
8391.432821,317.788138
-7948.656063,-521.838501
5608.762408,491.767149
-5371.553071,1493.330000
5002.486916,2722.527253
-3941.431517,1950.038764
3031.244117,-276.744798
-2426.587081,-2136.357151
2445.504159,-4207.972021
-580.913081,-4344.954303
1431.296409,-4569.578646
-1349.547454,-2762.889422
212.416784,34.281528
-444.882899,3480.218025
626.195398,5817.778200
-897.604998,6283.852452
236.482967,4454.385596
-2105.482076,2541.408725
1957.796539,1016.749497
-1580.510324,-1622.391322
2396.823713,-4238.078217
-1478.665903,-6325.189810
2025.592793,-5289.526845
-926.616820,-2834.762146
1850.102269,-259.759215
-1041.441897,1137.685403
-480.208002,2826.705633
72.908421,2935.527284
-874.523356,3596.588229
1658.319274,2693.047425
-2166.531085,603.283381
3295.648699,-1675.324301
-4196.789029,-4268.403751
5180.480586,-4439.700050
-4433.028873,-4410.187545
5620.020341,-2343.612922
-5790.621562,-183.617377
5807.237944,2411.012182
-6161.813526,3546.113054
6305.271189,4307.349733
-6571.063348,2465.931250
4724.753484,1480.322635
-4469.438912,211.056618
4416.082609,-475.793714
-2686.819556,-2756.514283
2338.939249,-3706.149405
-1989.994103,-2725.910958
1829.576703,-1583.892460
-577.197733,-41.354393
541.940111,1067.775744
-819.639272,2058.406890
20.741776,1498.016704
43.548829,1975.861924
536.195893,200.862540
-334.481074,-1182.560049
1155.612088,-3319.615891
-1851.315635,-4045.253510
3169.417499,-3202.305307
-2477.810271,-2483.168923
4202.142043,-1012.598662
-5339.391641,270.663171
4905.008402,2336.073719
-5291.596024,3997.937672
5201.188158,5428.374395
-5755.624248,3195.027993
5149.146945,1552.563885
-5068.138609,-575.228147
4931.270446,-1451.077340
-3746.587711,-2966.162043
3708.971550,-3145.103634
-2879.548310,-2654.018394
2685.364122,-1686.621764
-1148.118764,-902.368378
761.659912,698.109325
-76.932524,1798.320047
-1141.733516,1418.411454
1425.301377,1554.349153
-1774.396587,235.658863
1512.722183,-203.192783
-1595.204489,-797.490358
2126.309569,-895.615321
-2023.357241,-1245.182307
2252.732857,-1084.706844
-1426.613851,-1733.505852
759.459964,-948.587197
-1557.839735,621.749719
693.187632,3147.860045
-418.165189,4684.556989
-144.735956,3146.153841
173.941833,1156.669979
-992.027523,-610.991822
271.657724,-901.830478
878.807973,-2358.286851
-859.803885,-2843.730109
1248.025506,-2878.562812
-1510.677398,-1629.769397
2025.107810,-289.673931
-2753.734763,1857.681887
3849.802423,3146.110617
-5715.463480,3084.561140
4871.633003,2918.710787
-5814.236064,1277.052988
6801.492504,242.853115
-6023.297054,-2747.091482
6775.955353,-3852.043704
-7568.665887,-4237.356451
6654.718648,-1212.655848
-4632.040257,274.999597
4409.017148,1495.049938
-4786.964367,1759.404299
3306.224381,3541.823128
-2810.704751,4390.186237
2156.832458,2889.904525
-1744.080471,1042.302503
128.851222,-1694.491259
-279.200788,-2415.656858
412.875217,-1928.270678
1456.231810,-1364.924745
-750.480737,-1549.772289
1025.270201,-1117.291756
-1645.111986,-1500.533519
1264.307943,-492.352142
-204.245891,892.108635
-179.944269,1689.221461
-785.604262,2033.790219
-309.439210,2826.792790
1350.898620,1860.197418
-578.078233,-513.799210
717.098449,-3118.254140
-1494.171768,-4092.623979
1372.338733,-2050.048900
-1214.948015,-36.674789
2445.968231,1477.843361
-2722.549001,1360.382897
630.042911,3303.592979
-373.093888,3514.450506
48.424010,3192.995982
852.370954,907.165040
-2625.795051,-1129.904066
2627.791646,-2429.429960
-3141.975075,-3079.140568
5881.745247,-2649.437722
-5503.339271,-2834.534042
6591.011274,-2670.799408
-8249.608711,-1316.129303
8183.441660,2002.047689
-8693.243251,3021.831144
9783.793225,4015.177545
-10569.656530,1715.111673
9036.311479,1069.966082
-8540.941358,229.050106
9553.608521,-716.029114
-8170.343662,-4195.350282
6838.894541,-4600.935190
-6303.050347,-3726.589386
5675.707943,435.338754
-4354.971228,3784.448829
3037.206860,5468.249226
-3399.834798,6504.430640
955.869633,5100.958457
-1309.497569,3640.267866
939.318850,649.244792
-218.647281,-1761.124946
394.179867,-5051.128048
-294.699305,-5974.973727
1723.960041,-6305.855787
-675.621765,-4237.117246
1716.720694,-1885.139698
-2889.259534,404.303345
2978.872364,3498.107102
-4003.917305,5085.102360
4005.342115,5120.657735
-4840.304122,2611.413808
3543.420468,1157.446543
-3859.474332,-986.101981
3498.358464,-974.863772
-2842.055647,-2041.744526
2366.047234,-1698.262141
-1416.622281,-1554.670153
1114.195611,-862.741531
548.734742,-304.898923
-2034.069938,862.956496
2101.377951,2102.226039
-4004.467859,2902.779959
4217.337557,3801.673510
-5065.899375,2004.090062
5903.387002,1051.207889
-6302.773129,-1060.841059
6801.177199,-2428.587748
-6602.428663,-3522.396733
7183.727733,-3343.823861
-6837.532123,-3379.962199
5958.383818,-194.550664
-6137.497619,2474.363384
6145.432575,5025.399697
-5098.951808,4409.911662
4361.829764,1390.938960
-4210.880083,-1884.457916
2655.137766,-2854.269529
-1864.814973,-2970.634322
3395.073953,-3531.182985
-2284.688289,-2937.499212
1849.421940,-2011.691354
-2461.472852,1682.252914
2435.668314,3880.409991
-2628.024060,5284.890725
2913.541104,4107.774860
-5130.657881,2137.060852
4688.137342,864.563644
-5368.668766,374.103635
6813.688091,-419.571190
-6605.757505,-2689.853822
6757.289614,-2761.281820
-7455.641519,-3704.223152
8169.157615,-1337.071924
-5774.960294,-1187.289451
5741.213674,-858.328700
-5903.979861,-1152.345689
4198.739903,656.873981
-2993.117126,1505.237876
2301.018752,1867.080683
-1589.305107,1296.398465
-304.819257,609.617042
703.925931,1311.775173
-980.111527,218.311679
2810.130951,-879.965169
-3261.862752,-2789.464078
2245.818984,-1754.302171
-2750.759519,-324.208518
2737.691898,2704.080247
-1866.801671,3535.450339
953.059143,3412.975061
-2318.848127,2768.133886
674.970481,2674.471830
467.364286,1655.487509
-70.729119,-1348.493145
1229.462715,-4850.701203
-1296.636389,-7297.986548
1750.968430,-5937.886662
-275.200459,-4169.519137
1342.605750,-751.367464
-1393.919377,932.552613
-189.160526,3142.377938
676.621984,4293.585144
-1026.553831,3967.495950
1731.968369,2290.043650
-3212.047281,410.307781
2559.951694,-602.717307
-3571.216300,-1084.625379
5166.686027,-718.243113
-4747.204856,-1636.667408
5762.086023,-1192.729302
-6432.334122,-457.206502
6157.842721,1639.639248
-5693.036617,2114.316962
6161.706065,1193.742061
-6572.687311,-886.559322
5635.805017,-758.648863
-5346.137215,157.794453
6885.648073,75.963843
-4596.249425,-3083.301883
3851.617783,-4487.347600
-3373.819311,-5333.389455
2170.712568,-2076.596219
-292.288026,1180.739935
-166.967895,3491.884487
431.240989,4850.596686
-2660.923348,4245.187162
2920.235650,3364.773826
-3301.491549,1095.255063
4114.692111,-419.697631
-4847.374486,-3269.550880
4345.183118,-2995.212964
-3843.368230,-3492.313882
5636.188470,-1904.275298
-4596.592096,-1042.543034
3767.023750,-566.572177
-3776.022566,1175.710210
2887.048701,2597.364972
-2406.516354,2722.205605
2039.264268,1282.156757
-3326.100549,574.353596
3235.341888,-82.042806
-2723.450765,4.112673
3967.359524,-1573.806489
-4181.085993,-3113.414719
4269.871657,-3128.337828
-4839.689805,-2332.940639
6621.400348,-864.583966
-6745.945985,854.603320
6800.363616,1884.249935
-7574.907266,1971.676558
7753.605552,2437.323391
-8182.670055,615.705668
9047.337418,-119.325226
-9073.790137,-1816.717224
8103.610646,-1141.732453
-7503.665518,-729.542743
7620.007929,786.483860
-6094.019964,-49.855679
5068.653458,301.813817
-5541.273182,995.695070
4165.628511,2843.631435
-2252.391709,2995.305210
809.921486,1377.962440
225.666677,-1068.900927
-1478.922877,-2385.603094
2627.094661,-2129.066610
-1421.828810,-3963.749539
3317.011200,-3817.230907
-4129.308679,-3758.681974
3881.942888,-1616.371525
-4054.708728,999.364725
4540.938823,3608.837808
-3933.943289,3541.900584
2880.496631,3194.370698
-4241.576323,1778.592892
3669.064982,1074.709035
-2515.711893,-209.590156
2303.207023,-2472.936987
-2029.727161,-3019.672633
1557.825261,-2571.725108
-1253.870255,-680.414028
2193.201018,1822.413296
-2645.109824,2774.985259
895.516137,3020.538697
-1862.447044,3957.919873
2419.564225,2511.430466
-2666.896023,748.736911
3377.194043,-1798.094657
-4030.769449,-3879.079122
4641.472795,-4428.284066
-3597.527716,-4886.220229
5538.546268,-4431.381157
-5774.339356,-3179.608274
5698.770064,24.817260
-5249.209338,1853.829397
5331.208870,4036.618319
-5573.029053,3423.189459
3669.295277,3786.045726
-4914.640307,3250.139774
4111.269601,2887.638400
-2699.080544,1681.383005
2122.829501,-821.199332
-1524.046419,-2804.212755
677.678038,-3078.105368
708.319198,-2717.654910
-209.749232,-1882.480446
1111.649854,-379.633209
-2499.432858,352.941510
2173.487148,2636.767896
-1755.995394,3405.751146
1797.174654,2922.026711
-2083.598975,567.247293
870.734465,-691.573690
-1002.724401,-1779.554744
1368.199444,-1619.444741
-287.232957,-2147.805402
298.915308,-2547.067508
-433.232274,-1128.773953
-693.386456,730.486768
912.070092,3179.034148
-995.176759,3128.451855
377.876235,2469.470000
-1331.204314,1040.182927
833.953044,62.876995
342.285907,-1577.969160
513.031114,-3678.836129
-158.589858,-4523.703573
-810.271662,-3530.241050
1824.967616,-1785.509489
-2294.091364,1544.898008
3379.572249,3183.283482
-4659.702707,4271.947422
3054.339210,5740.597313
-4427.545495,4898.359540
4450.129374,4075.132864
-4464.839848,598.659641
4178.851675,-2150.166871
-4902.554223,-3798.398306
5408.955491,-3107.453313
-3240.593805,-3462.973463
4271.019130,-3046.284597
-3702.816245,-3698.514314
2530.265893,-1786.718852
-986.325311,950.044214
129.660995,2251.127538
412.042452,3676.842954
-1844.980019,3036.621039
493.992182,2789.911996
-873.905294,2404.487454
1398.944639,1240.780121
-608.161902,-1760.657974
225.517348,-2774.380727
-562.869079,-3632.304428
-28.092503,-1284.179601
1901.454152,-158.875991
-2566.610147,952.599512
2740.731666,1994.827805
-4382.329994,2179.437363
4896.364464,3493.647241
-5428.502118,1770.348422
5926.853040,-90.103234
-5918.125485,-3481.479564
6098.185854,-4447.305709
-5184.042585,-5148.119976
6539.234947,-3778.879596
-5004.040587,-2967.118602
4332.758031,-1004.154064
-3929.876837,616.695781
2516.965451,3301.040213
-1830.401818,5404.887193
223.870502,5640.416365
-1061.130898,5334.769197
24.420392,3316.790946
162.423794,1041.594503
-14.994742,-2280.534160
1078.139946,-4583.314142
-1008.510741,-5210.703568
1409.485714,-3627.803046
-292.846991,-2351.298691
741.742816,240.268159
-529.436427,1492.324130
-793.439815,3038.249642
1089.033893,3861.228415
-1091.162127,1945.761650
1964.070034,-514.462407
-2078.263133,-3777.475867
1785.324529,-4917.513203
-1199.072028,-4437.117523
2377.740466,-2862.746357
-1859.185336,-928.138944
1110.526450,2472.581060
-2023.545360,4293.327133
1075.346436,5971.555736
-95.460872,4987.169518
-787.771309,1920.080228
471.992198,-917.666365
-1939.614476,-2678.623727
3680.234788,-3725.651910
-2913.512190,-4003.401522
4288.749769,-3759.764494
-5023.874049,-2449.934428
5414.713234,526.949505
-5320.083104,2356.549461
6394.352786,3689.893554
-7296.024848,2037.073722
6008.027997,1546.992243
-6334.766548,416.917625
6369.070599,514.217625
-5250.983575,-1046.514692
4935.230490,-1670.821064
-5009.702931,-2091.071818
4790.279081,-1594.112213
-2623.347521,-1138.150970
2620.733879,-1156.769630
-3185.178060,239.643705
1496.468575,2180.670033
-2025.314014,4559.994891
2020.532884,4611.808036
-2223.515206,3405.413055
2123.936048,114.930064
-3428.976942,-1347.718129
4266.464536,-2411.023788
-3084.446239,-4443.865601
4952.270606,-5965.909205
-5631.309122,-5866.283329
4864.061390,-2048.418553
-5087.863545,2413.585337
6123.222017,6413.941853
-6450.579958,6037.773543
4723.713843,4648.492384
-6004.696437,1941.548044
5131.533931,886.779024
-4109.942467,-1419.602834
4524.222370,-3873.160472
-3459.061834,-5321.573576
2783.975585,-5266.764372
-1131.268261,-3596.786502
1922.954806,-560.515551
-1055.991271,1869.091736
-732.780632,3409.186557
33.178284,4585.415294
-221.812728,3932.217302
483.494064,2983.431802
-638.720486,-52.336631
-308.752482,-1143.607362
317.449599,-1603.218296
211.045218,-1901.768450
1836.537113,-3357.359899
-1786.220108,-3274.521607
1534.225142,-1419.190806
-2597.407856,1671.906369
3962.742619,4271.684946
-3719.275049,2904.816637
3264.809510,1505.231361
-4719.205048,-669.177669
4453.349353,-359.910025
-2612.772638,-1487.908421
3052.681182,-2329.044698
-1841.269604,-4071.893445
1142.951670,-4474.057683
-64.832092,-3505.880214
732.945510,-1357.556609
994.514831,940.410921
-2418.965096,2025.346429
1350.850127,3796.217783
-2276.602813,3939.185378
2398.725420,4589.177075
-2423.237430,2460.128701
689.128916,1665.971733
-1670.540369,900.050294
1476.023460,635.786981
257.125782,-900.451434
-462.958184,-3371.340016
641.364455,-3744.666005
-757.153937,-2994.156686
1792.246583,-940.216678
-1513.562195,32.234729
1338.862802,1034.510972
-1909.576524,319.963902
1120.012654,1019.549033
-25.073673,537.576900
-246.746175,60.224359
1378.810241,-1448.542969
-2224.083320,-3175.449472
3031.904913,-3700.285069
-3437.596807,-2538.087731
4413.144532,130.770959
-5750.481588,2651.168182
5065.069188,5721.240100
-6225.347606,6511.030061
6003.939247,6471.917115
-6631.682505,2664.744794
5894.014040,234.403483
-6212.434087,-2052.159813
6214.194961,-2954.583396
-5048.822794,-3667.779407
5071.118245,-3461.304017
-4632.520309,-2166.537449
4128.583832,462.996982
-3529.690064,2565.313029
3319.486618,3040.382896
-3080.383176,2182.849439
1899.240131,379.280768
-2154.808889,-1303.828433
1590.536545,-1703.399657
-703.642074,-1959.301151
1193.504199,-1980.334171
-844.507383,-1858.101814
256.441855,-1331.792383
209.855860,203.757522
-340.225926,1305.137530
113.306616,2184.313525
-1422.583653,2762.529028
194.630234,3807.307188
-71.871750,2971.914681
-178.174136,2013.354028
406.629511,-409.853675
-954.866187,-2087.109458
1719.391265,-2850.187485
-1597.712377,-3297.699592
3129.599482,-3201.630805
-3913.885003,-1502.786138
3820.454165,1145.279891
-4578.648425,3174.896928
4160.410991,5916.787470
-4218.898390,4474.635318
3207.032783,3496.813938
-3219.491857,-357.248927
2510.220234,-2548.839063
-555.387453,-4554.711953
802.498427,-5997.526973
1465.943796,-6740.541379
-2209.354383,-4814.613925
3232.889354,-924.118080
-3130.199945,1539.764699
4020.415611,4850.707102
-5000.618495,3671.492460
4085.909266,4345.376377
-4898.687225,3175.902304
4545.769850,1449.293951
-4184.188307,-229.470171
3662.462405,-1746.304631
-2646.792008,-2995.205866
2725.958315,-2763.258948
-1619.316840,-1928.317286
1861.317344,-761.426401
-2023.595913,1942.500823
1070.886917,2522.539584
-1607.508135,3418.686418
2392.125354,2762.565188
-2613.721911,512.888690
3424.147194,-1988.555184
-4030.533861,-3643.387862
5494.461596,-5008.496845
-4335.285007,-5374.728274
5242.315585,-4725.948726
-6003.884293,-2654.914759
6105.614094,2554.322398
-6569.911048,5260.902712
7028.188571,6585.212428
-7843.969122,4693.540364
6057.761572,2753.745136
-7001.042378,771.448673
7161.398355,-720.956836
-6660.805240,-2297.608931
6237.421939,-2305.888406
-5551.535674,-2609.940210
5051.030450,-1527.648550
-3581.285695,-434.738822
3679.159297,562.041867
-3638.285418,808.950633
1583.326996,1978.966072
-1832.535907,2402.053354
1615.056279,1863.652077
-1438.178642,1678.780147
843.888790,-386.374463
-1142.991844,-1099.413370
1459.521321,-2101.420603
18.777207,-2797.083615
899.283425,-4658.515269
-1899.422482,-4081.385547
1714.636016,-607.880831
-2389.765094,3102.439033
3125.210034,5357.375411
-4101.932614,5443.599284
2831.727511,5000.389932
-4685.101349,2991.900625
4419.073360,2228.117660
-4129.335438,178.712841
4454.805274,-2979.388932
-3693.777453,-5524.109691
3031.993331,-4530.309669
-1886.988876,-3483.411492
2524.974265,-547.825567
-985.141777,710.184784
-802.081629,1866.056628
864.191753,2285.600033
-1673.606562,2139.055778
2176.674149,2892.683538
-3777.144178,1798.801167
3466.751148,1291.477828
-3883.700111,-215.131664
4881.822060,-1202.852934
-3975.864841,-4032.663884
4152.383285,-3231.362934
-4486.876717,-1678.661032
3879.672539,276.593430
-2998.539304,2092.847766
2004.796956,3392.538078
-2624.242692,3815.315160
278.449693,4443.657278
-71.215546,4575.896012
575.992091,2094.534249
-53.827089,-2330.032394
-490.401070,-6318.861352
291.492939,-6194.149307
457.654396,-4819.637923
435.040673,-1407.157103
1308.015992,127.742764
-3197.067467,2320.506569
2237.084386,3835.650613
-3040.785618,5095.722514
3508.526713,4873.812514
-5033.429657,2061.724826
5902.124755,-1116.815039
-7022.031641,-4284.359423
7810.281059,-4160.173196
-6811.212161,-4536.157850
7693.698952,-2269.527062
-7826.011386,-956.525517
6862.994474,2331.608687
-6675.819702,4170.857390
6070.708007,5134.146947
-5718.830820,4283.031508
3542.172330,2687.538486
-3797.017894,867.316074
3305.272154,-65.757440
-2068.890659,-2314.897886
1738.588232,-4067.377632
-198.615945,-3637.712274
-677.813969,-2409.652158
864.968641,630.977961
-126.753644,1721.891506
48.573946,2510.360797
-1529.744928,2385.907651
1680.488402,1229.947264
-1639.993440,190.486846
2786.886621,-1529.468114
-1999.952860,-4374.040076
2210.747364,-5658.611507
-2089.714809,-5003.757484
2727.874979,-2515.690892
-1191.163344,-391.280942
677.256731,2492.177042
-1649.485930,5110.471937
297.499609,6530.480705
-1205.268826,6365.435559
1192.725273,4882.376549
-2801.603435,2473.159136
1470.556309,-195.706280
-1006.288296,-914.091846
2866.150319,-3872.636313
-1861.434408,-5897.144240
3308.150963,-6631.574887
-3944.743156,-4987.186867
5375.840130,-2323.787712
-5377.680679,467.145847
6812.017491,3032.742197
-7908.452531,1999.042905
7549.100793,2328.114140
-7615.144545,1215.068651
8853.288398,-340.773273
-8536.343027,-2938.914534
7923.876228,-3663.562741
-8189.979274,-3201.106120
8106.380062,266.407885
-6138.842209,1579.664391
5427.962279,3459.206174
-5845.043772,3803.061077
3624.648113,4520.912197
-2533.852589,3784.605770
1456.944361,1409.256052
-416.381591,-1563.927150
-654.834453,-3215.641095
1482.241909,-3064.109939
-228.142372,-4287.421313
2610.420478,-3556.518553
-2397.048582,-4357.636913
2499.400473,-2798.823135
-2535.159581,-868.113672
3015.109445,1546.873287
-1489.701953,2160.561057
377.264857,2054.674715
-1709.792686,2147.435669
722.847373,2359.642727
554.914829,1834.054577
-125.759285,-734.168855
113.877184,-2126.063593
-332.466986,-3498.319714
477.843407,-2468.787663
1790.097439,-1544.037614
-1048.193249,-1724.582459
442.263724,-857.832150
-2205.861038,2278.103580
2437.813153,4498.516391
-2691.701679,5371.487379
3573.932591,3969.368319
-5102.392681,743.401178
4587.630265,-1147.628204
-4502.589238,-2882.969073
6505.852628,-3497.087593
-6402.673843,-4392.892044
6721.393575,-4030.638098
-6401.324264,-2726.519993
7047.987263,-27.350046
-6188.650236,1263.859097
5999.967044,2902.844870
-6992.742776,2049.896776
5671.184160,1870.233788
-4151.491496,226.471714
4327.132675,-1747.221933
-3276.473165,-3772.027928
2672.601531,-3909.167467
-2226.833194,-2134.255258
2281.335487,41.769652
-1376.833780,1967.723739
368.917430,2269.687260
-1460.039232,4580.801639
1166.243957,4976.516997
-1813.618238,4911.788315
1906.670165,2508.386690
-3517.093873,194.962372
3485.059491,-1864.958201
-3339.590774,-3723.957037
5170.792846,-3539.248644
-4740.923719,-3806.871134
5520.569060,-2589.757302
-6008.752517,-1404.379678
5833.169047,900.038602
-5397.182773,1109.405091
4895.869341,2469.759564
-4826.359695,1524.152555
2778.077102,2017.353141
-1624.922755,1148.057920
1589.780577,-1128.046754
-345.642191,-3487.891495
-1100.422530,-4709.736025
2405.663150,-3627.245141
-2423.051137,-1229.334175
3308.070746,1624.432890
-4729.252204,3027.759534
3561.492097,6163.610874
-5514.799535,6571.172259
4963.703918,6837.132094
-4981.541902,4017.034741
4719.524637,89.752140
-4433.493275,-3981.239255
4272.939606,-6600.070831
-2374.531291,-7734.970572
3691.470533,-6533.034036
-2525.845278,-4620.682478
1953.611183,-1091.705695
-1545.759445,3582.308827
1286.792850,5950.621794
-1154.450478,5940.026238
496.113663,3407.071337
-1808.772393,911.153273
1412.802565,-1194.941834
-816.078407,-2507.737554
2426.417840,-4527.980687
-2462.101485,-4165.791116
2444.424733,-2149.572446
-2796.368027,760.840611
3624.682194,3910.788196
-4016.818932,4587.305105
3735.799937,4253.303189
-5484.784899,2912.460924
4706.292578,2208.790685
-4693.645655,471.924450
4817.349505,-538.700829
-4478.400282,-2801.391630
4257.221243,-3706.061049
-3728.255968,-3456.463247
5058.102282,-2865.022244
-3122.199925,-2771.189565
1749.045679,-1529.713235
-2250.441622,69.727584
1289.319916,2895.609028
-481.147548,3626.725695
190.735463,2210.482233
-852.514449,1746.091211
-546.385609,548.531467
501.839775,543.101068
200.744304,-837.324150
153.149671,-2589.404606
79.303437,-3676.554893
-525.456134,-2211.788995
942.613014,-465.974743
-567.517680,2215.696745
1329.895788,3145.876641
-3462.449267,2496.091777
2571.824569,3219.809788
-3042.062052,2343.784864
4530.632982,1121.495435
-4022.747737,-1449.513903
3009.288453,-2808.270647
-3057.030669,-3291.898575
3369.849803,-1784.287603
-1931.487317,-1345.770569
1256.943453,534.157126
-1334.233779,1886.985149
-275.356729,3935.050218
1867.379998,3579.835007
-1689.559619,237.566079
2446.933678,-2779.122040
-4068.935219,-4906.858858
5524.535097,-4998.771563
-3350.201749,-5693.428099
5432.692932,-4004.836434
-5617.646733,-3233.232832
4597.115583,413.909427
-4698.961727,4044.973106
4685.056519,6944.478175
-4769.614406,6875.838274
2081.096947,6005.838022
-3300.552216,4551.445278
2254.532526,2557.782202
-256.209486,-648.105679
1155.614457,-4871.362060
-1036.174193,-7207.802128
964.080050,-7671.431392
970.027843,-4512.385345
794.074830,-1482.056746
-761.153176,531.762025
972.070778,1123.455598
-1794.440856,2765.086823
2644.551412,2397.064973
-2687.036058,1131.822157
3123.749722,-805.709072
-4414.198556,-2729.611259
5467.629638,-3022.949466
-5147.572362,-3104.889128
6756.201588,-1513.564415
-6937.979477,-473.940826
6579.533329,1815.628062
-7618.095886,3834.622852
7246.142304,5823.249358
-7711.444724,4297.853300
7782.992754,1988.255981
-8054.650777,-230.208692
6993.403128,-996.873721
-5565.725097,-2717.183393
5700.511151,-2680.606957
-4145.981378,-4452.827451
3512.575363,-3930.989229
-1717.051562,-2651.882445
1317.079886,-332.522771
614.212097,958.366420
-1800.703159,1241.619947
1515.074470,2244.980724
-2821.846141,1025.350136
3457.187758,1203.688403
-2747.679212,-942.166683
3596.481952,-1142.904505
-3858.455910,-2980.760951
3631.947100,-2648.183082
-2291.513772,-1723.978983
2292.715225,-1237.689480
-1533.132239,-226.950562
367.603395,1699.631559
-616.842373,4529.857682
502.186854,4594.312674
-249.212589,3846.436843
30.789229,313.580373
-1393.843461,-1697.480523
1991.188964,-2225.712777
-1382.830424,-2301.973343
3405.442551,-2798.909124
-3565.009362,-3079.487973
4388.704267,-2725.488166
-4975.390265,-1049.326577
6544.875122,365.951998
-6394.298386,480.438982
6490.706286,1819.432220
-8345.019103,1599.989153
8576.721441,1927.656531
-7701.359797,256.512523
8453.738750,-1149.083191
-7955.428215,-3618.092734
7096.101314,-2925.968569
-5852.200120,-2824.917221
6287.443585,-973.289403
-5751.171553,492.591786
3597.691558,2696.004064
-3623.244742,4896.391279
2249.030871,5960.803547
-763.976852,4725.050756
372.986982,603.937985
-1359.664697,-2291.976466
419.659432,-4493.992432
1168.760698,-3990.427145
-239.153480,-3682.455259
1181.578065,-3074.094545
-1194.061373,-1666.310611
1317.788278,6.329312
201.062198,707.149163
158.450519,830.167076
-1077.583045,120.574768
-337.840835,467.491472
-452.904274,2370.039933
800.183852,2308.636062
508.393862,893.950688
136.039256,-1126.402744
-1059.516550,-2721.481584
1630.428563,-2780.176737
-1284.900404,-1418.214270
1625.452715,-657.717857
-3303.157496,2138.565619
2652.014738,4495.052785
-3302.575053,5803.255686
4784.609973,5505.380937
-5594.893099,1926.586443
5817.359686,-2034.759646
-7003.919623,-4912.320716
8345.657006,-6313.530413
-6591.301732,-7325.957488
8039.496229,-4772.704754
-7759.425159,-3120.418571
6990.331412,1822.037821
-6268.990747,4581.209707
6272.865789,5246.359407
-6063.821954,3008.435844
3810.628384,886.239226
-3806.049663,-314.792923
3639.584244,-436.742416
-1763.049103,-1768.279768
892.818853,-2805.004832
112.370980,-2575.124438
-1332.747475,-1650.711800
2640.960955,1467.411341
-2459.852163,2751.176738
2266.320046,3126.311620
-3525.087070,2646.068060
1929.059938,3184.327716
-2536.682507,2647.488594
2978.270260,2081.052894
-2536.413318,-719.803732
2190.794767,-2709.593092
-1010.814537,-4987.577251
1722.609645,-5615.782637
476.974826,-5808.297567
-1396.855741,-4287.927074
1054.634322,291.509871
-2164.281475,4047.421318
2244.657010,7136.544270
-2314.361840,6241.532396
1592.997764,4219.492244
-3270.055231,1566.150926
2918.079769,-1312.197490
-2366.715209,-3740.588858
2505.343295,-4160.638264
-1946.770133,-4730.875504
928.959795,-1895.938073
452.040221,998.818291
-747.369765,3625.082188
1489.598717,4676.015348
-4202.704359,4109.221906
2991.282021,3511.774547
-4028.972509,2252.451815
5058.114653,522.433803
-5237.959349,-2035.271777
5130.286408,-2575.495522
-5772.970863,-3592.445737
7007.478360,-1630.771927
-5563.191064,-2723.870954
5544.890551,-2773.885429
-5450.131675,-1586.946818
4419.234924,719.294891
-3562.391991,2857.474924
3350.191978,3060.860227
-3313.528221,1889.195585
647.476100,1811.226214
-973.506142,1997.853280
1679.201061,1026.903167
123.979028,-785.425309
-221.762466,-3407.539388
-613.028467,-3440.609056
771.328078,-2602.756774
-576.930788,253.648668
1599.714885,1959.484677
-2563.542950,3330.036312
1289.167871,4251.234778
-2222.409343,4633.192751
2740.490353,3836.922815
-2273.485651,136.351005
2458.106492,-3213.313912
-3267.696071,-6441.716821
4268.386937,-5943.678469
-1204.087272,-5902.031421
1918.574616,-3986.122725
-1253.269807,-2452.254356
-60.417377,594.209881
1156.792572,3913.031567
-2484.393856,5317.209237
2839.458257,5358.945056
-5205.642352,4155.863752
5427.786866,2334.878604
-6141.648448,-36.264066
7678.023931,-2259.671988
-7720.182528,-4819.239865
8021.225301,-3862.551175
-8717.440817,-2750.961186
8626.838270,2018.777117
-8034.341220,4262.384959
7324.541478,5197.288307
-7855.840663,3784.887223
6491.420649,2975.490937
-6274.796736,724.951097
6108.135828,-2041.328010
-5031.360510,-4775.507796
4173.687062,-5996.527689
-3024.738044,-4803.221937
3551.067168,-3238.628988
-2091.722275,-702.378051
2080.344858,815.269081
-2902.468834,2386.989331
2236.608317,2972.574908
-3463.375725,3379.972105
3200.116258,3091.690455
-3579.814656,1902.699412
3524.649018,144.201998
-4418.915015,-887.970097
4913.381143,-1288.669993
-4298.937195,-1895.603296
4355.475463,-1157.185020
-5054.834573,-800.224843
4646.108943,1791.907120
-3665.954014,2244.872979
3614.576421,2359.450364
-3683.219807,1051.415973
2124.986209,628.743480
-1653.124124,399.351563
1306.032622,-485.782279
497.371442,-2345.263302
-757.762524,-3357.239640
2173.792361,-3412.320980
-2482.094268,-3227.076988
3816.357723,-1140.392868
-3371.396470,-562.612932
3171.269864,816.420274
-4935.212818,2541.675780
4464.822006,4587.035585
-3656.576815,4252.416864
4007.330809,2660.241827
-3828.814966,-1511.120366
2979.600364,-3469.358068
-2068.939102,-4751.736169
3040.649056,-4637.266507
-1756.550211,-2939.764561
1584.235931,-1733.159591
-1978.382100,2069.395263
1973.237803,4528.477690
-1949.757963,5204.176828
1897.989692,4153.945582
-3579.997097,2598.818036
2762.931061,149.343151
-2719.181047,-1436.761817
4597.244613,-3054.902325
-4509.533633,-4785.467543
5663.164647,-4658.360655
-6286.212395,-3527.250285
8110.592391,-1283.323126
-7444.289040,-397.046910
7522.392541,707.462065
-8958.804151,2027.220035
7765.373693,4241.678920
-7751.330641,4118.290033
8299.249223,3285.054555
-8053.203765,-956.697783
6325.704095,-2297.720821
-6062.470780,-2740.451978
5696.399964,-699.381782
-4219.968312,-64.476728
2909.878265,715.874832
-2939.319046,2000.711831
1475.607694,2411.248160
48.869437,2778.358634
-1382.167109,2188.704721
1706.426273,530.247103
-3666.340872,-1434.670373
4152.478806,-1779.758327
-3559.990552,-2964.685701
4573.767419,-2269.354549
-4238.289587,-2446.258967
4174.303195,-1460.811872
-4180.627971,-488.146059
4890.850467,-71.690442
-4594.239755,-535.583682
2779.845212,1410.146911
-3511.953066,2589.452112
2835.198722,4818.596295
-1827.529816,4327.106398
759.687757,1080.430277
-647.404872,-873.008136
72.700972,-2890.179718
638.122434,-2705.194096
530.204754,-2632.995792
-320.142114,-2072.541254
223.659018,-953.684676
-1208.400144,1994.980151
1612.851400,3148.698190
-1576.274748,4429.987905
2373.796463,2929.361861
-4274.184554,232.068807
5133.113874,-1517.614084
-5215.193128,-3669.070256
7194.330525,-4390.209462
-6841.503023,-5153.316710
7556.361413,-3325.816382
-6957.526624,-1993.911116
7321.729196,1307.401697
-6447.455142,1772.286013
5390.232124,3370.160556
-6417.107904,3886.988728
4641.145030,4659.038913
-3848.558708,3918.342515
2708.379040,2202.550194
-1601.329354,-927.499360
338.440121,-3158.095067
640.317833,-3120.518519
109.390393,-4104.157361
965.909032,-2673.853314
-848.426323,-2655.714849
878.035013,-825.843706
185.335869,-85.588814
-338.169587,866.860748
1214.688134,982.981844
-2801.665857,1270.948138
2908.532238,548.186791
-3640.734483,255.173228
4571.982578,459.323285
-4642.567818,-1638.686082
5404.617968,-822.434909
-5943.994672,-1278.010146
5985.885388,7.354100
-4522.231858,-553.569300
4087.266407,-584.263084
-3719.254276,-976.676250
3156.463027,223.562655
-1971.425108,1212.850729
1687.458460,1249.860069
-786.197611,526.728990
-300.978409,-829.978041
1078.661424,-534.987642
-1494.872612,-461.820665
3056.224922,-682.556581
-3419.101695,6.238991
2612.171397,1784.272053
-4202.601088,2757.324847
4314.665583,3976.676183
-3682.179493,2683.792152
3902.661288,338.375007
-4458.660987,-2111.636983
4485.047261,-2892.750754
-3447.619529,-4134.686203
4439.539646,-4527.832276
-3758.397658,-4799.742055
3710.021974,-3352.579193
-3734.329110,-246.564866
3917.412035,2636.758475
-2695.018744,3846.238338
1198.652144,3308.289372
-2937.573507,2174.697045
2009.436847,1696.466720
-2331.452743,1736.269190
2622.715198,957.887449
-3225.626893,454.766453
2854.229745,-448.869439
-3346.182146,-476.687378
4430.268359,-726.165341
-4820.839778,-838.380384
4885.759538,-535.351248
-6706.768119,1567.298487
6451.331448,3399.633971
-6174.110456,2377.562889
6750.855056,1825.289738
-7463.812899,-1632.210686
7227.608848,-2472.250792
-6339.870487,-3528.886889
7270.390453,-3898.316695
-5284.521052,-5395.744864
3934.991702,-3598.415057
-3116.928352,-1321.335017
1950.583288,2788.131680
-1091.838095,6245.335677
-242.697817,6339.476727
-24.387186,5621.125221
-3104.753660,3537.726950
3909.120477,1549.907295
-3630.704922,-950.958066
4634.929262,-3444.571479
-5219.273329,-5285.977108
5732.196544,-3540.059430
-5179.026251,-2657.070504
